{"type":"FeatureCollection","features":[{"type":"Feature","id":0,"geometry":{"type":"Polygon","coordinates":[[[-46.316692202283264,-23.063927630255879],[-46.316774045086042,-23.063777315770441],[-46.317005078221769,-23.063020831246337],[-46.316962272290993,-23.062306244337663],[-46.317102912769144,-23.061153190267476],[-46.317070938273169,-23.060976703711866],[-46.316911073886907,-23.060088398360836],[-46.316789583572358,-23.059700133154596],[-46.316700062357938,-23.059223623771175],[-46.316536503556733,-23.059101010203388],[-46.31654834672878,-23.059096021663997],[-46.316651355975239,-23.059066486129375],[-46.316764973624572,-23.059065539143283],[-46.316920092288399,-23.059083362806913],[-46.31695191569834,-23.059169126653806],[-46.31697350302472,-23.059264533031751],[-46.317036219945585,-23.059340479879204],[-46.31708870078284,-23.05942607015697],[-46.317161653787259,-23.059492372674814],[-46.317193663356832,-23.059597251611816],[-46.317225486766745,-23.059683014559425],[-46.31727796760407,-23.059768604837185],[-46.317299555829777,-23.059864011215083],[-46.317341707953403,-23.059949687827764],[-46.317394189690049,-23.060035278105548],[-46.317415777016436,-23.060130685382767],[-46.317447600426362,-23.06021644922971],[-46.317469188652069,-23.060311854708289],[-46.317521668590082,-23.060397444986048],[-46.31769837907688,-23.060510675926956],[-46.317761096897073,-23.060586620975755],[-46.317782684223452,-23.060682028252977],[-46.317783615021774,-23.060777607300675],[-46.317784544920748,-23.060873187247758],[-46.317785474819743,-23.060968766295503],[-46.317807063045507,-23.06106417177406],[-46.317818321658187,-23.061159666285512],[-46.31787108398327,-23.061273928748783],[-46.31790300092274,-23.061369248791788],[-46.317935011391619,-23.061474127728804],[-46.3179360348201,-23.06157926477119],[-46.317895555435477,-23.061665630264599],[-46.317906814947499,-23.061761123876682],[-46.31800024101824,-23.061808137735344],[-46.318062960637064,-23.061884083683488],[-46.318146150624329,-23.061940741871695],[-46.318250000736903,-23.061997227390069],[-46.318343427706964,-23.06204424124871],[-46.318447463079913,-23.062119840957852],[-46.318499945715871,-23.062205431235597],[-46.318490547800479,-23.062301096618285],[-46.318481149885145,-23.062396762000919],[-46.31844113455066,-23.062530918367155],[-46.318431830164798,-23.062636140845211],[-46.318432853593272,-23.062741277887589],[-46.318464678801831,-23.062827040835199],[-46.318476031843382,-23.062932092442033],[-46.318559223629222,-23.062988748831621],[-46.318529165588473,-23.063084585984832],[-46.318478358389498,-23.063171037813106],[-46.318437879904195,-23.063257405105112],[-46.318469797742914,-23.063352725148082],[-46.318501622951494,-23.063438487196379],[-46.318543777773058,-23.063524163809056],[-46.318585931695345,-23.063609840421748],[-46.318649210692463,-23.06374313433815],[-46.318649396852152,-23.06376224942823],[-46.318639998037447,-23.063857913911534],[-46.318578861225433,-23.063944452074747],[-46.318486362355713,-23.063993018163202],[-46.31842513111485,-23.064069999231041],[-46.318363900773349,-23.06414698119816],[-46.318354781647841,-23.064271318766313],[-46.318303972650206,-23.064357770594594],[-46.318273821979233,-23.0644440515517],[-46.318254093551559,-23.064539803269266],[-46.318327051052513,-23.064606103988471],[-46.318420293661575,-23.064634001857659],[-46.318513629800137,-23.064671456822225],[-46.318606965039343,-23.064708912686108],[-46.318700487337594,-23.064765483640084],[-46.318722077361954,-23.064860890017989],[-46.318764233082845,-23.064946565731361],[-46.318796058291419,-23.065032328678974],[-46.318858872339042,-23.065117832621823],[-46.318870132750369,-23.06521332533465],[-46.318871064448061,-23.065308905281704],[-46.318871994347042,-23.065404483430132],[-46.318883348287855,-23.065509533238274],[-46.318884279985468,-23.065605113185363],[-46.318823139576182,-23.065691652247882],[-46.318720406421569,-23.065749860867367],[-46.318659174281429,-23.065826841935159],[-46.3186186939975,-23.065913209227173],[-46.318567885899199,-23.065999660156134],[-46.318506746389176,-23.066086199218653],[-46.318548902110081,-23.066171875831341],[-46.318601480074221,-23.066267023204492],[-46.318674531104705,-23.066342882817739],[-46.318757724689192,-23.066399539207339],[-46.318851061727052,-23.066436995071239],[-46.31894449229447,-23.066484008030493],[-46.31901745069473,-23.066550309649038],[-46.319028711106114,-23.066645803261164],[-46.319050301130474,-23.066741208739753],[-46.319092550380844,-23.066836443347142],[-46.31912447001821,-23.066931763390127],[-46.319187563755008,-23.06704594041776],[-46.31925177714777,-23.067274811583225],[-46.319358332421075,-23.067608475350827],[-46.3193505173125,-23.06786662394553],[-46.319331068573888,-23.067991048747853],[-46.31921800310829,-23.068049347299507],[-46.319094886819549,-23.068136402572854],[-46.319178268362364,-23.068212175851201],[-46.319250388594511,-23.068192456416682],[-46.319509839407544,-23.068314551075616],[-46.319748070716855,-23.068379471335501],[-46.31987444884669,-23.068626938682243],[-46.319927682416562,-23.068788991118996],[-46.319866821696394,-23.068904205064939],[-46.319765018440812,-23.069057995430118],[-46.319910097972581,-23.06910457491615],[-46.320045222009348,-23.069189473615278],[-46.320139773131991,-23.069351179813026],[-46.32020370773489,-23.06955137789372],[-46.320440918313693,-23.069511160211842],[-46.320626571658913,-23.069480931299886],[-46.320876163204339,-23.069650899569279],[-46.320950242159888,-23.069831894426329],[-46.321231943099633,-23.070116296929537],[-46.321401415842615,-23.070545019037354],[-46.321540835940773,-23.07106957919769],[-46.321442949232676,-23.071624799944509],[-46.321227796325665,-23.071808215776539],[-46.321136881162097,-23.072019266875635],[-46.321002125847372,-23.071972601953981],[-46.32080669867014,-23.072060264269737],[-46.320705452094899,-23.072271402603121],[-46.320882646416997,-23.072432417222224],[-46.321038060058363,-23.07247891037337],[-46.321122099005599,-23.072621586916686],[-46.321144624324901,-23.072812572342276],[-46.321369828954417,-23.072600396191248],[-46.321584610441391,-23.072378749279828],[-46.321935545688866,-23.072347136311247],[-46.322159908552919,-23.072048938207907],[-46.322281998715255,-23.071856743194076],[-46.32243722619701,-23.071884117657895],[-46.322699302131063,-23.072273827175373],[-46.322877431748054,-23.072530419043574],[-46.322933472102015,-23.072979206824868],[-46.323062290092601,-23.073475176638059],[-46.323078735994848,-23.073447090810511],[-46.323085480910152,-23.07356157001038],[-46.323189493800051,-23.073671813403376],[-46.323224811076102,-23.073774694046847],[-46.323260981808822,-23.073964872780611],[-46.323391191949888,-23.074122515841388],[-46.323436173340667,-23.074336431281207],[-46.323539953306181,-23.07442286602242],[-46.323678198889745,-23.074524884215947],[-46.323677422774779,-23.074445522642709],[-46.323719686414343,-23.074381675274029],[-46.323736065766759,-23.074302169809247],[-46.323691937832628,-23.074175553359055],[-46.323690695868891,-23.074048575381436],[-46.323689375664124,-23.073913660886706],[-46.323645325970972,-23.073794979154904],[-46.323558312066375,-23.073668722433521],[-46.323505917563978,-23.073573920400072],[-46.323461867870883,-23.073455236869638],[-46.323460703248827,-23.073336197207706],[-46.32351965740623,-23.073224587744498],[-46.323467417587224,-23.073145657845764],[-46.323389369923461,-23.073059008166638],[-46.323367333835336,-23.072954209269319],[-46.323343923583153,-23.072797477221744],[-46.323331854681328,-23.072440424785725],[-46.323372491447294,-23.072209917753472],[-46.323447744018161,-23.072010868107057],[-46.323582882444043,-23.071795443604806],[-46.323753955980237,-23.071746389184447],[-46.323976959968675,-23.071744518594606],[-46.324068180002499,-23.071757251196122],[-46.324209083082685,-23.071798128980461],[-46.324449085157084,-23.071780243263557],[-46.324629591682253,-23.07181841318917],[-46.324766746388214,-23.071809324640569],[-46.324808233912862,-23.071666114799335],[-46.324875608422531,-23.071538561255586],[-46.324781570812767,-23.071571097827881],[-46.324627650045954,-23.0716200101553],[-46.324473419013039,-23.071637178213187],[-46.324318021559407,-23.071535303011768],[-46.32425250504901,-23.071442445312563],[-46.324276639255466,-23.071401224886586],[-46.324338599846442,-23.071385395019927],[-46.324462240440035,-23.071198794688598],[-46.324577611767324,-23.071024676047891],[-46.324620443778429,-23.070795135786845],[-46.324670997368571,-23.070667009374922],[-46.324954869271778,-23.070541643881718],[-46.32528669842236,-23.070519676142112],[-46.325714495127784,-23.070516084249867],[-46.326185651746414,-23.07033034187172],[-46.32658124103142,-23.070525206972661],[-46.32695666391885,-23.071029256295109],[-46.327098881807899,-23.07123638365217],[-46.327197311706534,-23.071310238676514],[-46.327266855381026,-23.071470809929892],[-46.327428299876104,-23.071905751749007],[-46.327511774948391,-23.072620424992603],[-46.327518837324419,-23.072907302429993],[-46.327448436596065,-23.073092632918641],[-46.327309455367015,-23.073215651181311],[-46.327174027359433,-23.073267889201713],[-46.326961907865716,-23.07329718641596],[-46.32682551668421,-23.073251163610308],[-46.324534840010813,-23.072287742385349],[-46.324325890627335,-23.072206949990687],[-46.324211087671543,-23.072196121253977],[-46.324083961305753,-23.072228634443878],[-46.323957567887419,-23.072335820141927],[-46.323899674030706,-23.072497461588512],[-46.323932253770465,-23.072788055923969],[-46.324008254577237,-23.073229122126246],[-46.324053041714485,-23.073464585322306],[-46.324374248073077,-23.074272583912546],[-46.324778330555503,-23.075409076967293],[-46.325017295711589,-23.076006001076035],[-46.325055927888748,-23.076055284823493],[-46.325011386266389,-23.076048003912216],[-46.324826889449348,-23.075782843303568],[-46.324471037608255,-23.075586453851709],[-46.324250405132034,-23.075390055406675],[-46.324065369621053,-23.075376973868227],[-46.32402268240083,-23.075547203840369],[-46.324335861410816,-23.076123332925423],[-46.32457786627549,-23.076614354668656],[-46.324770040604847,-23.076869682090095],[-46.324741587853964,-23.077053007090566],[-46.324563657886472,-23.076928621858372],[-46.324271864754735,-23.076876266026833],[-46.324108171055236,-23.076764975822925],[-46.323816382420091,-23.076758449442824],[-46.323816874349241,-23.076766760977197],[-46.323796148573365,-23.076752648815663],[-46.323741930245831,-23.075859965564916],[-46.323702984205347,-23.075678501261766],[-46.323572568119459,-23.075374971078023],[-46.323187405574302,-23.074542939904685],[-46.322849217317462,-23.073626990293334],[-46.322762148554261,-23.073411534314793],[-46.322649875391399,-23.073333861668342],[-46.322511342924095,-23.073285889132421],[-46.32236305461123,-23.073326437764816],[-46.322220986009661,-23.07346028656292],[-46.322037448769208,-23.073697661717691],[-46.321810569602064,-23.073846959969167],[-46.321735192025479,-23.073863476018577],[-46.321752985112141,-23.073841645875234],[-46.321787358999359,-23.073817926256265],[-46.321847515550353,-23.07381001581949],[-46.32185610857249,-23.07380210898009],[-46.32217406208327,-23.073446310199017],[-46.322174060284638,-23.073414686438561],[-46.322148277620904,-23.073383061778809],[-46.322122494957121,-23.073359344857799],[-46.322088116573298,-23.073327721097431],[-46.322070927831028,-23.073296098236305],[-46.322036550346454,-23.073264475375193],[-46.322019360704886,-23.073224944775344],[-46.322002170163955,-23.073185415074807],[-46.321976388399548,-23.073161697254477],[-46.321942010915052,-23.073137981232772],[-46.321907635229145,-23.073122170251914],[-46.321873260442601,-23.073114266110483],[-46.321813102992287,-23.073106363767632],[-46.321813104790905,-23.07313798932671],[-46.32181310479092,-23.073169613087142],[-46.321795921444554,-23.073209146384947],[-46.321761546658024,-23.073240772843334],[-46.321727170972103,-23.073240774641988],[-46.321684202264066,-23.073240778239263],[-46.321632639634572,-23.073240780037899],[-46.321598262150012,-23.073209157176784],[-46.321598260351379,-23.073177533416402],[-46.321598258552747,-23.073145907857331],[-46.3215982567541,-23.073106377257432],[-46.321598254056141,-23.073066845758266],[-46.321598253156814,-23.073019409218325],[-46.321598251358175,-23.07298778275991],[-46.32159824866023,-23.072948252160078],[-46.321606841682353,-23.072932439380512],[-46.321624026827358,-23.072892906082693],[-46.321649806793118,-23.072869187363032],[-46.321649804994479,-23.072829654964536],[-46.32166699013942,-23.072782216625974],[-46.321692770105187,-23.072758496107657],[-46.321727144891788,-23.072734777387996],[-46.321761518778999,-23.072711055071057],[-46.321778703923997,-23.072687336351468],[-46.321795889068994,-23.072631991173445],[-46.321787294248175,-23.072616179293231],[-46.321744324640804,-23.072600369211617],[-46.32169276021267,-23.072576653189966],[-46.3216154149194,-23.072552938067588],[-46.321598228875139,-23.07256875174647],[-46.321581042830815,-23.07260828414498],[-46.321581044629447,-23.072639908804717],[-46.321563858585129,-23.072679441203206],[-46.321555267361653,-23.072703160822179],[-46.321538081317385,-23.072742693220682],[-46.321520895273068,-23.072766411940318],[-46.321486521385793,-23.072798040197366],[-46.321469335341533,-23.072829664857128],[-46.321443557174412,-23.072877104994344],[-46.321417776309268,-23.072908730553419],[-46.321409184186443,-23.072932449273075],[-46.321391998142133,-23.072964075731484],[-46.321391999940829,-23.07300360723066],[-46.321383407817962,-23.073035232789721],[-46.321383409616601,-23.073074764288897],[-46.32138341231456,-23.073122200828834],[-46.321383412314553,-23.073130107668312],[-46.321417790698433,-23.073177543308912],[-46.321452169082306,-23.073224978050227],[-46.321477950846713,-23.07324078903115],[-46.321520919554757,-23.073264505052773],[-46.321546704017123,-23.073296127913917],[-46.321581082400996,-23.073343565353252],[-46.321589677221759,-23.073383094154451],[-46.321598272941912,-23.073406812874062],[-46.321598274740559,-23.07343843933246],[-46.321615464382141,-23.07347796813367],[-46.321615467080107,-23.073517499632885],[-46.321632655822377,-23.073541216553842],[-46.321641252441793,-23.073580747153695],[-46.321649844564668,-23.073596559033959],[-46.321658442982717,-23.073643995573903],[-46.321658444781349,-23.073683527073058],[-46.321641258737031,-23.073715152632133],[-46.321624071793451,-23.073723061270222],[-46.321615478771257,-23.073754685929938],[-46.321589699704823,-23.073794219227807],[-46.321563922437015,-23.073857470345953],[-46.321529546751151,-23.073865378084687],[-46.321503765886064,-23.073889097703656],[-46.321504049172461,-23.073889618411108],[-46.321258448818291,-23.073861409376494],[-46.320918336911696,-23.073834775954086],[-46.320637398597,-23.073886260342611],[-46.320431420573584,-23.074000986855982],[-46.319941971744583,-23.074452191115711],[-46.319811000777008,-23.07463507724697],[-46.319399955743343,-23.07550325397192],[-46.319269366088356,-23.075725442275317],[-46.319110933422792,-23.075815207206016],[-46.318983687447215,-23.075835923089347],[-46.318845152281938,-23.075787947855471],[-46.318764547845561,-23.075690355225671],[-46.318725846420655,-23.075533453206273],[-46.318727756580635,-23.075184593594088],[-46.318760903792622,-23.074771598830178],[-46.318838062026884,-23.074515462918217],[-46.319051550288755,-23.074081309804573],[-46.319097470571762,-23.073889307245679],[-46.319053508112859,-23.073737362289421],[-46.318956733866116,-23.07361533867692],[-46.318662160030613,-23.073357394228314],[-46.318399924916548,-23.073148312644491],[-46.318116356084943,-23.072929582234373],[-46.31800858223022,-23.072768343684061],[-46.317959264308577,-23.072611528898918],[-46.317957015104128,-23.072380622567582],[-46.31796046040688,-23.072188975240973],[-46.31791697638733,-23.072086159348707],[-46.317794040862282,-23.072003659141494],[-46.317543576075138,-23.071912396839576],[-46.317138748054731,-23.071783116597498],[-46.317011171128634,-23.07176943970785],[-46.316894788063969,-23.071814630640645],[-46.316842457413436,-23.07189368014917],[-46.316791176271749,-23.072080813778481],[-46.316825272268431,-23.07226822619765],[-46.316693499105668,-23.072069102806783],[-46.316774092750151,-23.071858139841268],[-46.316999675094912,-23.071684201964359],[-46.316997815296872,-23.071493043868823],[-46.316913689115438,-23.071340806632868],[-46.317033926674355,-23.070957457120912],[-46.317231778423782,-23.070057290611448],[-46.317203306787114,-23.069254598920558],[-46.317196610435197,-23.068566431395666],[-46.317317589035433,-23.06825954314337],[-46.317295256171121,-23.068087672807785],[-46.317181544992238,-23.067018049743179],[-46.316947416390114,-23.066312660201046],[-46.316861619268245,-23.065988379959741],[-46.316771919988078,-23.065262669336668],[-46.316643878112416,-23.06484315358864],[-46.316597541443343,-23.064327370811451],[-46.316692202283264,-23.063927630255879]],[[-46.326842030035607,-23.071549825264203],[-46.326829347796149,-23.071579000170694],[-46.326823007575683,-23.071596506373613],[-46.326810325336233,-23.071625681280118],[-46.326810328933504,-23.07165485528731],[-46.326810330732144,-23.071678192694385],[-46.326829360386618,-23.071707364902931],[-46.326842045324099,-23.071719032707158],[-46.326873757218088,-23.071730701410669],[-46.326892784174625,-23.071742368315597],[-46.326924496068614,-23.071742365617631],[-46.326949863245552,-23.071730693316798],[-46.326981572441589,-23.071707351413067],[-46.326987913561318,-23.071689846109443],[-46.327013279838987,-23.071666506004391],[-46.327025962078451,-23.071648999801479],[-46.32705133015476,-23.071643163201394],[-46.327108411024312,-23.071648992606868],[-46.327159148975518,-23.071660657713135],[-46.327184518850402,-23.071666489816593],[-46.327203545806924,-23.071672322819381],[-46.327235258600247,-23.07167815492291],[-46.327102042924892,-23.071374758738106],[-46.327083016867675,-23.071380596237461],[-46.327051307671695,-23.071398103339735],[-46.327019597576346,-23.071415611341369],[-46.326994230399357,-23.071433116644979],[-46.326968864121739,-23.071450623747239],[-46.3269434969448,-23.07146812995018],[-46.32691178774877,-23.071485637052497],[-46.326880077653421,-23.071503143255431],[-46.326861051596211,-23.071520651256993],[-46.326842030035607,-23.071549825264203]],[[-46.326772238148237,-23.071252260283526],[-46.326835657439574,-23.071234748684695],[-46.326848342377055,-23.071228913883203],[-46.326873708654716,-23.071211406780943],[-46.32687370685602,-23.071182233673099],[-46.326867363038332,-23.071164730168103],[-46.326835649345696,-23.071135557959561],[-46.326816619691222,-23.071106386650388],[-46.326810275873484,-23.071083048343954],[-46.326810274074823,-23.07105970913824],[-46.326721471418757,-23.070902179392021],[-46.326708784682637,-23.070890510688461],[-46.326696097946531,-23.070867173281368],[-46.326670727172257,-23.070843835874282],[-46.326651698417102,-23.070820499366498],[-46.326632670561253,-23.070802995861523],[-46.326619984724466,-23.070779657555093],[-46.326600956868624,-23.07076215584873],[-46.326588271031824,-23.070744653243072],[-46.32656290115694,-23.070727150637435],[-46.326556556439868,-23.070697976630299],[-46.32655021442082,-23.070680473125243],[-46.326537525886067,-23.070651300916779],[-46.326531182068372,-23.070627961711008],[-46.326467758280387,-23.070598793999128],[-46.326436046386391,-23.070587127094196],[-46.32641067741082,-23.070575460189268],[-46.326391648655601,-23.070552123681519],[-46.326385305737233,-23.070534619277215],[-46.326385303039267,-23.070505445270051],[-46.326372617202495,-23.070487942664389],[-46.326328220371003,-23.070458773153799],[-46.326302849596807,-23.070441271447461],[-46.326258453664657,-23.070417934939716],[-46.326233082890425,-23.0703829297284],[-46.326220397952966,-23.070377094926926],[-46.326169660901087,-23.070377101222217],[-46.326156976862933,-23.070377101222217],[-46.326106240710374,-23.070377105718833],[-46.326080872634137,-23.070377108416753],[-46.326068190394615,-23.070406283323283],[-46.326061850174199,-23.070429623428286],[-46.326061852872158,-23.070458797435499],[-46.326061854670797,-23.070482134842635],[-46.326074541406911,-23.070511307950476],[-46.326087226344384,-23.070522975754688],[-46.326112595319962,-23.070534643558915],[-46.326150650132377,-23.070557980066667],[-46.326156993950057,-23.070587152275206],[-46.326163339566456,-23.070622160184481],[-46.326163343163742,-23.070657169892439],[-46.326144318005866,-23.07068050909816],[-46.326125293747289,-23.070698016200446],[-46.326112612407087,-23.070721356305516],[-46.326099929268253,-23.070744696410546],[-46.326087247028795,-23.070762200814904],[-46.326074563889961,-23.070785541819252],[-46.326068224568886,-23.070808880125689],[-46.326068226367518,-23.070838054132821],[-46.326080913103631,-23.070861394237909],[-46.326099940959466,-23.070890564647797],[-46.326118967016654,-23.07088472804768],[-46.326144334193614,-23.070867221844761],[-46.326201412365258,-23.070861383446072],[-46.326233121561238,-23.070849710245909],[-46.326264830757282,-23.070838037045746],[-46.326271173675707,-23.070838037045757],[-46.326296541751958,-23.070832201344949],[-46.326328251847322,-23.070832196848347],[-46.326353622621532,-23.070861368157573],[-46.326372649578055,-23.070867202059684],[-46.326398018553675,-23.070878868964602],[-46.326410705289796,-23.07090220727099],[-46.326417049107476,-23.070925544678119],[-46.326404367767338,-23.070954719584609],[-46.326391684628497,-23.07097222578756],[-46.32636631655226,-23.07098389718907],[-46.326328267135764,-23.071007239992078],[-46.326283874800943,-23.07103058279511],[-46.326271191662109,-23.071053922900205],[-46.326258510321964,-23.071083097806643],[-46.32623948696272,-23.07111227271314],[-46.326239487862047,-23.071129777117445],[-46.326245832579048,-23.071164785026781],[-46.326264861334266,-23.07118228763245],[-46.326283889190108,-23.071205625039532],[-46.326309259064999,-23.071217291944432],[-46.326353654997149,-23.071234792751458],[-46.326372681953664,-23.071240625754214],[-46.326404392049028,-23.071240622156942],[-46.326429761024599,-23.071234787355479],[-46.326486839196214,-23.071228946258856],[-46.326493181215312,-23.071228946258827],[-46.326518548392237,-23.071211439156574],[-46.326537574449446,-23.07119393295358],[-46.326562940727101,-23.071182260652783],[-46.326594650822415,-23.071170589251267],[-46.326639045855245,-23.07116474995318],[-46.326670755950609,-23.071164747255246],[-46.32670880896432,-23.071164743657988],[-46.326721493002481,-23.071170577560057],[-46.326734180637857,-23.071193914967175],[-46.326753207594436,-23.071217253273552],[-46.326759552311458,-23.071234756778541],[-46.326772238148237,-23.071252260283526]],[[-46.319187230106543,-23.074841602957587],[-46.319203388225731,-23.07482178100036],[-46.319214159405881,-23.074797003778638],[-46.3192357035648,-23.074782137985206],[-46.319251861684052,-23.074757361662869],[-46.319257246824471,-23.074732586239804],[-46.319273404943658,-23.074707808118813],[-46.319289562163533,-23.074683032695745],[-46.319316492362212,-23.074668165103667],[-46.319332651380705,-23.074658254574736],[-46.319354194640312,-23.074638432617494],[-46.319375738799245,-23.074618611559629],[-46.319402668098633,-23.074598789602412],[-46.319424212257559,-23.074574013280014],[-46.319440370376753,-23.074544280793873],[-46.319445756416485,-23.074529414101093],[-46.31945652759665,-23.074509593942533],[-46.319456525797989,-23.074479863255018],[-46.319456524898669,-23.074450130768877],[-46.319456523999349,-23.074425356245175],[-46.319456523100037,-23.074400579922777],[-46.319440364081515,-23.074380758864887],[-46.319429591102733,-23.074365894870077],[-46.319408046044451,-23.074351029076695],[-46.319391887025922,-23.074336165081888],[-46.319354182949155,-23.074331210716753],[-46.319305707692202,-23.074321302885767],[-46.31928954867368,-23.074321302885782],[-46.319251844596927,-23.074316351218616],[-46.319214142318799,-23.074316351218599],[-46.319052559328114,-23.07438573121647],[-46.319036401208912,-23.074395641745415],[-46.319009471010268,-23.074415462803316],[-46.319004085869835,-23.074425374231563],[-46.318982541710909,-23.074465017246741],[-46.318982542610229,-23.07446997161184],[-46.318982544408875,-23.074494747934242],[-46.3189879304486,-23.074519524256569],[-46.318993315589019,-23.074534389150696],[-46.31900947640618,-23.074559163674397],[-46.319009477305485,-23.074574028568517],[-46.319009478204812,-23.074603761054671],[-46.319009478204805,-23.074613670684297],[-46.319020251183595,-23.074633491742183],[-46.319036411101422,-23.074648355736961],[-46.319047183180942,-23.074668175895571],[-46.319057956159725,-23.074683041688932],[-46.319057957059044,-23.074712773275841],[-46.319057957958371,-23.074742503064034],[-46.319057958857684,-23.074767280285705],[-46.319057959757004,-23.07479205570877],[-46.319057960656323,-23.074811876766642],[-46.319068735433753,-23.074841608353502],[-46.31907412057415,-23.074856473247618],[-46.319090279592672,-23.074871337242392],[-46.31913337060854,-23.074881245972676],[-46.319149528727735,-23.074881245073374],[-46.319165686846922,-23.074881245073364],[-46.319187230106543,-23.074841602957587]],[[-46.318971783121242,-23.074861431210028],[-46.318944852023279,-23.074841611950777],[-46.31892869300475,-23.074826746157388],[-46.318907147946504,-23.074816838326406],[-46.31888021774779,-23.074826748855337],[-46.318864058729275,-23.074836661182932],[-46.318847900610081,-23.074856482240818],[-46.318842514570349,-23.07488125766389],[-46.318842517268315,-23.074915943615842],[-46.318842517268322,-23.074925854144794],[-46.318842519066948,-23.074960540996113],[-46.318842519066948,-23.074990271683621],[-46.318842519966267,-23.075024957635659],[-46.318837134825863,-23.075044779592858],[-46.318831749685451,-23.075059645386236],[-46.31885329474369,-23.075074510280388],[-46.318880226741044,-23.075089374275141],[-46.31890177089997,-23.075099283005443],[-46.318923315958223,-23.075114148798885],[-46.318939475876043,-23.075133968058147],[-46.318950248854833,-23.075148833851543],[-46.318961021833665,-23.075163698745655],[-46.318971794812455,-23.075188475068046],[-46.318987953830977,-23.075198384697678],[-46.31901488582826,-23.07520333906281],[-46.319031043048142,-23.07520333816348],[-46.319052588106395,-23.075198381999726],[-46.319079519204429,-23.075193424936586],[-46.319101063363362,-23.075178560042445],[-46.31910644940308,-23.075163694249053],[-46.319106449403087,-23.075143873191177],[-46.319095674625657,-23.075109187239157],[-46.319090287686606,-23.07508936618126],[-46.319090286787286,-23.075064589858869],[-46.319090285887967,-23.075039814435861],[-46.319090285887974,-23.075010082849023],[-46.319074125070749,-23.074980352161479],[-46.31906335209198,-23.074955576738418],[-46.319047193073459,-23.07494071184432],[-46.319014875935764,-23.074925846950229],[-46.318982557898657,-23.074896117162037],[-46.318982556100032,-23.074891161897529],[-46.318971783121242,-23.074861431210028]]]},"properties":{"FID":0,"Name":"Nascentes Lote1","Shape_Leng":52.165179643800002}},{"type":"Feature","id":1,"geometry":{"type":"Polygon","coordinates":[[[-46.314397966992559,-23.074946257963372],[-46.314180774423164,-23.075079174164493],[-46.314143995748751,-23.075135565254072],[-46.314107218872998,-23.075169398648772],[-46.314070440198641,-23.075214512239867],[-46.314033663322846,-23.07527090243013],[-46.313996886447129,-23.075327290821747],[-46.313960108672056,-23.075372404412857],[-46.313935589555804,-23.075417516205405],[-46.313898811780689,-23.075473904596926],[-46.313862034904965,-23.075530294787228],[-46.313837516688018,-23.075564129081268],[-46.313788480254118,-23.075597964274611],[-46.313751703378379,-23.075643074268452],[-46.313690407386332,-23.075676908562446],[-46.313653629611295,-23.075710742856476],[-46.313604594076729,-23.075755854648939],[-46.313580075859761,-23.07577841234383],[-46.313543297185397,-23.075812243939879],[-46.313482002092655,-23.075857356631676],[-46.3134574847751,-23.075868634130138],[-46.313396188783024,-23.075891190026393],[-46.313347152349138,-23.075913746821918],[-46.313310374574087,-23.075947580216624],[-46.313249078582089,-23.075958858614396],[-46.313200043047509,-23.075992692009098],[-46.313175524830569,-23.076037804700881],[-46.313114229737899,-23.076082917392668],[-46.313077451962798,-23.076105473288912],[-46.31302841642821,-23.076139304884975],[-46.312991638653152,-23.076150584182102],[-46.312942602219266,-23.076173140078307],[-46.312881307126588,-23.07620697257369],[-46.312820011134612,-23.076229530268549],[-46.312758716041849,-23.076252085265502],[-46.312709679607963,-23.076308473657086],[-46.312697420049858,-23.076353586348883],[-46.31268516139103,-23.076376141345804],[-46.312660641375444,-23.076421252238962],[-46.312611604941594,-23.076455087432297],[-46.312574828065806,-23.076488919927669],[-46.312501274314343,-23.076500198325437],[-46.312439978322288,-23.076534030820834],[-46.312317388136933,-23.076545309218599],[-46.312231573927932,-23.076567864215548],[-46.312194797951527,-23.076545309218599],[-46.312158021975108,-23.076488919028339],[-46.312133504657481,-23.076455084734356],[-46.312072209564803,-23.076376140446488],[-46.312059951805281,-23.076364861149369],[-46.312035435386974,-23.076308471858454],[-46.312010918968667,-23.076240805069062],[-46.312010918968667,-23.076195694175922],[-46.312023179426141,-23.076150583282754],[-46.312035438984253,-23.076094193092487],[-46.31203543988363,-23.076037804700881],[-46.312035440782957,-23.075970137012188],[-46.312035442581589,-23.075925025219689],[-46.312010926163282,-23.075834803433391],[-46.311998668403774,-23.075812246637849],[-46.311986409744982,-23.075755858246239],[-46.31197415108614,-23.075699468055962],[-46.311961892427355,-23.075676912159732],[-46.311851563598736,-23.075643078765047],[-46.31175349342891,-23.075597966972573],[-46.31165542325914,-23.07554157678231],[-46.311618648182048,-23.075507744286934],[-46.311594130864421,-23.075462631595144],[-46.311569614446114,-23.075417519802645],[-46.31154509712848,-23.075383687307284],[-46.31152058071018,-23.075338574615497],[-46.311471546074927,-23.075304741220812],[-46.311287665293492,-23.075225795134315],[-46.310999573771255,-23.075408182141878],[-46.310810831254791,-23.075590497203631],[-46.310622088738342,-23.075712037880212],[-46.310301232216027,-23.075729398392973],[-46.309942630248145,-23.075633892190375],[-46.309936487878588,-23.075638977856492],[-46.309932515573109,-23.07561372579277],[-46.310020125728158,-23.075580456272991],[-46.310123149363797,-23.075550925234957],[-46.310215844285722,-23.075521478733211],[-46.310318774391888,-23.075482389700475],[-46.310432221170004,-23.075462331221544],[-46.310524915192616,-23.07543288471982],[-46.310617423055596,-23.075384323127988],[-46.310730777203553,-23.07535470665437],[-46.310823285066533,-23.075306145062505],[-46.310915979988465,-23.075276698560742],[-46.311008673111765,-23.075247252958302],[-46.311111695848069,-23.075217721020984],[-46.311193780568487,-23.075159687769311],[-46.311275681827233,-23.075082537628987],[-46.311336921161967,-23.075005560158456],[-46.311367078128114,-23.074919280999971],[-46.311428316563536,-23.074842304428785],[-46.311520826225099,-23.074793741038267],[-46.31162384896141,-23.074764209100916],[-46.31171654208471,-23.074734762599192],[-46.311819750081391,-23.074724345751903],[-46.311912350574467,-23.07468534215479],[-46.311984013051692,-23.074617836344032],[-46.3120764273852,-23.074559714958806],[-46.312127242678059,-23.074473264929164],[-46.312209327398477,-23.074415230778246],[-46.312280989875724,-23.074347724068183],[-46.312331806067959,-23.074261273139211],[-46.312372291747828,-23.07417490944448],[-46.312381695059123,-23.074079244061792],[-46.312360108632063,-23.073983836784581],[-46.312390264698948,-23.07389755762615],[-46.312430748580141,-23.073811193032103],[-46.312471143428468,-23.073715270443333],[-46.312449556102088,-23.073619863166137],[-46.312376596802444,-23.073553557950277],[-46.31230363840217,-23.07348725543244],[-46.312220348590195,-23.073421035652235],[-46.312157628971377,-23.073345087006075],[-46.312125712031964,-23.073249766063771],[-46.31210412560489,-23.07315435788724],[-46.312103198403861,-23.073058779738883],[-46.312061045380915,-23.07297310222684],[-46.31197766473742,-23.072897326250544],[-46.311894467555582,-23.072840663565703],[-46.311811180441573,-23.072774445584166],[-46.311738222940619,-23.072708141267643],[-46.311633996911382,-23.072613420173177],[-46.311571276393252,-23.07253747242634],[-46.311539452983311,-23.072451707680102],[-46.311486876817867,-23.072356556709668],[-46.311444632064081,-23.072261321202969],[-46.311401643570946,-23.072089621738595],[-46.311390110665073,-23.071965455041667],[-46.311337535398877,-23.071870304071247],[-46.311326278584829,-23.071774812257715],[-46.311315023569421,-23.071679317746248],[-46.311303767654692,-23.071583825033436],[-46.311271945144085,-23.071498061186503],[-46.311271018842376,-23.071402481239492],[-46.311270000809834,-23.071297344197035],[-46.311269075407438,-23.071201764249956],[-46.311330312943554,-23.071124786779432],[-46.311350046767203,-23.071029035961178],[-46.311286030326016,-23.070819277187869],[-46.311325404443835,-23.070618216657348],[-46.311428981162521,-23.07064603268822],[-46.311532092931706,-23.070626058745585],[-46.31163492770969,-23.070577410818828],[-46.311727618135023,-23.070547965216349],[-46.311820029770502,-23.07048984473051],[-46.311912534935509,-23.070441282239365],[-46.312005040100473,-23.070392720647469],[-46.312108337129999,-23.070391862694247],[-46.312211635058873,-23.070391003841731],[-46.312315395239239,-23.070437934063342],[-46.312408641445593,-23.070465837328481],[-46.312511939374481,-23.070464977576613],[-46.312605184681502,-23.070492878143742],[-46.312698524417328,-23.070530336705673],[-46.312801914077063,-23.070539034948492],[-46.312915541618906,-23.070538090660317],[-46.313018838648418,-23.070537231807748],[-46.313122043947146,-23.070526814960505],[-46.313172859240012,-23.070440364031523],[-46.313223672734232,-23.070353913102569],[-46.313336650066333,-23.070286062851491],[-46.313346053377636,-23.07019039836814],[-46.313303898556057,-23.070104719956813],[-46.313272076045443,-23.070018956109877],[-46.313229923022504,-23.069933278597869],[-46.313187768200926,-23.069847601085865],[-46.313166182673164,-23.069752193808629],[-46.313144502716561,-23.069647229436047],[-46.313112586676489,-23.06955190759442],[-46.313090907619255,-23.069446943221806],[-46.313089980418226,-23.069351363274727],[-46.313078723604171,-23.069255869662573],[-46.313057137177111,-23.069160462385412],[-46.313056117345923,-23.069055325342951],[-46.313034530019479,-23.068959918065762],[-46.313002708408256,-23.0688741542188],[-46.312981121081812,-23.068778746941579],[-46.312959534654745,-23.068683339664346],[-46.312917383430431,-23.068597661253023],[-46.312844240669108,-23.068512240947129],[-46.31278152105034,-23.06843629320031],[-46.312759934623216,-23.068340885923071],[-46.312738349994802,-23.068245478645924],[-46.3127373301636,-23.068140340704129],[-46.312798102750207,-23.068015573260041],[-46.312950301315304,-23.067810907347418],[-46.312935472394081,-23.067809608726421],[-46.313210218876463,-23.067448419409029],[-46.313323730405799,-23.067286452407824],[-46.313391502415875,-23.067032422708124],[-46.313529947648938,-23.066823299755395],[-46.31354241944706,-23.066660719416614],[-46.313748698743396,-23.066204065265374],[-46.313824124883411,-23.06601496302012],[-46.313836909645602,-23.065884875186779],[-46.313954600324507,-23.065708420107448],[-46.314129484288237,-23.065635475196959],[-46.314381759410651,-23.06575395188332],[-46.314680239001802,-23.065906796161642],[-46.314843930003349,-23.066155955133183],[-46.315091381162297,-23.066322870204246],[-46.315219628982675,-23.066510277227458],[-46.315501456726793,-23.066700497330032],[-46.315579577235667,-23.066689252207194],[-46.315637025927984,-23.066818757279812],[-46.315749838684056,-23.066863309693918],[-46.315851353257301,-23.066829013148393],[-46.315833339836729,-23.066757238255903],[-46.315833247206569,-23.066747680261223],[-46.315770434957585,-23.066662176318346],[-46.315863028256103,-23.066623168224574],[-46.315924261295606,-23.066546188955403],[-46.315985402604213,-23.066459650792197],[-46.316025883787454,-23.066373286198139],[-46.315952927185776,-23.066306982781001],[-46.315921009347065,-23.066211661838665],[-46.315878763693952,-23.066116427231321],[-46.315846939384706,-23.066030665182996],[-46.315815115075452,-23.065944902235394],[-46.315783290766198,-23.065859139287795],[-46.315751465557639,-23.065773376340186],[-46.315709313434013,-23.065687697928837],[-46.31567748822544,-23.065601934981274],[-46.31564557218536,-23.065506614938279],[-46.315623891329494,-23.065401649666338],[-46.315581738306548,-23.065315973053682],[-46.31558080930688,-23.065220393106596],[-46.315569551593519,-23.065124900393812],[-46.315547964267076,-23.065029493116576],[-46.315520377563359,-23.0649471044253],[-46.315808930437761,-23.0647430707361],[-46.31655859180551,-23.064172873579192],[-46.316698032588079,-23.063916770942193],[-46.316603371748158,-23.064316512397056],[-46.316649708417287,-23.064832294274936],[-46.316777750292893,-23.065251808224335],[-46.316867449573124,-23.065977520645998],[-46.316953246694936,-23.066301799988018],[-46.317187375297067,-23.067007190429422],[-46.317301085576617,-23.068076814393411],[-46.317323420239632,-23.068248682930339],[-46.317202440739997,-23.068555571182628],[-46.31720913709195,-23.069243739606836],[-46.317237609627966,-23.070046432197049],[-46.317039756979185,-23.070946596907916],[-46.316919519420253,-23.071329948218473],[-46.317003645601744,-23.071482184555141],[-46.317005506299033,-23.071673342650559],[-46.316779923054995,-23.071847281426873],[-46.316699330309802,-23.072058244392387],[-46.316831102573303,-23.07225736598463],[-46.31683627817165,-23.072285810641635],[-46.316828478351567,-23.072575760163161],[-46.316766816335473,-23.072787546907712],[-46.31664627120842,-23.072950691121431],[-46.315987378414718,-23.073452429186201],[-46.315723800612886,-23.073651156875361],[-46.315365747231404,-23.073759162755099],[-46.314954659030278,-23.073805578564535],[-46.314636369173058,-23.073838938016529],[-46.314511098108653,-23.073925965410954],[-46.314393476677537,-23.074117333947761],[-46.314318064027418,-23.074554017753652],[-46.314359558746609,-23.074725637178343],[-46.314455710662465,-23.074793557576577],[-46.314397966992559,-23.074946257963372]]]},"properties":{"FID":1,"Name":"Nascentes Lote 2","Shape_Leng":47.096515209400003}},{"type":"Feature","id":2,"geometry":{"type":"Polygon","coordinates":[[[-46.310914033855511,-23.061282785272283],[-46.310977895613334,-23.061210565215404],[-46.311015820923338,-23.061126610804425],[-46.311092710260318,-23.061066231221563],[-46.311169599597285,-23.061005849840068],[-46.311259401400207,-23.060945363237881],[-46.311323147145458,-23.060861194788295],[-46.311400035583105,-23.060800815205429],[-46.311424933313958,-23.060705021219697],[-46.311436918578863,-23.06060933425335],[-46.311450888647528,-23.060555582673942],[-46.311895150141041,-23.060663153281837],[-46.312422892102745,-23.060663154181153],[-46.312437070814099,-23.060680679269872],[-46.312977967159433,-23.061349278446428],[-46.312903189430592,-23.061349899877925],[-46.312904115732302,-23.061445478026375],[-46.312917953600625,-23.061540950954051],[-46.31290596923504,-23.061636637021138],[-46.312855829332989,-23.061792383411706],[-46.312844192105729,-23.061923911958907],[-46.312858029974052,-23.062019383987312],[-46.312872331892542,-23.062162645089956],[-46.312886169760873,-23.062258118017667],[-46.312913035208339,-23.062365428721531],[-46.312901050842754,-23.062461115687888],[-46.312876154910548,-23.062556909673621],[-46.312825435845127,-23.062652918597273],[-46.312826362146851,-23.062748497645021],[-46.312891730269087,-23.062831593203441],[-46.312957330416403,-23.062938582849284],[-46.313035378080201,-23.062997677300935],[-46.31317867875299,-23.063127916220306],[-46.313256727316073,-23.063187009772648],[-46.313347456319995,-23.06322210041958],[-46.313412709329043,-23.063293246685927],[-46.313452254318065,-23.06337655718232],[-46.313466209098223,-23.06348397580479],[-46.313467136299273,-23.063579555751858],[-46.313481091079439,-23.063686975273654],[-46.313482018280467,-23.063782554321417],[-46.313483060594713,-23.06389008086251],[-46.313483988695054,-23.063985659910248],[-46.313472003430157,-23.064081345977279],[-46.313460019064564,-23.064177033843027],[-46.31346141031576,-23.064320401964952],[-46.313449425950189,-23.064416088031972],[-46.313398589972913,-23.064500151260908],[-46.313360667360875,-23.064584103873262],[-46.313309831383549,-23.064668166202843],[-46.313271907872206,-23.064752119714512],[-46.313182106069291,-23.064812608115346],[-46.313131270092008,-23.064896668646274],[-46.313067407434879,-23.064968891401175],[-46.313120096914879,-23.065075987167027],[-46.31312704597633,-23.065259936296986],[-46.313137374690029,-23.065259849062745],[-46.313107221321168,-23.065346128221218],[-46.313066738339273,-23.065432492815276],[-46.313047098944423,-23.065537801628185],[-46.313027366919421,-23.065633554245093],[-46.312997398810872,-23.065738946694971],[-46.312967245441996,-23.0658252267528],[-46.312937182904655,-23.065921063006616],[-46.312907030435042,-23.066007342165044],[-46.312876967897694,-23.06610318021756],[-46.312826154403467,-23.066189630247191],[-46.312785764051746,-23.066285552835947],[-46.31272452831427,-23.066362531205787],[-46.312642541619937,-23.066430124250804],[-46.312591728125717,-23.066516574280463],[-46.312551244244496,-23.066602938874489],[-46.312458835306977,-23.066661060259662],[-46.31235581886591,-23.066690592197016],[-46.312263132037863,-23.066720038698783],[-46.312159929437144,-23.066730454646745],[-46.31203597587956,-23.066731485269766],[-46.311932680648631,-23.066732343223006],[-46.311900672877698,-23.066627464285997],[-46.311878994719791,-23.066522497215434],[-46.311826514781785,-23.066436905139028],[-46.311763703432128,-23.066351399397536],[-46.311731881820826,-23.066265635550614],[-46.31168954623552,-23.066160841149838],[-46.311647209750902,-23.066056046749104],[-46.311625531592995,-23.065951082376511],[-46.311583381268008,-23.065865403065857],[-46.311548340983109,-23.065822971253066],[-46.311596648066832,-23.065770448147649],[-46.311751276600084,-23.065645969385915],[-46.311751280197377,-23.065512598127839],[-46.3118092666843,-23.065379226869762],[-46.311809266684293,-23.065370335272704],[-46.311809267583612,-23.0652903117984],[-46.311809269382245,-23.065254747208776],[-46.311809269382245,-23.065245854712373],[-46.31191557644263,-23.065228074216162],[-46.312012215791071,-23.065228074216162],[-46.312108856938153,-23.065228074216179],[-46.312137849282301,-23.065228074216162],[-46.312215163099268,-23.065228074216162],[-46.312273146888174,-23.065228074216179],[-46.312350460705147,-23.065210291921403],[-46.312398782178036,-23.065192509626574],[-46.312418110407414,-23.065174726432435],[-46.312456766866262,-23.065148051641252],[-46.312456767765589,-23.065103594555183],[-46.312437440435474,-23.065032463577264],[-46.312437441334794,-23.065005788786095],[-46.312447105449522,-23.064979114894189],[-46.312447106348827,-23.064943549405246],[-46.312466434578262,-23.064907983916246],[-46.312505091037053,-23.064881309125099],[-46.312553413409248,-23.064845743636141],[-46.312563078423295,-23.064810177247875],[-46.312582406652723,-23.064756830363368],[-46.31258240665273,-23.06469458918389],[-46.312582407552043,-23.064659023694961],[-46.312582407552043,-23.064596785213439],[-46.312582407552043,-23.064570110422213],[-46.312582409350682,-23.064516760839801],[-46.312563082020574,-23.064454522358258],[-46.312534090575745,-23.064418955070675],[-46.312495434116968,-23.064392281178812],[-46.312437450328062,-23.064365607286902],[-46.312398795667839,-23.064321150200897],[-46.312360139209026,-23.064294476308998],[-46.312302155420078,-23.064267802417074],[-46.312253835745885,-23.064250019222989],[-46.312234506617138,-23.064250019222989],[-46.312137866369369,-23.064223344431756],[-46.312108874924604,-23.064205561237593],[-46.312070219365083,-23.064169994849347],[-46.312021899690883,-23.064134430259706],[-46.312002572360768,-23.064081080677269],[-46.312002573260088,-23.064063299281777],[-46.312002574159401,-23.064009949699379],[-46.312002575058727,-23.063947709419196],[-46.312002576857374,-23.063903252333215],[-46.312002576857374,-23.063841012053054],[-46.311963921297888,-23.063796554966981],[-46.311934930752386,-23.063769880175812],[-46.311886611977513,-23.063707638996277],[-46.311867284647413,-23.063672075305984],[-46.31181896497322,-23.063627617320659],[-46.311780310313054,-23.063574267738201],[-46.311780311212367,-23.063556485443435],[-46.311780311212381,-23.063512028357362],[-46.311461399923651,-23.063503134961657],[-46.311113492693494,-23.063618721226945],[-46.310475662921469,-23.06383210786543],[-46.310195400897001,-23.06400993261224],[-46.310060093398533,-23.064347804307662],[-46.310205046125937,-23.064641224312986],[-46.310127724215086,-23.064916855728249],[-46.309934432028392,-23.065236944229518],[-46.309741138942343,-23.065494793350013],[-46.309779790904599,-23.065619273011013],[-46.309886095267025,-23.065663730996324],[-46.309953739573366,-23.065814887247214],[-46.310340307758963,-23.065779327154182],[-46.310543264060371,-23.065468130249943],[-46.310678569760171,-23.065192497935428],[-46.310852523824863,-23.065192499734053],[-46.311036136608379,-23.065379220574506],[-46.311123109144148,-23.065565941415009],[-46.31128739729553,-23.065690422874695],[-46.311459014022262,-23.065855842373203],[-46.311449098996661,-23.065866518225146],[-46.311439695685351,-23.065962183607859],[-46.311430290575402,-23.066057848990514],[-46.311420888163411,-23.066153514373116],[-46.311411576582941,-23.066258735951862],[-46.311391844557924,-23.066354487669404],[-46.311361689390409,-23.066440765928586],[-46.311331534222866,-23.06652704508701],[-46.311332459625248,-23.066622624134776],[-46.311307105038857,-23.066695168846937],[-46.311287383805684,-23.066695169746257],[-46.311229397318819,-23.066695168846923],[-46.311152082602469,-23.066695167947628],[-46.311132754373091,-23.06670406044401],[-46.311103760230317,-23.066730735235197],[-46.311084431101563,-23.066766300724154],[-46.311084430202243,-23.066810757810153],[-46.311084428403603,-23.066864107392568],[-46.31107476159093,-23.066908565377954],[-46.311055431562856,-23.066944129967556],[-46.31103610243413,-23.066997480449345],[-46.311026437420082,-23.067033044139638],[-46.311016770607424,-23.06708639372204],[-46.311007104694063,-23.067130851707439],[-46.310997438780774,-23.067184200390507],[-46.310987774666039,-23.067219765879422],[-46.310958779623945,-23.067255332267738],[-46.310939449595885,-23.067282006159587],[-46.31090079313708,-23.067317571648569],[-46.310871798094986,-23.067344246439813],[-46.310842804851525,-23.067379811029429],[-46.310823474823451,-23.06741537741771],[-46.310794481580039,-23.067433158813174],[-46.310755823322559,-23.067450942007309],[-46.310717167763016,-23.067406484921321],[-46.310697840432979,-23.067362026935943],[-46.310639856644002,-23.06732646144701],[-46.310591535171177,-23.067299785756468],[-46.310562542827029,-23.067290894159392],[-46.310533549583631,-23.067264219368226],[-46.310504559038129,-23.067219762282164],[-46.310475567593301,-23.067175304296811],[-46.31045623936393,-23.067157521102679],[-46.310427247919101,-23.067121953815057],[-46.31038859056099,-23.067113062218027],[-46.310349934102135,-23.067121953815057],[-46.310262954371808,-23.067130845412112],[-46.310253290257094,-23.067130843613491],[-46.310214633798296,-23.067130843613466],[-46.310166312325407,-23.067121952016404],[-46.310127655866609,-23.067113060419331],[-46.310069671178326,-23.067086383829519],[-46.310031014719527,-23.067059708138959],[-46.310002023274706,-23.06702414265002],[-46.30994403858648,-23.066988576261746],[-46.309915046242338,-23.066970793067576],[-46.309886055696886,-23.066935225780021],[-46.309866726568146,-23.066908550988785],[-46.30982807190793,-23.066872984600533],[-46.309789415449131,-23.066846309809304],[-46.309731430760912,-23.066828525715845],[-46.309692774302057,-23.066801850924666],[-46.309663782857228,-23.06678406683119],[-46.30962512729775,-23.066757392039971],[-46.309576806724174,-23.066721825651719],[-46.309547814380096,-23.066704040658898],[-46.309499494705847,-23.06666847427061],[-46.309451175031654,-23.066641798580125],[-46.309412518572834,-23.066615123788885],[-46.309335204755833,-23.066606232191845],[-46.309286885081626,-23.066588447199027],[-46.309248228622842,-23.066579553803287],[-46.309219236278693,-23.066561770609177],[-46.309180579819838,-23.066552879012146],[-46.30914711694583,-23.066552878112823],[-46.309103265103545,-23.066552877213422],[-46.309016273682062,-23.066899643203968],[-46.309064587061016,-23.067095257440137],[-46.309151561395424,-23.067219738899777],[-46.309112894144732,-23.067486482315257],[-46.309103219238139,-23.0677354416373],[-46.309141874797668,-23.067771008924865],[-46.309170867141745,-23.067797683716094],[-46.309209522701281,-23.06784214170143],[-46.309238513246719,-23.067895491283878],[-46.309238513246726,-23.06790438198157],[-46.309238512347413,-23.067948839067636],[-46.309238509649454,-23.068002187750722],[-46.309238508750127,-23.068046644836734],[-46.309238506052168,-23.068082211225036],[-46.309238505152848,-23.06813555900878],[-46.309228839239495,-23.068180016094811],[-46.309219172426822,-23.068224473180852],[-46.309219170628182,-23.068251147072711],[-46.309219169728863,-23.068286711662395],[-46.309209503815509,-23.068331169647703],[-46.309190173787457,-23.068366734237372],[-46.309170843759382,-23.068420082920458],[-46.309151513731308,-23.068446755912973],[-46.309132183703305,-23.068482323200641],[-46.309112853675231,-23.068526779387291],[-46.309093523647171,-23.068553453279211],[-46.309083857733818,-23.068589017868781],[-46.309074191820464,-23.068624583357831],[-46.309074189122498,-23.068677931141565],[-46.309141838824765,-23.068713499328513],[-46.309219152641745,-23.068731283421933],[-46.309270368132957,-23.068761270416253],[-46.309167087291193,-23.068912891616595],[-46.308872268840105,-23.069116722059068],[-46.308749149853334,-23.069284461808419],[-46.308712854114901,-23.069300572263568],[-46.308595104080723,-23.069444209282789],[-46.308413909574192,-23.069549463237085],[-46.308198430213338,-23.069732815217204],[-46.308004663184576,-23.069987315262303],[-46.307824971445257,-23.070248185205539],[-46.307827977878844,-23.070559417183294],[-46.307830797253473,-23.070851196825231],[-46.307835495311792,-23.07088922555727],[-46.307876413565559,-23.071220435974286],[-46.307990354071542,-23.071407542623948],[-46.308215789826811,-23.071528880953014],[-46.308496786597409,-23.071597882336324],[-46.308712673351131,-23.07158246435921],[-46.30893892209356,-23.071917257675228],[-46.309556325563904,-23.072333215705271],[-46.309895703623809,-23.072486720985356],[-46.309935250411456,-23.072641304552519],[-46.309976769412351,-23.072842346197277],[-46.310216492696966,-23.073078357080462],[-46.310515394969464,-23.073295569434944],[-46.310643403570168,-23.073294507335614],[-46.310695209016622,-23.073357235947643],[-46.310758113895815,-23.073452300583149],[-46.3108105974311,-23.073537892659623],[-46.310883832822583,-23.073632871859498],[-46.310946645970887,-23.073718379399619],[-46.310999130405499,-23.073803970576755],[-46.31104137515927,-23.073899206083457],[-46.311073198569204,-23.073984970829709],[-46.311105021979131,-23.074070734676638],[-46.311126608406191,-23.074166141953874],[-46.311158894966987,-23.074299695774304],[-46.311170150881701,-23.074395190285777],[-46.311129664302541,-23.074481553980501],[-46.311068424967807,-23.074558532350355],[-46.311028029220154,-23.07465445403977],[-46.310977305658071,-23.074750462064095],[-46.310905643180838,-23.074817967874893],[-46.310823557561086,-23.07487600202581],[-46.310731049698106,-23.074924563617678],[-46.310668617862419,-23.074957336711691],[-46.310527576286574,-23.074770229162706],[-46.310363350188425,-23.074613873931082],[-46.310137907238584,-23.074536886568001],[-46.309858995096477,-23.074539201422976],[-46.309770094414262,-23.0741599806985],[-46.309367568658331,-23.074199164160067],[-46.30933132777853,-23.074457550175744],[-46.30932545340692,-23.074651161621773],[-46.309139997013226,-23.074702884330549],[-46.308792049313588,-23.074777458812605],[-46.308558979213501,-23.074827411655694],[-46.30787842984563,-23.074537951365294],[-46.307889934872549,-23.074433654289709],[-46.307833970061608,-23.074254892449307],[-46.307732371851444,-23.0741965282471],[-46.307657908885346,-23.074104754230962],[-46.307291044845783,-23.073812630148719],[-46.307107077729427,-23.073601362312949],[-46.306870153135037,-23.073137337318204],[-46.306702402593771,-23.072615386091169],[-46.30675384561345,-23.0723806882181],[-46.306773853730306,-23.072394494610194],[-46.306841506130581,-23.072403388905247],[-46.306928487659547,-23.072403390703869],[-46.306976810931019,-23.072403393401832],[-46.307025134202547,-23.072403395200464],[-46.30708312158874,-23.072403396099809],[-46.307170104017011,-23.072403399697059],[-46.307237756417294,-23.07239450989869],[-46.307286080588078,-23.072385620999572],[-46.307334403859613,-23.072367839604055],[-46.307411723072505,-23.072350059107912],[-46.307440717215286,-23.072341169309496],[-46.307489039587438,-23.072332278611722],[-46.307527699643572,-23.072323388813274],[-46.307576022015773,-23.072323390611928],[-46.307624347085891,-23.072296717619398],[-46.307672671256746,-23.072278936223881],[-46.30770166629884,-23.072252263231302],[-46.307730661340891,-23.072234480936526],[-46.307759656382984,-23.072190024749769],[-46.307788652324405,-23.072154460160153],[-46.307798319137078,-23.072127786268258],[-46.307798320935724,-23.072065545988089],[-46.307798322734364,-23.07203887209625],[-46.307788660418289,-23.071994415010181],[-46.307769332188911,-23.071967740218991],[-46.307730674830729,-23.071941065427797],[-46.307663024229157,-23.07191438793858],[-46.307624366870982,-23.071914387039271],[-46.307595371828882,-23.071914385240639],[-46.307508391199235,-23.071914383441989],[-46.307479397056504,-23.071914383441989],[-46.307431074684303,-23.071914380744019],[-46.307363421384764,-23.071923269643154],[-46.307344093155336,-23.071923268743799],[-46.307308721020618,-23.071927918238785],[-46.307325720005899,-23.071899811726869],[-46.307399389769955,-23.071778009347611],[-46.307327932338183,-23.071599375210958],[-46.307243202711618,-23.071547193847891],[-46.307229213757182,-23.07150424942154],[-46.30709552144112,-23.07140708936565],[-46.306909208892819,-23.071359498142264],[-46.305988260849531,-23.071121452992603],[-46.305737662063393,-23.071015433715267],[-46.305614306554965,-23.070888706648475],[-46.305474123831679,-23.07066876665019],[-46.30547185484221,-23.070628011173739],[-46.305461276116951,-23.070437947553209],[-46.305644746807559,-23.069640473728853],[-46.305694905595374,-23.069335432683999],[-46.305655036850453,-23.069055703058208],[-46.305551785686305,-23.068810892308754],[-46.305299819031404,-23.068562396137597],[-46.305059562448832,-23.06842680895004],[-46.304777631282612,-23.068375093435744],[-46.304437913279052,-23.068387726212567],[-46.30415157363614,-23.068429398098207],[-46.303955828998262,-23.068504713621572],[-46.303850630801939,-23.068608763383679],[-46.303829231433845,-23.068696098346219],[-46.30337468889077,-23.068223307659476],[-46.303828547949088,-23.06815264972494],[-46.304118606288618,-23.068236282178656],[-46.304252523435146,-23.068196942235037],[-46.304334516424774,-23.068129352787366],[-46.304396216212353,-23.068100167088993],[-46.304633521220019,-23.068069530784168],[-46.304746133427273,-23.067963453950213],[-46.304837258132928,-23.06777152693439],[-46.304856811192856,-23.067656661026049],[-46.304907630082994,-23.067570211895724],[-46.304926446598188,-23.067378882929077],[-46.305059994123383,-23.067301309207998],[-46.305277927734153,-23.06740465390163],[-46.305350788108342,-23.06746140382068],[-46.305442740190244,-23.067355497857857],[-46.305431488772172,-23.067260004245785],[-46.305410184732182,-23.067193268254695],[-46.305471240605257,-23.067097176593403],[-46.305574258844906,-23.067067649152655],[-46.305679398585312,-23.067257953791518],[-46.305774392174435,-23.067467459855337],[-46.305900191140893,-23.067657593622982],[-46.305974526403247,-23.067867270558047],[-46.305999264954096,-23.068063679794935],[-46.306108573951462,-23.068086628694925],[-46.306121554765923,-23.068092601092641],[-46.30615691341081,-23.068100736359831],[-46.306209951827789,-23.068100737259147],[-46.30625415080835,-23.068100739057773],[-46.306289508553959,-23.06810074085644],[-46.30634254787028,-23.06810074175576],[-46.306369067078712,-23.068100742655073],[-46.306413266059337,-23.06808448021458],[-46.30643094673075,-23.068051949038193],[-46.306457468637227,-23.068011286191844],[-46.306483989644391,-23.067986890282725],[-46.306492832678032,-23.067938093068499],[-46.306492833577352,-23.06789743022215],[-46.30649283717463,-23.067856765577204],[-46.30649283807395,-23.067832366970087],[-46.30647516010049,-23.067799835793735],[-46.306448642690668,-23.067775437186633],[-46.306413285844428,-23.067742904211617],[-46.306413289441707,-23.067710373035251],[-46.306404450005338,-23.067669709289596],[-46.306404452703312,-23.067637177213903],[-46.306404456300584,-23.067588380899],[-46.30640445809923,-23.06753958368477],[-46.306404460797182,-23.067507053407748],[-46.30641330293156,-23.067450125422894],[-46.306430985401619,-23.067401328208696],[-46.306457506408776,-23.067368797931643],[-46.30648402741587,-23.067336267654586],[-46.30650170898663,-23.067295603908967],[-46.306519390557419,-23.067271206201138],[-46.306519392356059,-23.067230544254183],[-46.306519395054011,-23.067189879609195],[-46.306510557416232,-23.067157348432833],[-46.30646636023431,-23.067141079697048],[-46.306431001589438,-23.067132946228462],[-46.30638680440746,-23.06711667929126],[-46.306351444863253,-23.067124810061891],[-46.306324924755415,-23.067149207769646],[-46.306263046902075,-23.067157339439635],[-46.306192329612259,-23.067165469310904],[-46.306130451758925,-23.067165465713629],[-46.306095093114038,-23.067157332245007],[-46.306050895032755,-23.067149196977844],[-46.305989018977975,-23.067132928242017],[-46.30596250156816,-23.06709226359704],[-46.305944825393325,-23.067059732420667],[-46.305927147419887,-23.067035332914259],[-46.305882949338596,-23.067019065977075],[-46.305856431928767,-23.067010931609165],[-46.305794554075376,-23.06701906237976],[-46.305644274663507,-23.067100383575777],[-46.305622533553048,-23.067062873752626],[-46.3056393301909,-23.067031083617572],[-46.305684406010471,-23.066945773028962],[-46.305720219712327,-23.066852044786003],[-46.305756116151763,-23.066766808841127],[-46.305828809252091,-23.066689763022122],[-46.305901502352413,-23.066612717203093],[-46.305983619448455,-23.066561075433242],[-46.30606573744376,-23.066509431864748],[-46.306138510583764,-23.06644087924316],[-46.306211286421672,-23.066372326621536],[-46.306265620761735,-23.066295431888648],[-46.306329133582608,-23.066218461612642],[-46.306411087901324,-23.066149833448037],[-46.306483862839968,-23.066081279927054],[-46.30652893596158,-23.06599596933847],[-46.306546391802492,-23.065902392181609],[-46.306582287342614,-23.065817156236715],[-46.306636622582005,-23.06574026240315],[-46.306672435384549,-23.065646533260857],[-46.306726687886282,-23.065561146229868],[-46.306781022226346,-23.065484250597653],[-46.306853796265671,-23.065415697976054],[-46.306926569405604,-23.065347145354451],[-46.307008440087372,-23.065270022193719],[-46.307090392607499,-23.065201393129787],[-46.307153905428379,-23.065124422853771],[-46.30718053885073,-23.065030769254584],[-46.307170377410962,-23.064928928227403],[-46.30719692899504,-23.064826782330101],[-46.307205204556496,-23.064733280716279],[-46.307213481916619,-23.064639780001801],[-46.307175865074051,-23.064546658801206],[-46.307134134732507,-23.064313160623829],[-46.30709389996349,-23.064158164267862],[-46.307119261744504,-23.064110162054298],[-46.307182896873137,-23.064014047010637],[-46.307285612940646,-23.06395345518774],[-46.307388444121337,-23.063904809958949],[-46.30745219436325,-23.063820644207322],[-46.307489891245439,-23.063712795708909],[-46.307553756600555,-23.063640578349968],[-46.307604596175111,-23.063556517818981],[-46.307603672571418,-23.063460937871923],[-46.307576926733766,-23.063365572862843],[-46.307537269329487,-23.063270313973767],[-46.307523435058442,-23.063174841046017],[-46.307509484774869,-23.063067422423558],[-46.307534270090457,-23.062959680045115],[-46.307611046112875,-23.062887354767554],[-46.307661884788111,-23.062803295135893],[-46.307699695884196,-23.062707394130872],[-46.307750534559489,-23.062623336297865],[-46.30778846166811,-23.062539381886896],[-46.307852327023227,-23.062467162729309],[-46.307929103045637,-23.062394836552432],[-46.307992852388161,-23.062310669901411],[-46.308082655090402,-23.062250184198572],[-46.308159431112813,-23.062177858021681],[-46.308249349827577,-23.062129319812229],[-46.308339267643021,-23.062080780703415],[-46.308429070345255,-23.062020295000593],[-46.308531900626697,-23.061971648872426],[-46.308647756688572,-23.061934845017042],[-46.308737559390806,-23.061874359314171],[-46.308814449627107,-23.061813979731312],[-46.308904252329334,-23.06175349312916],[-46.3090070817114,-23.06170484700105],[-46.309148644893995,-23.06165587981496],[-46.309238446696888,-23.061595393212752],[-46.309315337832516,-23.061535015428543],[-46.30940525474864,-23.061486476319772],[-46.309495172564141,-23.061437937211029],[-46.309584974367056,-23.061377449709482],[-46.30967489128318,-23.061328910600707],[-46.309777835778448,-23.061292211965956],[-46.309906948746637,-23.061291140873383],[-46.310009893241961,-23.061254442238688],[-46.310099925271288,-23.061217849723963],[-46.310203100892352,-23.061205045176621],[-46.310306390727305,-23.061204188122758],[-46.310409682360898,-23.061203331068846],[-46.31051320422096,-23.061226369901021],[-46.310617072319999,-23.061285250314004],[-46.310720826205106,-23.061332182334272],[-46.310824232052653,-23.06134327187446],[-46.310914033855511,-23.061282785272283]],[[-46.312572719155639,-23.066517333308223],[-46.312679028914033,-23.066321720870693],[-46.312698358042731,-23.066197241209686],[-46.312640374253817,-23.066161675720711],[-46.312611381010363,-23.066135000929478],[-46.312563060436865,-23.066126110231789],[-46.312514738964012,-23.066126110231792],[-46.312456754275722,-23.066143893425874],[-46.312360111330008,-23.06616167482138],[-46.312321454871203,-23.06616167482138],[-46.312244140154924,-23.066161674821391],[-46.312215147810775,-23.066161674821391],[-46.311944546303728,-23.066366176158049],[-46.31189622213293,-23.066570679293353],[-46.312002528293974,-23.066632919573511],[-46.312253797974336,-23.066641811170609],[-46.312572719155639,-23.066517333308223]],[[-46.306598833069643,-23.069255604362581],[-46.306607674304701,-23.069223074085517],[-46.306616516439014,-23.06918241033992],[-46.306634198009775,-23.069149879163547],[-46.306651878681237,-23.069117349785813],[-46.306651881379196,-23.069084817710134],[-46.306643042842097,-23.069052287433074],[-46.306625364868651,-23.069027887027357],[-46.306625366667284,-23.068995355850987],[-46.30659000892171,-23.068962824674596],[-46.306563492411222,-23.068930291699523],[-46.306536974102023,-23.068897759623837],[-46.3065281373636,-23.068848964208314],[-46.306528139162261,-23.068824564701842],[-46.306554661068745,-23.06878390275488],[-46.30655466376669,-23.068735106440013],[-46.306554665565322,-23.068702575263615],[-46.306536987591869,-23.068661910618644],[-46.306510470181983,-23.068637510212898],[-46.30647511423507,-23.068596845567921],[-46.306448596825248,-23.06855618092294],[-46.306430919751108,-23.068523648847254],[-46.306395562005548,-23.068491116771547],[-46.306377884032088,-23.068458585595174],[-46.306342528085175,-23.068426052620154],[-46.306307170339608,-23.06839351964517],[-46.306271812594048,-23.068360987569463],[-46.306209937438609,-23.068344719732991],[-46.306165739357368,-23.068328452795804],[-46.306121542175404,-23.068304053289388],[-46.306095023866185,-23.068287786352204],[-46.306015468039391,-23.068263384147841],[-46.305962431421051,-23.06823898374207],[-46.305909393903391,-23.068206450767018],[-46.305874037956478,-23.068182051260628],[-46.305863363903093,-23.068174193883927],[-46.305949070193378,-23.068441002949903],[-46.305930808559935,-23.068689680784082],[-46.305993523682112,-23.068765632128191],[-46.306077360281904,-23.068889201675297],[-46.306224280725928,-23.069126953645917],[-46.306091655005844,-23.069300108213383],[-46.305918724369569,-23.069578740666323],[-46.305919646174694,-23.06967431971399],[-46.305982639187391,-23.069778945042245],[-46.306106595442998,-23.069777918915818],[-46.3063130986705,-23.069766652209175],[-46.306520062350963,-23.069803174576776],[-46.306640032811231,-23.069759826354876],[-46.306625324399135,-23.069751704577492],[-46.306589966653576,-23.069711039932486],[-46.306563449243761,-23.069678506957459],[-46.306528090598874,-23.069662240919627],[-46.306501572289676,-23.069637842312549],[-46.306475055779174,-23.06959717586891],[-46.306457376906394,-23.069572777261826],[-46.306439699832254,-23.069540246085481],[-46.306430862194482,-23.069507714009777],[-46.306430864892434,-23.069467050264105],[-46.306430865791761,-23.069442651657038],[-46.306457387698231,-23.069401988810668],[-46.306475068369657,-23.069377591102896],[-46.306519269148907,-23.069336928256579],[-46.306545790156065,-23.069320664017376],[-46.306589989136626,-23.069320665815994],[-46.306598833069643,-23.069255604362581]],[[-46.307199883267977,-23.070377953779488],[-46.307208725402297,-23.070337290033887],[-46.307182207992476,-23.070280360250361],[-46.307182208891781,-23.070264094212519],[-46.307182209791108,-23.070239694706117],[-46.307182213388387,-23.070182764922606],[-46.307164535414913,-23.070142100277678],[-46.307120338233005,-23.070093302164146],[-46.307102660259552,-23.07005263661982],[-46.307067301614609,-23.070036369682683],[-46.307031944768369,-23.06999570503773],[-46.306961226579283,-23.069979437201198],[-46.30689934692726,-23.069979433603915],[-46.306837468174599,-23.069979431805272],[-46.306708488306064,-23.070059699895182],[-46.306719556262465,-23.070136079316569],[-46.306916098599004,-23.070163128225719],[-46.306958433285047,-23.070267922626506],[-46.306969408611295,-23.070334743153801],[-46.306939613172574,-23.070378700216803],[-46.30698772510339,-23.070386079154122],[-46.307040764419696,-23.070386080952819],[-46.307084963400314,-23.070386082751504],[-46.307129163280194,-23.070386085449439],[-46.307155683388032,-23.070386086348766],[-46.307199883267977,-23.070377953779488]]]},"properties":{"FID":2,"Name":"Nascentes Lote 3","Shape_Leng":57.032264590600001}},{"type":"Feature","id":3,"geometry":{"type":"Polygon","coordinates":[[[-46.298121694860292,-23.057321765387147],[-46.298357777689262,-23.056117502120983],[-46.298921562679936,-23.0547282950747],[-46.299382633401777,-23.054438373432159],[-46.300453496631519,-23.054568794913891],[-46.299897670640974,-23.056604279963494],[-46.30056968814057,-23.057243023446741],[-46.301610168674301,-23.05697510191936],[-46.302366201738778,-23.054965709799593],[-46.302932735956972,-23.055204165040159],[-46.302572939689355,-23.056617168147753],[-46.304259156834569,-23.056567391571821],[-46.305831643915212,-23.055566001869451],[-46.305924839759484,-23.056017937277961],[-46.305209704264385,-23.056738880594825],[-46.303874863933792,-23.057249217976938],[-46.302256755145102,-23.057509312704539],[-46.301136754757408,-23.05798262319945],[-46.299664669788626,-23.058266556256509],[-46.29901378455849,-23.058285067901519],[-46.298209376061834,-23.058098070069814],[-46.298121694860292,-23.057321765387147]]]},"properties":{"FID":3,"Name":"Saldo Lote 1","Shape_Leng":13.7750539076}},{"type":"Feature","id":4,"geometry":{"type":"Polygon","coordinates":[[[-46.29826884373211,-23.058374476700717],[-46.299038145394036,-23.058515311432409],[-46.299688409192704,-23.058707893154669],[-46.299481182910206,-23.0589987204146],[-46.299147527236528,-23.059553680358036],[-46.299796503206039,-23.060380320994952],[-46.302019562552744,-23.059489007411742],[-46.302429397098919,-23.058833767664208],[-46.303676203693783,-23.058489562942952],[-46.305312386157652,-23.058660668854714],[-46.306999402800159,-23.057984057618118],[-46.30803205473552,-23.05700687856454],[-46.309034195371815,-23.057172447350524],[-46.308157545234494,-23.058052252309565],[-46.307778230980546,-23.057791740296526],[-46.307014878333916,-23.058200338274965],[-46.30747609744391,-23.058902375144438],[-46.306703042911067,-23.059212350769293],[-46.305719841097762,-23.059409993876052],[-46.305023578775099,-23.059068651696865],[-46.303455884181695,-23.059134935328995],[-46.302057103852235,-23.059830292933619],[-46.300537918689933,-23.060910038767243],[-46.299045196078907,-23.060906364137335],[-46.298525093857961,-23.060597789656239],[-46.298140019446301,-23.059956376985156],[-46.297911401889642,-23.058770392439595],[-46.29826884373211,-23.058374476700717]]]},"properties":{"FID":4,"Name":"Saldo Lote 2","Shape_Leng":10.706268743400001}},{"type":"Feature","id":5,"geometry":{"type":"Polygon","coordinates":[[[-46.30043728365365,-23.063301066291096],[-46.301410067720376,-23.063202869316914],[-46.302556404754228,-23.062790388965251],[-46.303629855333504,-23.061571961376895],[-46.305084392730521,-23.062536763960455],[-46.301993176443879,-23.063603305947769],[-46.302874647846693,-23.064395013319174],[-46.303853201963648,-23.064475240040245],[-46.303249958318872,-23.065155762428454],[-46.301969051230692,-23.064933888887818],[-46.301094699760547,-23.064729795843345],[-46.300437349304161,-23.065710196268522],[-46.299167658560577,-23.064750768932793],[-46.298208744737728,-23.063195624378498],[-46.298110312141148,-23.061705020570169],[-46.298843000603938,-23.061230788270208],[-46.30043728365365,-23.063301066291096]]]},"properties":{"FID":5,"Name":"Saldo Lote 3","Shape_Leng":14.4398771596}},{"type":"Feature","id":6,"geometry":{"type":"Polygon","coordinates":[[[-46.447475147659873,-22.956928381439578],[-46.447821672632017,-22.956760867420044],[-46.447672554244946,-22.95757155498324],[-46.447424427695125,-22.957907044374572],[-46.447250736232434,-22.958322676849978],[-46.446683672313611,-22.958664164719366],[-46.445875795131769,-22.958642652036712],[-46.445258662357332,-22.958550402279176],[-46.444810065232268,-22.958370142168292],[-46.444378030022044,-22.95826399608648],[-46.444148755060951,-22.958371311286978],[-46.443833686575317,-22.95851805366522],[-46.44360287287423,-22.958535753222385],[-46.443115181320529,-22.958578471918877],[-46.442851905690866,-22.958603065678933],[-46.442322714921318,-22.958662905668522],[-46.44197084617759,-22.958253450636231],[-46.442340394693417,-22.957882462305754],[-46.442382081867549,-22.95753018077319],[-46.442281071813952,-22.957170674087312],[-46.44196029892862,-22.957258709621705],[-46.441797652939272,-22.957079106015893],[-46.441950924395599,-22.9567921125659],[-46.442221106818579,-22.95664533241608],[-46.442279438645144,-22.956620932010381],[-46.442321770633157,-22.956608946745465],[-46.442398538561697,-22.956601272830429],[-46.442488068769308,-22.956606621098601],[-46.442666762261247,-22.956630865022358],[-46.442775733113535,-22.956640233260096],[-46.442886259793006,-22.956639767411275],[-46.443066679983247,-22.956626357620266],[-46.443144904813444,-22.956630573642016],[-46.443260054008256,-22.956651660046035],[-46.443343859131744,-22.956672657417183],[-46.443507865795311,-22.956719893408309],[-46.443618324126305,-22.956756764712861],[-46.44372700179963,-22.956790798656421],[-46.443810936425521,-22.956813317680435],[-46.443880090693597,-22.95683398500034],[-46.443929215261051,-22.956850391332463],[-46.44400329241796,-22.956872543433061],[-46.44406875406969,-22.956884317357332],[-46.444184042659408,-22.956887935329917],[-46.444363808143187,-22.956886312952914],[-46.444519444816478,-22.95687881980167],[-46.44462174989382,-22.956865827296046],[-46.444704240208466,-22.956864605117389],[-46.444781459596641,-22.956870868895468],[-46.44491125425094,-22.956857531050186],[-46.445076925559654,-22.956831625179291],[-46.44522543240771,-22.956798479766007],[-46.44527555342399,-22.956788399265175],[-46.445310314019707,-22.956829073802655],[-46.445281461070522,-22.957301586598881],[-46.445435583285473,-22.957473471323627],[-46.445576578995876,-22.957540093100768],[-46.445769458393734,-22.957471566559491],[-46.446573744582629,-22.956058582337661],[-46.447475147659873,-22.956928381439578]]]},"properties":{"FID":6,"Name":"Jaguari","Shape_Leng":10.758748923800001}},{"type":"Feature","id":7,"geometry":{"type":"Polygon","coordinates":[[[-46.443891323225962,-22.956810176348544],[-46.443842776922573,-22.956790839125869],[-46.44382251699551,-22.956778095732485],[-46.443814337661557,-22.956768985600149],[-46.443808727690559,-22.956759408719673],[-46.443805356132259,-22.956751749193792],[-46.443800906286754,-22.956738683843135],[-46.443796992437235,-22.956720943816446],[-46.443795398838517,-22.956698804306306],[-46.443795878177184,-22.956688126655635],[-46.443798855832469,-22.956664678631967],[-46.443803236430199,-22.956649829925656],[-46.443808775354682,-22.956630972041701],[-46.443813531868955,-22.956612900165162],[-46.443817943942925,-22.956588617570617],[-46.443823151017568,-22.956522006585313],[-46.443821084375486,-22.956501778134509],[-46.4438110866123,-22.956470914301217],[-46.443797986188102,-22.956444135188622],[-46.443778756884065,-22.956410398920735],[-46.443767731195805,-22.956392463741167],[-46.443748890398922,-22.956362163782764],[-46.443722857723685,-22.956315822617075],[-46.443705411775284,-22.956272691131748],[-46.443692896809694,-22.956223144782253],[-46.443678913251176,-22.956135476171248],[-46.443669545013456,-22.95608578413157],[-46.44365795005433,-22.95604051136046],[-46.443631581032605,-22.955959019293299],[-46.443605510585833,-22.95586330444792],[-46.443603881014269,-22.955818865348274],[-46.443609142048217,-22.955788581577739],[-46.44361954180836,-22.955757086420387],[-46.443648802150449,-22.955693759759182],[-46.443679171356621,-22.955625840260275],[-46.443725040378297,-22.955509746777356],[-46.443768082830736,-22.955421943268064],[-46.443812817807277,-22.955338774864529],[-46.443881565581769,-22.955202764096221],[-46.44392589766197,-22.955109126684835],[-46.443931006710564,-22.955110550311591],[-46.443936774962133,-22.955106757870499],[-46.443939439653377,-22.955104211889832],[-46.443941473020516,-22.955101015699253],[-46.443943000069346,-22.955099528220615],[-46.443944534312777,-22.955100227893183],[-46.44394689593247,-22.955103246017931],[-46.44395221722101,-22.955102057114161],[-46.44395461301491,-22.955098704441657],[-46.443956544758706,-22.95509800297042],[-46.443958926163475,-22.955094092718177],[-46.443961267098757,-22.95509659373278],[-46.443960505372971,-22.955099158599246],[-46.443956641885457,-22.955103049965711],[-46.443959166282468,-22.955108846995639],[-46.443962555827227,-22.955115806848944],[-46.443967311442236,-22.955121102956468],[-46.443968343863958,-22.955127653618259],[-46.443972071553837,-22.955132452400743],[-46.443979448692573,-22.955134773550917],[-46.443985535304208,-22.955135453438405],[-46.443989658695727,-22.955136135124526],[-46.443993623806655,-22.95513910828317],[-46.444005192685438,-22.955137646884857],[-46.444010102084526,-22.955138194571969],[-46.444014012336773,-22.955142584162928],[-46.444020608863987,-22.955144133694748],[-46.444032615712615,-22.955143537444275],[-46.444049633583695,-22.955142605746623],[-46.444077614190526,-22.955149379440289],[-46.444094212078198,-22.955160174902119],[-46.444105620877686,-22.955178534561707],[-46.444154144697961,-22.95518677594891],[-46.444195991951403,-22.955204838832177],[-46.444236538785219,-22.955204687746122],[-46.444269861364951,-22.955215717031635],[-46.444322072405669,-22.955263135585195],[-46.444350237373499,-22.955283622141398],[-46.444382648940071,-22.955297261259535],[-46.444423547408761,-22.955308145754255],[-46.444474315037546,-22.955325794949427],[-46.444525074572482,-22.955353352874905],[-46.444552180138942,-22.955360692242099],[-46.444582794860025,-22.955356886311229],[-46.444604304844745,-22.955350146791755],[-46.444614916844898,-22.95535111356299],[-46.444613867336038,-22.95535875240444],[-46.444617609415126,-22.955364903767247],[-46.444627823914921,-22.955368670128006],[-46.444626940780665,-22.955373780075814],[-46.444628130583737,-22.955378925996573],[-46.444632403262759,-22.955381179697671],[-46.444638712906226,-22.955380211127821],[-46.444643836343921,-22.955377398048419],[-46.44464967744063,-22.955383392929217],[-46.444645472210709,-22.955387565783525],[-46.44464539307041,-22.955397836041247],[-46.444651566916278,-22.955405750974609],[-46.444660587116338,-22.955410573139361],[-46.444669342915816,-22.955405278830472],[-46.444674978967043,-22.955404437065059],[-46.444680029559663,-22.955410599219785],[-46.444689715258107,-22.955407402129872],[-46.444702322853864,-22.955407817616621],[-46.444720031404295,-22.955413977073366],[-46.444735918827575,-22.955415746039815],[-46.444758778694627,-22.955421797577849],[-46.444754873838292,-22.955431012930859],[-46.44475953322587,-22.955435498749228],[-46.444768845705603,-22.95543623439465],[-46.444778174373198,-22.955432272881058],[-46.444779240969126,-22.95543649339939],[-46.44478618013806,-22.955439660811638],[-46.444794384653107,-22.955439600557099],[-46.44479655741516,-22.955443182556781],[-46.444799080912787,-22.955448979586709],[-46.444804379718335,-22.955454168674944],[-46.444810763106204,-22.955457945827529],[-46.444821926390773,-22.955453679443679],[-46.444831693927483,-22.955457024022387],[-46.444839780631355,-22.955458240805129],[-46.44484333205407,-22.95546495694213],[-46.444859681728879,-22.955468499371719],[-46.444875711245054,-22.955466483091691],[-46.444881351792908,-22.955473495105629],[-46.444893480050041,-22.955478616744706],[-46.444925128092166,-22.955488360899107],[-46.44492747622202,-22.955492974421201],[-46.444932236333614,-22.955494984405945],[-46.444937506360816,-22.955494808138834],[-46.444942422954405,-22.955491709974421],[-46.444947823383302,-22.955496586997867],[-46.444953443246789,-22.955496548326995],[-46.44495846506107,-22.955491689289982],[-46.444964873630013,-22.955492516666233],[-46.444967728977481,-22.955499874019917],[-46.444963375359464,-22.95549937039959],[-46.444960603648887,-22.95550242179927],[-46.444958272606122,-22.955508244010236],[-46.444952859586749,-22.955512320637059],[-46.444951632911511,-22.955524240251457],[-46.444953091611872,-22.955530790913201],[-46.444961871693017,-22.955536465635372],[-46.444971197662596,-22.955540205016398],[-46.444984878149576,-22.955541928117455],[-46.445003733335568,-22.955541538711003],[-46.4450119576357,-22.95554465486191],[-46.445021032694463,-22.955551753210813],[-46.445029744427131,-22.955562877824494],[-46.445044019365987,-22.955575798384366],[-46.445059182835003,-22.955581843627137],[-46.445071795826664,-22.955582263610552],[-46.445084254135004,-22.955583340098993],[-46.445094062141209,-22.955585277238697],[-46.445100182027709,-22.955589748667929],[-46.445105927796305,-22.955589977095709],[-46.445111346211618,-22.955591321582183],[-46.445110398326165,-22.955595575375469],[-46.445111892100101,-22.955597847962292],[-46.445115413845258,-22.955599152878559],[-46.445117911262571,-22.955598693324987],[-46.445122503200935,-22.955595814595132],[-46.445122489711089,-22.955600277031113],[-46.445125199368412,-22.95560388331252],[-46.445129350638986,-22.955603948063693],[-46.445134022617026,-22.955601429062657],[-46.445138160397732,-22.955602721388445],[-46.445141249568962,-22.95560614960409],[-46.445146026767695,-22.955606333965093],[-46.445151357049454,-22.955609392559385],[-46.445150346211449,-22.955610690281105],[-46.445150873214175,-22.955612453851632],[-46.44515419620916,-22.955614032161805],[-46.445157270991203,-22.955616856932352],[-46.44516086288349,-22.955617463075441],[-46.445163149859418,-22.955619437986616],[-46.445165483600128,-22.955621045075123],[-46.445167830830719,-22.955621109826321],[-46.445171878679226,-22.955619788722238],[-46.445174846441944,-22.955616608719481],[-46.445174623410075,-22.955612434066538],[-46.445175557805733,-22.955608409600355],[-46.445174624309402,-22.955606121725118],[-46.445169022432424,-22.955602811320659],[-46.445167936950682,-22.955599186153446],[-46.445174713342297,-22.955603582039657],[-46.445177367241683,-22.955603683663014],[-46.445178380777634,-22.955605413059345],[-46.445177292597918,-22.955617755355096],[-46.44517903098744,-22.955621113423604],[-46.445178987819986,-22.955622875195537],[-46.445179652418979,-22.955624161225991],[-46.445180912369153,-22.955624943636167],[-46.445182579712259,-22.955625499417238],[-46.445185024968907,-22.95562472779892],[-46.44518563021262,-22.955626844803021],[-46.445187663579759,-22.955628515743335],[-46.445191328317094,-22.955629895303403],[-46.445189127676088,-22.955629838646079],[-46.44518783175301,-22.955630173193882],[-46.445185990840749,-22.955631098596253],[-46.445184354074627,-22.955632524921054],[-46.445183793797014,-22.955633549248837],[-46.445183924198716,-22.955634934204809],[-46.445184999787848,-22.955638613331306],[-46.44518463915972,-22.955646316923943],[-46.445184854097704,-22.955652298314867],[-46.445186799331282,-22.955657765293605],[-46.44519023474151,-22.95566156942586],[-46.44519517022087,-22.955665584898789],[-46.44520286212235,-22.955670033844967],[-46.445213273573714,-22.955676083584358],[-46.445218215348291,-22.955681793379988],[-46.445220013093099,-22.955686019294323],[-46.445220254111405,-22.95569000598891],[-46.445218341253401,-22.9556962526799],[-46.445215109089986,-22.955701861751479],[-46.44521043261534,-22.95570963279329],[-46.445209523400756,-22.955711974627874],[-46.445209596245839,-22.955714199550638],[-46.445211180851288,-22.95571660973371],[-46.445214012816393,-22.955719053191721],[-46.445218461762593,-22.955720764601541],[-46.445221350384998,-22.955723224247389],[-46.445224051049095,-22.955729273087449],[-46.445225653640939,-22.955739551439073],[-46.445225728284697,-22.955761086604817],[-46.445228604316576,-22.955775275208733],[-46.445234163925477,-22.955790227337122],[-46.445243818147688,-22.955809274978037],[-46.44525636818679,-22.955825943012822],[-46.445265206723889,-22.955837415664206],[-46.445279321583378,-22.955848346024307],[-46.445294523723248,-22.955854850820689],[-46.445308832836304,-22.955857882435282],[-46.445325056606009,-22.95585676008135],[-46.445339910708306,-22.95585038208942],[-46.445356528381019,-22.955836936325504],[-46.445376700174506,-22.955827121124685],[-46.445306473015251,-22.956761854875648],[-46.445280310837639,-22.956765159884192],[-46.445191021648277,-22.9567812622454],[-46.445045373744968,-22.956809861585764],[-46.444906697386152,-22.956829587315564],[-46.444784173750577,-22.956842800155062],[-46.444649143243346,-22.956841748847577],[-46.444531625234276,-22.956853336612145],[-46.444395907645003,-22.956866215803185],[-46.444223227020252,-22.956866693343144],[-46.444071017663312,-22.956862999827532],[-46.443983114329228,-22.956845472040893],[-46.443891323225962,-22.956810176348544]]]},"properties":{"FID":7,"Name":"Jaguari","Shape_Leng":2.66045034955}},{"type":"Feature","id":8,"geometry":{"type":"Polygon","coordinates":[[[-46.442725246073223,-22.95616204394317],[-46.44301309657709,-22.95598461579732],[-46.442732383092959,-22.955766185760798],[-46.443262180005547,-22.955674977418266],[-46.443600113754201,-22.95535476121319],[-46.443758674123444,-22.95507775023793],[-46.443793888876819,-22.955080607384104],[-46.443815086796803,-22.955080564216665],[-46.443832419430592,-22.955077213342673],[-46.443857481737325,-22.955070397380887],[-46.443876256883698,-22.955068982747342],[-46.443891129871702,-22.955073482055507],[-46.443899459392476,-22.95507735723417],[-46.443901085366754,-22.955083597629869],[-46.44389895577217,-22.955089114071306],[-46.44389694938468,-22.955095820315808],[-46.443901526034566,-22.955104048213247],[-46.443882871397363,-22.955143405243923],[-46.443853718074607,-22.955201921431463],[-46.443819255154445,-22.955268177184564],[-46.443792037172727,-22.955320854973422],[-46.443763329913686,-22.95537917600814],[-46.443749894941675,-22.955407674624439],[-46.443734887954697,-22.955440275947922],[-46.44372080367215,-22.955471492315493],[-46.443705901006474,-22.955505055014211],[-46.443699218144332,-22.955520249060211],[-46.443679919592562,-22.955564482215035],[-46.44366665908899,-22.955595981869006],[-46.443648928954872,-22.955641735777416],[-46.44364230275005,-22.95565819157224],[-46.443634155791642,-22.95567660069451],[-46.443612995643207,-22.955721478663289],[-46.44360076666203,-22.955752721111125],[-46.443593272611395,-22.955778016342315],[-46.443588491815383,-22.955804477094883],[-46.443587491769279,-22.955828000661665],[-46.443588872228645,-22.955848519593474],[-46.443591450584954,-22.955865056327237],[-46.44360025135046,-22.955911267091277],[-46.443610021585187,-22.955953311296248],[-46.44361993661073,-22.95599645177478],[-46.443632410207499,-22.956044459384259],[-46.443641129134733,-22.956077650663019],[-46.443644942260221,-22.956092439114737],[-46.443650443413212,-22.956118534742533],[-46.443662138197055,-22.956179884693878],[-46.443668364203575,-22.956212849343508],[-46.443672779874873,-22.956234102122096],[-46.443681395380054,-22.956269086649005],[-46.443686998156416,-22.95628785190279],[-46.443699731657262,-22.956323078347339],[-46.443710388623508,-22.956345193575789],[-46.443721605867381,-22.956365350980089],[-46.443741550132415,-22.956396176142562],[-46.443767461399204,-22.956432467384452],[-46.443781166167867,-22.956453619438925],[-46.443791531753725,-22.956474464824623],[-46.443797856685705,-22.956494463049019],[-46.443800795670143,-22.956512049291575],[-46.443801389222706,-22.956532439620332],[-46.443797571600605,-22.956573390249737],[-46.443794635314141,-22.956600994040567],[-46.44379155873338,-22.956617934569987],[-46.443785789582478,-22.956636190807476],[-46.443781950376653,-22.956646034786612],[-46.443774747706414,-22.956667666179776],[-46.443772231403344,-22.95668618412002],[-46.443771758359901,-22.956701941141603],[-46.443773557004015,-22.95672304912938],[-46.443776105682673,-22.956737761138701],[-46.443779649910887,-22.956754590152162],[-46.443780205691901,-22.956762943055306],[-46.443778509570507,-22.956768145633351],[-46.443773539916904,-22.956772820309368],[-46.443768688973769,-22.956773706141597],[-46.443760068072663,-22.956772898550359],[-46.443718766707669,-22.956760834145133],[-46.4436323157787,-22.956734974139696],[-46.443519172971435,-22.956699870002979],[-46.443351004245415,-22.956651837212451],[-46.443182132249554,-22.956614516246873],[-46.443094260391774,-22.956606180430814],[-46.442964275980501,-22.956612088976676],[-46.442898381754837,-22.956613258095327],[-46.442809015223816,-22.956613517100116],[-46.442673525163002,-22.956608066309197],[-46.442587362017093,-22.956599441810713],[-46.442396185035875,-22.956584903370523],[-46.442356340572651,-22.95658654733128],[-46.442325973165111,-22.956590195880775],[-46.442280523227517,-22.95660041038056],[-46.442232252116696,-22.956618811408983],[-46.442160440351984,-22.956656955254221],[-46.442024396308788,-22.956726466553171],[-46.441971626789098,-22.956755854598956],[-46.44200480997398,-22.956691214927556],[-46.442048768835548,-22.9563084940417],[-46.442725246073223,-22.95616204394317]]]},"properties":{"FID":8,"Name":"Jaguari","Shape_Leng":1.4247707645400001}},{"type":"Feature","id":9,"geometry":{"type":"Polygon","coordinates":[[[-46.451039398349508,-22.955281495244762],[-46.451499772096788,-22.95471454733843],[-46.45188104777209,-22.954384273115725],[-46.452065624628865,-22.954303918690837],[-46.452169295776343,-22.95458411326614],[-46.4520370315837,-22.954965048997771],[-46.451554699989344,-22.955401567328423],[-46.451433867978608,-22.955513896249265],[-46.45101898733634,-22.955690181356719],[-46.45103832995494,-22.9557465508626],[-46.451155084439563,-22.955732664430858],[-46.451237187146432,-22.955711130164502],[-46.451326266793728,-22.955738025289577],[-46.451391018880379,-22.955797620663645],[-46.451408502600252,-22.955916046987905],[-46.451357830299578,-22.955967319136448],[-46.451234242766077,-22.955988285930641],[-46.451128894382919,-22.955980565250854],[-46.451140412899704,-22.956044042098821],[-46.451360777377936,-22.956237590592298],[-46.451542463813617,-22.956389742392673],[-46.45179903319876,-22.95654541683745],[-46.451976328244889,-22.956652991942004],[-46.452477768634083,-22.956873866335808],[-46.4527576853189,-22.957048920271404],[-46.453104562825274,-22.957243655870009],[-46.453392663340729,-22.957439888839769],[-46.453597817585141,-22.95754968616907],[-46.453896702770578,-22.957706846293885],[-46.454136919782961,-22.957889619110556],[-46.454020327176288,-22.958069927784887],[-46.453769136636311,-22.958121888814031],[-46.453508478933088,-22.958081057794491],[-46.453275710105927,-22.958088103083483],[-46.45325878306636,-22.958212215821042],[-46.453396150911587,-22.958336466154947],[-46.453673062961457,-22.958528132367345],[-46.453826213009279,-22.958880507429459],[-46.454008356300562,-22.959182838816901],[-46.454230602160528,-22.959317601326177],[-46.454413702330449,-22.959480041370782],[-46.454376016240133,-22.959940952013255],[-46.45460408341166,-22.959973914864229],[-46.455093539435275,-22.959947703223836],[-46.455100814950583,-22.959653457640901],[-46.455610012891725,-22.959509585898616],[-46.455998842872248,-22.959698705231009],[-46.456261747981223,-22.959460464029121],[-46.456332693698812,-22.95950501464468],[-46.45603870712057,-22.959899159618484],[-46.455866971683349,-22.959902777591093],[-46.455141987712537,-22.960016132638358],[-46.454349363931946,-22.960071599224872],[-46.454245390612236,-22.960119167965161],[-46.454094631861722,-22.960267435593629],[-46.45400356291406,-22.960192328712935],[-46.454006013566641,-22.960115305376981],[-46.45398679865179,-22.960000513213082],[-46.453729490023932,-22.959507930246748],[-46.45352169267192,-22.959185889317261],[-46.453395603224457,-22.95888208843758],[-46.453275748776719,-22.95862382293102],[-46.453125443284534,-22.958306314584718],[-46.453069077375964,-22.957974766022591],[-46.452865567092196,-22.957618743310306],[-46.452739473148149,-22.957415752834656],[-46.452576076224886,-22.957177647430466],[-46.452256849274143,-22.956946553140856],[-46.451966729780736,-22.956776741353512],[-46.45159087342001,-22.956544396106949],[-46.451264679421399,-22.956300954125709],[-46.450973471748284,-22.956049307629375],[-46.45084231462107,-22.955427672848785],[-46.451039398349508,-22.955281495244762]]]},"properties":{"FID":9,"Name":"Jaguari","Shape_Leng":3.7455104799600001}},{"type":"Feature","id":10,"geometry":{"type":"Polygon","coordinates":[[[-46.45233476563687,-22.945316994383738],[-46.452145324347214,-22.94527712114218],[-46.451847839406256,-22.944950560220146],[-46.451193194110601,-22.944886396290109],[-46.451066536291592,-22.944683298795155],[-46.451281247631414,-22.944109864978255],[-46.451558678590118,-22.943561196691807],[-46.451777883842233,-22.943116792206123],[-46.451946148795678,-22.942653352670046],[-46.452093430767157,-22.942285852809771],[-46.45215469438358,-22.941663826824097],[-46.452387546847795,-22.941776037933781],[-46.452647402355694,-22.941462463222098],[-46.452466363431881,-22.941095338379114],[-46.452627486868998,-22.94088557600848],[-46.453182781360233,-22.941126068213396],[-46.453202764296073,-22.94283988465293],[-46.45312618792321,-22.94291946206345],[-46.452930074563255,-22.94264483788891],[-46.45231147859181,-22.94249810989983],[-46.452176591976077,-22.94272183514456],[-46.452009922419961,-22.942902846189394],[-46.451997280649948,-22.942968369894302],[-46.451899387646563,-22.943475812358823],[-46.451638007787786,-22.943621036681471],[-46.451589552315966,-22.943967558955652],[-46.452072419906187,-22.944386445178292],[-46.45244056458035,-22.944814903784724],[-46.452864251384028,-22.944782942778556],[-46.453016950871522,-22.944526472318802],[-46.45310100061068,-22.944231735706012],[-46.453216594070511,-22.944290138578999],[-46.453219086991226,-22.94454737975779],[-46.452903838641205,-22.944979649691049],[-46.452662698025065,-22.945219806448844],[-46.453006150013771,-22.945508189351411],[-46.453165002662729,-22.945816396909152],[-46.453038583164016,-22.946338506416904],[-46.45296697824341,-22.946575335683175],[-46.452532570621599,-22.945674504574701],[-46.45233476563687,-22.945316994383738]]]},"properties":{"FID":10,"Name":"Jaguari","Shape_Leng":4.0621835178300003}},{"type":"Feature","id":11,"geometry":{"type":"Polygon","coordinates":[[[-46.444845511111396,-22.939309818992903],[-46.444638443109611,-22.939282163940685],[-46.444532949935642,-22.939418181903534],[-46.444451796912865,-22.939536646898716],[-46.444294386776519,-22.939482526597253],[-46.444257638679062,-22.939102456013462],[-46.444318327628643,-22.939000950433488],[-46.444426468406725,-22.938994150659486],[-46.444499341371454,-22.938824028605993],[-46.444632137962742,-22.938777203605007],[-46.444815555593387,-22.939002253551106],[-46.44499584088534,-22.939285435674268],[-46.444845511111396,-22.939309818992903]]]},"properties":{"FID":11,"Name":"Jaguari","Shape_Leng":0.33758419427199998}},{"type":"Feature","id":12,"geometry":{"type":"Polygon","coordinates":[[[-46.444678124795587,-22.942149973342577],[-46.444775619399252,-22.942259106072868],[-46.444675993402313,-22.942493964924495],[-46.444563120391649,-22.942606982726033],[-46.444310874047567,-22.942576668378475],[-46.444181912165448,-22.942451918920874],[-46.443787840036748,-22.942407309849475],[-46.443958834432635,-22.942253909790058],[-46.444219967877189,-22.942169610938773],[-46.444316043350675,-22.94204386323365],[-46.444318716135804,-22.941769900060812],[-46.444654878220035,-22.94178217310877],[-46.444678124795587,-22.942149973342577]]]},"properties":{"FID":12,"Name":"Jaguari","Shape_Leng":0.475756029656}},{"type":"Feature","id":13,"geometry":{"type":"Polygon","coordinates":[[[-46.44517659562338,-22.940882461656265],[-46.445215880708297,-22.941199764957172],[-46.444968462824249,-22.941502985774157],[-46.444810367404507,-22.941346176384918],[-46.444879104387098,-22.941265750913594],[-46.444824425606726,-22.941113707931205],[-46.444646528014808,-22.940947649014728],[-46.444543899181554,-22.940753866697534],[-46.444650202644716,-22.940597231776803],[-46.444963370862823,-22.940459192137943],[-46.44517659562338,-22.940882461656265]]]},"properties":{"FID":13,"Name":"Jaguari","Shape_Leng":0.43657606298099999}},{"type":"Feature","id":14,"geometry":{"type":"Polygon","coordinates":[[[-46.444882866251248,-22.939966161309261],[-46.444726117116538,-22.940059322079993],[-46.444579708386811,-22.939934354087125],[-46.444627565809469,-22.939841006257364],[-46.444653570605738,-22.939581843227391],[-46.444849388988082,-22.939501783780251],[-46.445046396274115,-22.939574038011425],[-46.445227092556244,-22.939809888815255],[-46.445240719083877,-22.93994238683166],[-46.444882866251248,-22.939966161309261]]]},"properties":{"FID":14,"Name":"Jaguari","Shape_Leng":0.26824250664999999}},{"type":"Feature","id":15,"geometry":{"type":"Polygon","coordinates":[[[-46.445126685048429,-22.941902220910716],[-46.445011023240106,-22.941690509709211],[-46.445058224157656,-22.941456289376216],[-46.445303852390872,-22.941574439608637],[-46.445456429570527,-22.941506573169754],[-46.44565246738739,-22.941247198799147],[-46.445780888776945,-22.940863762052928],[-46.44546402074792,-22.940311673644771],[-46.445620453321226,-22.940196571214752],[-46.445836384141785,-22.94053142388606],[-46.445893883196113,-22.940643111590312],[-46.445948085335829,-22.940735313683721],[-46.445925651747416,-22.941141275749274],[-46.445678381352195,-22.941499624108289],[-46.445132652050241,-22.941928679864645],[-46.445126685048429,-22.941902220910716]]]},"properties":{"FID":15,"Name":"Jaguari","Shape_Leng":0.46794897374099997}},{"type":"Feature","id":16,"geometry":{"type":"Polygon","coordinates":[[[-46.44311686665003,-22.942859632865702],[-46.44274527487449,-22.942522386199126],[-46.442582783568589,-22.942434590783719],[-46.442463136864205,-22.942402602797813],[-46.442438207657119,-22.942277615919185],[-46.442506182913974,-22.942161008024073],[-46.442608560836405,-22.942064440621369],[-46.442800067868802,-22.942108028062989],[-46.442961522256375,-22.942212112898634],[-46.443119419825337,-22.942210676681331],[-46.443253075269183,-22.942307465317242],[-46.443133424068208,-22.942400123366948],[-46.443752174723045,-22.943336648567417],[-46.444006531775983,-22.943675342243168],[-46.444217868859539,-22.943864531722728],[-46.444241806114405,-22.944034847130464],[-46.44311686665003,-22.942859632865702]]]},"properties":{"FID":16,"Name":"Jaguari","Shape_Leng":0.66511162869899998}},{"type":"Feature","id":17,"geometry":{"type":"Polygon","coordinates":[[[-46.444526121383376,-22.94424964660384],[-46.444494925700205,-22.944098377937731],[-46.444808003086841,-22.943723843580475],[-46.444949137292838,-22.943476397817435],[-46.445105191251514,-22.943836548417952],[-46.44524793524397,-22.943842143999682],[-46.44545463991966,-22.943879830090047],[-46.445250676377555,-22.944381542074449],[-46.444847979750421,-22.944395934824513],[-46.444526121383376,-22.94424964660384]]]},"properties":{"FID":17,"Name":"Jaguari","Shape_Leng":0.54754265687699999}},{"type":"Feature","id":18,"geometry":{"type":"Polygon","coordinates":[[[-46.434360377429421,-22.931702966418698],[-46.434496806382469,-22.931784858684246],[-46.434639319249129,-22.931851599171921],[-46.434843193758368,-22.931940995380607],[-46.435132850100885,-22.932044535227085],[-46.435386695439604,-22.932138857921927],[-46.43559756397633,-22.932239978592062],[-46.435763996111461,-22.93234419293011],[-46.435894563283455,-22.932447820010854],[-46.436016219073224,-22.932576691960733],[-46.43606691925288,-22.932623570921002],[-46.436147308751217,-22.932681402724505],[-46.436258515318173,-22.932793912409082],[-46.436335803954137,-22.932896389256943],[-46.436414472150148,-22.93302082125388],[-46.436482147033431,-22.93313253323976],[-46.436542594065429,-22.933222274788072],[-46.436575094664818,-22.933270417295883],[-46.436592558599678,-22.933309902030331],[-46.436597351086853,-22.93334670318773],[-46.436586186003638,-22.933389637721582],[-46.436561449251435,-22.933417846756171],[-46.436480203598485,-22.933457386349222],[-46.436405928590716,-22.933485929931713],[-46.436319726773945,-22.933527258276303],[-46.4362406862586,-22.933577998026117],[-46.436108080323613,-22.933686452667594],[-46.435996921420731,-22.933775832688461],[-46.435959004204619,-22.933802634284113],[-46.43576995232138,-22.933908970122854],[-46.435647563584155,-22.933978334832265],[-46.435498000931943,-22.934078614636288],[-46.435434896403308,-22.934121151669775],[-46.435341206831197,-22.934183144636393],[-46.435203818301545,-22.93427549062136],[-46.435032617061616,-22.934386162091634],[-46.434924211882858,-22.934438774230014],[-46.434891130321375,-22.93446320791066],[-46.434057515441971,-22.934809124941136],[-46.433857183362313,-22.936326943133871],[-46.433475332120864,-22.936215259026941],[-46.433611330298625,-22.935952601231527],[-46.43346605201662,-22.935734439192956],[-46.433528386725641,-22.935070136077844],[-46.433306968241936,-22.935051181067081],[-46.433146206332317,-22.935098526775562],[-46.433065618083788,-22.934926462186407],[-46.433302003084918,-22.934717235811718],[-46.433481812635478,-22.934440840872053],[-46.433432144877543,-22.934309062313325],[-46.433394317593638,-22.934026400897658],[-46.433405042908362,-22.933691064391052],[-46.433876991829678,-22.93357428472542],[-46.434171460444475,-22.933379860292302],[-46.434283195812782,-22.933015127645984],[-46.434268250879029,-22.932587088123583],[-46.434055161916149,-22.932270151746081],[-46.433812227152551,-22.932533187256745],[-46.43335464669957,-22.932642748963634],[-46.433034755149791,-22.932601944024452],[-46.432663172367498,-22.93258992368602],[-46.43269122671871,-22.932857301123477],[-46.432550597931709,-22.932919350747394],[-46.432291436700389,-22.933009246079791],[-46.432128901327708,-22.933667620863936],[-46.432181410044002,-22.933883423081443],[-46.432122734676405,-22.933985985364885],[-46.431978397984665,-22.934146921742972],[-46.431924321749989,-22.934363333700841],[-46.431766822580755,-22.934478484694292],[-46.431541645830244,-22.934602032657622],[-46.43152351819576,-22.934826327173198],[-46.431495828069949,-22.934940498804917],[-46.431509865587756,-22.935087825742524],[-46.431651048357139,-22.935166963384631],[-46.431867758889886,-22.935183804988579],[-46.432042544827539,-22.935139468411709],[-46.432257289442305,-22.935212532032676],[-46.432342706150905,-22.935303159413255],[-46.432215483557691,-22.935387740651656],[-46.432128266406323,-22.935593284302591],[-46.432137744361398,-22.935776619195568],[-46.43221723004109,-22.935916891851022],[-46.431663446410887,-22.936415011943208],[-46.431503082900932,-22.936411724021795],[-46.43164816063404,-22.936106450052595],[-46.430991785942133,-22.935395294057489],[-46.430673084195455,-22.935034778332295],[-46.430978290715515,-22.934931266364785],[-46.431031823759618,-22.934468027377545],[-46.430252404724683,-22.934653192390922],[-46.429860511653274,-22.934044300104354],[-46.429423209113793,-22.933876945264785],[-46.429069610973748,-22.933587751173725],[-46.42911528574183,-22.932510821117432],[-46.429954569048114,-22.932377852755682],[-46.430515548154006,-22.932004048647872],[-46.430465462211259,-22.932243895139603],[-46.43054557741641,-22.932486899151048],[-46.43075244486937,-22.932854208354982],[-46.430860323944728,-22.933088279400511],[-46.431159367410828,-22.933280439340766],[-46.431341020571608,-22.933433091164211],[-46.431650588803571,-22.933568163040242],[-46.431902819859204,-22.933610576866556],[-46.431908376770153,-22.933449463322003],[-46.431573553776452,-22.933275919348151],[-46.431422964997807,-22.933059312237461],[-46.43139305804317,-22.932548739232868],[-46.431694893004867,-22.932303388890258],[-46.431827953996844,-22.932061939806662],[-46.432080276783317,-22.931828593614679],[-46.432809311300623,-22.931714352735135],[-46.43312155321707,-22.931976577956664],[-46.433843080193981,-22.931979737275],[-46.434035181678269,-22.931848607127449],[-46.434299130000795,-22.931656501146559],[-46.434360377429421,-22.931702966418698]]]},"properties":{"FID":18,"Name":"Jaguari","Shape_Leng":16.541462213399999}},{"type":"Feature","id":19,"geometry":{"type":"Polygon","coordinates":[[[-46.456969821999621,-22.954005862680383],[-46.457271453714554,-22.954161208872627],[-46.457735872612389,-22.954275674582679],[-46.458244036333156,-22.954213437000476],[-46.458462775736457,-22.954157454203088],[-46.458592903139902,-22.954130345938658],[-46.457168008296904,-22.956299838067032],[-46.457647057365769,-22.956411336014312],[-46.45773703813375,-22.956426216196871],[-46.458216140262607,-22.956490873854708],[-46.458422407867772,-22.956583879942059],[-46.457875148819028,-22.957429917156901],[-46.456853149353314,-22.958924540035468],[-46.456662241269385,-22.95909753991948],[-46.455998842872248,-22.959698705231009],[-46.455610012891725,-22.959509585898616],[-46.455100814950583,-22.959653457640901],[-46.455093539435275,-22.959947703223836],[-46.454603675119472,-22.959973856408272],[-46.454376016240133,-22.959940952013255],[-46.454413702330449,-22.959480041370782],[-46.454229791871349,-22.959317110296354],[-46.454008356300562,-22.959182838816901],[-46.45382256176179,-22.958872105962886],[-46.453673062961457,-22.958528132367345],[-46.453395658083139,-22.95833602009122],[-46.45325878306636,-22.958212215821042],[-46.453275710105927,-22.958088103083483],[-46.453507587704962,-22.958081084774228],[-46.453769136636311,-22.958121888814031],[-46.454020327176288,-22.958069927784887],[-46.454136919782961,-22.957889619110556],[-46.453896702770578,-22.957706846293885],[-46.453392663340729,-22.957439888839769],[-46.453103541195446,-22.957243082102529],[-46.453083065431095,-22.957231586968142],[-46.453073824897047,-22.957226399678575],[-46.453072076615001,-22.957225417618869],[-46.452989777855919,-22.957179152895566],[-46.45297999413139,-22.957173723688374],[-46.452787862070117,-22.957067459795379],[-46.452665308756934,-22.95699111544759],[-46.452477768634083,-22.956873866335808],[-46.45236509527291,-22.956824264228366],[-46.452237136134904,-22.956767873138819],[-46.451976328244889,-22.956652991942004],[-46.451542463813617,-22.956389742392673],[-46.451140412899704,-22.956044042098821],[-46.451128894382919,-22.955980565250854],[-46.451234242766077,-22.955988285930641],[-46.451357830299578,-22.955967319136448],[-46.451408502600252,-22.955916046987905],[-46.451391018880379,-22.955797620663645],[-46.451326266793728,-22.955738025289577],[-46.451252690559159,-22.955706934827163],[-46.4511822241803,-22.95572555798805],[-46.451155084439563,-22.955732664430858],[-46.45103832995494,-22.9557465508626],[-46.45101898733634,-22.955690181356719],[-46.451432593639254,-22.955515392721178],[-46.451754019432428,-22.955221180413105],[-46.4520370315837,-22.954965048997771],[-46.452090427031528,-22.954811265827242],[-46.452169295776343,-22.95458411326614],[-46.452102679395075,-22.954363571621506],[-46.452083322387352,-22.954308927914681],[-46.452291644943443,-22.954390113313035],[-46.452613391794557,-22.954492987661162],[-46.453590593331185,-22.954874609575533],[-46.454365730693901,-22.955055781599036],[-46.454903277064552,-22.95520091868741],[-46.455367927987425,-22.955339109412293],[-46.455877777937076,-22.954496193744333],[-46.456467249364039,-22.953559077689249],[-46.456969821999621,-22.954005862680383]],[[-46.452614785743719,-22.956034181032575],[-46.452468683682753,-22.956114935655677],[-46.452532766673805,-22.956266201623858],[-46.452396477115713,-22.956365611783493],[-46.452485769902296,-22.956487921380418],[-46.452484734782615,-22.956489175934667],[-46.452611278387735,-22.956493742692004],[-46.452615176948825,-22.956488935815695],[-46.452766021134941,-22.956313058101092],[-46.452885577007748,-22.956183910958654],[-46.452834605232795,-22.956065818282863],[-46.452744505754318,-22.955924443058564],[-46.452614785743719,-22.956034181032575]],[[-46.453262104262642,-22.956270800756815],[-46.453286320307384,-22.956499081067705],[-46.453367209828855,-22.956602924885033],[-46.453513801121005,-22.95646282759737],[-46.453587509555867,-22.956467796351642],[-46.453598019033336,-22.956626794690813],[-46.453390959125429,-22.95669309810798],[-46.453331252235458,-22.956834495815276],[-46.453332399770375,-22.956851748409409],[-46.453330407772057,-22.956853651374843],[-46.453370637145156,-22.95691597439264],[-46.453572381160427,-22.956810195234272],[-46.453772429054311,-22.956717628915413],[-46.45388621127961,-22.956551010620618],[-46.453936690226044,-22.956386630738379],[-46.453675858054346,-22.956235146234985],[-46.453633560240576,-22.956046582683594],[-46.453424041586231,-22.95594745760906],[-46.453299498972683,-22.956033282609845],[-46.453262104262642,-22.956270800756815]]]},"properties":{"FID":19,"Name":"Jaguari","Shape_Leng":27.153632763499999}},{"type":"Feature","id":20,"geometry":{"type":"Polygon","coordinates":[[[-46.450621683943503,-22.948982400817105],[-46.451121643149293,-22.949191245879256],[-46.451362531055899,-22.949104425328912],[-46.451612303365046,-22.949019646239659],[-46.45198225387788,-22.948791871347751],[-46.451828027341548,-22.948454741593036],[-46.452046778436056,-22.948214808766345],[-46.452153936255108,-22.947880556842168],[-46.452008592322613,-22.947802589218096],[-46.451783391290405,-22.948158607433751],[-46.451340182903095,-22.94834501531016],[-46.451187336826095,-22.948294478807089],[-46.450807000042985,-22.947699537703457],[-46.450795930287939,-22.947305352260173],[-46.450964122396286,-22.946973750638062],[-46.451046976037041,-22.946808579352425],[-46.451003306757173,-22.945951853695011],[-46.451578732572393,-22.945965755415219],[-46.451882169226678,-22.945854041630707],[-46.452145324347214,-22.94527712114218],[-46.45233476563687,-22.945316994383738],[-46.452532570621599,-22.945674504574701],[-46.452399529414727,-22.946035216352122],[-46.452332419305662,-22.946294647380018],[-46.452280521229056,-22.946495034318332],[-46.452271718664868,-22.946574592843159],[-46.4522488560998,-22.946775934861492],[-46.452228663621895,-22.946963701613463],[-46.452228974787317,-22.947037044923668],[-46.45223660103823,-22.947365304665027],[-46.452240218111513,-22.947520989002388],[-46.452344527777711,-22.947683708736118],[-46.452295446377718,-22.948128362333996],[-46.45258037318564,-22.948203959345236],[-46.452606220600558,-22.947954788682534],[-46.452623812239104,-22.9477852134168],[-46.452674776819435,-22.947554337662503],[-46.452776802207609,-22.947501303742115],[-46.452754733743916,-22.947646902182711],[-46.452748237940789,-22.947752532053642],[-46.452742529044421,-22.947832640963579],[-46.452746863776717,-22.947882746691349],[-46.452754906413759,-22.947919201609803],[-46.452765463555231,-22.947967061730488],[-46.452770810924171,-22.948015044158922],[-46.45276312261997,-22.948105646358442],[-46.452750066262524,-22.948170947930858],[-46.452711831585702,-22.948315560714505],[-46.452685376229113,-22.948486966999891],[-46.452509262892136,-22.948829335305582],[-46.452388250117629,-22.949061033040209],[-46.452322229986862,-22.949198394590212],[-46.452174108048609,-22.949376072747498],[-46.452085609363337,-22.94947247107762],[-46.451951078879119,-22.949591389331104],[-46.451753445664963,-22.949725309175626],[-46.451699811896788,-22.949735556051056],[-46.451639700311894,-22.949702930445827],[-46.450374150946274,-22.949053262897724],[-46.45043156816228,-22.948877532671926],[-46.450621683943503,-22.948982400817105]]]},"properties":{"FID":20,"Name":"Jaguari","Shape_Leng":5.3690687207199996}},{"type":"Feature","id":21,"geometry":{"type":"Polygon","coordinates":[[[-46.449978077825961,-22.94887688066348],[-46.449877178389045,-22.948833205987626],[-46.449084442193232,-22.948409663075417],[-46.448948800146979,-22.948316915992841],[-46.448870653557776,-22.948237391642227],[-46.448774863169383,-22.948111753654455],[-46.448743904007927,-22.948025336000406],[-46.448659302984424,-22.947790653415886],[-46.448542224743846,-22.947496136237653],[-46.448310386714923,-22.946970023847484],[-46.448524979344256,-22.946938141981601],[-46.448807318802679,-22.94687665083671],[-46.449057030857261,-22.946820975607466],[-46.449316747869609,-22.946781024124888],[-46.44959798565845,-22.946757629161194],[-46.450308359243365,-22.946716708209454],[-46.450273143590664,-22.946758462832747],[-46.450172547225236,-22.946790543448795],[-46.449705880022293,-22.946813911432791],[-46.449422273419152,-22.946802159991663],[-46.449223265141541,-22.946857129253083],[-46.449351373566977,-22.947036034085656],[-46.449394664232329,-22.947186470878872],[-46.449444849999793,-22.947360871906639],[-46.44953606913424,-22.947458031063253],[-46.449635705923072,-22.94771187999919],[-46.449850008071401,-22.947673096735958],[-46.449926837153789,-22.947769765762025],[-46.449889175345106,-22.948020172093209],[-46.449859867338958,-22.948140862011133],[-46.44981594085295,-22.948321739956285],[-46.449792374118715,-22.948629220861811],[-46.450049745699175,-22.948747891801691],[-46.450016558017701,-22.948889546715179],[-46.449978077825961,-22.94887688066348]]]},"properties":{"FID":21,"Name":"Jaguari","Shape_Leng":2.0612599941199998}},{"type":"Feature","id":22,"geometry":{"type":"Polygon","coordinates":[[[-46.45310100061068,-22.944231735706012],[-46.453016950871522,-22.944526472318802],[-46.452864320631889,-22.944782825866689],[-46.45244056458035,-22.944814903784724],[-46.452072419906187,-22.944386445178292],[-46.451589552315966,-22.943967558955652],[-46.451638007787786,-22.943621036681471],[-46.451899387646563,-22.943475812358823],[-46.452009922419961,-22.942902846189394],[-46.452176591976077,-22.94272183514456],[-46.45231147859181,-22.94249810989983],[-46.452930074563255,-22.94264483788891],[-46.45312618792321,-22.94291946206345],[-46.453202764296073,-22.94283988465293],[-46.453216594070511,-22.944290138578999],[-46.45310100061068,-22.944231735706012]]]},"properties":{"FID":22,"Name":"Jaguari","Shape_Leng":2.98094681729}},{"type":"Feature","id":23,"geometry":{"type":"Polygon","coordinates":[[[-46.447271193111021,-22.942198971105608],[-46.447476853673848,-22.942309202807394],[-46.447634610948498,-22.942256948599265],[-46.448646382424556,-22.942570429781476],[-46.448580870410808,-22.942683375637213],[-46.448511502104111,-22.942712787964741],[-46.448399427691406,-22.942684739009472],[-46.44830885786746,-22.942614953417333],[-46.448227059131447,-22.94257413139098],[-46.448211516148497,-22.942614439005133],[-46.448173733830686,-22.942712424638636],[-46.448104584958571,-22.94276755038209],[-46.448065301672273,-22.942893915921445],[-46.447962123353236,-22.943077428880212],[-46.447853464565696,-22.943177450578833],[-46.447857383811197,-22.943334011755216],[-46.447861557564806,-22.943523244402183],[-46.447847545228001,-22.943636085936589],[-46.448041052352664,-22.94393595767826],[-46.448100478654119,-22.943872165168226],[-46.44813678878171,-22.943697342358412],[-46.448155636773166,-22.943606592670044],[-46.448230624943335,-22.943483575306693],[-46.448283208303394,-22.943332617806057],[-46.448412415700375,-22.943178360692752],[-46.448544598954015,-22.943191158045469],[-46.448587867136325,-22.943146494115354],[-46.448670731568946,-22.942978232759181],[-46.44874151091193,-22.942879998912751],[-46.448838033348537,-22.94274603769939],[-46.448837411917012,-22.942701929550353],[-46.448836407374266,-22.942630510789417],[-46.448978011026334,-22.942675118961539],[-46.448640473878697,-22.943232144647709],[-46.448786732421702,-22.94332406974997],[-46.449048513378159,-22.943285896227106],[-46.449289029864815,-22.943339575860708],[-46.449403131349413,-22.943420970801146],[-46.449441880438371,-22.94317148807372],[-46.450010420144736,-22.943223757570294],[-46.450090352787527,-22.943343756808869],[-46.450116880989242,-22.943470793242451],[-46.450211905155243,-22.943532986757869],[-46.450284720563388,-22.943704429915442],[-46.45030605158297,-22.943818722056328],[-46.450244832932647,-22.943886283625048],[-46.450108969653172,-22.943833738036513],[-46.450072479661173,-22.943777235431018],[-46.449987962274569,-22.943763020746754],[-46.449980551860961,-22.943824892304935],[-46.449870232025546,-22.943850934872746],[-46.449767356778061,-22.943775896340519],[-46.449756072084995,-22.943611559625726],[-46.449693701403127,-22.943579612109378],[-46.449527674862281,-22.943689637866438],[-46.449505143247734,-22.943845615382823],[-46.449511431307485,-22.943959793309769],[-46.449615193286498,-22.944084344017195],[-46.449854217797849,-22.944274263746262],[-46.449991983143491,-22.944381657187698],[-46.450054046257208,-22.944286314661657],[-46.45013810229154,-22.94431896185057],[-46.45017582795208,-22.944282694890433],[-46.450108444449086,-22.944222146234978],[-46.45008588585489,-22.944146365762151],[-46.450132868237233,-22.943962925648488],[-46.450213895354935,-22.943956985626375],[-46.450265550614631,-22.944019832948879],[-46.45029545217335,-22.944165581576289],[-46.450256847875224,-22.944352363570665],[-46.450214380988825,-22.944650378212327],[-46.450227555157483,-22.944929143764931],[-46.450246091983495,-22.945233686585322],[-46.450234693076595,-22.945501120680156],[-46.450009475856575,-22.945539976788435],[-46.449940074274991,-22.945497018872295],[-46.44986346102985,-22.945489525720959],[-46.449756311304668,-22.945596897578696],[-46.449686780220702,-22.945603745016761],[-46.449693399230974,-22.94545626609376],[-46.449619414704166,-22.945341571955971],[-46.449596293134391,-22.945404096421839],[-46.449538503598994,-22.945409189282596],[-46.449492818938381,-22.945446337578336],[-46.449469033668947,-22.945409069672802],[-46.449400728360899,-22.945402607144587],[-46.449430942883673,-22.945338498073159],[-46.449419946873036,-22.945231456266637],[-46.449446488564547,-22.945207274396143],[-46.449602670227023,-22.945234075991767],[-46.449711501684419,-22.945435709390445],[-46.449787510585111,-22.945471736231585],[-46.449922326154358,-22.945464113577941],[-46.450096023013025,-22.945241150958285],[-46.450136404371499,-22.945028769761848],[-46.450093484226876,-22.944928861377846],[-46.449992103652626,-22.944883599398555],[-46.449953922035832,-22.944799448036065],[-46.449900288267663,-22.944710275758531],[-46.44980634418738,-22.94485536878021],[-46.449712928009198,-22.944851215710951],[-46.449623053361186,-22.944920936551902],[-46.44961464829732,-22.945066106915238],[-46.44956635470345,-22.945099877357389],[-46.449495103216407,-22.945104292129315],[-46.449457849699975,-22.945060856673113],[-46.449480068350439,-22.94486087802705],[-46.449321546652023,-22.944844596700719],[-46.449216641634678,-22.944927390986265],[-46.449103880139887,-22.94488932178475],[-46.449063806349557,-22.944957371685309],[-46.44899761534765,-22.944956868064988],[-46.448966951163811,-22.944862216218255],[-46.448877032449047,-22.944862842146378],[-46.44888171971553,-22.945062371131471],[-46.44875604485555,-22.945133210729065],[-46.448666459789258,-22.945088861561654],[-46.448603517138579,-22.945057701851393],[-46.448590923032611,-22.945051466851677],[-46.448542639331315,-22.945070473123799],[-46.448582300332873,-22.945136655132522],[-46.448718858788261,-22.945212920339934],[-46.448771407974057,-22.945317757908139],[-46.449099674010704,-22.945548946626559],[-46.449226854335798,-22.94572736042932],[-46.449383620557626,-22.946012138849081],[-46.44950467739892,-22.946282302386305],[-46.449359741758656,-22.9463094754019],[-46.449284276947765,-22.94630026724349],[-46.449310863605433,-22.946510846198528],[-46.449544514667586,-22.946623438620758],[-46.449998255914743,-22.94662439909672],[-46.450166294239068,-22.94665067099163],[-46.450229654175146,-22.94668748384025],[-46.450196006040812,-22.9466884020481],[-46.450039974565136,-22.946697290947156],[-46.449915131578003,-22.946706243698152],[-46.449732596182344,-22.946719372900709],[-46.449371816056455,-22.946747626901438],[-46.449269666561804,-22.946756381801553],[-46.449090302175641,-22.94678488491444],[-46.448937858994967,-22.946818104072179],[-46.448668672121471,-22.946883974016146],[-46.448556916068753,-22.946903459626924],[-46.448493119961483,-22.946913699307746],[-46.448321980774779,-22.946936031272806],[-46.448294010060472,-22.946940670875222],[-46.448154749142304,-22.946653260139783],[-46.448235087379317,-22.946688653858232],[-46.448394515594373,-22.946736501388386],[-46.448426029637517,-22.946845840962727],[-46.448524027861538,-22.946870584010192],[-46.448740206894975,-22.946788201614126],[-46.448765460757386,-22.946715219831535],[-46.448878084655867,-22.946625439612333],[-46.449032510841683,-22.946535129692478],[-46.449177038189703,-22.94634436190276],[-46.449061933961055,-22.946271622936969],[-46.448918090997033,-22.946312739940954],[-46.448798444292713,-22.946215191377924],[-46.448727924853813,-22.946126174683155],[-46.448563530582419,-22.946191182177245],[-46.448479873847077,-22.94628253531075],[-46.448472164858451,-22.94640455892322],[-46.448133134836269,-22.946561132690061],[-46.448121040753392,-22.946573796043815],[-46.447914065381781,-22.946156523204934],[-46.447782011630466,-22.945819639864446],[-46.447768814978751,-22.945711350698236],[-46.447733973444087,-22.945337418886719],[-46.447748307738166,-22.944912240107733],[-46.447777849568084,-22.944535773107408],[-46.447812125429209,-22.943825923827262],[-46.447815503282811,-22.943178048627992],[-46.447820446856099,-22.942909829425052],[-46.44777919585318,-22.942788200614913],[-46.44774836079818,-22.94269650843707],[-46.447692700857438,-22.942586584303402],[-46.447600594991414,-22.942475070168296],[-46.447494615284199,-22.942378556724975],[-46.447409548411883,-22.942321794215406],[-46.44725880944646,-22.942258052966743],[-46.447271193111021,-22.942198971105608]],[[-46.448256534411485,-22.944150693299804],[-46.448349780617832,-22.944401317266919],[-46.448492153190273,-22.94467716541881],[-46.448580558346066,-22.944742557822732],[-46.448561002588171,-22.944802779124934],[-46.448597637371059,-22.944837566700297],[-46.448637966568874,-22.944847706556342],[-46.448749524770733,-22.944829247971377],[-46.448748110137103,-22.944708054433125],[-46.448793550182138,-22.944673567231312],[-46.448672195665274,-22.94448878802713],[-46.448635618438971,-22.9442332249833],[-46.448615932279381,-22.944096230356706],[-46.448639152774668,-22.943987030177251],[-46.448573318803597,-22.943776083399484],[-46.448544345345226,-22.943660542999634],[-46.448410787927457,-22.943539321582364],[-46.448297721562547,-22.943967379990564],[-46.448256534411485,-22.944150693299804]],[[-46.448543071005872,-22.944858001095856],[-46.448420570752724,-22.944860345628392],[-46.448435825952579,-22.944936193550461],[-46.448472805175747,-22.94499745536827],[-46.448479211046724,-22.945002748777775],[-46.448557538399648,-22.945021594970573],[-46.448586021727465,-22.944884556277181],[-46.448583928105734,-22.944870665348901],[-46.448545672744558,-22.944849989035735],[-46.448543071005872,-22.944858001095856]]]},"properties":{"FID":23,"Name":"Jaguari","Shape_Leng":6.7706531768699998}},{"type":"Feature","id":24,"geometry":{"type":"Polygon","coordinates":[[[-46.442945169883615,-22.938003311803374],[-46.44315309943596,-22.937891935264535],[-46.443186335680814,-22.937823471675813],[-46.443183527098029,-22.93774137616354],[-46.443177255226097,-22.937540536866262],[-46.443348426788418,-22.937553365695219],[-46.443421661280595,-22.937558972068864],[-46.443588469332326,-22.937684091147851],[-46.443801283102687,-22.937845755077475],[-46.444098222155162,-22.938115961782152],[-46.444238741224858,-22.938246551437167],[-46.444299145089403,-22.938302196089428],[-46.444393171008031,-22.938411055425835],[-46.444463739010303,-22.938499608070401],[-46.44454936076437,-22.938602242299638],[-46.444672645226376,-22.938749901087014],[-46.444632137962742,-22.938777203605007],[-46.444499341371454,-22.938824028605993],[-46.444426468406725,-22.938994150659486],[-46.444318327628643,-22.939000950433488],[-46.444257638679062,-22.939102456013462],[-46.444264663283541,-22.939175106845649],[-46.444294386776519,-22.939482526597253],[-46.444451796912865,-22.939536646898716],[-46.44453401922955,-22.939416804142105],[-46.444638443109611,-22.939282163940685],[-46.444845511111396,-22.939309818992903],[-46.444903329425081,-22.93930044086262],[-46.44499584088534,-22.939285435674268],[-46.445198059742609,-22.939573180058161],[-46.445431235962708,-22.939904972336521],[-46.445533366571567,-22.940050297383266],[-46.445596475596801,-22.940139939106857],[-46.444770093964621,-22.940143013888935],[-46.444768964416141,-22.940173561160883],[-46.444792995200544,-22.940173642999184],[-46.444790933954387,-22.940168267751279],[-46.444900578398922,-22.940169989953002],[-46.444902371647117,-22.940174018915787],[-46.445609123662123,-22.940176445286674],[-46.445620453321226,-22.940196571214752],[-46.44546402074792,-22.940311673644771],[-46.445780888776945,-22.940863762052928],[-46.44565246738739,-22.941247198799147],[-46.445456429570527,-22.941506573169754],[-46.445303852390872,-22.941574439608637],[-46.445058224157656,-22.941456289376216],[-46.445011023240106,-22.941690509709211],[-46.445126685048429,-22.941902220910716],[-46.445167947742561,-22.942085171793238],[-46.445006362053903,-22.942339964117988],[-46.444999171974189,-22.942359428145053],[-46.444800375936545,-22.942881478297544],[-46.444866485999512,-22.942996446728603],[-46.445093608882928,-22.942955124679205],[-46.445235214333657,-22.942829737602249],[-46.445530627236636,-22.942645159846212],[-46.445788291996053,-22.942461601022021],[-46.445827300989102,-22.94231739023531],[-46.446021813555831,-22.942096889060103],[-46.445999361980931,-22.941947342595764],[-46.446061833386857,-22.942007312087728],[-46.446230943703029,-22.942169574066572],[-46.446371368343925,-22.942282551398581],[-46.4464281749203,-22.94231148528678],[-46.44646755623269,-22.942323659409293],[-46.446687794805833,-22.942333569938295],[-46.4469001733043,-22.94233215980131],[-46.446975122803629,-22.942337285936958],[-46.447118880332027,-22.942366075933599],[-46.447192045576408,-22.942398786075053],[-46.447194905420538,-22.942398771685927],[-46.447214560103824,-22.942408851287411],[-46.44722356591479,-22.942412877552194],[-46.447226951862326,-22.942414370426814],[-46.447225470678852,-22.94241444686919],[-46.447417337440136,-22.942512838096949],[-46.447420280921165,-22.942511981043037],[-46.447431494567752,-22.942520099223167],[-46.447433566605753,-22.942521162221791],[-46.447433193387099,-22.942521327697051],[-46.447450009810048,-22.942533502718899],[-46.447541515828291,-22.942636063203736],[-46.447558970769819,-22.942669886705847],[-46.447570382267259,-22.942775010258462],[-46.447584067250887,-22.942903089006325],[-46.447591531623843,-22.943010578675231],[-46.447602253341302,-22.943101097237783],[-46.447617021108606,-22.943223889770625],[-46.447664062846172,-22.943618504190585],[-46.447641178697381,-22.94362605489847],[-46.447517235032308,-22.943505275947697],[-46.447421057935451,-22.943558283787713],[-46.44737662962774,-22.943655504997537],[-46.447396221358474,-22.943829773824977],[-46.447439307877694,-22.944023182024196],[-46.447553905788084,-22.944034624098592],[-46.447588891214309,-22.943955189680196],[-46.447623328054078,-22.943831455557206],[-46.447661102278012,-22.943781793195168],[-46.447656260328138,-22.944058779888742],[-46.44762981756196,-22.944327199640497],[-46.447625136590716,-22.944414394308808],[-46.447614004782452,-22.944911267940597],[-46.447441210843181,-22.944812167147735],[-46.447328956566032,-22.944669608415662],[-46.447198368709671,-22.944588895161349],[-46.447055488919659,-22.944330628755488],[-46.447134362161023,-22.943972566380815],[-46.447064235725854,-22.943963708058615],[-46.446764015047229,-22.944166479099692],[-46.446628515093835,-22.944026673192347],[-46.446538051389894,-22.94376839239737],[-46.446282287797338,-22.943637588703709],[-46.445959969876654,-22.943709119879937],[-46.445678477579634,-22.943881647619893],[-46.44567577871419,-22.943884960722311],[-46.445572871990414,-22.94401128039625],[-46.445487863573987,-22.94388588702402],[-46.44524793524397,-22.943842143999682],[-46.445105191251514,-22.943836548417952],[-46.444949137292838,-22.943476397817435],[-46.444808003086841,-22.943723843580475],[-46.444709398719738,-22.943836819113876],[-46.444494925700205,-22.944098377937731],[-46.444526121383376,-22.94424964660384],[-46.444426221093181,-22.944258063358912],[-46.444244105680873,-22.944036806753161],[-46.444217868859539,-22.943864531722728],[-46.444006531775983,-22.943675342243168],[-46.4437432102809,-22.943324710966575],[-46.443133424068208,-22.942400123366948],[-46.443253075269183,-22.942307465317242],[-46.443119419825337,-22.942210676681331],[-46.442961522256375,-22.942212112898634],[-46.442800067868802,-22.942108028062989],[-46.442608560836405,-22.942064440621369],[-46.442506182913974,-22.942161008024073],[-46.442438207657119,-22.942277615919185],[-46.442471238856577,-22.942441787158717],[-46.442389719809682,-22.942425790917493],[-46.442406438206497,-22.942396155558068],[-46.442413166034726,-22.942367129939043],[-46.44240960921605,-22.942334150900333],[-46.442397141015192,-22.942313745283073],[-46.442369146918558,-22.942295128417406],[-46.442334234337409,-22.942284225036929],[-46.442310048869615,-22.942280580984015],[-46.442155568724502,-22.942278732877178],[-46.442099340412192,-22.942271464556448],[-46.442058295354002,-22.942255676957881],[-46.442038626281544,-22.942243415601141],[-46.442013856254455,-22.942218900981459],[-46.441968064574496,-22.942169252109235],[-46.441888702101892,-22.942060266867767],[-46.441794634814535,-22.941929607965001],[-46.441750012253237,-22.941848367707973],[-46.441673396310136,-22.941713240073916],[-46.441658639334726,-22.941650778560529],[-46.441660143900492,-22.941589468179355],[-46.441671735262332,-22.941531236177589],[-46.441690122800878,-22.941479527857894],[-46.441748096697268,-22.941388151342032],[-46.441734811911992,-22.941309684594209],[-46.441707020162823,-22.941247986605273],[-46.441749462767461,-22.941199548220538],[-46.441856028832603,-22.941124226401882],[-46.441870596950444,-22.941076183718849],[-46.441761883304267,-22.940946998804922],[-46.441710964589277,-22.940860421071537],[-46.441689032822588,-22.94079038276988],[-46.441630728874998,-22.940722383231325],[-46.441652029317652,-22.940614204681772],[-46.44120913299502,-22.939563860383828],[-46.442621948144335,-22.938927108898895],[-46.442996465414524,-22.939315768008203],[-46.443028870685794,-22.939490035936412],[-46.442909393953315,-22.939772541769347],[-46.44295777298283,-22.940051221886335],[-46.443058249738385,-22.94014247159777],[-46.443250543677607,-22.940131945033215],[-46.44335669515533,-22.939922738443546],[-46.443532293180745,-22.939707785186087],[-46.443469584353807,-22.939555963436916],[-46.44330586996989,-22.939449166245993],[-46.443419770006379,-22.93925022092094],[-46.443405668636672,-22.939149731574762],[-46.443392482776801,-22.939055765910837],[-46.443360859016373,-22.938830400302663],[-46.443327301713566,-22.938591263376058],[-46.443232772174674,-22.938425931111784],[-46.443118679683266,-22.938584613788855],[-46.443106227670235,-22.938651785051782],[-46.443072375389761,-22.938659751246437],[-46.442683650629938,-22.938144089877813],[-46.442945169883615,-22.938003311803374]],[[-46.444627565809469,-22.939841006257364],[-46.444579708386811,-22.939934354087125],[-46.444726117116538,-22.940059322079993],[-46.444882866251248,-22.939966161309261],[-46.445240719083877,-22.93994238683166],[-46.445227092556244,-22.939809888815255],[-46.445046396274115,-22.939574038011425],[-46.444849388988082,-22.939501783780251],[-46.444653570605738,-22.939581843227391],[-46.444627565809469,-22.939841006257364]],[[-46.445175938218945,-22.940880868956878],[-46.444963370862823,-22.940459192137943],[-46.444650202644716,-22.940597231776803],[-46.444543899181554,-22.940753866697534],[-46.444646528014808,-22.940947649014728],[-46.444824425606726,-22.941113707931205],[-46.444879104387098,-22.941265750913594],[-46.444810367404507,-22.941346176384918],[-46.444968462824249,-22.941502985774157],[-46.445215880708297,-22.941199764957172],[-46.445175938218945,-22.940880868956878]],[[-46.444775619399252,-22.942259106072868],[-46.444678124795587,-22.942149973342577],[-46.444654878220035,-22.94178217310877],[-46.444318716135804,-22.941769900060812],[-46.444316043350675,-22.94204386323365],[-46.444219967877189,-22.942169610938773],[-46.443958834432635,-22.942253909790058],[-46.443787840036748,-22.942407309849475],[-46.444181912165448,-22.942451918920874],[-46.444310874047567,-22.942576668378475],[-46.444563120391649,-22.942606982726033],[-46.444675993402313,-22.942493964924495],[-46.444775619399252,-22.942259106072868]],[[-46.446095828659509,-22.94278881844917],[-46.44624992659277,-22.942852946406333],[-46.447346973583947,-22.942564497853258],[-46.447290334281433,-22.942519896875705],[-46.447227070572808,-22.942475405615401],[-46.447055899010486,-22.942418545979066],[-46.446757674826813,-22.94241763856315],[-46.446609518714283,-22.942431250701585],[-46.446485960858368,-22.942442601944492],[-46.446415877590653,-22.942449041090374],[-46.446171978753789,-22.942549039406583],[-46.446032289758307,-22.942531446868713],[-46.445901627258252,-22.942620226142456],[-46.446095828659509,-22.94278881844917]]]},"properties":{"FID":24,"Name":"Jaguari","Shape_Leng":19.995222015500001}},{"type":"Feature","id":25,"geometry":{"type":"Polygon","coordinates":[[[-46.438036773578183,-22.939600705608012],[-46.437915283263692,-22.939476425596531],[-46.439506381814063,-22.939952524889069],[-46.439519637820979,-22.939956490899309],[-46.440029628064849,-22.940109089662702],[-46.440036535757493,-22.940111157204086],[-46.440766012741285,-22.940329426261943],[-46.440784981241841,-22.940690980704201],[-46.440803993809197,-22.940838926375299],[-46.440757508751972,-22.940935759977322],[-46.44064485427657,-22.94099721874657],[-46.440520442064717,-22.94097370597169],[-46.44044466788705,-22.940845066046901],[-46.440285369174433,-22.940761403915584],[-46.440175186035965,-22.940782164765039],[-46.440016307306678,-22.940856199653883],[-46.439781254201485,-22.940936049559017],[-46.439688056558509,-22.94102982007005],[-46.439805581762137,-22.941143803743508],[-46.439763783072067,-22.941265768900063],[-46.439807875932665,-22.94138477528708],[-46.439738999555111,-22.941512901699028],[-46.439755094721818,-22.941643612762441],[-46.439871890575262,-22.941703618227336],[-46.439943401966389,-22.941821408730963],[-46.440098190578965,-22.941786302795613],[-46.440232577171678,-22.941872519900812],[-46.440466881141617,-22.941820089425555],[-46.440620205657922,-22.941743989693364],[-46.440483101314051,-22.941670017757065],[-46.440495520052139,-22.941613982799016],[-46.440602450342801,-22.941526583984633],[-46.440703632166844,-22.941423632294743],[-46.44082049097284,-22.94127356062625],[-46.440962268194092,-22.941361954090834],[-46.441043387941953,-22.941285292282359],[-46.441131242712636,-22.941385769937305],[-46.441155485737063,-22.941257537405377],[-46.441199430209508,-22.941154577621603],[-46.441309670005239,-22.941186588989858],[-46.441337245917104,-22.941268733964858],[-46.441297789960963,-22.941432842251789],[-46.441438333312362,-22.941616788683799],[-46.441556515021091,-22.941681460730756],[-46.441581493690933,-22.941661052415611],[-46.441612309860162,-22.941652886571433],[-46.44161333778527,-22.941683340313858],[-46.441712640925573,-22.94189530332557],[-46.441787992421879,-22.942007224853519],[-46.441872996341651,-22.942142378567929],[-46.441931106934994,-22.942224602683218],[-46.441976107211531,-22.942267078562786],[-46.44203730787541,-22.942309703729801],[-46.442178022997325,-22.942338948783391],[-46.44228456927744,-22.942332645435219],[-46.442323741947071,-22.942358962296236],[-46.44233459406621,-22.942379146680253],[-46.442292521082948,-22.942403971565966],[-46.4420515306536,-22.942435564749481],[-46.441706429308226,-22.942511275974532],[-46.441456916003808,-22.942605257826372],[-46.441391660296858,-22.942579512934099],[-46.441101190067805,-22.942425334061859],[-46.440962108114782,-22.94235357175987],[-46.440713325059846,-22.942217581676015],[-46.440616602074492,-22.942188074919656],[-46.440496932887129,-22.942170340288961],[-46.440272902772229,-22.942183693422677],[-46.440128244123116,-22.942149852833388],[-46.440074780326832,-22.942111739565053],[-46.439932345701145,-22.941968361550622],[-46.439761538364273,-22.941831322857222],[-46.439573062946465,-22.94173021118025],[-46.439329897956384,-22.941609336001985],[-46.439052094678402,-22.941502456073454],[-46.438875562257351,-22.941358933268148],[-46.438558521558491,-22.941117585807891],[-46.438447636948865,-22.941011749092933],[-46.438322846122389,-22.940857391255577],[-46.438216351103677,-22.940757938827748],[-46.43809806327495,-22.940674861255793],[-46.437980590232037,-22.940536276627821],[-46.437885246806673,-22.940437871910198],[-46.437977019923494,-22.940263934932602],[-46.438084488008656,-22.940110658080343],[-46.438033500045947,-22.939864617058387],[-46.438036773578183,-22.939600705608012]],[[-46.439589062784997,-22.94029359277506],[-46.440010742301865,-22.940180582168068],[-46.439504242326905,-22.940028439360979],[-46.43924669268069,-22.940068540130987],[-46.439075986967168,-22.940122651439104],[-46.439045838094898,-22.940285683237637],[-46.439132558820511,-22.940416495924524],[-46.439127533408914,-22.940495204589975],[-46.438964617622958,-22.940600452249033],[-46.438824736172592,-22.940710239685764],[-46.438698600859709,-22.941125434191399],[-46.438970743804759,-22.941302541279185],[-46.439113051626016,-22.941245347994379],[-46.439263578351415,-22.941290127037675],[-46.439198632011198,-22.941478819192128],[-46.43933689827918,-22.941501258176455],[-46.439532353335387,-22.941214942815293],[-46.439456280582824,-22.941144078936073],[-46.439365201742653,-22.941069124940103],[-46.43939940565798,-22.940988569067166],[-46.439640366409726,-22.940967593279762],[-46.439708919930695,-22.940769984347238],[-46.439836671325288,-22.94052091800592],[-46.439789074705971,-22.940424294845311],[-46.439683093200131,-22.940417444709265],[-46.439548400837971,-22.940450432741223],[-46.439439545098871,-22.940515498691251],[-46.439406667683507,-22.940442803792298],[-46.439435237346295,-22.940388991059027],[-46.439589062784997,-22.94029359277506]]]},"properties":{"FID":25,"Name":"Jaguari","Shape_Leng":4.5231863904100003}},{"type":"Feature","id":26,"geometry":{"type":"Polygon","coordinates":[[[-46.4410316868628,-22.942663827973249],[-46.440358020006563,-22.94256449695396],[-46.440049754892243,-22.942813637938979],[-46.439525525682434,-22.942869037076381],[-46.439386607405986,-22.943033977236215],[-46.439215740713848,-22.943347289345859],[-46.438987962224644,-22.943820956871601],[-46.43875364836213,-22.943699494436096],[-46.438563138677864,-22.943505221988332],[-46.438356414217075,-22.943130612088048],[-46.438230449775403,-22.942791605448186],[-46.438151456924182,-22.942442170269882],[-46.438062430336856,-22.942136855831151],[-46.438004531983495,-22.941952136881568],[-46.438135836599542,-22.941919949246195],[-46.438149990129901,-22.941986267951854],[-46.438387286144305,-22.941899986095454],[-46.438836333829727,-22.943065963423415],[-46.439600074983439,-22.942157737189799],[-46.439370663325406,-22.941704575106037],[-46.439355770552318,-22.941679239405349],[-46.439468772166045,-22.941730831712441],[-46.43962859068688,-22.941816563183799],[-46.439771644945445,-22.941905837084697],[-46.439830094583151,-22.941951617073411],[-46.439906141255399,-22.942020326177012],[-46.439964940729396,-22.94208072914229],[-46.440027559624127,-22.94214402522655],[-46.440063062160561,-22.942175861226985],[-46.440121877822364,-22.942198728288645],[-46.440224289019682,-22.942226725982533],[-46.440295323770151,-22.942234373817236],[-46.440471601683043,-22.942227086610725],[-46.440523997084767,-22.942226505648641],[-46.440599530244079,-22.942231183022614],[-46.440636268448998,-22.942239660931541],[-46.440702882132257,-22.942272862102868],[-46.440784480319451,-22.942317456785126],[-46.440905320424179,-22.942383387883019],[-46.440978336381079,-22.942421374346928],[-46.441056518943128,-22.942462390626773],[-46.441150298447496,-22.942506648962638],[-46.441241015760227,-22.942560282730824],[-46.441365527796854,-22.942640331386141],[-46.441200585838317,-22.942750230338788],[-46.4410316868628,-22.942663827973249]]]},"properties":{"FID":26,"Name":"Jaguari","Shape_Leng":2.4299017580400002}},{"type":"Feature","id":27,"geometry":{"type":"Polygon","coordinates":[[[-46.445334775579397,-22.962893803106518],[-46.444829787364775,-22.962926033909291],[-46.44463242214853,-22.962493211792271],[-46.445343464829037,-22.962059541614501],[-46.445611502368862,-22.961894032183803],[-46.445622691733774,-22.9612038582714],[-46.445695970292775,-22.960993400724835],[-46.445818460653406,-22.960634972326101],[-46.445842913219849,-22.960377697872389],[-46.445614380199459,-22.960095630908608],[-46.445393053446601,-22.959879218950714],[-46.445284544845848,-22.959624215285238],[-46.445525873420245,-22.959552424204951],[-46.446018572399169,-22.959808353272795],[-46.446053312310482,-22.959734330974523],[-46.44606337392554,-22.959465773626498],[-46.445860826815661,-22.959305858878199],[-46.445467978664212,-22.959120716347918],[-46.445464233887279,-22.959083485314522],[-46.445937486825528,-22.959259695778314],[-46.446358645634973,-22.95941766799093],[-46.446590875768266,-22.959504082947046],[-46.446767500819476,-22.959553721027362],[-46.446914073225862,-22.959592855925504],[-46.447206984214915,-22.959616971246213],[-46.447483738883427,-22.959555881198927],[-46.44786901294453,-22.959388118966444],[-46.44800521706707,-22.959715056704436],[-46.447894911620836,-22.959881863856872],[-46.447912979000762,-22.960100354148015],[-46.447764993759407,-22.960167401304506],[-46.447650001046682,-22.960213183991186],[-46.447484043753541,-22.960279310241926],[-46.447659094991195,-22.960396426254018],[-46.447588882221112,-22.960496701561507],[-46.447473122386668,-22.960558061405408],[-46.447382176646101,-22.960497029814004],[-46.447013798148248,-22.96249726143942],[-46.446696592873423,-22.962872168116004],[-46.445485315794649,-22.962886672381934],[-46.445334775579397,-22.962893803106518]]]},"properties":{"FID":27,"Name":"Jaguari","Shape_Leng":7.2753891361200003}},{"type":"Feature","id":28,"geometry":{"type":"Polygon","coordinates":[[[-46.447869715315058,-22.95651218239124],[-46.447970100339823,-22.95675407394133],[-46.44823410711831,-22.957238941623814],[-46.448386187872245,-22.9575706673524],[-46.448505221238925,-22.957959788713275],[-46.448394199033032,-22.958017178050277],[-46.44835704893859,-22.958224026617472],[-46.448205639978262,-22.958695462925213],[-46.447770452644249,-22.959172451647316],[-46.447868679296043,-22.959387005605773],[-46.447483767661708,-22.959554812804292],[-46.447206977020365,-22.959616907394302],[-46.446914060635343,-22.959592784879082],[-46.446767500819476,-22.959553721027362],[-46.446590706695702,-22.959503709728381],[-46.446298043020249,-22.959393319745864],[-46.445804076896593,-22.95920949382305],[-46.445464017150648,-22.959083234403689],[-46.445467822182202,-22.959120673180454],[-46.445442937041889,-22.959112151204749],[-46.445025272997896,-22.95907132018521],[-46.444716816327968,-22.959105907211772],[-46.444548385899225,-22.959192925612971],[-46.444388113220775,-22.95916768434115],[-46.443961061154027,-22.959198744226626],[-46.443835543675334,-22.95851791067297],[-46.444377492227432,-22.958264247896697],[-46.444811255934667,-22.958370434447943],[-46.44526026584856,-22.958552477914452],[-46.445869491783583,-22.95864247936688],[-46.446680168554906,-22.958664805036669],[-46.44725146558261,-22.958323148094781],[-46.447421185639158,-22.95791151490441],[-46.447672554244946,-22.95757155498324],[-46.447720492606614,-22.957310934152247],[-46.447791119964165,-22.956926972202005],[-46.44785095725581,-22.956650490927345],[-46.44782173108797,-22.956397658225285],[-46.447781033168098,-22.956187646742478],[-46.447869715315058,-22.95651218239124]]]},"properties":{"FID":28,"Name":"Jaguari","Shape_Leng":5.25307284273}},{"type":"Feature","id":29,"geometry":{"type":"Polygon","coordinates":[[[-46.441970427093516,-22.956755595594203],[-46.44192194464199,-22.95678571658749],[-46.441495389000977,-22.957039960325847],[-46.441317314242617,-22.957140715871272],[-46.441282937657377,-22.957162478565468],[-46.441144821576202,-22.957253809215882],[-46.441106957420111,-22.957278384989422],[-46.441050655363419,-22.957320171088931],[-46.441012353237454,-22.957355857986386],[-46.44098729183002,-22.95738498073225],[-46.440938925391038,-22.957456763718646],[-46.440900414622377,-22.95752191690292],[-46.440883437220805,-22.957559785555588],[-46.440870799048071,-22.957596414942532],[-46.440850164103722,-22.957677112908407],[-46.440831379064839,-22.957779786707778],[-46.44082763608651,-22.957827144107377],[-46.440828482348543,-22.957901318391059],[-46.440837641044254,-22.958002823971128],[-46.44086984396808,-22.958087606657671],[-46.44095032789528,-22.958228771440588],[-46.441025477943413,-22.95836272725802],[-46.44106343203174,-22.958503631237523],[-46.441074371385071,-22.958603408320617],[-46.441071686908799,-22.958684620698619],[-46.441060588375422,-22.95874210626317],[-46.441038975868018,-22.958793776811326],[-46.441008628245527,-22.958824955407295],[-46.440976330892902,-22.958841486745197],[-46.44091641715886,-22.958860294267158],[-46.440756262291664,-22.958899298763569],[-46.440545682437232,-22.95896193024884],[-46.440396127878955,-22.958984397112193],[-46.440143116211807,-22.95896964643196],[-46.439937737136816,-22.958879700737555],[-46.439582570579148,-22.958662920057691],[-46.439280753603832,-22.958452116272088],[-46.438128739149931,-22.957671379730368],[-46.437634943897478,-22.95733776362686],[-46.43737521969058,-22.957041660943851],[-46.437431566713379,-22.957044677270005],[-46.437457360168992,-22.957060120428206],[-46.437471814072929,-22.957081746425377],[-46.437490099988068,-22.957085656677695],[-46.437510454343972,-22.957080936136247],[-46.437514503991103,-22.957073426797141],[-46.437504318269653,-22.957059537667462],[-46.43751045884057,-22.957046048736149],[-46.437508114307995,-22.957035922369872],[-46.437518756885083,-22.95702850386234],[-46.437516042731147,-22.957020246287307],[-46.437525854334702,-22.957011798055976],[-46.437519447564398,-22.956995847680151],[-46.437522186000024,-22.9569779565674],[-46.43752550629705,-22.956965482970645],[-46.437522052001043,-22.956955826050493],[-46.437529851821182,-22.956943438788652],[-46.437528677306538,-22.956932620843755],[-46.437519014990528,-22.956924350678193],[-46.437522945927199,-22.956917824298085],[-46.437534030970703,-22.956915347565193],[-46.437540944059272,-22.956903158154223],[-46.437555334111323,-22.956889949811288],[-46.437566893097596,-22.956890191728913],[-46.437572108266131,-22.956882292084064],[-46.437579569041816,-22.956883016038301],[-46.437585591801572,-22.956889926428921],[-46.43760030021366,-22.956890552357024],[-46.437600593392638,-22.956876363753167],[-46.437609218790385,-22.956864444138713],[-46.437625701564862,-22.956858371916258],[-46.43763191677948,-22.956832693573915],[-46.437618221004065,-22.956825138369368],[-46.437610055159901,-22.956828918219976],[-46.437615887263348,-22.95679546074188],[-46.437617971891825,-22.956760233398043],[-46.437621748145091,-22.956745825359498],[-46.43761718318644,-22.956731080075265],[-46.437627966057732,-22.956706728232842],[-46.437623566574302,-22.956685333361389],[-46.437643083661328,-22.956643171345277],[-46.437675041969555,-22.956626255996866],[-46.437714027580284,-22.956616501949959],[-46.437736128419552,-22.956599574910399],[-46.437752475396401,-22.956583975270156],[-46.437754067196408,-22.956572972964313],[-46.437739299429111,-22.956566712783498],[-46.437743442605722,-22.956561006585162],[-46.437757952267646,-22.956565370994998],[-46.437777755339084,-22.956546825175792],[-46.437786458977882,-22.956526197425998],[-46.437809063437513,-22.956491383770295],[-46.437839370590446,-22.956467233376092],[-46.437863101001255,-22.956461063127527],[-46.437871086081721,-22.956440377821142],[-46.43789012293081,-22.956433301955251],[-46.4378976934238,-22.956421833800569],[-46.437919987617306,-22.956402948936898],[-46.43791772762097,-22.956389766674345],[-46.43792819033365,-22.95638234996543],[-46.437941583037585,-22.956369665028006],[-46.437960589309697,-22.956366071337062],[-46.43797025162575,-22.956361740202119],[-46.437980130678454,-22.956351930397183],[-46.437987166074826,-22.956350087686371],[-46.437990805631159,-22.956333468214943],[-46.437989891020592,-22.956324547839568],[-46.437998559585822,-22.956320003565278],[-46.438010821841885,-22.956322045026301],[-46.438037779020249,-22.95631385130315],[-46.438051496379394,-22.956301661892141],[-46.438065654406387,-22.956301975755526],[-46.438074369736341,-22.956292207319457],[-46.438085654429358,-22.956292293654382],[-46.438091893925744,-22.956281123175238],[-46.438106065442533,-22.956292297251668],[-46.438119369113579,-22.956283025241348],[-46.438130958676766,-22.956279784084689],[-46.438155559631355,-22.95627515797214],[-46.43818678499207,-22.956253627302999],[-46.438233467900211,-22.956229295245759],[-46.438267215859298,-22.956203940659297],[-46.43829149755453,-22.956191781825211],[-46.438311955332452,-22.956192861011669],[-46.438365807635876,-22.95617083841341],[-46.438426815844821,-22.956152864563037],[-46.43847045184981,-22.956153763885027],[-46.438578723029586,-22.95611458761805],[-46.438612240762268,-22.956096454587676],[-46.438651496169598,-22.956055315100684],[-46.43870634132459,-22.956046106042873],[-46.438740713413154,-22.956037558886177],[-46.438825691252582,-22.956038951036703],[-46.438976962616664,-22.956043880220872],[-46.439065659152796,-22.956034931067187],[-46.439085931670377,-22.956038005849212],[-46.439151449080065,-22.956029236559971],[-46.439200927980373,-22.956013839267214],[-46.439248896019706,-22.955981833294935],[-46.439296910823721,-22.955944602261493],[-46.439349790960016,-22.955889120386527],[-46.439371450232208,-22.955836268129268],[-46.439461826701915,-22.955824770296886],[-46.439472179697312,-22.955811376693646],[-46.439497242004052,-22.955798609018498],[-46.439505190212337,-22.955812910937023],[-46.439535110656792,-22.955813395671608],[-46.439555707829598,-22.955798800574147],[-46.439562027365639,-22.95577262220872],[-46.439582879945931,-22.955785128181056],[-46.439618187329415,-22.955777495634894],[-46.439624949331922,-22.955738579271966],[-46.439644866617243,-22.955762807907206],[-46.439689680734162,-22.955755621424785],[-46.439721148911872,-22.955737729412647],[-46.43973164400014,-22.955702360875193],[-46.43977658312275,-22.955681242095569],[-46.439826851627863,-22.955694998125637],[-46.439843415341336,-22.955667617366593],[-46.439873842104078,-22.955659572031607],[-46.439898497917291,-22.955600779752157],[-46.439895275646393,-22.955577600625709],[-46.439909788006268,-22.955563062185551],[-46.43990725371674,-22.95553712214042],[-46.439927974996003,-22.955514896295348],[-46.439937478132101,-22.955460412667897],[-46.43995512732721,-22.955429095576275],[-46.439953006725823,-22.95540023992908],[-46.439934355685928,-22.9553889813164],[-46.439949540738688,-22.955373422145666],[-46.439969238589462,-22.955341864035749],[-46.439973086788491,-22.955276478826423],[-46.439981546710953,-22.955245910870008],[-46.439964577403259,-22.955145633763948],[-46.439973227982023,-22.955068964760862],[-46.440006298751648,-22.954977063040989],[-46.440029387945856,-22.95496212889908],[-46.440053196597717,-22.954940949864906],[-46.440080559370301,-22.954881174626429],[-46.440093256898258,-22.954834452148184],[-46.440117859651487,-22.954817223835786],[-46.440115846069375,-22.954788778279479],[-46.440092455602326,-22.954775535762334],[-46.440098404617636,-22.954765950787916],[-46.440086709833736,-22.954756179653941],[-46.440104679187534,-22.95473239618309],[-46.440080083628921,-22.954699218394186],[-46.440097457631516,-22.954667744820537],[-46.440125789873264,-22.954660329010942],[-46.440178618748241,-22.954635274798029],[-46.440227876415349,-22.954570391410424],[-46.440282531813367,-22.954495610983596],[-46.440294723022994,-22.9544622542296],[-46.44032513629594,-22.954444814576497],[-46.440374365184759,-22.95445728097873],[-46.440398433740654,-22.954431698863729],[-46.440457610929975,-22.954383283861425],[-46.440515820448695,-22.954368977446297],[-46.440595198209806,-22.954387310126222],[-46.440663919903955,-22.954363368374683],[-46.440730098315321,-22.954370210416815],[-46.440782405583491,-22.954347661715197],[-46.440831806242841,-22.954340971658496],[-46.440851575140016,-22.954338511113345],[-46.440851395275615,-22.954321604758196],[-46.440882033379076,-22.95432844769967],[-46.440890163250415,-22.954353354423752],[-46.440912161566985,-22.954367559215427],[-46.440954560104835,-22.954358305191594],[-46.440988530196478,-22.954376135150493],[-46.441020445337259,-22.954402478091819],[-46.441046716332835,-22.954407675273963],[-46.441105834166876,-22.954472956161975],[-46.441194297778566,-22.95451211444248],[-46.441250616023069,-22.954571050613424],[-46.441304033054621,-22.954622126709758],[-46.441358263073305,-22.954644426299183],[-46.441392520948057,-22.954681436998673],[-46.441435275617437,-22.954702306666093],[-46.441466574722583,-22.954705743874911],[-46.441582017096394,-22.95477622913964],[-46.441794526895876,-22.954882007398691],[-46.441902319636313,-22.954938982148231],[-46.441931267014304,-22.9549679717944],[-46.442013384110339,-22.955004377250198],[-46.442073781679653,-22.9550049618095],[-46.442181583413287,-22.955049185971113],[-46.442273825976265,-22.955096364405616],[-46.442402945239685,-22.955146775003641],[-46.442498678970821,-22.955159801683472],[-46.44256905721619,-22.955172758216168],[-46.442663324153045,-22.95517147218569],[-46.442800338564737,-22.955185222819765],[-46.442867929811079,-22.955183158875624],[-46.442932847372958,-22.955199799031433],[-46.442966267978818,-22.955201861176931],[-46.443004652842433,-22.955184943130568],[-46.443080956720728,-22.955183527597676],[-46.443151439287476,-22.955171754572763],[-46.44320413236477,-22.955173019019586],[-46.443255982777316,-22.955157002993253],[-46.443286730598118,-22.955170207738824],[-46.443308123670946,-22.955168035876099],[-46.443353963914262,-22.955133587345138],[-46.443388303627266,-22.955146212927328],[-46.443429858601064,-22.955147064585336],[-46.443473123186038,-22.955135687262096],[-46.443510304756728,-22.955107650897329],[-46.443546755178552,-22.955104595000982],[-46.443595356340616,-22.955114295088585],[-46.443657352904495,-22.955099401416188],[-46.44368860164758,-22.955071302098872],[-46.443754294425098,-22.955085401669912],[-46.443600631763729,-22.955353913152518],[-46.443261699767561,-22.955675431575855],[-46.442732383092959,-22.955766185760798],[-46.44301309657709,-22.95598461579732],[-46.442725109376227,-22.956162129378704],[-46.442048768835548,-22.9563084940417],[-46.442004407976974,-22.956691967660156],[-46.441970427093516,-22.956755595594203]]]},"properties":{"FID":29,"Name":"Jaguari","Shape_Leng":14.774720411200001}},{"type":"Feature","id":30,"geometry":{"type":"Polygon","coordinates":[[[-46.272761261922653,-23.027790748943861],[-46.272761261922653,-23.027790748943861],[-46.272608979720587,-23.02758325826073],[-46.272608709923979,-23.027582890438005],[-46.2723564428955,-23.027577138374166],[-46.2723564428955,-23.027577138374166],[-46.272334154097905,-23.027526834795513],[-46.272304909044294,-23.027460831751981],[-46.272386188871451,-23.027320012308682],[-46.27240417890971,-23.027288842705907],[-46.272326988299824,-23.027126056422322],[-46.272326988299824,-23.027126056422322],[-46.272115949791221,-23.027034375935667],[-46.271487219359649,-23.02722618244233],[-46.271360100188417,-23.027118264696139],[-46.271355453391436,-23.027048135562957],[-46.271350306571328,-23.026970497090716],[-46.271232632979611,-23.026595039129688],[-46.271211644601692,-23.0265280729122],[-46.271211644601692,-23.0265280729122],[-46.270670514432652,-23.026650930196244],[-46.270732441748756,-23.026169155282233],[-46.271689630671865,-23.026104762025128],[-46.271561936833848,-23.025734736868568],[-46.27353391355922,-23.025581887194278],[-46.273606707383578,-23.025643059079869],[-46.274448910788585,-23.026350805745036],[-46.274467036624387,-23.026408367751912],[-46.279477818046814,-23.029077186862651],[-46.279423216608109,-23.029174135577875],[-46.277708540416761,-23.030241495948246],[-46.277505882690271,-23.02994799320529],[-46.277412759691067,-23.029867715222856],[-46.277412759691067,-23.029867715222856],[-46.277156475390996,-23.029675454558525],[-46.277051375220772,-23.029579365595222],[-46.277051374321438,-23.029579365595232],[-46.276878426598053,-23.029698091393751],[-46.276799663973293,-23.029815446625523],[-46.276707543718146,-23.030051509669374],[-46.276678580152293,-23.030125733415844],[-46.276606042634732,-23.03014402742485],[-46.276320021351864,-23.030216165643477],[-46.276159379951366,-23.03012019539068],[-46.276118513858307,-23.030021312233686],[-46.276185675228703,-23.030011043774596],[-46.276219119216925,-23.029991319843475],[-46.276232932803566,-23.029895887385244],[-46.276103980814021,-23.029817168827204],[-46.276075581123109,-23.029814479854338],[-46.276062056218905,-23.029717321597069],[-46.276000939191931,-23.029692201733649],[-46.275922797099398,-23.029660085144769],[-46.275823450791556,-23.02964297284489],[-46.275750168635348,-23.029630350859975],[-46.27558797500501,-23.029535242157635],[-46.275547276185819,-23.029511375949216],[-46.275547276185819,-23.029511375949216],[-46.275508787900215,-23.029441654208942],[-46.275464811951451,-23.029425542854483],[-46.275082754765265,-23.029285570572601],[-46.274864457828414,-23.029316509948952],[-46.27483676500465,-23.029336229383464],[-46.274770506553587,-23.029383407817996],[-46.274549725689262,-23.029597228829001],[-46.274330663429339,-23.029770183746962],[-46.274158041260534,-23.029949326000583],[-46.273985722163324,-23.030128155290086],[-46.273985722163324,-23.030128155290086],[-46.273983051176856,-23.030130926101318],[-46.274067520000017,-23.030173043151379],[-46.274221287882092,-23.030208766021687],[-46.274403474340836,-23.03013726722105],[-46.274461609215841,-23.030284643621378],[-46.274466232630523,-23.03032934981956],[-46.274387302731782,-23.030429197949104],[-46.274336845369078,-23.030427659209064],[-46.274280008215783,-23.030418389896738],[-46.274045069324494,-23.030585864346097],[-46.274045069324494,-23.030585864346097],[-46.274045069324494,-23.030585864346097],[-46.273954307045578,-23.030650563372784],[-46.273947958731256,-23.030665630614287],[-46.273941971045083,-23.030679842600584],[-46.273941971045083,-23.030679842600584],[-46.274066973212207,-23.030785282714586],[-46.274122546818035,-23.030832160775564],[-46.274204681001216,-23.030901440948693],[-46.274235612283633,-23.030970188723192],[-46.274288401588421,-23.031087518773891],[-46.27413893156637,-23.031327120650086],[-46.274110327729382,-23.031372972584553],[-46.274110487808755,-23.031375970024978],[-46.274130681185973,-23.031754863396202],[-46.274130744138461,-23.031756040608741],[-46.274291569000638,-23.031871465895403],[-46.274291607671501,-23.031871686229291],[-46.274400458014682,-23.032498919289662],[-46.274400459813307,-23.032498932779518],[-46.274411411757228,-23.032525379142896],[-46.27446068021618,-23.032644348657698],[-46.274443137141027,-23.032790389564813],[-46.274443137141027,-23.032790389564813],[-46.274513793276931,-23.032928090159189],[-46.274526639193027,-23.032953126385603],[-46.274543807250843,-23.032968226002748],[-46.274719504201698,-23.033122761905862],[-46.274825572941779,-23.03311820144382],[-46.274942212313206,-23.033113185924726],[-46.275018187938997,-23.033127832283554],[-46.275135934375847,-23.033150531172051],[-46.275148854036331,-23.033193516067875],[-46.275190178783703,-23.033331009818212],[-46.275179316771997,-23.03339335172177],[-46.275174225709925,-23.033422569795736],[-46.2752241353855,-23.033506845264636],[-46.275283151596113,-23.03360649914061],[-46.275283156992032,-23.033606501838573],[-46.275807905110696,-23.033908279243622],[-46.276090437923301,-23.034070760656991],[-46.276274118155982,-23.034083020215185],[-46.276376472696029,-23.03408985236473],[-46.276773885806172,-23.033952456640503],[-46.276929565646867,-23.03389863581333],[-46.276924870286521,-23.033849680318447],[-46.276920242375247,-23.033801444281195],[-46.277011438127317,-23.033598820728987],[-46.277064356035176,-23.033481245163255],[-46.277100085200743,-23.033480957380235],[-46.277457221273721,-23.033238796932903],[-46.277835307053749,-23.033212399132882],[-46.278058241794376,-23.033255170889376],[-46.278089226136849,-23.033261115408123],[-46.278044224061667,-23.033298461554697],[-46.278044224061667,-23.033298461554697],[-46.278044224061667,-23.033298461554697],[-46.27819717535931,-23.03339119694613],[-46.278386280302527,-23.033551177344915],[-46.279014329947302,-23.033821543229571],[-46.279142656908064,-23.033809226114844],[-46.279381563608254,-23.033794664292266],[-46.279971607903349,-23.033758695907075],[-46.280469327797221,-23.033658472760244],[-46.280719887013106,-23.033499842243888],[-46.280893386020921,-23.033389998149854],[-46.281871930245359,-23.0334389356583],[-46.282825279063346,-23.033267007766131],[-46.283605562346793,-23.033189523977292],[-46.28399086698488,-23.033267482608217],[-46.284152346553519,-23.033500316186565],[-46.28415234655354,-23.033500317085892],[-46.283075813098272,-23.033935322756932],[-46.282326362171837,-23.034367820218691],[-46.281994492551739,-23.034739883238952],[-46.281835800881474,-23.034796530635347],[-46.281626828115591,-23.034898531741803],[-46.281576526335584,-23.03492308413297],[-46.281364807040177,-23.035021955598722],[-46.281119489073092,-23.035157942085331],[-46.280780272891263,-23.03517437359843],[-46.280446660385053,-23.035169397649565],[-46.28028690121949,-23.035187654786405],[-46.279908344194673,-23.035189984030453],[-46.27980146336683,-23.035208752881598],[-46.279629700949918,-23.035238916143069],[-46.279157103617422,-23.03532190738008],[-46.278826794321056,-23.035425036236422],[-46.27875112986073,-23.035769895664089],[-46.278712019244274,-23.035910334694162],[-46.278677128246841,-23.036035618349032],[-46.278677129146168,-23.036035618349032],[-46.278677128246841,-23.036035618349032],[-46.278693863730787,-23.036269328766494],[-46.278693863730787,-23.036269328766494],[-46.278650424677323,-23.036403228825918],[-46.27875014600238,-23.036478360887575],[-46.279488793373041,-23.037095294911861],[-46.279710930415092,-23.037280826848658],[-46.279967644591061,-23.037482989947982],[-46.280019945563993,-23.037501157152651],[-46.280114663960561,-23.037534055252429],[-46.280533203944174,-23.037222252205154],[-46.280750195964742,-23.037038232028745],[-46.280951659391519,-23.036945438181373],[-46.281390806440527,-23.036890683857909],[-46.281853013006135,-23.036806615233068],[-46.282567057623567,-23.036549651944842],[-46.282810637201116,-23.036481232422897],[-46.282888672274346,-23.036485940373769],[-46.283116586561164,-23.036499689209219],[-46.283659406556367,-23.036618247733887],[-46.283828094191165,-23.036719833353569],[-46.283828093291859,-23.036719834252892],[-46.283637899269593,-23.036941811215566],[-46.283406940777652,-23.037205978972679],[-46.283232422838012,-23.037405581702217],[-46.283232316718006,-23.037405561917119],[-46.282899936283002,-23.037340259445383],[-46.282821230315506,-23.037309115023621],[-46.282610889680768,-23.037225882768229],[-46.282503662613912,-23.037222861945459],[-46.282407443248871,-23.037272275195281],[-46.282362934901478,-23.037306521378827],[-46.282282238734297,-23.03736861237152],[-46.282163487754701,-23.037480458356413],[-46.282161014619078,-23.037480518611012],[-46.282045807867689,-23.037483357770729],[-46.281988876285595,-23.037464365887729],[-46.281859339736684,-23.037547119703788],[-46.281738744247598,-23.037686216045994],[-46.28159904176232,-23.037848371904772],[-46.281595286193458,-23.037852731818077],[-46.281651087327759,-23.038196603790205],[-46.281582824287867,-23.038331324930656],[-46.28154170638458,-23.03841247165823],[-46.281527355003391,-23.038438646426336],[-46.281472929831807,-23.03848729974905],[-46.281284956235709,-23.038646650622432],[-46.28119069019818,-23.038728747933305],[-46.281026845412555,-23.038866964738581],[-46.280812933569962,-23.039047054877646],[-46.28072132143177,-23.039118817179599],[-46.280464996662204,-23.039292700197901],[-46.280287753776761,-23.039371564446053],[-46.280234165873992,-23.039311016690018],[-46.280160996133027,-23.039233284688294],[-46.2800728301969,-23.039187984937492],[-46.279984782072006,-23.039142746340641],[-46.279962766668284,-23.039132574108997],[-46.279778884088223,-23.039167058612833],[-46.279757517095682,-23.039172291767798],[-46.279449428248476,-23.039304719637059],[-46.279449264571838,-23.039304789784183],[-46.279106909756024,-23.039532782312001],[-46.278424820748846,-23.039987019085626],[-46.278200266329179,-23.040166571430085],[-46.277953371850579,-23.040265137126344],[-46.277805400998439,-23.040181807744219],[-46.277805400099119,-23.04018180414695],[-46.277573125898982,-23.039041873883313],[-46.277545412390857,-23.038905861316387],[-46.277516468610095,-23.038805335098118],[-46.277516465012809,-23.038805329702157],[-46.277384370792049,-23.038593680553834],[-46.277336211197159,-23.038554814552974],[-46.277336210297847,-23.038554812754349],[-46.277103046668223,-23.038366646703309],[-46.276949786003804,-23.038130253608237],[-46.276949786003797,-23.038130252708932],[-46.276722126225067,-23.037557373773719],[-46.276722119030524,-23.037557356686619],[-46.276722112735293,-23.037557353089337],[-46.276463465016839,-23.037410816655857],[-46.276463457822274,-23.037410813957905],[-46.276299300971914,-23.037388794057566],[-46.27608959975521,-23.037441065352834],[-46.275971686943755,-23.037516280152165],[-46.275971678849899,-23.037516284648728],[-46.275750989716379,-23.037657058226607],[-46.275750879999066,-23.037657129273047],[-46.275457389846622,-23.03907036170779],[-46.275335852767341,-23.039249264741734],[-46.274349909820444,-23.039617977787362],[-46.27420726295481,-23.039667001630772],[-46.274151717227937,-23.039686044775117],[-46.273980078917468,-23.039650731995668],[-46.273797878968885,-23.039558219636092],[-46.273667050094225,-23.039317872221986],[-46.273512499802003,-23.038690211084319],[-46.27351249980201,-23.038690210184992],[-46.273539665623048,-23.038527662221778],[-46.273544630780066,-23.038486046993484],[-46.27366046705685,-23.037515113731452],[-46.273618938163466,-23.037393627014232],[-46.273608281197205,-23.03736245021685],[-46.273533113162621,-23.037142557882703],[-46.273533108666022,-23.037142547090799],[-46.27328893283795,-23.036368011374577],[-46.273261314657951,-23.036269418698677],[-46.273223016129236,-23.036132701962572],[-46.273223011632659,-23.036132658795129],[-46.273094685571273,-23.034896438120089],[-46.273094597437705,-23.034895579267523],[-46.273016448150543,-23.034488402217985],[-46.273016402285108,-23.034488286205391],[-46.272644994870582,-23.033579750604982],[-46.272646353746211,-23.033577708244593],[-46.273141051917946,-23.033686975873195],[-46.273313305364688,-23.033750393365892],[-46.273461645838282,-23.033805007395145],[-46.273776830336423,-23.033794687674643],[-46.273805935995085,-23.03378905612],[-46.273860752371775,-23.033778448616495],[-46.273931259220205,-23.03367672360185],[-46.273928423657772,-23.03362464206355],[-46.273926178050658,-23.033583389261928],[-46.273816523713549,-23.033545365026587],[-46.273609141848397,-23.033557905173154],[-46.273593851574944,-23.033558829676217],[-46.273593851574944,-23.033558829676217],[-46.273515259821359,-23.033515924820062],[-46.273074127069272,-23.033275102563916],[-46.272936841062347,-23.033317528980721],[-46.272582556739565,-23.033427015144582],[-46.272582557638884,-23.033427016043916],[-46.272582556739579,-23.033427016043905],[-46.272549413124864,-23.033371920877411],[-46.272549413124864,-23.033371920877411],[-46.272442570967826,-23.033334318424014],[-46.27233103614833,-23.033295063016688],[-46.272154785215164,-23.033410892098978],[-46.271993722032619,-23.033554797116153],[-46.271581301935498,-23.034117054158695],[-46.271581301935498,-23.034117054158695],[-46.271580914327664,-23.034119896016385],[-46.271567624146492,-23.034217027293945],[-46.271553759298513,-23.03431836200275],[-46.271558335948399,-23.034363937845381],[-46.271590853634976,-23.034687679392839],[-46.271590853634976,-23.034687677594196],[-46.271718927886184,-23.035014454353526],[-46.271844883334659,-23.035320675308878],[-46.271960933650121,-23.035599011884869],[-46.271960933650121,-23.035599012784182],[-46.271960933650121,-23.035599012784182],[-46.271960933650121,-23.035599012784182],[-46.271958894887064,-23.035621660411259],[-46.271934284939285,-23.03589491941494],[-46.271785114391484,-23.036125669264152],[-46.271782096266705,-23.036128154990305],[-46.271214331775923,-23.036595933755279],[-46.271212478273185,-23.036602870226258],[-46.271212478273185,-23.036602870226258],[-46.27114610021232,-23.036851220707199],[-46.271120217723826,-23.036948056107857],[-46.271084535322984,-23.03742395665023],[-46.271045491256359,-23.037944670410184],[-46.27077101906724,-23.037814591570111],[-46.270414264306794,-23.037875818314326],[-46.270322698034029,-23.037973821034971],[-46.270123306645246,-23.037780887677805],[-46.269963754323783,-23.037801622446867],[-46.270019712839442,-23.037941237697911],[-46.270034074113198,-23.038127874901477],[-46.270160545772519,-23.038165766037263],[-46.270330038300578,-23.038308359842897],[-46.270373715674403,-23.038483090022556],[-46.270198697711692,-23.038647904277298],[-46.270145364317038,-23.038788397266686],[-46.270317929828536,-23.038810355113764],[-46.270501792623577,-23.038692158116525],[-46.270600019275435,-23.038602594633996],[-46.270824717586606,-23.038397711085448],[-46.271026992201897,-23.038213275422272],[-46.270969557898752,-23.038275159570937],[-46.270891100144127,-23.038362305675836],[-46.27058623086981,-23.038696651129499],[-46.270482065095166,-23.038810888411717],[-46.27042998355688,-23.038868005254194],[-46.270146790641832,-23.039178579827535],[-46.269391754925486,-23.038669944862018],[-46.269458219321344,-23.038472444747466],[-46.269512145369163,-23.038312197250036],[-46.269604434696873,-23.038037948092789],[-46.269619715977072,-23.037766553383697],[-46.26963687234376,-23.037461866671791],[-46.269477724717206,-23.037123353759743],[-46.269436271366779,-23.037035178830426],[-46.269360945950837,-23.036874960111277],[-46.269358063623713,-23.036868831231516],[-46.269088491840364,-23.036326143436721],[-46.269088491840364,-23.036326143436721],[-46.269088491840364,-23.036326143436721],[-46.269173895958502,-23.036261999291813],[-46.269323203203214,-23.036203624297784],[-46.269450065168321,-23.035947277944487],[-46.269444969609587,-23.035957573383271],[-46.269501316632386,-23.036005894856146],[-46.269595324564534,-23.036168548939298],[-46.26974665078729,-23.036167333955223],[-46.269816386916659,-23.03643134073377],[-46.269855600055848,-23.036478866306602],[-46.269892924618723,-23.036524103104838],[-46.269894182770265,-23.03665828914869],[-46.269894602753652,-23.036703060997411],[-46.269881443873487,-23.036780253405954],[-46.269870694277088,-23.03684331656574],[-46.269948545888667,-23.037076133057049],[-46.269924637412039,-23.037216390424021],[-46.269950806784266,-23.037317336625744],[-46.270028731240927,-23.037557934051399],[-46.270122740971651,-23.037720588134576],[-46.270145391296765,-23.037515748652808],[-46.270153744199888,-23.037440210097628],[-46.270102206751417,-23.037323902576009],[-46.270091554281748,-23.037302227116015],[-46.270067921897009,-23.037254145762176],[-46.270158941382022,-23.037097787832582],[-46.270114280149869,-23.036818016837977],[-46.27012049896183,-23.036584526754435],[-46.270050252017484,-23.036266055234197],[-46.269998204653419,-23.036095282970898],[-46.269991719642121,-23.036055720894755],[-46.269980370197857,-23.035986486587035],[-46.269984893787758,-23.035973062406896],[-46.270007963196932,-23.035904605113409],[-46.270012740395615,-23.03590976272536],[-46.270013287183417,-23.035910353579922],[-46.270013287183417,-23.035910353579922],[-46.270068954318731,-23.036018845992889],[-46.27019502308179,-23.036013942889106],[-46.270385912280005,-23.035300416281132],[-46.270650289579173,-23.035255501440179],[-46.270650330048625,-23.035255494245636],[-46.27068875987834,-23.035234376365345],[-46.270705745373803,-23.035225042301843],[-46.270930539912456,-23.035101506928985],[-46.27126151920374,-23.03498212732325],[-46.27126151920374,-23.03498212732325],[-46.271256913775524,-23.034939366358632],[-46.27080631116231,-23.034406072881904],[-46.270563540974592,-23.034489171138329],[-46.27049203677803,-23.034513646187811],[-46.27049203677803,-23.034513646187811],[-46.270216918875697,-23.034477288396101],[-46.27021691887569,-23.034477286597451],[-46.270216918875697,-23.034477288396101],[-46.27021691887569,-23.034477286597451],[-46.270027992897511,-23.034419525840409],[-46.269757344625695,-23.034338693875551],[-46.269309401307794,-23.033279831199199],[-46.269337455659013,-23.032985993009099],[-46.269342948718091,-23.03292845708258],[-46.269342949617396,-23.032928421109723],[-46.269359713879624,-23.032252506847684],[-46.269359713879624,-23.032252506847684],[-46.269158197392862,-23.031398196769324],[-46.268970948650299,-23.030945049974044],[-46.268822749370372,-23.030723162943541],[-46.268822749370372,-23.030723162943541],[-46.268822749370372,-23.03072316204425],[-46.26905105036564,-23.030632220800342],[-46.269649960177503,-23.030564704197676],[-46.269753196952422,-23.0305530660711],[-46.269999687635448,-23.030525277019866],[-46.270501850180203,-23.030482204889775],[-46.270853364591069,-23.03040444410977],[-46.271265699252588,-23.030338477938358],[-46.271604499048351,-23.030330838197592],[-46.272586142336543,-23.029832374564368],[-46.272717124995268,-23.029709400368471],[-46.27271711690139,-23.02970939137526],[-46.272216411258341,-23.029071440194748],[-46.27220493680835,-23.029044179944886],[-46.272173538777736,-23.028969576684577],[-46.272173538777729,-23.028969575785258],[-46.272176718780486,-23.028933682943094],[-46.272186614021003,-23.028821980849671],[-46.272416675888849,-23.028189913933325],[-46.272416675888849,-23.028189913033998],[-46.272416675888849,-23.028189913033998],[-46.272416675888849,-23.028189913033998],[-46.272416675888849,-23.028189913033998],[-46.272416675888849,-23.028189913033998],[-46.272755712206333,-23.028017464434424],[-46.272796063887206,-23.027838168396716],[-46.272761261922653,-23.027790748943861]],[[-46.27284847008076,-23.032770179100446],[-46.272675358680829,-23.032870013740073],[-46.272550674873685,-23.032978409026335],[-46.272411655873157,-23.033104817733065],[-46.272277261186616,-23.033208816233806],[-46.272359162445348,-23.033232893782962],[-46.272374711723501,-23.033198524392329],[-46.27238368425958,-23.033195425328614],[-46.272381012373771,-23.033192589766152],[-46.2726307747904,-23.033055284873448],[-46.27282027273737,-23.032930228747034],[-46.272836873323008,-23.032924509058773],[-46.272832846158913,-23.032915421409541],[-46.27284847008076,-23.032770179100446]]]},"properties":{"FID":30,"Name":"DaSerra","Shape_Leng":99.153049770799996}},{"type":"Feature","id":31,"geometry":{"type":"Polygon","coordinates":[[[-46.281187743119801,-23.030211698710897],[-46.280608386367874,-23.030172204083861],[-46.280093402188697,-23.029915487209909],[-46.279964656143925,-23.029461292704465],[-46.279383611364558,-23.029203144109765],[-46.279403742688544,-23.02919061205705],[-46.279412996712374,-23.029193933253417],[-46.279417090426364,-23.02919186301402],[-46.279421447641653,-23.029183002893223],[-46.279419457441975,-23.029180830131182],[-46.279426686192558,-23.029175792129063],[-46.279481285832617,-23.029078843413849],[-46.279479781266843,-23.02907406621512],[-46.279067354874492,-23.028854412201319],[-46.27899121017618,-23.028817927605246],[-46.278991438603967,-23.028813977782825],[-46.278645658270477,-23.028629808318968],[-46.278628828357682,-23.028625026623612],[-46.278628926383824,-23.028621387966609],[-46.278279833847201,-23.028434970197683],[-46.278270749795254,-23.028433382894278],[-46.278270796559987,-23.028429982557622],[-46.278052972666508,-23.028313128248215],[-46.278050073252238,-23.028314329742496],[-46.278050051668501,-23.028311049914983],[-46.27640973771917,-23.027460907294991],[-46.276404459598098,-23.027463572885555],[-46.276384981181884,-23.027560027872951],[-46.27506007656126,-23.026761494647182],[-46.275061957043647,-23.026762081005177],[-46.275068174056969,-23.026750300785693],[-46.27639376216235,-23.027450318677197],[-46.276394998730161,-23.027444581002577],[-46.276148784139025,-23.027291582040846],[-46.275531626183586,-23.026977944376604],[-46.274946890586484,-23.026659498936695],[-46.274869720661059,-23.026625214981685],[-46.274849702651636,-23.026625376859617],[-46.274849020066199,-23.026631199070557],[-46.27493552585377,-23.026686426437372],[-46.27447037940442,-23.026406070883425],[-46.27445155029875,-23.026348145550461],[-46.273533584407339,-23.025578288107454],[-46.271560933190472,-23.025731307753606],[-46.271558216338583,-23.025735825048237],[-46.271685622393534,-23.026105015633902],[-46.270731179100608,-23.02616587995135],[-46.270728565670709,-23.026168732600869],[-46.27067045327874,-23.026620831685968],[-46.270394534080424,-23.026657107639366],[-46.270029753770089,-23.026973075447025],[-46.269836635152558,-23.027289042355374],[-46.269622057811659,-23.027565511938818],[-46.269321650074062,-23.027723494943313],[-46.269021243235734,-23.027940720787566],[-46.268463344307875,-23.027940720787576],[-46.268162935670894,-23.027901225261303],[-46.267776698435853,-23.027940720787566],[-46.26758357891903,-23.027841982421538],[-46.267304629005366,-23.027407528934258],[-46.267175882960593,-23.027091562925257],[-46.267004222167088,-23.026321391618843],[-46.267283172080681,-23.026143658602901],[-46.268034189626121,-23.02580794168313],[-46.268098563098192,-23.025452474751905],[-46.267991274877375,-23.025195748884624],[-46.268012731802109,-23.024860029266897],[-46.267883985757294,-23.024425566786416],[-46.267776698435853,-23.023457896264858],[-46.267605036743035,-23.022845691775213],[-46.267390460301442,-23.022391474786666],[-46.267154426035916,-23.021996502436597],[-46.267025679991093,-23.02158177917573],[-46.26734754465344,-23.02132504611394],[-46.267562121094961,-23.021147306802714],[-46.267926902304687,-23.020930070166546],[-46.268270224791038,-23.020949818379396],[-46.268613547277383,-23.021147306802742],[-46.268849582442215,-23.021423788976605],[-46.26914998928055,-23.021680522937771],[-46.269321650074062,-23.022351978361083],[-46.269579143062977,-23.022549464086467],[-46.27000829594607,-23.023003681074936],[-46.26998683812208,-23.023398649827758],[-46.270115584166824,-23.023872613230498],[-46.270448177741173,-23.024119468138906],[-46.270866602611591,-23.024129341795643],[-46.27133867204202,-23.023793618580584],[-46.271714182163755,-23.023477645376992],[-46.272132606134846,-23.023240663225984],[-46.272497386445188,-23.023023429287775],[-46.272862165856232,-23.02288518910018],[-46.273377150934721,-23.02300368107495],[-46.273892135113904,-23.023260411438802],[-46.274128169379473,-23.02365538019162],[-46.27417108412817,-23.024010851619447],[-46.274020881158727,-23.024919273905308],[-46.274128169379473,-23.025314238161503],[-46.27432128799699,-23.025669705092774],[-46.27472898395542,-23.026262147879777],[-46.275179594662511,-23.026505706772912],[-46.275630206268936,-23.026281896092598],[-46.275930613107292,-23.02563020866717],[-46.276059360051363,-23.025195748884606],[-46.276467055110466,-23.024978517644445],[-46.277046411862401,-23.024919273905308],[-46.277303904851287,-23.024741539090726],[-46.277775973382404,-23.024642798026655],[-46.278097838044744,-23.024504559637656],[-46.278248041913571,-23.024326824823049],[-46.278441161430422,-23.024070097157232],[-46.278805941740757,-23.024149090008446],[-46.278977603433589,-23.024366322148015],[-46.278977603433589,-23.024721790877884],[-46.278805941740764,-23.02511675603343],[-46.278741569168069,-23.025610459555033],[-46.278720111344001,-23.02616340681573],[-46.278355330134339,-23.026459628209242],[-46.278097838044744,-23.026696604064963],[-46.277861803779174,-23.027012570973362],[-46.277754515558399,-23.027466772673385],[-46.277840345955155,-23.027723494943313],[-46.278033464572673,-23.027881477947791],[-46.27846261925442,-23.027940720787566],[-46.278870315212842,-23.027960469000377],[-46.279299468095928,-23.027999963627405],[-46.279642790582272,-23.027881477947791],[-46.280093402188697,-23.027861729734983],[-46.280393809027032,-23.027723494943313],[-46.280629844191935,-23.027427277147069],[-46.280672758940625,-23.027052067398937],[-46.281101911823725,-23.02683483975602],[-46.281445235209389,-23.026578115687446],[-46.281659811650975,-23.02703231918613],[-46.281767099871729,-23.027427277147059],[-46.282024591961324,-23.027802485995903],[-46.28230354187491,-23.028098702892809],[-46.282217710578841,-23.028631892048114],[-46.282131881081405,-23.028868864306617],[-46.281659811650982,-23.028809620567451],[-46.281209200943799,-23.028789874153336],[-46.280908793206208,-23.028967602672704],[-46.280844419734137,-23.029303312397936],[-46.281380861737318,-23.029481040917229],[-46.28153106560616,-23.029935233624087],[-46.281187743119801,-23.030211698710897]]]},"properties":{"FID":31,"Name":"56461","Shape_Leng":46.366738947400002}},{"type":"Feature","id":32,"geometry":{"type":"Polygon","coordinates":[[[-46.355329314895926,-23.159653667682569],[-46.355329467780678,-23.15963637282033],[-46.355254527274539,-23.159601758814105],[-46.355179843974568,-23.159567030593951],[-46.35512391693517,-23.159532300575165],[-46.355031442347112,-23.159410648382664],[-46.354938220422461,-23.159323448318439],[-46.354882179169174,-23.159253772443609],[-46.354863806019807,-23.159183941885384],[-46.354883329402085,-23.159114272305757],[-46.354940753812677,-23.159044477720443],[-46.354978893161331,-23.158975007790328],[-46.355016790592344,-23.158923099821152],[-46.355093089974119,-23.158887894061017],[-46.355150203219239,-23.158853022848721],[-46.355226598828445,-23.158817896228864],[-46.355208326403108,-23.158730444354482],[-46.355131892123104,-23.158696505739098],[-46.355035778878062,-23.158698425791659],[-46.354978980395572,-23.158646653620096],[-46.35494130419778,-23.158577338373416],[-46.354941787133725,-23.158490122121403],[-46.354961268247919,-23.158419939028963],[-46.3549999040223,-23.158349296382884],[-46.355019511940888,-23.158278790433808],[-46.355020145962897,-23.158190933864489],[-46.355020548859216,-23.158120826315045],[-46.355020922077884,-23.158050652215781],[-46.355021573187003,-23.157979801826333],[-46.354983983324132,-23.157909434372868],[-46.354927256787448,-23.157839316031584],[-46.354889541918794,-23.157768941383495],[-46.354832711960057,-23.157716613430942],[-46.354776003409768,-23.157646153347216],[-46.354719257987306,-23.157575648297485],[-46.354662330002498,-23.157523227714758],[-46.354605400218993,-23.157470806232652],[-46.354548569360929,-23.157417217430584],[-46.354510637755716,-23.157381583593207],[-46.354434570399064,-23.15734650643607],[-46.354339501266914,-23.157293647883492],[-46.354301456347123,-23.157276091318515],[-46.354206353940015,-23.157223180605254],[-46.354130253308483,-23.157188060280703],[-46.354054161670206,-23.157152916573828],[-46.353978072729838,-23.157117439218379],[-46.353882881289906,-23.157082228961666],[-46.353806763571242,-23.15704689369915],[-46.35373067463086,-23.157029579051795],[-46.353635449916055,-23.156994429948956],[-46.353540497695739,-23.156995120628292],[-46.353445535582978,-23.156995831092679],[-46.353388977219474,-23.157050109674806],[-46.353332464721397,-23.157104210191093],[-46.353276035860361,-23.157158213580654],[-46.353219663656496,-23.157212135131886],[-46.353163552256092,-23.15728387135351],[-46.353088406704565,-23.157337612141028],[-46.353051181966407,-23.157391232419375],[-46.352976215380011,-23.157444828416047],[-46.352901115693896,-23.157480545890451],[-46.352826116731883,-23.157516299337697],[-46.352751311124059,-23.157569575175735],[-46.352675948835945,-23.157587036412572],[-46.352601029014252,-23.157622483190995],[-46.352525674820015,-23.157639968709542],[-46.352431390796028,-23.157657281558265],[-46.352355987139049,-23.157674619587965],[-46.35228015180752,-23.15767416902764],[-46.352166751794137,-23.157691125744801],[-46.352090788758865,-23.157690543883454],[-46.351995776284021,-23.157689819029901],[-46.351919806054198,-23.157689285731905],[-46.351823851089833,-23.157687790159347],[-46.351727781012251,-23.157686290989485],[-46.351631584130253,-23.157684804410177],[-46.351554600364466,-23.157683635291512],[-46.351476343158666,-23.157646719920152],[-46.351416727100244,-23.157592227299411],[-46.351414233280188,-23.157485656737602],[-46.351374832182735,-23.157432090418595],[-46.351314350077132,-23.157359187776244],[-46.351235207039117,-23.157339048358335],[-46.351157624324856,-23.157390303419756],[-46.351099829393554,-23.157442163724873],[-46.351062360039869,-23.157495037565869],[-46.35106646094836,-23.157585353781027],[-46.351070550165737,-23.157675430776461],[-46.351033660874691,-23.157745809021836],[-46.35097578770241,-23.157780049809386],[-46.350921740246065,-23.157851417309022],[-46.350886563264226,-23.157905167989039],[-46.350810798079806,-23.157939869229562],[-46.350733227056772,-23.157956182032144],[-46.35063465776318,-23.157971457916403],[-46.35053904993714,-23.158005810219954],[-46.350462589576807,-23.158022816399829],[-46.350387195812402,-23.158057828805731],[-46.350291158110394,-23.158074583175448],[-46.350215588078868,-23.1581094687769],[-46.350120600785054,-23.158144124151988],[-46.350064554135827,-23.158179232785301],[-46.349968016410791,-23.158178400013114],[-46.349891190925682,-23.158177907184609],[-46.349831964273676,-23.158142081791603],[-46.349827485649875,-23.158053091177159],[-46.349823911744068,-23.157964294816313],[-46.349840997064341,-23.157911064843734],[-46.349836702801554,-23.157839146959024],[-46.349851770043131,-23.157767329798393],[-46.349906298636711,-23.15771352875629],[-46.349982428046594,-23.157695995573711],[-46.350058938768939,-23.157678705208024],[-46.350135238150713,-23.15766125836036],[-46.350230093244186,-23.157625989647673],[-46.350325210939673,-23.157590863927169],[-46.350401063358333,-23.157555587120605],[-46.350476305137313,-23.157502358946665],[-46.350551600875633,-23.157449093900571],[-46.350607646625576,-23.157395640896098],[-46.35066483181653,-23.157342901953317],[-46.350722344360634,-23.157272794403848],[-46.350740350586648,-23.157201691304984],[-46.350777751591913,-23.157130763573818],[-46.350795487122014,-23.157059331323019],[-46.350852621950871,-23.156988785803776],[-46.350870174019299,-23.156881850117273],[-46.35088848241746,-23.156810648992249],[-46.350906112726875,-23.156738798556656],[-46.350904065869884,-23.156666360863827],[-46.350941922831453,-23.15659536208625],[-46.350979797779416,-23.156524330033722],[-46.351036979373077,-23.156435733322382],[-46.351094007182667,-23.156364671592257],[-46.351150895597307,-23.15631094519393],[-46.351227276817333,-23.156257487692869],[-46.351284075299816,-23.156203501390451],[-46.351360255071647,-23.156149658080224],[-46.351417668690431,-23.156113955894281],[-46.351474398824394,-23.156059674614255],[-46.351530587566529,-23.156004495810802],[-46.351626148627815,-23.155968176689953],[-46.351703397693598,-23.155968595774013],[-46.351799940814601,-23.15596912097811],[-46.351896474042974,-23.15596964528287],[-46.352012286937452,-23.155970273908967],[-46.352089482043937,-23.155970693892364],[-46.352224551222044,-23.155971426839848],[-46.352301719348816,-23.155971845024602],[-46.35239816084642,-23.155972370228643],[-46.352513873916116,-23.155972997056093],[-46.352610281239436,-23.155973521360856],[-46.35268787294693,-23.156010505980021],[-46.352803256864775,-23.156010538355606],[-46.35288043668276,-23.156028969061637],[-46.352957822445489,-23.156065800795989],[-46.353034913230601,-23.15608425488443],[-46.353111912284874,-23.156084431151548],[-46.35318898058695,-23.156102875347361],[-46.353266118136794,-23.15613959826381],[-46.353342975997521,-23.156139478653991],[-46.353419909401282,-23.156157624274918],[-46.353496763664687,-23.156157540637935],[-46.35361225999776,-23.156194444318093],[-46.353689132247609,-23.156194685336406],[-46.353746867823638,-23.156231031436903],[-46.353842746345606,-23.156248202192739],[-46.353919536757196,-23.156265578893283],[-46.35399633616197,-23.156301237911762],[-46.354073194022646,-23.156318689256072],[-46.354149946662695,-23.156336672099695],[-46.354226759557264,-23.156354625265685],[-46.354303562559323,-23.156372576633039],[-46.354399551697895,-23.156407884915865],[-46.354457049852968,-23.156443885676801],[-46.354533711661418,-23.156479633728054],[-46.354610466100105,-23.156515489698073],[-46.354687136901809,-23.156551201776516],[-46.354763816696732,-23.156586750178352],[-46.3548405099815,-23.156622161883195],[-46.354897856151133,-23.156675700323262],[-46.354955321031184,-23.156711156994291],[-46.355012481940435,-23.156782714250813],[-46.355069757962895,-23.156836187939703],[-46.355126846926396,-23.15690765976063],[-46.355183720951914,-23.156997080251017],[-46.355221663349027,-23.157050649267997],[-46.355279008619334,-23.157086024100689],[-46.355316751366956,-23.157157361023344],[-46.355373822343999,-23.157228277063275],[-46.355411790821449,-23.157281436888766],[-46.355449519179899,-23.157352559772782],[-46.355506136898669,-23.157441271597353],[-46.355543964182573,-23.157494554629903],[-46.355581488394932,-23.15758354524441],[-46.355619266216138,-23.157636606144411],[-46.355656990977309,-23.157707264978239],[-46.355675645614497,-23.157777779021231],[-46.355693905449357,-23.157866115828536],[-46.355693187790337,-23.157936893372909],[-46.355692471030714,-23.158007616058573],[-46.355691816324217,-23.158078199349347],[-46.355691289321499,-23.158148584789309],[-46.355671355848351,-23.158254105842275],[-46.355632374734284,-23.158342096410575],[-46.355632050079009,-23.158394688763856],[-46.355631542861374,-23.158464859265784],[-46.355630820705763,-23.158552598023952],[-46.355611056305179,-23.158622870149316],[-46.355629499601662,-23.158692948920411],[-46.35568630168143,-23.158745536777069],[-46.355761473313315,-23.158798523033354],[-46.355856047818293,-23.158851106393399],[-46.355912695214663,-23.158903636693427],[-46.355930536864719,-23.158973872845937],[-46.355986802049259,-23.159043858087561],[-46.355329314895926,-23.159653667682569]]]},"properties":{"FID":32,"Name":"52156_21","Shape_Leng":8.37081127061}},{"type":"Feature","id":33,"geometry":{"type":"Polygon","coordinates":[[[-46.281107275380407,-23.041602631356284],[-46.281189985129686,-23.04150370413257],[-46.281221197899939,-23.041478262311905],[-46.281241965943941,-23.041371065821995],[-46.281279319285098,-23.041288990094742],[-46.281319059427013,-23.041215915681899],[-46.281381519141746,-23.041165472708357],[-46.281391066344611,-23.041114213150369],[-46.281372345157543,-23.041059162050665],[-46.281409585184178,-23.040983833037458],[-46.281429030325462,-23.040868816942293],[-46.281505857609204,-23.04081770667176],[-46.281549256193166,-23.04074331205419],[-46.281574024421673,-23.040677243360079],[-46.281621044575502,-23.040600045555607],[-46.281648567427403,-23.04053631060216],[-46.281672725915541,-23.040490368735526],[-46.281784195983803,-23.040433938075754],[-46.281833838560772,-23.040324395254558],[-46.281976196744047,-23.040423719978673],[-46.281983283401765,-23.040509384000821],[-46.281999837222656,-23.040637574264615],[-46.282027569616616,-23.040734243290665],[-46.282033724576706,-23.040814341408712],[-46.282044618064617,-23.040952720091923],[-46.282074482751113,-23.041027234319351],[-46.282013709265236,-23.041189694149015],[-46.282020569293813,-23.04132576607125],[-46.28194463503683,-23.041399150750188],[-46.281878613107494,-23.041502088950203],[-46.281854706429492,-23.041630245939089],[-46.281855542799008,-23.041673311773856],[-46.281774263871128,-23.041669744163297],[-46.28167872619224,-23.041753656306131],[-46.281634257415021,-23.041797359760317],[-46.281599566966406,-23.041813293049014],[-46.281566622101884,-23.041790827084974],[-46.281502971684745,-23.041794838061271],[-46.281450121226044,-23.041768531992087],[-46.281403178413946,-23.041738456864277],[-46.281337289584194,-23.041731801881074],[-46.281247031824996,-23.041718822865345],[-46.281126671958305,-23.04178284919908],[-46.280978612972547,-23.04184239421107],[-46.280889072872363,-23.041860957117425],[-46.281081660889868,-23.041703127896998],[-46.281107275380407,-23.041602631356284]]]},"properties":{"FID":33,"Name":"R","Shape_Leng":0.92583633227100004}},{"type":"Feature","id":34,"geometry":{"type":"Polygon","coordinates":[[[-46.282444426968716,-23.041819431821303],[-46.28240897659294,-23.041687014743907],[-46.282420764006993,-23.041640368707991],[-46.282416931995797,-23.041490263764594],[-46.282991187793016,-23.042135370850673],[-46.282766588407291,-23.041972112423018],[-46.282616828803555,-23.041872731041682],[-46.282488953302511,-23.041880704430934],[-46.282444426968716,-23.041819431821303]]]},"properties":{"FID":34,"Name":"R","Shape_Leng":0.089727060086499999}},{"type":"Feature","id":35,"geometry":{"type":"Polygon","coordinates":[[[-46.284917365643878,-23.041156227677725],[-46.284874244051082,-23.041285418886908],[-46.2847725082446,-23.041480557381799],[-46.284732525285797,-23.041547549679667],[-46.284718321393377,-23.041598406341347],[-46.284663898020433,-23.041720748313828],[-46.284534871387159,-23.041997949945372],[-46.284202544911466,-23.041860638757434],[-46.283782108257647,-23.042169058555171],[-46.283643518233774,-23.04218415727297],[-46.283423252680912,-23.042447982388396],[-46.283434966350583,-23.042576851640316],[-46.283760159403819,-23.042703397044093],[-46.284252850288794,-23.042591218310015],[-46.284528381879298,-23.042442521704981],[-46.28448707601769,-23.042191397714753],[-46.28455051779212,-23.04203193712414],[-46.284623627278506,-23.042605648831561],[-46.284575837304999,-23.042695421856212],[-46.284517572927598,-23.042853233989494],[-46.284488468168206,-23.042962751629677],[-46.284483146879673,-23.043038989857457],[-46.284374796559568,-23.04304413308023],[-46.284312912410961,-23.043171585899927],[-46.283493637221504,-23.043466569826293],[-46.283103783812535,-23.043152379079],[-46.283099280007718,-23.042677001942035],[-46.283011498981473,-23.042666071581891],[-46.283160834105161,-23.042155962627575],[-46.283339979056741,-23.041958606404535],[-46.283518147344573,-23.041518524060567],[-46.284025604198234,-23.041205669705846],[-46.284917365643878,-23.041156227677725]]]},"properties":{"FID":35,"Name":"R","Shape_Leng":2.49498539468}},{"type":"Feature","id":36,"geometry":{"type":"Polygon","coordinates":[[[-46.284230179279291,-23.043716677582548],[-46.284404136941305,-23.043621848569394],[-46.284366670285578,-23.043462218006972],[-46.284676779010105,-23.043615316793375],[-46.284799975338565,-23.043726961330144],[-46.285128789961618,-23.043476537911832],[-46.285127317771476,-23.043794477932757],[-46.285039317310577,-23.043782981899064],[-46.284840514977759,-23.043792771918845],[-46.284652651998272,-23.043811620809617],[-46.284596346344252,-23.043862601577761],[-46.284457320149166,-23.043947502075522],[-46.284374782170417,-23.043911123599468],[-46.284248913056842,-23.044007512936329],[-46.284227007370475,-23.043910128949225],[-46.28424545966022,-23.043860502560111],[-46.284176079662295,-23.043849117142958],[-46.284230179279291,-23.043716677582548]]]},"properties":{"FID":36,"Name":"R","Shape_Leng":0.25648317461699999}},{"type":"Feature","id":37,"geometry":{"type":"Polygon","coordinates":[[[-46.295472715693229,-23.0459274144186],[-46.295304680066863,-23.04569759986429],[-46.295341318447072,-23.04564501110832],[-46.295342644047771,-23.045643224155416],[-46.295730691618076,-23.046009539608544],[-46.295979989984517,-23.045997725214818],[-46.296044574797236,-23.046095280073082],[-46.296123609017286,-23.046001713708051],[-46.296124823102048,-23.045898109110396],[-46.296140271656157,-23.045916451682839],[-46.296445667933199,-23.04616046203564],[-46.296404432218708,-23.046404956223689],[-46.297165949349051,-23.04632615942467],[-46.297080983200765,-23.046844756180512],[-46.297880439130893,-23.046777430234165],[-46.297940968001228,-23.047019834397823],[-46.2977416530548,-23.047061859717026],[-46.297773418908093,-23.047125905835848],[-46.29808669864218,-23.04715238907152],[-46.298238416969305,-23.046966813967252],[-46.298941328879209,-23.04716465402549],[-46.29893312076689,-23.046978468281626],[-46.299324618136552,-23.047348200259197],[-46.299549599734185,-23.047598969916482],[-46.298844176917207,-23.047366153425163],[-46.29797721967293,-23.047269336011027],[-46.297397799069131,-23.047192702980805],[-46.297088905328678,-23.047238214072259],[-46.297096635001637,-23.047184863590545],[-46.29706828207555,-23.047063758185846],[-46.296898391147813,-23.046909801446134],[-46.296198903856308,-23.046789931709917],[-46.29603314981,-23.046731367858289],[-46.295897021230523,-23.046609169777295],[-46.295472715693229,-23.0459274144186]]]},"properties":{"FID":37,"Name":"R","Shape_Leng":1.85133315694}},{"type":"Feature","id":38,"geometry":{"type":"Polygon","coordinates":[[[-46.299715218882255,-23.04313874895406],[-46.299811130679068,-23.04300431739529],[-46.299950352027111,-23.042944718424003],[-46.299842374026312,-23.04299916607863],[-46.299575051447448,-23.04360458967999],[-46.299480786309175,-23.043700038326055],[-46.299438510079149,-23.043697524720905],[-46.299244413898528,-23.043686990062515],[-46.299081679775675,-23.043729819375642],[-46.299123911938921,-23.043940887561863],[-46.298955771991245,-23.043962509062506],[-46.298876773744091,-23.043852933865789],[-46.298813012710355,-23.043725323664731],[-46.298639555071354,-23.043591235646932],[-46.298558158332305,-23.043530704978025],[-46.298395229056553,-23.043717175806979],[-46.298339496270671,-23.04398408919435],[-46.298111128725573,-23.044205039131196],[-46.297824198228113,-23.044416010190691],[-46.297829637327879,-23.044631255727833],[-46.297869068102955,-23.044817944192747],[-46.297980215314624,-23.045151722174182],[-46.298119456447701,-23.045220386311708],[-46.298174961705058,-23.045215776386957],[-46.298267754653125,-23.04506418306557],[-46.298231440028871,-23.044996932662293],[-46.298396551059966,-23.044973774220239],[-46.298496993641315,-23.045051192358581],[-46.298796800631798,-23.045005359309833],[-46.298795794290413,-23.045107932385129],[-46.298869944292441,-23.045113924567932],[-46.298814409357483,-23.045295567836177],[-46.298836899603202,-23.045314449102491],[-46.298920469104303,-23.045345979333426],[-46.298949093625723,-23.045317556260169],[-46.299040355927623,-23.045275051602289],[-46.299086931816419,-23.045199191089758],[-46.299241444337156,-23.045237074131641],[-46.29932407944267,-23.045307438887189],[-46.299465419593382,-23.045374206354499],[-46.299420189090419,-23.045481433421344],[-46.299268512132073,-23.04547659057215],[-46.299153736155972,-23.045624536243299],[-46.299010437281822,-23.045667007626268],[-46.298710366789983,-23.045445658390349],[-46.297765899676506,-23.045442725701196],[-46.297318868271134,-23.045056081972582],[-46.297322199360011,-23.045031427058664],[-46.297224462838642,-23.044932970180412],[-46.296646389419266,-23.045316440201532],[-46.296404972711294,-23.044938334636409],[-46.296946984215886,-23.044382482565481],[-46.297747182986086,-23.044020445187357],[-46.297716631217497,-23.043884333695022],[-46.297963275684602,-23.043719276623268],[-46.298145192346681,-23.043851995872842],[-46.298178919621414,-23.043815347600187],[-46.298023352195919,-23.043576588388792],[-46.297744269182658,-23.043427035629129],[-46.297700288737303,-23.043547772311804],[-46.297586180058161,-23.043523248698939],[-46.297721719581666,-23.04327639558915],[-46.297778660157007,-23.043134400731962],[-46.298233191908253,-23.042981549259039],[-46.298438105134395,-23.043436495597781],[-46.299076105777608,-23.043329765855947],[-46.299450000716945,-23.04345899123939],[-46.299715218882255,-23.04313874895406]]]},"properties":{"FID":38,"Name":"R","Shape_Leng":3.1554205799499999}},{"type":"Feature","id":39,"geometry":{"type":"Polygon","coordinates":[[[-46.300076837176277,-23.042583655011644],[-46.300175750010794,-23.042002531991226],[-46.300429788703752,-23.041508365318755],[-46.300302311602366,-23.041172401984753],[-46.300730769309496,-23.041753782211224],[-46.301501728422011,-23.042131857199433],[-46.301167200405928,-23.042568464562912],[-46.300830144395597,-23.042686988913367],[-46.300584490082102,-23.04275139206306],[-46.300536255843497,-23.042785327980482],[-46.300356824907503,-23.042739751238475],[-46.300078294077991,-23.042889947013432],[-46.300076837176277,-23.042583655011644]]]},"properties":{"FID":39,"Name":"R","Shape_Leng":1.2831304610700001}},{"type":"Feature","id":40,"geometry":{"type":"Polygon","coordinates":[[[-46.295972122715234,-23.04180675317906],[-46.295890486756498,-23.041742671986707],[-46.295161995429687,-23.040044606273518],[-46.295278684263849,-23.039637288929676],[-46.294540071067395,-23.038665099314798],[-46.294943271314892,-23.038976262944118],[-46.29544233839318,-23.03982387397258],[-46.295486139873397,-23.040487523280547],[-46.295854995911277,-23.041002058698005],[-46.296161584689351,-23.041289538681205],[-46.29652307887693,-23.041396347563364],[-46.296853274858741,-23.041847800935219],[-46.297113327318208,-23.042203347906156],[-46.297289926289011,-23.042603533626107],[-46.297278099304776,-23.042736099990975],[-46.297270387618255,-23.042717638708051],[-46.297142728853828,-23.042490470858503],[-46.297002091972907,-23.042492772223632],[-46.296914951263943,-23.04250177713525],[-46.296839601566326,-23.042688459304877],[-46.296832585055725,-23.042747557353842],[-46.296775257771912,-23.04275963255094],[-46.296711336658809,-23.042726207448474],[-46.296662380264593,-23.042543244874864],[-46.296464786620582,-23.042210932788308],[-46.296214186935124,-23.042466464355812],[-46.295972122715234,-23.04180675317906]]]},"properties":{"FID":40,"Name":"R","Shape_Leng":1.7708112970800001}},{"type":"Feature","id":41,"geometry":{"type":"Polygon","coordinates":[[[-46.296286799096436,-23.042799169446077],[-46.296341978799269,-23.042822877373865],[-46.296417914854828,-23.04291259913709],[-46.296628841847514,-23.043047304089789],[-46.296766162028689,-23.043136793827959],[-46.296768916652127,-23.043266494952718],[-46.296971798309812,-23.043433337178715],[-46.297086534715781,-23.043349484391182],[-46.297224034761385,-23.04324068800728],[-46.29733401735097,-23.043345241389723],[-46.297540924374125,-23.04348605363845],[-46.297585555029286,-23.043308856618427],[-46.297471326740322,-23.043159577252649],[-46.297727650610568,-23.042913859986584],[-46.297800697144403,-23.043079444960394],[-46.297721719581666,-23.04327639558915],[-46.297586180058161,-23.043523248698939],[-46.297204423245489,-23.043759058133954],[-46.296862772598843,-23.043984814947176],[-46.296795080628442,-23.043959596158402],[-46.296376035225826,-23.043901281418979],[-46.296496551574542,-23.04383494922352],[-46.296306526624846,-23.043523736131494],[-46.29598379501607,-23.04345912074178],[-46.296286799096436,-23.042799169446077]]]},"properties":{"FID":41,"Name":"R","Shape_Leng":1.07509655185}},{"type":"Feature","id":42,"geometry":{"type":"Polygon","coordinates":[[[-46.29733401735097,-23.043345241389723],[-46.297224034761385,-23.04324068800728],[-46.297431272735025,-23.042941274020507],[-46.297349754587458,-23.042909725803156],[-46.297363796601886,-23.042782272084136],[-46.297278099304776,-23.042736099990975],[-46.297289926289011,-23.042603533626107],[-46.297533147936413,-23.042728191352939],[-46.297727650610568,-23.042913859986584],[-46.297471326740322,-23.043159577252649],[-46.297585555029286,-23.043308856618427],[-46.297540924374125,-23.04348605363845],[-46.29733401735097,-23.043345241389723]]]},"properties":{"FID":42,"Name":"R","Shape_Leng":0.22155715277999999}},{"type":"Feature","id":43,"geometry":{"type":"Polygon","coordinates":[[[-46.298003212777985,-23.039975118357042],[-46.298206630431615,-23.040045743915918],[-46.299183636815371,-23.040024081046457],[-46.298960938596394,-23.040159189794739],[-46.298706263183476,-23.040463272162246],[-46.298903087907149,-23.04078346858218],[-46.298783213674305,-23.041149230952232],[-46.298764536554074,-23.041143987904654],[-46.298818851109061,-23.041304344220034],[-46.298732226610923,-23.041546321205718],[-46.299029698961419,-23.041977232263449],[-46.29898891290798,-23.042163196774077],[-46.298003988892951,-23.041973551338319],[-46.297497870230487,-23.041322440378277],[-46.297934134952293,-23.040145531790809],[-46.298003212777985,-23.039975118357042]]]},"properties":{"FID":43,"Name":"R","Shape_Leng":2.5450130969}},{"type":"Feature","id":44,"geometry":{"type":"Polygon","coordinates":[[[-46.294119043558965,-23.046729341685708],[-46.293828859314374,-23.04670002558569],[-46.293522770559385,-23.046401831079603],[-46.293310073700923,-23.046458055794588],[-46.293087926766347,-23.046349513019553],[-46.292957008858828,-23.046166242877767],[-46.292922322007485,-23.046028387599964],[-46.292951054447556,-23.045964253347577],[-46.293041910255909,-23.045918128019146],[-46.293118346334559,-23.045875459684645],[-46.29322998637474,-23.045800064121639],[-46.293255990271689,-23.045749175084325],[-46.293285868448045,-23.045700992107086],[-46.293329394735743,-23.045653254294226],[-46.293348406403766,-23.045640859837761],[-46.293283848570695,-23.045489523722484],[-46.293258767378184,-23.045404429870484],[-46.293621475650525,-23.044739651913353],[-46.293716828069137,-23.04460386687493],[-46.293823702601749,-23.044381186642394],[-46.294240937669088,-23.043678617374272],[-46.294246095281046,-23.043825918231533],[-46.294363300325969,-23.043990077779835],[-46.29455867444323,-23.044161695405879],[-46.294814342707696,-23.044304052689821],[-46.294880430287606,-23.044340851149339],[-46.295082052894379,-23.044330849788832],[-46.295411372936478,-23.04438897656998],[-46.295640793587722,-23.044450890396202],[-46.295365621726035,-23.044770614672089],[-46.295264480371429,-23.045182612087835],[-46.295165070211795,-23.045154382368818],[-46.294948249961763,-23.044937095370585],[-46.294875391386135,-23.044926040904063],[-46.294988796795508,-23.045187659083208],[-46.294863075170724,-23.045430574961014],[-46.295040500618533,-23.045430367217644],[-46.29506115534798,-23.045493998749016],[-46.295272185762727,-23.045553788376591],[-46.295207983161838,-23.045677546781278],[-46.294977728839058,-23.045901021115185],[-46.294119043558965,-23.046729341685708]]]},"properties":{"FID":44,"Name":"R","Shape_Leng":4.6256851974100002}},{"type":"Feature","id":45,"geometry":{"type":"Polygon","coordinates":[[[-46.290750627439479,-23.045307875058409],[-46.290486962403349,-23.045181745141409],[-46.29039681076415,-23.04491028298316],[-46.290347077355705,-23.044446417168395],[-46.290279763100571,-23.044449331871107],[-46.29022025406141,-23.044439049922179],[-46.290353699963248,-23.043541132617126],[-46.290364034072866,-23.042482837412997],[-46.290529331263599,-23.042006919783482],[-46.290685375329765,-23.041533460001137],[-46.290794490972942,-23.041185136384907],[-46.291056714395843,-23.041253813112949],[-46.291116482439698,-23.041125455575322],[-46.291359509833455,-23.041037882292443],[-46.291320562893645,-23.041593925918889],[-46.29150042460487,-23.041535702910352],[-46.291835921190795,-23.042787965692018],[-46.291706846893419,-23.042845097822976],[-46.290854572880164,-23.04317969328816],[-46.290868300131883,-23.043453321913191],[-46.29052527172388,-23.043586143685559],[-46.290538832600987,-23.044176063874204],[-46.290521085379744,-23.044515675757818],[-46.290556898182281,-23.044617582435432],[-46.290659315674816,-23.045037080197066],[-46.290750627439479,-23.045307875058409]]]},"properties":{"FID":45,"Name":"R","Shape_Leng":3.0110933367400001}},{"type":"Feature","id":46,"geometry":{"type":"Polygon","coordinates":[[[-46.287495852351626,-23.044812181337115],[-46.287439102432586,-23.044713672298077],[-46.287526707191716,-23.044669037146335],[-46.287537327285804,-23.044730827765463],[-46.287712422590189,-23.044852307288139],[-46.287781810681963,-23.044983632588547],[-46.287914228658686,-23.045053670890134],[-46.288027157427329,-23.044887712697737],[-46.288144348982478,-23.044968875613055],[-46.288227962550373,-23.045086411608565],[-46.288342253791939,-23.045053526099306],[-46.288457013580292,-23.045028837910476],[-46.288673215996091,-23.045011713020092],[-46.28882069222113,-23.045052933446069],[-46.288959867703674,-23.0451490170135],[-46.289081314850769,-23.045314202688267],[-46.289220302374979,-23.045420231858159],[-46.289341063339357,-23.045485649443112],[-46.289473055936746,-23.045490479701765],[-46.289669300597737,-23.045502065667737],[-46.289815134660678,-23.045525831152155],[-46.28953139136059,-23.045784891659373],[-46.289399493192036,-23.045924371112786],[-46.28930747006364,-23.046004587941372],[-46.289064225033961,-23.045888258836044],[-46.288965326588482,-23.045745207275427],[-46.288972683942177,-23.045630118335222],[-46.28886922143738,-23.045476978180009],[-46.288633090944352,-23.045206114970188],[-46.288395980190273,-23.045279209168147],[-46.288101589816449,-23.045426161088425],[-46.287813171840369,-23.045461304795332],[-46.287800929369332,-23.045296538204674],[-46.287736712379342,-23.045148626707718],[-46.287736671010528,-23.045148533178235],[-46.287486546167138,-23.045044681266969],[-46.287291048842803,-23.044940221414052],[-46.287212191789195,-23.044852856773904],[-46.287344268922823,-23.044750507629765],[-46.287413400707862,-23.044837472970997],[-46.287495852351626,-23.044812181337115]]]},"properties":{"FID":46,"Name":"R","Shape_Leng":0.98553423263399997}},{"type":"Feature","id":47,"geometry":{"type":"Polygon","coordinates":[[[-46.284899493416845,-23.045122064331732],[-46.284992265680515,-23.044916395675095],[-46.285138913629908,-23.044782057645826],[-46.285257670904741,-23.044537883616389],[-46.285373032339514,-23.044607313077012],[-46.285424713679561,-23.044850597676888],[-46.285376019887337,-23.045071279615801],[-46.285399448125993,-23.045124286556533],[-46.2854550810871,-23.045117529950005],[-46.285601881021933,-23.044991057391311],[-46.285727589156856,-23.044709091151624],[-46.285592969639822,-23.045420104154456],[-46.28558967542314,-23.045437507834684],[-46.285518460808305,-23.045774757199226],[-46.285578405119281,-23.046517216796083],[-46.285379997588798,-23.046498019867659],[-46.28508548490715,-23.046480428229131],[-46.284597885084281,-23.046497304007389],[-46.284481945385437,-23.046464304284147],[-46.2844948839317,-23.046425371733466],[-46.284596813092435,-23.046354420619995],[-46.284627900856876,-23.046333277558688],[-46.284642858381176,-23.046259773269863],[-46.284682656079667,-23.046166051322192],[-46.28470987586001,-23.046020021206971],[-46.284667876621143,-23.045900238705038],[-46.28484354119643,-23.045657860621702],[-46.284995957397484,-23.045495702964281],[-46.28488337037119,-23.045324732850073],[-46.284899493416845,-23.045122064331732]]]},"properties":{"FID":47,"Name":"R","Shape_Leng":1.4783567445800001}},{"type":"Feature","id":48,"geometry":{"type":"Polygon","coordinates":[[[-46.281957409007191,-23.040006768197777],[-46.282094998984981,-23.039869512767805],[-46.28288551205668,-23.040382043596367],[-46.282999785311809,-23.040150570692216],[-46.283615147321136,-23.039932950944884],[-46.283795716798871,-23.039927344571268],[-46.283844914211386,-23.040111630946974],[-46.284079532044714,-23.040381564257753],[-46.284481623428128,-23.040296482996261],[-46.284723147155503,-23.040191238035185],[-46.284932728762378,-23.040782204135382],[-46.284918472709315,-23.041156544239069],[-46.284025604198234,-23.041205669705846],[-46.283518147344573,-23.041518524060567],[-46.283339757823512,-23.041959153192316],[-46.283160834105161,-23.042155962627575],[-46.282881486691224,-23.043109117191968],[-46.282619517776482,-23.042990395890001],[-46.283003075931177,-23.042148725783012],[-46.282416931995797,-23.041490263764594],[-46.282323561682972,-23.041100115377969],[-46.28234296905277,-23.041098192627452],[-46.282301078631811,-23.040736007760533],[-46.281957409007191,-23.040006768197777]]]},"properties":{"FID":48,"Name":"R","Shape_Leng":4.3453344207200004}},{"type":"Feature","id":49,"geometry":{"type":"Polygon","coordinates":[[[-46.283011339801469,-23.042666051796797],[-46.283099280007718,-23.042677001942035],[-46.283103782913209,-23.043152379079],[-46.283493637221504,-23.043466569826293],[-46.284312912410961,-23.043171585899927],[-46.284374796559568,-23.04304413308023],[-46.284798099352784,-23.043024038628459],[-46.285359885150527,-23.043512033253716],[-46.285333011609161,-23.043706787738035],[-46.285127317771476,-23.043794477932757],[-46.285128789961618,-23.043476537911832],[-46.284799975338565,-23.043726961330144],[-46.284676779010105,-23.043615316793375],[-46.284366670285578,-23.043462218006972],[-46.284404136941305,-23.043621848569394],[-46.284230179279291,-23.043716677582548],[-46.284176079662295,-23.043849117142958],[-46.283966465679782,-23.043800348707062],[-46.283904554551498,-23.04422780367014],[-46.283616556558798,-23.044333799565134],[-46.283420492661548,-23.044299968868412],[-46.28324604756699,-23.044316683667954],[-46.283369174647639,-23.044083278120763],[-46.283376621933542,-23.043786695199799],[-46.283242087852038,-23.043616588434787],[-46.282990116700489,-23.043468649958193],[-46.282754843261394,-23.043375128559312],[-46.282566601667263,-23.043341721443241],[-46.282260999445498,-23.043371492600237],[-46.281919321819203,-23.043483434812639],[-46.282030730733609,-23.043259314765521],[-46.282619517776482,-23.042990395890001],[-46.282881486691224,-23.043109117191968],[-46.283011339801469,-23.042666051796797]]]},"properties":{"FID":49,"Name":"R","Shape_Leng":1.9377659170999999}},{"type":"Feature","id":50,"geometry":{"type":"Polygon","coordinates":[[[-46.284559831171237,-23.042008550254362],[-46.284486332278391,-23.042191423795146],[-46.284528381879298,-23.042442521704981],[-46.284254820703381,-23.04259075515915],[-46.283760093753301,-23.042703371863059],[-46.28343493937092,-23.042576560259974],[-46.283423252680912,-23.042447982388396],[-46.283643279014093,-23.042184183353367],[-46.28378293923123,-23.042168968622942],[-46.284202694198953,-23.041860529040147],[-46.284559831171237,-23.042008550254362]]]},"properties":{"FID":50,"Name":"R","Shape_Leng":0.67253450420600003}},{"type":"Feature","id":51,"geometry":{"type":"Polygon","coordinates":[[[-46.295486139873397,-23.040487523280547],[-46.295470810029826,-23.040112151654458],[-46.29544233839318,-23.03982387397258],[-46.295227529926535,-23.039421369800294],[-46.294943271314892,-23.038976262944118],[-46.29461627512098,-23.038722600167834],[-46.294240777589778,-23.038439266059253],[-46.293952617719064,-23.03822567257669],[-46.294353899712632,-23.038118217082005],[-46.294583189062912,-23.037851068072356],[-46.294903080612642,-23.037621055667167],[-46.295164125923648,-23.037465504429459],[-46.29518479234423,-23.036998670851922],[-46.29557105476033,-23.036538161307075],[-46.296388230032733,-23.036932320670029],[-46.296202850081443,-23.037360344004636],[-46.296265093958866,-23.038581553196089],[-46.29659426111624,-23.038906090643543],[-46.296370506193853,-23.039339204140916],[-46.296388114020203,-23.039346994967758],[-46.296640240754471,-23.040043897607774],[-46.296420546271179,-23.040456825821796],[-46.296592011012471,-23.040525010620669],[-46.296608088192684,-23.040535251200822],[-46.297088292890358,-23.039889538871069],[-46.297562202333722,-23.039983744654023],[-46.297934134952293,-23.040145531790809],[-46.297497870230487,-23.041322440378277],[-46.298003988892951,-23.041973551338319],[-46.29898891290798,-23.042163196774077],[-46.299029698961419,-23.041977232263449],[-46.298732226610923,-23.041546321205718],[-46.298818851109061,-23.041304344220034],[-46.298764536554074,-23.041143987904654],[-46.298783213674305,-23.041149230952232],[-46.298903087907149,-23.04078346858218],[-46.298706263183476,-23.040463272162246],[-46.298960938596394,-23.040159189794739],[-46.299734878062104,-23.039689646559925],[-46.300080134090891,-23.039077505922105],[-46.300622056562645,-23.038975884329545],[-46.3010511357013,-23.039180876696033],[-46.300839467667231,-23.039874237805808],[-46.300858250008154,-23.039879149003465],[-46.300562445000828,-23.040253158156702],[-46.300250526840273,-23.041035923568984],[-46.300429788703752,-23.041508365318755],[-46.300175750010794,-23.042002531991226],[-46.300076837176277,-23.042583655011644],[-46.299915161555418,-23.042795632412457],[-46.298955461725143,-23.042831091781409],[-46.298051894879002,-23.042777853714945],[-46.297727650610568,-23.042913859986584],[-46.297533147936413,-23.042728191352939],[-46.297289926289011,-23.042603533626107],[-46.297113327318208,-23.042203347906156],[-46.296793770316185,-23.041769806331452],[-46.29652307887693,-23.041396347563364],[-46.296161584689351,-23.041289538681205],[-46.295854995911277,-23.041002058698005],[-46.295486139873397,-23.040487523280547]]]},"properties":{"FID":51,"Name":"R","Shape_Leng":16.4542203484}},{"type":"Feature","id":52,"geometry":{"type":"Polygon","coordinates":[[[-46.299915161555418,-23.042795632412457],[-46.300076837176277,-23.042583655011644],[-46.300078294077991,-23.042889947013432],[-46.299811130679068,-23.04300431739529],[-46.299715218882255,-23.04313874895406],[-46.299450000716945,-23.04345899123939],[-46.299076105777608,-23.043329765855947],[-46.298438105134395,-23.043436495597781],[-46.298233191908253,-23.042981549259039],[-46.297778660157007,-23.043134400731962],[-46.297800697144403,-23.043079444960394],[-46.297727650610568,-23.042913859986584],[-46.298051894879002,-23.042777853714945],[-46.298695284259907,-23.042815762837179],[-46.298955461725143,-23.042831091781409],[-46.299915161555418,-23.042795632412457]]]},"properties":{"FID":52,"Name":"R","Shape_Leng":1.12004686825}},{"type":"Feature","id":53,"geometry":{"type":"Polygon","coordinates":[[[-46.294133284323557,-23.046731010827457],[-46.293869442121036,-23.046972664057119],[-46.293695435895586,-23.04713177121425],[-46.293458762212104,-23.047302538081624],[-46.293129976367254,-23.047361441877001],[-46.292844381363068,-23.047250831560589],[-46.292963563117894,-23.04707883891723],[-46.293271685240029,-23.047184449003034],[-46.293345581633218,-23.047157036767771],[-46.293039975814168,-23.046911875282781],[-46.292797489812244,-23.046776764735853],[-46.292580043634075,-23.046293223553405],[-46.292489489098607,-23.045968815608354],[-46.292681366651721,-23.045910562922074],[-46.292801584425547,-23.045792674392402],[-46.292904814905235,-23.045712475550271],[-46.293038151989094,-23.045614450346537],[-46.293262352075828,-23.045397516781925],[-46.293348447772594,-23.045640695261852],[-46.293282128167618,-23.045694749912755],[-46.293232303028326,-23.045798499301249],[-46.293096362407141,-23.045890308391002],[-46.29296941410712,-23.045954931874579],[-46.292922295927148,-23.046067298566946],[-46.292962656601276,-23.046175360204654],[-46.293072616707832,-23.046341151123169],[-46.293316661234876,-23.0464565062627],[-46.293534561570723,-23.046415445016763],[-46.293823341074301,-23.046694689907945],[-46.294133284323557,-23.046731010827457]]]},"properties":{"FID":53,"Name":"R","Shape_Leng":1.3187854731199999}},{"type":"Feature","id":54,"geometry":{"type":"Polygon","coordinates":[[[-46.296445667933199,-23.04616046203564],[-46.296140271656157,-23.045916451682839],[-46.297318868271134,-23.045056081972582],[-46.297765899676506,-23.045442725701196],[-46.298710366789983,-23.045445658390349],[-46.299010437281822,-23.045667007626268],[-46.300280059677,-23.045907670702395],[-46.300280295299338,-23.045907805600692],[-46.299861902804537,-23.046920590612714],[-46.300476397867449,-23.047463198367886],[-46.300967289208984,-23.047384638989858],[-46.301464417348939,-23.046567002365222],[-46.301410354604116,-23.047322077651689],[-46.301054525246116,-23.047551803173114],[-46.301010674303143,-23.048029086872816],[-46.301306714932871,-23.048108802778984],[-46.302506515763078,-23.046862783090944],[-46.303152473607717,-23.047232774972546],[-46.303659489793581,-23.047744778798457],[-46.304083469776295,-23.048460906245783],[-46.30337237403581,-23.048691778402841],[-46.30270899272579,-23.047703489124668],[-46.302606589622378,-23.047937252602122],[-46.301696448732059,-23.04854081820417],[-46.301399313627378,-23.04893436602811],[-46.300905488697303,-23.048622688885917],[-46.300327152675891,-23.048215001920756],[-46.299553259974914,-23.047603049241275],[-46.299324618136552,-23.047348200259197],[-46.29893312076689,-23.046978468281626],[-46.298988613433721,-23.046861375651954],[-46.297880439130893,-23.046777430234165],[-46.297080983200765,-23.046844756180512],[-46.297165949349051,-23.04632615942467],[-46.296404432218708,-23.046404956223689],[-46.296445667933199,-23.04616046203564]]]},"properties":{"FID":54,"Name":"R","Shape_Leng":10.3867114269}},{"type":"Feature","id":55,"geometry":{"type":"Polygon","coordinates":[[[-46.297744269182658,-23.043427035629129],[-46.298023352195919,-23.043576588388792],[-46.298178919621414,-23.043815347600187],[-46.298145192346681,-23.043851995872842],[-46.297963275684602,-23.043719276623268],[-46.297716631217497,-23.043884333695022],[-46.297747182986086,-23.044020445187357],[-46.296946984215886,-23.044382482565481],[-46.296404972711294,-23.044938334636409],[-46.296646389419266,-23.045316440201532],[-46.297224462838642,-23.044932970180412],[-46.297322199360011,-23.045031427058664],[-46.296124823102048,-23.045898109110396],[-46.296123609017286,-23.046001713708051],[-46.296044574797236,-23.046095280073082],[-46.295979989984517,-23.045997725214818],[-46.295730691618076,-23.046009539608544],[-46.295342644047771,-23.045643224155416],[-46.295911191848006,-23.04487705663081],[-46.296093298267067,-23.044761925422439],[-46.296298492981009,-23.044654048145809],[-46.296603491757708,-23.044311922657094],[-46.296862772598843,-23.043984814947176],[-46.297204423245489,-23.043759058133954],[-46.297586180058161,-23.043523248698939],[-46.297700288737303,-23.043547772311804],[-46.297744269182658,-23.043427035629129]]]},"properties":{"FID":55,"Name":"R","Shape_Leng":2.1715256997200001}},{"type":"Feature","id":56,"geometry":{"type":"Polygon","coordinates":[[[-46.301410354604116,-23.047322077651689],[-46.301463096244845,-23.046585446561057],[-46.302505978867778,-23.046863339771306],[-46.301328556767444,-23.048086120977626],[-46.301410354604116,-23.047322077651689]]]},"properties":{"FID":56,"Name":"R","Shape_Leng":0.898034408497}},{"type":"Feature","id":57,"geometry":{"type":"Polygon","coordinates":[[[-46.298934611842817,-23.046975323352449],[-46.298940301853406,-23.047164365343093],[-46.29823969580525,-23.046967173696089],[-46.29808669864218,-23.04715238907152],[-46.297773418908093,-23.047125905835848],[-46.2977416530548,-23.047061859717026],[-46.297940968001228,-23.047019834397823],[-46.297876031553585,-23.04677780075485],[-46.298988613433721,-23.046861375651954],[-46.298934611842817,-23.046975323352449]]]},"properties":{"FID":57,"Name":"R","Shape_Leng":0.32120606749800001}},{"type":"Feature","id":58,"geometry":{"type":"Polygon","coordinates":[[[-46.289734017610805,-23.043389118413046],[-46.289381108351442,-23.042958910625231],[-46.289157786902308,-23.043203290599369],[-46.288758800877936,-23.043034300792332],[-46.287808673431471,-23.043047524423699],[-46.287596711319111,-23.043347669559239],[-46.287419398286559,-23.043152070611551],[-46.287641936426155,-23.042978892661726],[-46.28774186999123,-23.042981498897035],[-46.28782032504791,-23.042937729792332],[-46.287866595167209,-23.042887053894368],[-46.287960533851503,-23.042789060166964],[-46.287993312341428,-23.042682415860781],[-46.288044549416391,-23.04256443829815],[-46.288001953927001,-23.042435008768646],[-46.28809169277735,-23.042365274437831],[-46.287939352119338,-23.041567142309692],[-46.287982461121665,-23.041440703025966],[-46.288068619770961,-23.041484470332041],[-46.288219029584539,-23.041567546105295],[-46.288264740325474,-23.041606510132276],[-46.288353611330081,-23.041679661886864],[-46.288435931672886,-23.041749163293211],[-46.288472087117114,-23.041807203739452],[-46.2884721356805,-23.041863233301513],[-46.288477212353428,-23.041983016702822],[-46.28990503628836,-23.042891124225953],[-46.289734017610805,-23.043389118413046]]]},"properties":{"FID":58,"Name":"R","Shape_Leng":1.98845701764}},{"type":"Feature","id":59,"geometry":{"type":"Polygon","coordinates":[[[-46.287726176821543,-23.046768887574071],[-46.287812407416652,-23.046522059645273],[-46.287828023244629,-23.046371326975169],[-46.287695550409296,-23.045913743824208],[-46.287858397846719,-23.045703611832177],[-46.287813171840369,-23.045461304795332],[-46.288101589816449,-23.045426161088425],[-46.288395980190273,-23.045279209168147],[-46.288633090944352,-23.045206114970188],[-46.28886922143738,-23.045476978180009],[-46.288972683942177,-23.045630118335222],[-46.288965326588482,-23.045745207275427],[-46.289064225033961,-23.045888258836044],[-46.28930747006364,-23.046004587941372],[-46.289108558912801,-23.046177981728423],[-46.288737567884425,-23.046417574611326],[-46.288356588085996,-23.046533559276273],[-46.287763790966153,-23.046817218040136],[-46.287726176821543,-23.046768887574071]]]},"properties":{"FID":59,"Name":"R","Shape_Leng":1.6680316210199999}},{"type":"Feature","id":60,"geometry":{"type":"Polygon","coordinates":[[[-46.285518460808305,-23.045774757199226],[-46.28558967542314,-23.045437507834684],[-46.285727589156856,-23.044709091151624],[-46.286287715705505,-23.044433483118766],[-46.286541796666548,-23.044394087417199],[-46.286785048890863,-23.044457850249561],[-46.28687005281062,-23.044871845059586],[-46.286635768625786,-23.045329948018651],[-46.286493434724193,-23.045873086373781],[-46.286531074049783,-23.046016566910968],[-46.286800860771045,-23.046047056626314],[-46.286927932278218,-23.045767013137091],[-46.287018311445877,-23.045771777745308],[-46.286956653027062,-23.046124364148056],[-46.286836338126477,-23.046812376989578],[-46.285578405119281,-23.046517216796083],[-46.285518460808305,-23.045774757199226]]]},"properties":{"FID":60,"Name":"R","Shape_Leng":2.8516628007699998}},{"type":"Feature","id":61,"geometry":{"type":"Polygon","coordinates":[[[-46.286598112213085,-23.037061288847404],[-46.28657700962129,-23.036966455337613],[-46.286639822769587,-23.036871398795988],[-46.286903228800952,-23.036765273398604],[-46.286956629644692,-23.036669841839679],[-46.287157189252866,-23.036318199725105],[-46.287299969218175,-23.035904239089273],[-46.287221016836448,-23.035586419577555],[-46.287250574854113,-23.035311974368089],[-46.287401078197149,-23.035237572555889],[-46.28758505880338,-23.035241730121665],[-46.287597153785548,-23.035316088766422],[-46.287499150165615,-23.035602860983204],[-46.287548091271333,-23.035741570616963],[-46.287512812666151,-23.035924391097751],[-46.287523267284939,-23.036215221055546],[-46.287602720589064,-23.0363177707485],[-46.287502209659181,-23.036520540890198],[-46.287399585322582,-23.036648688885844],[-46.287417200343498,-23.036774014808891],[-46.287528191073136,-23.037034347856828],[-46.287883445764351,-23.037100539758061],[-46.288137701193932,-23.036865457874519],[-46.288259923556616,-23.03672119132991],[-46.28834673871097,-23.03674382186982],[-46.288411269564399,-23.036636666748709],[-46.28847885991145,-23.0366501520828],[-46.288456825621957,-23.036986875343977],[-46.288641529283097,-23.036803044924511],[-46.288729092673464,-23.036691058645374],[-46.288858633718917,-23.036622599553269],[-46.289208532947384,-23.036533187156806],[-46.289358781782312,-23.036503837781833],[-46.289546643862487,-23.03666234958774],[-46.289629965150723,-23.036795630014304],[-46.289717008732914,-23.036880352446268],[-46.28970446229107,-23.036994355005447],[-46.289627025266959,-23.037044535376939],[-46.289580958394481,-23.037157789700206],[-46.289399736908315,-23.037196722250872],[-46.289256418249067,-23.037312503669057],[-46.289116569174276,-23.037345760598342],[-46.288768089975349,-23.037350795003132],[-46.288645976430644,-23.037243860215945],[-46.288561014778963,-23.03733097844184],[-46.288503715374134,-23.037453509271991],[-46.288300793246954,-23.037611926649056],[-46.288189326775978,-23.037684673708672],[-46.288006170848064,-23.037874380298376],[-46.287897059701493,-23.037970175183389],[-46.287820504012991,-23.0382023729411],[-46.28781864781228,-23.038460878566685],[-46.287824208320501,-23.03866695821354],[-46.287914458885155,-23.03879538679762],[-46.28788963759667,-23.038893484846433],[-46.287855442674456,-23.03896129372869],[-46.287987283286441,-23.039066615132125],[-46.288102304777524,-23.039313275786974],[-46.288102735552734,-23.039509524944538],[-46.288016506756321,-23.039682048187984],[-46.287896277291338,-23.03979811109388],[-46.287774221303209,-23.03990285333396],[-46.287800738713081,-23.03998523303207],[-46.287747558203193,-23.040020699595559],[-46.287673140203196,-23.040039668096142],[-46.287561046904727,-23.039948230426429],[-46.287436121180001,-23.039725321766131],[-46.287395726331681,-23.03958943330565],[-46.287404485728423,-23.039476130419015],[-46.287486127083071,-23.039398839085102],[-46.287498951415436,-23.039372181380987],[-46.287442625077063,-23.039184624171021],[-46.287440520663438,-23.038934441770973],[-46.287478212149715,-23.038840141559266],[-46.287448271020828,-23.038768256949481],[-46.287516177029879,-23.038693652789775],[-46.287562225915956,-23.038544369826777],[-46.287511952914251,-23.03832007710982],[-46.287420282320113,-23.038116099178595],[-46.287341599734987,-23.03796446268974],[-46.287104149936511,-23.037702857101124],[-46.286950243558856,-23.037491356340983],[-46.286826287303256,-23.037309371330355],[-46.286743942678754,-23.037116353436943],[-46.286598112213085,-23.037061288847404]]]},"properties":{"FID":61,"Name":"R","Shape_Leng":4.2774485873900003}},{"type":"Feature","id":62,"geometry":{"type":"Polygon","coordinates":[[[-46.287981500645678,-23.041438143555435],[-46.287844583360766,-23.041128473700041],[-46.287796410276115,-23.040982424699106],[-46.287708646336903,-23.040831450111298],[-46.287773947909322,-23.040783618768959],[-46.287880229788755,-23.040738117570008],[-46.287964591592591,-23.04071799523923],[-46.287993975141774,-23.04088211611673],[-46.28803670822748,-23.041110697700496],[-46.288052310565668,-23.041250103409478],[-46.288319072866891,-23.041463257123553],[-46.288436874162358,-23.041441515113803],[-46.288572304867955,-23.041348595361342],[-46.288837675917989,-23.041331259130232],[-46.288941430702451,-23.041259107421805],[-46.288919943200781,-23.041152661865787],[-46.288876034701225,-23.041107309954366],[-46.288962215833585,-23.041112224749366],[-46.289034326173187,-23.041167634678576],[-46.289110264926769,-23.041279796325508],[-46.288963292322023,-23.041337108320885],[-46.288473436100162,-23.041796005381293],[-46.288417506362812,-23.041726147843406],[-46.288306782731809,-23.041645591970457],[-46.288220116864863,-23.041565029802261],[-46.287981500645678,-23.041438143555435]]]},"properties":{"FID":62,"Name":"R","Shape_Leng":0.41062116307099999}},{"type":"Feature","id":63,"geometry":{"type":"Polygon","coordinates":[[[-46.305980052737198,-23.041133087222125],[-46.306138080707797,-23.041313166569356],[-46.306310950190145,-23.041594216399911],[-46.306851242191037,-23.041923005842033],[-46.307083162957554,-23.042292718933769],[-46.307373956043186,-23.042727453009487],[-46.307855973774103,-23.043005845343437],[-46.308151359697447,-23.043284225986241],[-46.307727977763932,-23.043780617581369],[-46.307336329308093,-23.04410903470416],[-46.307175381238828,-23.044234571068554],[-46.307183044361992,-23.04435514407459],[-46.307192876649886,-23.044639852347277],[-46.307071675917086,-23.044643816558853],[-46.306483700062643,-23.044236340035031],[-46.305985597956912,-23.043835713647258],[-46.305957501337566,-23.043814468962516],[-46.305761918577616,-23.043700360283371],[-46.305549415972713,-23.043664334341486],[-46.305563790736301,-23.043723031292814],[-46.30550112597615,-23.04388899218322],[-46.305286967719326,-23.044065009292694],[-46.304985234381036,-23.044290168956081],[-46.30451104524851,-23.044457853846865],[-46.304343136426553,-23.044476038138608],[-46.304159770057304,-23.044252207673193],[-46.303737245177672,-23.044096399229385],[-46.303588104307558,-23.044089300880497],[-46.303296464959828,-23.044190385577803],[-46.302969168392337,-23.044231937853628],[-46.303049100135809,-23.044089281994733],[-46.303193353190636,-23.043975792049146],[-46.303312132948541,-23.043880531361363],[-46.30358240800166,-23.04390303239899],[-46.303829379821998,-23.043834620970937],[-46.303951298213804,-23.04376118143335],[-46.304250133936478,-23.043751807799641],[-46.304588946322767,-23.043726623185087],[-46.305019041695402,-23.043748472214229],[-46.30522073894587,-23.043699210050516],[-46.305402384912107,-23.043643239843622],[-46.305447729628952,-23.043616231403924],[-46.305264669928526,-23.043451576329129],[-46.30506443857292,-23.043295525068391],[-46.304982668615196,-23.043070893307075],[-46.304816679845828,-23.042814036138793],[-46.304828546400245,-23.042711643827264],[-46.304881799755229,-23.042355931381106],[-46.304933651067074,-23.041931570085872],[-46.304953767102631,-23.041509350076417],[-46.304979990434163,-23.041367597136851],[-46.305002791845311,-23.04114929210613],[-46.305211396788479,-23.041176191727779],[-46.305839836739047,-23.041390421930373],[-46.305980052737198,-23.041133087222125]]]},"properties":{"FID":63,"Name":"R","Shape_Leng":8.4392988211999995}},{"type":"Feature","id":64,"geometry":{"type":"Polygon","coordinates":[[[-46.302973772021922,-23.043128029035245],[-46.302799629998901,-23.043036833283161],[-46.302546717257144,-23.042969454276811],[-46.302623656956143,-23.04279374833277],[-46.302643701945271,-23.042606002265128],[-46.302732858034922,-23.04239559508062],[-46.302912974254298,-23.04248601022114],[-46.302913834905496,-23.042558293230631],[-46.302983722121041,-23.042614265236125],[-46.303213340623131,-23.042765877443255],[-46.303463012208226,-23.042931484900073],[-46.303402593954509,-23.042997426789778],[-46.303374372329358,-23.043067573909358],[-46.303489241834995,-23.04309445374599],[-46.303602514144643,-23.04315699619842],[-46.303572601794095,-23.043228936566187],[-46.303478949094199,-23.043265094708318],[-46.303373252673452,-23.043198778700681],[-46.303268539211679,-23.043161500902485],[-46.303069037206292,-23.043184359870292],[-46.302973772021922,-23.043128029035245]]]},"properties":{"FID":64,"Name":"R","Shape_Leng":0.46610762042199999}},{"type":"Feature","id":65,"geometry":{"type":"Polygon","coordinates":[[[-46.300554066916625,-23.042886169860832],[-46.300488795921126,-23.042874848295579],[-46.300498245097913,-23.042812072019444],[-46.300584490082102,-23.04275139206306],[-46.300830144395597,-23.042686988913367],[-46.30101577885506,-23.042619511880908],[-46.301167200405928,-23.042568464562912],[-46.301219926758172,-23.042569267657555],[-46.301043468980879,-23.042699079398975],[-46.300884731445137,-23.04280319391221],[-46.300754238017639,-23.042889302199502],[-46.300554066916625,-23.042886169860832]]]},"properties":{"FID":65,"Name":"R","Shape_Leng":0.0947446314303}},{"type":"Feature","id":66,"geometry":{"type":"Polygon","coordinates":[[[-46.295213617414454,-23.042337721908261],[-46.295503853819753,-23.041981560700457],[-46.295601421268543,-23.041681033352969],[-46.295972122715234,-23.04180675317906],[-46.296214186935124,-23.042466464355812],[-46.296464786620582,-23.042210932788308],[-46.296662380264593,-23.042543244874864],[-46.296317447092463,-23.042732417267207],[-46.29598379501607,-23.04345912074178],[-46.296306526624846,-23.043523736131494],[-46.296496551574542,-23.04383494922352],[-46.296376035225826,-23.043901281418979],[-46.296795080628442,-23.043959596158402],[-46.296278001928215,-23.044598597747047],[-46.29589923266343,-23.044804574871193],[-46.29524571601695,-23.0456809363261],[-46.295411668813436,-23.045910926248194],[-46.295274960171263,-23.045888095159391],[-46.295155031979107,-23.045882917762441],[-46.295047221252219,-23.04591580776826],[-46.295241682557574,-23.045627600233512],[-46.295334312728301,-23.045403448710154],[-46.29524968382583,-23.045243774080852],[-46.295363563177837,-23.04477300776805],[-46.295643656129812,-23.044447564703312],[-46.295357671719159,-23.044375431880614],[-46.295077380016998,-23.044330094358344],[-46.29488400419342,-23.044342841349017],[-46.294539226604002,-23.044150865769776],[-46.294358989875434,-23.043986138749222],[-46.294240702946077,-23.043818266799519],[-46.294240994326401,-23.043645441383937],[-46.294531292784882,-23.043228858325083],[-46.294771154565062,-23.042968494700236],[-46.294959173127268,-23.042680341124818],[-46.295213617414454,-23.042337721908261]]]},"properties":{"FID":66,"Name":"R","Shape_Leng":5.1536172771800004}},{"type":"Feature","id":67,"geometry":{"type":"Polygon","coordinates":[[[-46.295262100765292,-23.045192445275077],[-46.295251903352607,-23.045247961324339],[-46.295330040049294,-23.045395388086664],[-46.295282011755369,-23.045373976128083],[-46.295133859240195,-23.045201830599979],[-46.295011195310401,-23.045327523446428],[-46.295246760129828,-23.04552271769921],[-46.295264496559241,-23.045553622901295],[-46.295061065415801,-23.045493687583594],[-46.295042754319638,-23.045430268292193],[-46.294859062395744,-23.04543832981501],[-46.294991691713165,-23.045182067098665],[-46.294879861916051,-23.044926718992848],[-46.294948174418671,-23.04493708278012],[-46.295158753373769,-23.045151848079261],[-46.295262100765292,-23.045192445275077]]]},"properties":{"FID":67,"Name":"R","Shape_Leng":0.111481283742}},{"type":"Feature","id":68,"geometry":{"type":"Polygon","coordinates":[[[-46.291701216238096,-23.042856504823824],[-46.291775796116042,-23.043086994768945],[-46.29180863935715,-23.043212989787602],[-46.291848184346172,-23.043373320921994],[-46.291787331719938,-23.043370012316199],[-46.291803362135404,-23.043504359338655],[-46.291764427786063,-23.043553154754246],[-46.291626148927598,-23.043646865010782],[-46.291544899677312,-23.043676137943368],[-46.291515531416621,-23.0438772308495],[-46.29136417911355,-23.043908868999033],[-46.291254818854782,-23.043953426809125],[-46.291203638437139,-23.043991638103591],[-46.291149867971967,-23.043998832679975],[-46.290989856996255,-23.044021313033106],[-46.290867747048821,-23.044045476017867],[-46.290856406597868,-23.044070809020603],[-46.290875671874687,-23.044213466678116],[-46.290713939596571,-23.044284478046169],[-46.290553749655778,-23.044428827328492],[-46.290549245850968,-23.044594370034137],[-46.290519184212933,-23.04450194400949],[-46.290536916145697,-23.044092658049671],[-46.290535943079249,-23.043582012200048],[-46.29088735856471,-23.043449353205066],[-46.29085559001345,-23.043168324958181],[-46.291701216238096,-23.042856504823824]]]},"properties":{"FID":68,"Name":"R","Shape_Leng":1.2121691209000001}},{"type":"Feature","id":69,"geometry":{"type":"Polygon","coordinates":[[[-46.290559100621977,-23.044626608031489],[-46.290660051320295,-23.04457557240471],[-46.290972116969556,-23.044495860095825],[-46.291043331584433,-23.044545073696153],[-46.291230562340559,-23.044487752707596],[-46.291331736070724,-23.044423709286718],[-46.291420206876978,-23.044350076394903],[-46.291561502960974,-23.04431079220927],[-46.291643753156613,-23.044303579646449],[-46.291757342926992,-23.044408061982434],[-46.291636466849411,-23.044547377759212],[-46.291464791666783,-23.044722239239913],[-46.291366220574552,-23.04496713092826],[-46.291423310437381,-23.045189996421133],[-46.29109189857224,-23.045401152740965],[-46.290831184211747,-23.045495562670066],[-46.29067879678901,-23.045651214631775],[-46.290632895391759,-23.045594494390347],[-46.290541784175971,-23.045563021716028],[-46.290318281963096,-23.045442265248322],[-46.290109611369409,-23.045417918801895],[-46.289900457839785,-23.045477374781008],[-46.28987202667264,-23.045421728330016],[-46.289878009862207,-23.045296574177474],[-46.29008576674471,-23.045100126269752],[-46.290136322133499,-23.044944407758194],[-46.28998580530066,-23.044895270600186],[-46.290124317083553,-23.044413951642536],[-46.290273239418418,-23.044447937022646],[-46.290347666411613,-23.04445273670439],[-46.290396427652993,-23.044906709077388],[-46.290486566701631,-23.045180555338355],[-46.290750627439479,-23.045307875058409],[-46.290661236626711,-23.04504432423613],[-46.290559100621977,-23.044626608031489]]]},"properties":{"FID":69,"Name":"R","Shape_Leng":1.42264609268}},{"type":"Feature","id":70,"geometry":{"type":"Polygon","coordinates":[[[-46.290425715874036,-23.041291295057217],[-46.29007007087705,-23.041053192350883],[-46.289674460008257,-23.040824860778681],[-46.289751226138144,-23.040612827619842],[-46.289879468562567,-23.040555342055363],[-46.290408456984657,-23.040320680155212],[-46.290885082380612,-23.040366104012435],[-46.291135344820255,-23.040498453640691],[-46.291171988596389,-23.040704062042771],[-46.291133102810434,-23.041071097852871],[-46.291076411347262,-23.04125650208584],[-46.290739138600323,-23.041171359670454],[-46.290599771562142,-23.041655388285513],[-46.290313576710162,-23.042480547739043],[-46.290302953018852,-23.043551179843007],[-46.290172041406549,-23.044432045102781],[-46.290125291948627,-23.044416300671685],[-46.289989878330175,-23.044090129156075],[-46.289324352137101,-23.04415678420817],[-46.289252438749038,-23.044526193329112],[-46.28876293326271,-23.044768468889725],[-46.28765875824508,-23.044384462872639],[-46.287788844279703,-23.044016396439481],[-46.287601364411387,-23.043352802889476],[-46.287796985842192,-23.043047687200954],[-46.288764152743418,-23.043034226148567],[-46.289158260844999,-23.043203493846146],[-46.289389124008828,-23.042950112557605],[-46.289734017610805,-23.043389118413046],[-46.289906007556162,-23.042888293160161],[-46.288472238203227,-23.041979866377694],[-46.288472077224526,-23.041796775200961],[-46.288963292322023,-23.041337108320885],[-46.289282452723,-23.041659967633343],[-46.289646231188556,-23.041872916302001],[-46.289849301703896,-23.041762454373725],[-46.290193789711566,-23.041382393682451],[-46.290431306059865,-23.041491845672116],[-46.290425715874036,-23.041291295057217]]]},"properties":{"FID":70,"Name":"R","Shape_Leng":7.3928782215300002}},{"type":"Feature","id":71,"geometry":{"type":"Polygon","coordinates":[[[-49.083348942770272,-21.050869490050601],[-49.082880135391285,-21.051287602355842],[-49.08206677177202,-21.051527085061135],[-49.081356952152817,-21.051698100670652],[-49.080678522826744,-21.050392746110568],[-49.080404507477347,-21.048734999717684],[-49.080422855433028,-21.047311817807778],[-49.081986517230511,-21.045931995507551],[-49.082544105983288,-21.047502381707428],[-49.082582932092237,-21.048924185087284],[-49.081782050764446,-21.048916613116173],[-49.081813538770227,-21.051117073657679],[-49.083348942770272,-21.050869490050601]]]},"properties":{"FID":71,"Name":"Catiguá","Shape_Leng":9.4509093846100001}},{"type":"Feature","id":72,"geometry":{"type":"Polygon","coordinates":[[[-49.06582365309248,-21.055151947643079],[-49.065282120546726,-21.055218617813676],[-49.064790821375766,-21.051874825514318],[-49.073964339979739,-21.050607819248622],[-49.073947397970521,-21.052084663636034],[-49.073445428772402,-21.05255307273001],[-49.072532402107477,-21.052628685635579],[-49.072047310270648,-21.052667176371919],[-49.071436945454366,-21.052306007114225],[-49.06914560770003,-21.052173080130174],[-49.068548393870174,-21.052294783784244],[-49.065856842560549,-21.053218346926727],[-49.06582365309248,-21.055151947643079]]]},"properties":{"FID":72,"Name":"Catiguá","Shape_Leng":15.583041379799999}},{"type":"Feature","id":73,"geometry":{"type":"Polygon","coordinates":[[[-47.933892296686246,-21.519554396068077],[-47.93390700606389,-21.518985437901964],[-47.933981370290716,-21.518458235652179],[-47.933411793528556,-21.516780500440248],[-47.933869475596723,-21.516466698186484],[-47.934079701934444,-21.517172345870858],[-47.93419361254476,-21.518613493099949],[-47.934077204133004,-21.519324886434894],[-47.934194526284912,-21.519634689754454],[-47.933892296686246,-21.519554396068077]]]},"properties":{"FID":73,"Name":"Catiguá","Shape_Leng":1.17275300378}},{"type":"Feature","id":74,"geometry":{"type":"Polygon","coordinates":[[[-50.545293777931597,-19.954863340268776],[-50.544820109085656,-19.955339613502527],[-50.544085286757415,-19.954687201859418],[-50.544593812242454,-19.95419646374739],[-50.545293777931597,-19.954863340268776]]]},"properties":{"FID":74,"Name":"ETE Populina","Shape_Leng":0.77734713467100003}},{"type":"Feature","id":75,"geometry":{"type":"Polygon","coordinates":[[[-45.515080712813251,-22.72389487915563],[-45.515133872859572,-22.723730566285315],[-45.515177367442959,-22.723600082535306],[-45.515269189341225,-22.723435769664906],[-45.515332014850465,-22.723290787720536],[-45.515452833137495,-22.723078147535254],[-45.515641309665284,-22.722846176424071],[-45.515800789804189,-22.722701194479654],[-45.515911942628186,-22.722541714340711],[-45.516032760915273,-22.722406397859306],[-45.516201906517153,-22.72218409221102],[-45.516351721193146,-22.721927957442514],[-45.516429044896825,-22.721773310035086],[-45.51644354309127,-22.721657324479448],[-45.51651120133198,-22.721493011609201],[-45.516583692304323,-22.721314200544384],[-45.516825328878447,-22.721246542303504],[-45.516834994341366,-22.721333531470247],[-45.516863990730201,-22.721454349757263],[-45.516839827072836,-22.721608997164651],[-45.516661016008008,-22.721802306424021],[-45.516487037674608,-22.722010113877673],[-45.516337222998636,-22.722261415914719],[-45.516400048507997,-22.722387066933255],[-45.516419379433898,-22.722469223368527],[-45.516327557535639,-22.722590041655568],[-45.516129415544924,-22.722686696285287],[-45.516008597257894,-22.722754354525854],[-45.515849117119046,-22.722851009155523],[-45.515757295220851,-22.72296699471114],[-45.515694469711605,-22.723063649340819],[-45.515534989572643,-22.723368111424172],[-45.515501160452345,-22.723503427905651],[-45.515491494989369,-22.72364357711859],[-45.515481829526315,-22.723803057257566],[-45.51535617850783,-22.723928708276034],[-45.515201531100445,-22.724006031979755],[-45.515080712813251,-22.72389487915563]]]},"properties":{"FID":75,"Name":" ","Shape_Leng":0.861411930986}},{"type":"Feature","id":76,"geometry":{"type":"Polygon","coordinates":[[[-47.187753978412786,-22.768447729039064],[-47.188152306222484,-22.768522620549561],[-47.188249002998312,-22.768540800806136],[-47.188457629681238,-22.768610753583573],[-47.18912349112378,-22.768865830883499],[-47.189486818578359,-22.769000232816829],[-47.189964798076232,-22.769149703592628],[-47.18994201877689,-22.769268599347708],[-47.189669481947085,-22.76934099296188],[-47.189277228776049,-22.769221551369686],[-47.188787139019901,-22.769016073925968],[-47.188319648232046,-22.768856053269872],[-47.188209710727897,-22.768820113817366],[-47.188021899756329,-22.768789402736854],[-47.187823631652023,-22.7687359506421],[-47.187642190398655,-22.768753001303086],[-47.187359786760403,-22.7687693546182],[-47.1873840699065,-22.768463202687997],[-47.187478303716162,-22.768463991167962],[-47.187671556237959,-22.768484225934849],[-47.187753978412786,-22.768447729039064]]]},"properties":{"FID":76,"Name":" ","Shape_Leng":0.816895182346}},{"type":"Feature","id":77,"geometry":{"type":"Polygon","coordinates":[[[-47.182316402040783,-22.767218543811566],[-47.18117513280783,-22.767843002571112],[-47.181002330703272,-22.767937552092057],[-47.179876166208707,-22.766474707003287],[-47.179987760091649,-22.766394681743005],[-47.180810924389569,-22.766702671687359],[-47.180891304765396,-22.766501657210942],[-47.180959918669991,-22.766455704003526],[-47.181509730792243,-22.766581091575695],[-47.181707867285411,-22.766685562665199],[-47.182267373575598,-22.767102479003263],[-47.18230490167349,-22.767163996536961],[-47.182316402040783,-22.767218543811566]]]},"properties":{"FID":77,"Name":" ","Shape_Leng":2.1422014427599998}},{"type":"Feature","id":78,"geometry":{"type":"Polygon","coordinates":[[[-45.902266190300388,-23.588758792253429],[-45.902308637700401,-23.588880788353382],[-45.902310888700477,-23.588887013353375],[-45.9023115274004,-23.588888668053364],[-45.902318511900432,-23.58890545315337],[-45.902319757600424,-23.588908176153385],[-45.902327807700374,-23.588924280053394],[-45.90232919210036,-23.588926833753419],[-45.902337708700365,-23.588941375553418],[-45.902338438400413,-23.588942577353421],[-45.902385651700342,-23.589017622953392],[-45.902386365800339,-23.589018752153432],[-45.902387226200354,-23.589020058253425],[-45.902397488300444,-23.589035055953385],[-45.90239928650039,-23.589037502653422],[-45.902410590800393,-23.589051849753325],[-45.902412558800449,-23.589054182753451],[-45.902425029100357,-23.589068006253399],[-45.902426986400371,-23.589070027153472],[-45.902440226000351,-23.589082891553421],[-45.902442507500446,-23.589084967953347],[-45.902456631700375,-23.589097006753438],[-45.902458705300432,-23.589098676953423],[-45.90247018870042,-23.589107385153461],[-45.90247115020037,-23.589108095753378],[-45.902565104800374,-23.589175762553459],[-45.902568779300402,-23.589178368753423],[-45.902570225200407,-23.58917935555343],[-45.902584182500448,-23.589188520253455],[-45.902585357600358,-23.589189268353444],[-45.902657625000415,-23.589233852853411],[-45.902667870500409,-23.589244574453463],[-45.902684506600387,-23.589282438353383],[-45.902682518200436,-23.589299935853386],[-45.90266122300045,-23.589365194853443],[-45.902658179800362,-23.589375165453419],[-45.902657564800393,-23.589377400953428],[-45.902653314300387,-23.589394693653382],[-45.902652755100405,-23.589397334053444],[-45.902649761600344,-23.589414626453394],[-45.902649540100363,-23.589416052453437],[-45.90263469510041,-23.589523848753405],[-45.902634474600404,-23.589525663153438],[-45.902632709600368,-23.58954331925338],[-45.902632520100383,-23.589546269153445],[-45.902632011900437,-23.589563993753366],[-45.902631995800384,-23.589565471453451],[-45.902632032100435,-23.58956694885336],[-45.902632782800367,-23.58958466605344],[-45.90263293190042,-23.589586839853389],[-45.902633762900393,-23.589595562353463],[-45.902646264400403,-23.589707273653399],[-45.902647298500419,-23.589715401853375],[-45.902655522100424,-23.589773093253488],[-45.902655789600438,-23.589774923953431],[-45.902656056500412,-23.589776530753454],[-45.902659356700433,-23.589794248653394],[-45.902659955400395,-23.589796900753345],[-45.902664442100452,-23.589814142653445],[-45.902665291500398,-23.589816992253361],[-45.902670992200406,-23.589833926753375],[-45.902671947600417,-23.589836488553431],[-45.902678932200331,-23.589853273653389],[-45.902680038200344,-23.589855714553444],[-45.902686305200405,-23.589868481053372],[-45.902686842400378,-23.58986953875343],[-45.902724293100334,-23.589940858953469],[-45.902727961500432,-23.589948338453443],[-45.902728109500345,-23.589969970753366],[-45.902728143900397,-23.589971402053422],[-45.902728852200369,-23.589988567153465],[-45.90272893580044,-23.589989996753463],[-45.902746039800434,-23.590215749053414],[-45.902746106400407,-23.590216592853384],[-45.902746682300346,-23.590223001053442],[-45.902772376100422,-23.590475309253399],[-45.902749829900408,-23.59050472555338],[-45.902747677400384,-23.590553369353472],[-45.902700811000329,-23.590646214953399],[-45.902658162200389,-23.590720059753444],[-45.902612451300342,-23.590761528453474],[-45.902588647600339,-23.590772472453402],[-45.902542661600364,-23.590786770053391],[-45.902494359800414,-23.590789898353421],[-45.902444727500331,-23.590770973653498],[-45.902426464700355,-23.590703368453372],[-45.902349519000438,-23.590637374953349],[-45.902276788200375,-23.590644813353418],[-45.902164120800421,-23.590636302053387],[-45.902089680100403,-23.590658414553378],[-45.902043220400351,-23.590646620153468],[-45.902039137000429,-23.590639037853411],[-45.902010022600344,-23.590604624153453],[-45.901972196400436,-23.590562141853475],[-45.901925805500412,-23.590554460653443],[-45.901897760700429,-23.590630354353443],[-45.901879409000408,-23.590728023153421],[-45.90186448810033,-23.590766206153504],[-45.901827955100437,-23.59081941135339],[-45.901773973100433,-23.590893176753472],[-45.901735477100431,-23.590862667253486],[-45.90168906370036,-23.590952133853474],[-45.901598657000363,-23.590980578253518],[-45.901467760200383,-23.591017968953462],[-45.901401591200454,-23.590948191653418],[-45.901320778400418,-23.590858024953427],[-45.901355836100436,-23.590754603853515],[-45.901323162200413,-23.59070127595345],[-45.901320532600444,-23.590684478453415],[-45.901314131800348,-23.59064359435348],[-45.901312511700382,-23.590633245353452],[-45.901320941000392,-23.590594889053424],[-45.901336945000367,-23.59058074705348],[-45.901369983300469,-23.590555618753456],[-45.901379074000431,-23.590541065753371],[-45.901385761500372,-23.590507918353481],[-45.901374194400375,-23.590478127553407],[-45.901361429200392,-23.590440341253441],[-45.901370735700425,-23.590424824453397],[-45.901385181800379,-23.590389475153472],[-45.901386109200416,-23.590369559553373],[-45.901407657500329,-23.590328532553478],[-45.901441286800377,-23.590372352153388],[-45.901446801300381,-23.590384249553434],[-45.901461858600392,-23.590411627253385],[-45.901517206600431,-23.590414605653404],[-45.901537732900408,-23.590382384353468],[-45.901543618400467,-23.590362010453482],[-45.901548346600343,-23.590111202753462],[-45.901580227800423,-23.590081673553474],[-45.901607386700441,-23.590041946253461],[-45.901609147800343,-23.590008130453391],[-45.901561453200443,-23.589862240953384],[-45.901547731000448,-23.58981102605339],[-45.901564657200424,-23.58967928975342],[-45.901545726000336,-23.589629238653398],[-45.901458787100353,-23.589541352753425],[-45.901316318800362,-23.589529427753465],[-45.901212901500401,-23.58950931265343],[-45.901270173900343,-23.589415195353478],[-45.901230555200414,-23.589348694353362],[-45.90131928530036,-23.589227862553393],[-45.901332251200358,-23.589106422353378],[-45.901197446200406,-23.588871882753388],[-45.90134525660045,-23.588848952253393],[-45.901728810900465,-23.588807888353415],[-45.901980494200359,-23.588801705253406],[-45.902090261800431,-23.588806288953382],[-45.902266190300388,-23.588758792253429]]]},"properties":{"FID":78,"Name":"A4-P3","Shape_Leng":2.73024858985}},{"type":"Feature","id":79,"geometry":{"type":"Polygon","coordinates":[[[-45.903330756100445,-23.589508639253445],[-45.903348867400382,-23.589453136853432],[-45.90335191060035,-23.589443166153455],[-45.90335252560044,-23.589440930653396],[-45.903356775900413,-23.589423638053411],[-45.903357338300346,-23.589420979153385],[-45.903360395600437,-23.589403224253424],[-45.903360680000389,-23.589401307353405],[-45.903361386800441,-23.589395631453442],[-45.903369384100415,-23.589325260153377],[-45.903414291100432,-23.589267528853448],[-45.903427384800409,-23.589228068553439],[-45.903454315000431,-23.589058741153455],[-45.903422583800364,-23.588973372953376],[-45.903266133200418,-23.588918952653454],[-45.903259829000433,-23.588916252953425],[-45.903258993100451,-23.588914996053344],[-45.903248731000417,-23.588899998453375],[-45.903246932800414,-23.588897551753416],[-45.903235628400409,-23.588883204753358],[-45.903233726200433,-23.588880944753452],[-45.903222041900385,-23.588867938253379],[-45.903221272400458,-23.588867111753359],[-45.903142889100437,-23.588785086253441],[-45.903142036000368,-23.588784197253347],[-45.903140883400461,-23.588783037553412],[-45.903127643800417,-23.588770173253469],[-45.903125362300436,-23.588768096853432],[-45.903111238100401,-23.588756058053438],[-45.90310902080035,-23.588754279753402],[-45.903093865800436,-23.588742962053402],[-45.903091452600393,-23.588741271453394],[-45.903077495300344,-23.588732106753472],[-45.903076320200455,-23.588731358653376],[-45.902977426200437,-23.588670347253363],[-45.9029485849004,-23.588649575353429],[-45.902898208800423,-23.58850479415344],[-45.902895957800418,-23.588498569253375],[-45.902895319100367,-23.588496914453405],[-45.902888334600448,-23.588480129453444],[-45.90288761900036,-23.588478505153379],[-45.902886147000409,-23.588475342553409],[-45.902867340600437,-23.588435593553424],[-45.902879404300393,-23.588419944353348],[-45.902918346600359,-23.588323070653466],[-45.902954202500382,-23.588246606653335],[-45.902990460700387,-23.588169407153366],[-45.903064958800428,-23.588068386353363],[-45.903182272700356,-23.587988099053405],[-45.903234202700403,-23.587957270753428],[-45.903279643900362,-23.587941052353429],[-45.903373348800365,-23.587906144453381],[-45.903469906800353,-23.587882795153412],[-45.903410207000434,-23.58799636325335],[-45.903707482800428,-23.58831225065336],[-45.903853789600426,-23.588335913153397],[-45.903830164500398,-23.588488727653367],[-45.903829475000407,-23.588493469153377],[-45.903829248400427,-23.588495317853425],[-45.903827483600381,-23.588512973853383],[-45.903827294100381,-23.588515923753448],[-45.903826786100353,-23.588533648353351],[-45.903826770000414,-23.588535126053436],[-45.9038276539004,-23.58866416585348],[-45.903827688600359,-23.588665604753384],[-45.903828403900377,-23.588682860753476],[-45.90382848840045,-23.588684297953431],[-45.903841323900402,-23.588852878053455],[-45.903841492700394,-23.588854708853379],[-45.903843499300422,-23.588872342853453],[-45.903843937800339,-23.588875270253364],[-45.903847238100347,-23.588892988153415],[-45.90384774240033,-23.588895270553461],[-45.903850959400422,-23.58890810765336],[-45.903851241600357,-23.588909174353411],[-45.903879205900409,-23.589009563953425],[-45.903880527900405,-23.58901415245338],[-45.903881085400428,-23.58901593755337],[-45.90388678620036,-23.589032871953407],[-45.903887741600386,-23.589035433753391],[-45.903894726300386,-23.589052218753412],[-45.903895972000392,-23.589054941753428],[-45.903904022400361,-23.589071045553407],[-45.903905155600405,-23.58907316475343],[-45.903910745300379,-23.589082953453445],[-45.903983936400437,-23.58920537165336],[-45.904049143200389,-23.589320241453432],[-45.904049699700366,-23.589321193753459],[-45.904056524600378,-23.589332546153472],[-45.904057105600437,-23.589333485953446],[-45.904057938600431,-23.589334748653435],[-45.90406820090044,-23.589349746153481],[-45.904069767500403,-23.589351896453376],[-45.904078183200397,-23.589362760853426],[-45.904078896600375,-23.58936365825344],[-45.904169230900436,-23.589474400753478],[-45.904172239400346,-23.58947802875343],[-45.904173486100433,-23.589479469753361],[-45.904185956600365,-23.589493293053405],[-45.904187914000381,-23.589495313953375],[-45.904201153800379,-23.589508178153373],[-45.904203435400348,-23.589510254553428],[-45.904217559700378,-23.589522293153429],[-45.90421901000046,-23.589523481053401],[-45.904222212400434,-23.589526000653393],[-45.904355440200398,-23.589629396653425],[-45.904356267800331,-23.589630020253395],[-45.904368142300427,-23.589638762553466],[-45.90436949460036,-23.589639723053445],[-45.90437391690039,-23.589642751353434],[-45.904463965300408,-23.589703286353419],[-45.904464912800393,-23.589703907553371],[-45.904476376500391,-23.589711236253439],[-45.904478692700422,-23.589712629453455],[-45.904495094100412,-23.589721897153431],[-45.904496797400384,-23.589722817753458],[-45.904680579600324,-23.589818701953401],[-45.904681940800458,-23.58981938605336],[-45.904698411300444,-23.589827355853402],[-45.904701249100412,-23.589828623353462],[-45.904718822700424,-23.589835838753459],[-45.904720923600387,-23.589836647953454],[-45.9047287674004,-23.589839471453388],[-45.904861667400382,-23.589885420453477],[-45.904862460200427,-23.589885693453422],[-45.904953724900388,-23.58991698785335],[-45.904954109900359,-23.589918147853435],[-45.904964972800428,-23.589930153553439],[-45.904969812200413,-23.589962894853453],[-45.904969939400353,-23.589965841553457],[-45.904980902800446,-23.58998616435343],[-45.904988375800436,-23.590006244853402],[-45.904999345400427,-23.590034428953395],[-45.905001183000429,-23.590086913653458],[-45.904969539200408,-23.590106759353496],[-45.904923971900416,-23.590108025353402],[-45.904892825300408,-23.590132483553411],[-45.904867957900414,-23.590150123253416],[-45.904840645200409,-23.590247349453424],[-45.904842842300411,-23.590272100253465],[-45.904840885500455,-23.590285718753467],[-45.904832566200355,-23.590365045153423],[-45.904777467400436,-23.590374087953421],[-45.904749198400403,-23.590348692153405],[-45.904724578000355,-23.590306400353377],[-45.904715942500324,-23.590290155353454],[-45.904691326500433,-23.590254294653455],[-45.904679353000347,-23.59024023935342],[-45.90466556070043,-23.590214478453515],[-45.904658365800401,-23.590211608553375],[-45.904630923300388,-23.590188234953427],[-45.904602354800382,-23.590182325653476],[-45.904574518900411,-23.590182340853445],[-45.904462972700401,-23.590224273553368],[-45.904464846400401,-23.590233097353469],[-45.904480047100385,-23.590304683853454],[-45.904481823000374,-23.590313047453435],[-45.904489332800445,-23.590332317153468],[-45.904505724800345,-23.590361955953433],[-45.904506281700435,-23.590364637553431],[-45.904510700300371,-23.590385912853439],[-45.904517322500396,-23.590428398153453],[-45.904461405700431,-23.590453991453444],[-45.904407763200368,-23.590474309053381],[-45.904377470400391,-23.590519044453409],[-45.904353466900382,-23.59055760925337],[-45.904325119600401,-23.590560969753426],[-45.90428025950041,-23.590607414353432],[-45.904214650200409,-23.590625241353397],[-45.904132909200371,-23.590543118453464],[-45.904102445000433,-23.59047819015348],[-45.904097091700407,-23.590407054153438],[-45.904089193400409,-23.590362159653402],[-45.904072271300443,-23.590342401753389],[-45.904040100600355,-23.590310821153366],[-45.904005457200412,-23.590299431553415],[-45.903975412900358,-23.590308754653456],[-45.903955754700405,-23.590309023153413],[-45.903899769700388,-23.590306789953399],[-45.903793035900364,-23.590271440253392],[-45.903751680100349,-23.590271836853386],[-45.903692605800423,-23.590300335953376],[-45.903678872300411,-23.590325025753387],[-45.903668888700395,-23.590364382553389],[-45.903669288500396,-23.590402828053417],[-45.903669400600343,-23.590414558253428],[-45.903673150700399,-23.59045492075348],[-45.903679934500417,-23.590466126853421],[-45.903693389300429,-23.590496661953466],[-45.903709858300374,-23.590531992453418],[-45.903672091300443,-23.590568772853487],[-45.903593675200348,-23.59053078695343],[-45.903523207000433,-23.59046067665339],[-45.903520066500391,-23.590451311153458],[-45.903466493500439,-23.590409987653455],[-45.903453705600441,-23.590399870353384],[-45.90343768290041,-23.590242541953383],[-45.903464395800384,-23.590235750553408],[-45.90346802930037,-23.590228763453474],[-45.903479126900443,-23.590196917853408],[-45.903446752300397,-23.590164003253381],[-45.903429959000455,-23.590166279053392],[-45.903418366800395,-23.59001328715344],[-45.903420730300347,-23.590012103653411],[-45.903462556900436,-23.589985212453382],[-45.90346266770041,-23.589969226953411],[-45.903466868600447,-23.589920605953409],[-45.903474671800439,-23.58991255525337],[-45.903490635100418,-23.589875518553473],[-45.903506720200426,-23.589846373853398],[-45.903523100300397,-23.589812547753411],[-45.903552719700372,-23.589738796553441],[-45.903513807000365,-23.589658470253493],[-45.903539590100436,-23.589584129353401],[-45.903457115300348,-23.589508586653391],[-45.903452899400349,-23.589513028253457],[-45.903385765800344,-23.589538070053379],[-45.903381564000377,-23.589537919953443],[-45.90333911400041,-23.589513455953451],[-45.903330756100445,-23.589508639253445]]]},"properties":{"FID":79,"Name":"A3-P3","Shape_Leng":2.4257596872399998}},{"type":"Feature","id":80,"geometry":{"type":"Polygon","coordinates":[[[-45.900463931900447,-23.586087379053314],[-45.900519328800385,-23.58617241985332],[-45.900558637600341,-23.586243126553388],[-45.900564103800384,-23.586259110453348],[-45.900575856100374,-23.586278788953333],[-45.900583943400363,-23.58630379595337],[-45.900593164600366,-23.586321449253376],[-45.900605520400397,-23.586341012253396],[-45.900681772300402,-23.586391085653354],[-45.900690206800341,-23.586392118953317],[-45.900858357100333,-23.586379130153329],[-45.901008661500441,-23.5863349304534],[-45.901019643900426,-23.586399273253395],[-45.9009670538004,-23.586425354053411],[-45.900952122400376,-23.586444949153414],[-45.900975803200367,-23.586511673853408],[-45.900988685700447,-23.586519277153347],[-45.90101354110039,-23.586578759453342],[-45.900969675400404,-23.586654742753346],[-45.900968617300407,-23.586662283753348],[-45.900936468700365,-23.586692143953432],[-45.900932186000375,-23.586697760453305],[-45.900907581800368,-23.586748484953372],[-45.900911931500445,-23.586804387053409],[-45.900980867900387,-23.586850034353404],[-45.901055320400417,-23.586889178053426],[-45.900821837900423,-23.58706354175342],[-45.900809510900444,-23.587072954853401],[-45.900515945000407,-23.587311237953429],[-45.900395958000459,-23.587404108153404],[-45.90034906770034,-23.587320473653335],[-45.900346561400397,-23.587279390353384],[-45.900423987000359,-23.587269450853398],[-45.90042476190041,-23.587262006053397],[-45.900431423200359,-23.587214697553406],[-45.900438744200414,-23.587211087153328],[-45.900473065000433,-23.587166809253397],[-45.90047522000043,-23.587164038853427],[-45.900538351800378,-23.587052062953372],[-45.900586902200416,-23.587004519153375],[-45.900580413700368,-23.586981261353408],[-45.900577415600424,-23.586959919253442],[-45.900559438200396,-23.586904826253374],[-45.900557396400416,-23.586895499453412],[-45.900537006000377,-23.58680236335335],[-45.900530342600405,-23.586704632553403],[-45.900524405900406,-23.586623725653343],[-45.900477482200358,-23.586545850153357],[-45.900424846300439,-23.58651733095336],[-45.900390721000463,-23.586547730553384],[-45.900384273700411,-23.586584786953406],[-45.900382984900425,-23.586592194653406],[-45.900376834100378,-23.586617220653356],[-45.90037882990044,-23.586626405953332],[-45.900377959900425,-23.586662390053402],[-45.900371812900403,-23.586687380453437],[-45.900371523100382,-23.586699369053349],[-45.900372937900386,-23.586732540653376],[-45.900375640300354,-23.586758328853406],[-45.900386202900386,-23.586780369053383],[-45.900389200100392,-23.586794187053393],[-45.900386040800413,-23.586832966753381],[-45.900382174200445,-23.586855127153338],[-45.900375026500456,-23.586875440453348],[-45.900333430100424,-23.586949117353416],[-45.900331066300396,-23.586963794253393],[-45.900268739400417,-23.587050148153416],[-45.900245068400416,-23.587063526853346],[-45.900220110800426,-23.587072323253391],[-45.900147815900425,-23.587105224253435],[-45.900132718000407,-23.58711233845332],[-45.900109940800348,-23.587142114053389],[-45.900105800100391,-23.587147527253414],[-45.900061257100454,-23.587180577853413],[-45.900051693500416,-23.587186798053345],[-45.900004488400384,-23.587229696853402],[-45.899967058400414,-23.587297454353404],[-45.899888727200391,-23.587380502353437],[-45.899866199500423,-23.587390719053417],[-45.899826976300339,-23.587422273153376],[-45.899805791200386,-23.587437020653415],[-45.899790917700443,-23.587443746753433],[-45.899748114700344,-23.587437431853353],[-45.899731090800401,-23.58743492035336],[-45.899712988900383,-23.587427827553437],[-45.899680349400398,-23.587427434153366],[-45.899653110100417,-23.587426347453395],[-45.89963544330044,-23.587431057353342],[-45.899585015700438,-23.587465924653433],[-45.899572782100442,-23.587481613353447],[-45.899560667800415,-23.587509033753424],[-45.899553589900457,-23.587524054453397],[-45.899563266900437,-23.587565331553442],[-45.899574929400394,-23.587592354953408],[-45.899597320900341,-23.587642123153401],[-45.899600522800426,-23.587667902453408],[-45.89956610490043,-23.58769312325342],[-45.899479497900366,-23.58768400835341],[-45.899452465800437,-23.587681867953332],[-45.899416315200362,-23.587673553353394],[-45.899397881300388,-23.587673012453358],[-45.89938154980041,-23.587669919453401],[-45.899317920400442,-23.587662239553371],[-45.899284004200354,-23.587658698853375],[-45.899260240300343,-23.587654175553439],[-45.899227747600385,-23.58766673785334],[-45.899209137000362,-23.587673235753403],[-45.899184790600373,-23.587675696753358],[-45.899169160300403,-23.587695643553388],[-45.899166193300417,-23.587705131553374],[-45.899229395600408,-23.587768734553375],[-45.899243190600316,-23.587786232153402],[-45.899256071500425,-23.58779920325339],[-45.89926203880038,-23.587803398253417],[-45.89928000770044,-23.587827857753446],[-45.899285022500408,-23.587839292653374],[-45.899257964600451,-23.587867529953435],[-45.89923799710045,-23.587880925253337],[-45.899151487600363,-23.58786180635343],[-45.899095267100392,-23.587875585953395],[-45.899070250100358,-23.587884511953405],[-45.898981743600366,-23.587924511353378],[-45.898813577600379,-23.587952140453357],[-45.898386352500381,-23.587414643053346],[-45.898168712100365,-23.587143806453351],[-45.898043523200386,-23.586972362553411],[-45.89783085260035,-23.586748126353424],[-45.89778989380045,-23.586705317253401],[-45.897797635000366,-23.586662450653353],[-45.897797052000442,-23.586652581853354],[-45.897814657800325,-23.586605872053322],[-45.897813122200432,-23.586569915453317],[-45.897807088400391,-23.586556717553368],[-45.897775844500416,-23.586502681253364],[-45.897765461500349,-23.586490007853396],[-45.897750055600397,-23.586467830853348],[-45.89771554950039,-23.586434157653404],[-45.897699592600418,-23.586418072553407],[-45.897692964100429,-23.586410833653421],[-45.897661712600382,-23.586388819053287],[-45.897650756600463,-23.586382246253443],[-45.897631560200409,-23.586370729953391],[-45.897593078200437,-23.586347643653426],[-45.897582061400435,-23.586341034453326],[-45.897565517700357,-23.586331109653383],[-45.897539723100358,-23.586305763653343],[-45.897526167400429,-23.586291031453406],[-45.897508570400419,-23.586270537353304],[-45.897475915000442,-23.586237506153402],[-45.89744646210039,-23.586192951053366],[-45.897434097400378,-23.586145119153404],[-45.897424631100421,-23.586129266553378],[-45.897422354900414,-23.586114334053327],[-45.897441617600464,-23.586071447053371],[-45.897449419500404,-23.586059051753363],[-45.897428093200404,-23.586011648353395],[-45.897418234400455,-23.586002195553359],[-45.897396910300358,-23.585985762853351],[-45.897384378000368,-23.585929413153401],[-45.897359307500381,-23.585847261253384],[-45.897352653900342,-23.585825458153415],[-45.897357269000338,-23.585778393353404],[-45.897271737700358,-23.585693289353348],[-45.897242405200359,-23.585667944253384],[-45.897229179200338,-23.585656151553401],[-45.897209073100441,-23.585614640153388],[-45.897207983700412,-23.585595712253333],[-45.897232868700428,-23.585551794253377],[-45.897253864700417,-23.585538837453388],[-45.897326606600352,-23.585509725753298],[-45.897351909600395,-23.585514473253397],[-45.897432790500439,-23.585475748853376],[-45.897453204100437,-23.58547363855331],[-45.897466436200439,-23.585470706953359],[-45.897534894500389,-23.585472518253379],[-45.897554644300385,-23.585485122353369],[-45.897560287300394,-23.585488723853356],[-45.897587123300418,-23.585528729953353],[-45.897595111100429,-23.585541438153371],[-45.897600276100384,-23.585552336553409],[-45.897635214800346,-23.58557843495338],[-45.897649327500403,-23.585587436853359],[-45.897666731200388,-23.585598475453317],[-45.897752190700423,-23.58564891455336],[-45.897778167100398,-23.585665392953398],[-45.897919968900396,-23.585706309153359],[-45.898014480100414,-23.585674588553328],[-45.898031825600363,-23.585641694153317],[-45.898027103600327,-23.585627775553355],[-45.898017610000352,-23.585618272053409],[-45.898012062400376,-23.585613026353375],[-45.897992175500356,-23.585591576653318],[-45.897985263900352,-23.585581552053384],[-45.897971505700355,-23.585555226753339],[-45.897967750400369,-23.585550871753409],[-45.897954952300438,-23.585519184653389],[-45.897949636700396,-23.58551381865334],[-45.897942086800413,-23.585505055253407],[-45.897940710800412,-23.585500238653363],[-45.897946204100435,-23.585484011453339],[-45.897947926300397,-23.585481152653411],[-45.897968867200355,-23.585460715153442],[-45.897977905800353,-23.585456487953376],[-45.897983845500455,-23.585450251853334],[-45.897987163200355,-23.585448352453337],[-45.898031423200401,-23.585432319053396],[-45.898041922800417,-23.585432951753319],[-45.898100553100377,-23.585448070853385],[-45.898165371300365,-23.585444084253318],[-45.898252183100453,-23.585505380653395],[-45.89833624320044,-23.585583412353387],[-45.898496888100453,-23.585634800853381],[-45.89853301960045,-23.585649248053294],[-45.898544489900353,-23.585652429553353],[-45.898588787600374,-23.585664162753339],[-45.898595381400412,-23.585668207353308],[-45.898621778500399,-23.58569595175334],[-45.898646373100355,-23.585714862953417],[-45.898675220700405,-23.585688136153355],[-45.898682772800335,-23.585671282253386],[-45.898686134600375,-23.585665492653384],[-45.898691194300341,-23.585656779353378],[-45.898705597700427,-23.585635870053352],[-45.898708162400339,-23.585631457353376],[-45.89874092830042,-23.585633644753326],[-45.898748468500401,-23.585636294053309],[-45.898784043600415,-23.58563406305332],[-45.89880197110034,-23.585630942153333],[-45.898842791500378,-23.58563180595338],[-45.89885202880037,-23.585635518353342],[-45.898864759700359,-23.585637299953294],[-45.898910961200386,-23.585628139553314],[-45.898928028900407,-23.585623919953321],[-45.899019280300422,-23.585633817753319],[-45.89902871390035,-23.58563755295329],[-45.899101442400372,-23.58560530675339],[-45.899726214000339,-23.585927311153394],[-45.900449462900383,-23.586002288053304],[-45.900463931900447,-23.586087379053314]]]},"properties":{"FID":80,"Name":"A9-P2","Shape_Leng":5.8675946880099996}},{"type":"Feature","id":81,"geometry":{"type":"Polygon","coordinates":[[[-45.905565539444865,-23.583178855425793],[-45.905573535451992,-23.583184416864299],[-45.905594919040432,-23.583188556937895],[-45.90561108675081,-23.583192310671677],[-45.90567135998554,-23.583209670677199],[-45.905687964733772,-23.5832109220006],[-45.905707156182636,-23.583211800201287],[-45.905762260205783,-23.583206647713393],[-45.905776113553834,-23.583204710645539],[-45.90579006594038,-23.583205333651168],[-45.905803993945085,-23.583203389421673],[-45.905815148570923,-23.583201316284551],[-45.905826325440053,-23.583199239079487],[-45.905949142937288,-23.583209830913468],[-45.905960718495692,-23.583210344593674],[-45.906054840162767,-23.58322506787669],[-45.906063845788253,-23.583228119331128],[-45.906083207630672,-23.583260856425234],[-45.906074520997208,-23.583265749143493],[-45.906055433218512,-23.583302082091908],[-45.906053071615133,-23.583315318645717],[-45.906049192366311,-23.583360726609211],[-45.906046694889881,-23.583371355542852],[-45.906041329472423,-23.58338451915467],[-45.906028188413416,-23.583424282750219],[-45.906023153204615,-23.583445682863111],[-45.906022254154493,-23.583582018050326],[-45.905982109734509,-23.583646739477285],[-45.905976409956175,-23.583657152493174],[-45.90597363279818,-23.583665097619932],[-45.905952679091172,-23.583780018728014],[-45.905653741578362,-23.584067847729219],[-45.905232577647148,-23.584293603924721],[-45.905154276464323,-23.584290318581012],[-45.905101806579417,-23.584198212539089],[-45.905097255548462,-23.584183900841648],[-45.905026448751073,-23.584114684575532],[-45.904967262592429,-23.58411086741944],[-45.904948144460832,-23.584110754462937],[-45.904934494167037,-23.584110673359874],[-45.904902585176217,-23.584102302413733],[-45.904851463001307,-23.584072221481861],[-45.904846361175771,-23.584045387006309],[-45.904847259844814,-23.58403739859698],[-45.904845770435202,-23.584026769005664],[-45.904831507371853,-23.584010844529423],[-45.904810112790358,-23.584010745678647],[-45.904774399406968,-23.584039696156491],[-45.904765334114309,-23.584047642850642],[-45.90475051832459,-23.584058256254924],[-45.90473423887272,-23.584079666017949],[-45.904721997197164,-23.584090405483444],[-45.904629753601121,-23.584147230457514],[-45.904624013925122,-23.584186067897182],[-45.904628270402661,-23.584194496552989],[-45.904632825827328,-23.58427246022098],[-45.904649283349841,-23.584300650910382],[-45.904835521945188,-23.584350470235695],[-45.904888949957297,-23.584353803135237],[-45.904918604258455,-23.584374160312965],[-45.904589222374568,-23.584648296680928],[-45.904489133802194,-23.584691960605259],[-45.904323367530026,-23.584608103280065],[-45.904340712894623,-23.584509887283389],[-45.904335037043381,-23.584499299826643],[-45.904235325770919,-23.584470612277762],[-45.904229617482031,-23.584468007988164],[-45.90421816821447,-23.584465426971267],[-45.904189487917847,-23.584460280640876],[-45.904169399130296,-23.584455092669828],[-45.90414991164306,-23.584413161775103],[-45.904144243132073,-23.584407937916509],[-45.904132813845813,-23.584402719998479],[-45.904121380417102,-23.584397500291807],[-45.904089889846887,-23.584384442737647],[-45.904064091658597,-23.584373985265582],[-45.904029489298701,-23.584366118286884],[-45.904000553806895,-23.584360855414172],[-45.903971472558915,-23.584358197885994],[-45.903942495177773,-23.584350295948759],[-45.903936911843644,-23.58434243482014],[-45.903911112086973,-23.584326682783868],[-45.903886225096926,-23.584287497832641],[-45.903880878532732,-23.584274485861776],[-45.903852426930541,-23.584253571145666],[-45.903843738939656,-23.584250921328582],[-45.903809063776123,-23.584237721597518],[-45.903794590557936,-23.584232431422105],[-45.903759842425579,-23.584219203888892],[-45.903709032818774,-23.58418532322219],[-45.903687617179465,-23.584157001564282],[-45.903680616358599,-23.584134054678895],[-45.903665452186495,-23.584103537261175],[-45.903661682595327,-23.584078372057384],[-45.903647724841278,-23.584035769743547],[-45.903643385301791,-23.584018358052731],[-45.90363431934378,-23.583988622439222],[-45.903627555668663,-23.583966438048559],[-45.903621023185629,-23.583941916199649],[-45.903616532724932,-23.58392724386022],[-45.903602464497119,-23.583890670200393],[-45.903600242287553,-23.583883402691015],[-45.90359291259756,-23.583868815043964],[-45.903572993691121,-23.583834834764435],[-45.9035674455858,-23.583832286552763],[-45.904626810447034,-23.583605415910323],[-45.90542296538991,-23.583059797646062],[-45.905455082704066,-23.58315014726406],[-45.905565539444865,-23.583178855425793]]]},"properties":{"FID":81,"Name":"A8-P2","Shape_Leng":2.1435515927800002}},{"type":"Feature","id":82,"geometry":{"type":"Polygon","coordinates":[[[-45.90017497583176,-23.576313620394679],[-45.900302204550883,-23.576004205039794],[-45.900409463226246,-23.576136056268528],[-45.900498406819281,-23.576240502011842],[-45.900639538112841,-23.576331639146424],[-45.900793392068749,-23.576421808230695],[-45.901000250656352,-23.576529336481599],[-45.901223187748762,-23.57659634388996],[-45.901421262059614,-23.576642884127459],[-45.9016722207258,-23.576697769944868],[-45.901876853862184,-23.576714610393303],[-45.901874837325749,-23.576894223755346],[-45.901873278217693,-23.576990179919218],[-45.901747781569327,-23.577290220202546],[-45.901588486855367,-23.577474033786256],[-45.90132806003777,-23.577776437130908],[-45.901238745708504,-23.577867699819993],[-45.90118449259387,-23.577884263057349],[-45.901206828499987,-23.577947926658911],[-45.901208884874791,-23.578019484434542],[-45.901347594033325,-23.578131544011452],[-45.901269172909338,-23.578248150596487],[-45.901131037810323,-23.578498695994149],[-45.900993200895016,-23.578299101901852],[-45.900896752717415,-23.57816357568975],[-45.900785893006734,-23.578077312286386],[-45.900454051895736,-23.577854762787648],[-45.900158563441039,-23.577750971726232],[-45.899937950309045,-23.577687282191398],[-45.899684461417792,-23.577623656229648],[-45.899515917159079,-23.57758661616656],[-45.899634929387339,-23.577406966774056],[-45.899644096577617,-23.57738036859563],[-45.899649240339507,-23.577174616490598],[-45.899622466057508,-23.577001627657978],[-45.899686574610257,-23.576904189390593],[-45.89997810144763,-23.576704600737344],[-45.899965095874791,-23.576570604743946],[-45.90017497583176,-23.576313620394679]]]},"properties":{"FID":82,"Name":"A7-P2","Shape_Leng":3.28303908015}},{"type":"Feature","id":83,"geometry":{"type":"Polygon","coordinates":[[[-45.898776146486917,-23.574163875939867],[-45.899017561154956,-23.574136160308733],[-45.899015355937252,-23.574333260878639],[-45.898953775850892,-23.574517003315918],[-45.898877897831383,-23.574750974226561],[-45.898831111333145,-23.574896913316248],[-45.899073348986121,-23.575050302951482],[-45.899041756934309,-23.575362587291348],[-45.899021209251259,-23.575552685739471],[-45.899098516147724,-23.575764509111366],[-45.899136734323804,-23.575984913216487],[-45.89920007185691,-23.576087936309374],[-45.899280439850941,-23.576218218818159],[-45.899145995276626,-23.576428196452021],[-45.899002870679794,-23.576606874040014],[-45.898925471943073,-23.576786029363863],[-45.898881459826441,-23.576923597779004],[-45.898857652357378,-23.577140151763448],[-45.898608483743097,-23.577174026789411],[-45.898376099814804,-23.57720340579106],[-45.89812581797991,-23.577235010414487],[-45.897953636044917,-23.577197519990015],[-45.897768951838771,-23.577178969497723],[-45.89767773818096,-23.577488409697931],[-45.89765688490985,-23.57750130143955],[-45.897513873259065,-23.577394366407084],[-45.89742914421965,-23.577373440813808],[-45.897216113235352,-23.577303354062103],[-45.897009188999959,-23.57725802467036],[-45.896551942352865,-23.577107064732964],[-45.896429635187936,-23.576970898992609],[-45.896276995058422,-23.576930737896472],[-45.89628286917651,-23.576753847906797],[-45.896248561624709,-23.576691679628606],[-45.896138655235063,-23.576551793176836],[-45.896085242936522,-23.576455485577984],[-45.896091174433828,-23.576389517576622],[-45.896075411994389,-23.576335298885059],[-45.89605280909376,-23.576246328263046],[-45.896126537870259,-23.576129408038369],[-45.896066392958225,-23.576096507952869],[-45.896069508053245,-23.576040048849965],[-45.896104221779872,-23.575804049535467],[-45.8961475600168,-23.575731398896608],[-45.896182970627137,-23.575579330179782],[-45.896218091418696,-23.575400456065609],[-45.896264627415235,-23.575159420914254],[-45.896313206366585,-23.574969630725445],[-45.896364168172909,-23.574834958279666],[-45.896364435472435,-23.574643387408813],[-45.896331127492147,-23.574517636902499],[-45.896361523281655,-23.574409275950298],[-45.896479966556683,-23.574398151746493],[-45.896634182248931,-23.574386486888447],[-45.897144075825842,-23.574323499377318],[-45.897412649429839,-23.574306648517908],[-45.897576890017277,-23.574290770108618],[-45.897868069169078,-23.574256545768378],[-45.898106009433313,-23.574235155971849],[-45.898439802557043,-23.574199275307365],[-45.898776146486917,-23.574163875939867]]]},"properties":{"FID":83,"Name":"A6-P2","Shape_Leng":9.2912000436100008}},{"type":"Feature","id":84,"geometry":{"type":"Polygon","coordinates":[[[-45.889135769204188,-23.57382233474214],[-45.889138992736832,-23.573810840114689],[-45.889178730333697,-23.57373646422246],[-45.889274409858899,-23.573673839563121],[-45.889301424419607,-23.573663753916613],[-45.889381379766405,-23.573656052525951],[-45.889435675463062,-23.573650495577915],[-45.889481729897568,-23.573641963855248],[-45.889529473462296,-23.573626397918986],[-45.889597695127122,-23.573598681415763],[-45.889614962344751,-23.573591554349736],[-45.889679621772416,-23.573627426950111],[-45.89005018544907,-23.573847356143347],[-45.890052926334874,-23.573848802051828],[-45.890073622927623,-23.573872046979144],[-45.890092197693669,-23.573888096804072],[-45.890131774399322,-23.573917042650461],[-45.890171595037778,-23.573943648661544],[-45.890229349820117,-23.573998824241077],[-45.89028458354499,-23.574064492318932],[-45.890308030835627,-23.574123974882141],[-45.890353145410707,-23.574241837445019],[-45.890452034513828,-23.574355936771287],[-45.890460695471461,-23.57437106771788],[-45.890411857930197,-23.574422296307713],[-45.890377172199919,-23.574457432762987],[-45.890411574311095,-23.574499390902066],[-45.890469982452203,-23.574513654736439],[-45.890487762629043,-23.574520789399685],[-45.890482691779198,-23.574556957021059],[-45.890482498658912,-23.57461932002257],[-45.890484687192448,-23.574635663097649],[-45.890324050124725,-23.574573733767696],[-45.890121672281502,-23.574489899715097],[-45.889849795138829,-23.574468569452378],[-45.889650295676404,-23.574480860749524],[-45.889410855122151,-23.57445179685903],[-45.889195909552548,-23.574316269068603],[-45.889080896875839,-23.574267536251451],[-45.888938996974161,-23.574209509623021],[-45.888979351209287,-23.574139217251684],[-45.889048193093906,-23.574058315450703],[-45.889060728129721,-23.574030893750678],[-45.889076497648212,-23.574010609920318],[-45.889085562991681,-23.573994977384363],[-45.889096144629548,-23.573973451242587],[-45.889112073584897,-23.573929741288616],[-45.889125603017646,-23.573887559742907],[-45.889134146515289,-23.57384698018717],[-45.889135769204188,-23.57382233474214]]]},"properties":{"FID":84,"Name":"A3-P2","Shape_Leng":1.0316672072599999}},{"type":"Feature","id":85,"geometry":{"type":"Polygon","coordinates":[]},"properties":{"FID":85,"Name":"Complementar","Shape_Leng":0}},{"type":"Feature","id":86,"geometry":{"type":"Polygon","coordinates":[[[-45.892182026750845,-23.572859478505965],[-45.892245426043417,-23.572810103104882],[-45.892259632929488,-23.572892976296203],[-45.892271744044983,-23.572973702859777],[-45.89229680727238,-23.573086463051204],[-45.892327010268495,-23.573192146931024],[-45.89233973654904,-23.573277471775558],[-45.892346167392986,-23.573385323439076],[-45.8923340050356,-23.573488138109617],[-45.89232383274981,-23.573540481168834],[-45.892256398039535,-23.573492277774623],[-45.892169553126337,-23.573424416450678],[-45.892096529156106,-23.573370691268231],[-45.892029609950107,-23.573321749603437],[-45.89191005967394,-23.573335453594552],[-45.891812181340306,-23.573395829934501],[-45.891742503808189,-23.573441053032926],[-45.891667198640675,-23.573524720742455],[-45.891612076043771,-23.573590072173506],[-45.891559878742555,-23.573659250840016],[-45.891516712707983,-23.57372764879857],[-45.891468512835615,-23.573813743189426],[-45.891428545105612,-23.573884321177054],[-45.891420399160893,-23.573915952936826],[-45.891401321980716,-23.574005427146908],[-45.891411081951567,-23.574084851293989],[-45.891496468638543,-23.574193028674003],[-45.891433701368229,-23.574236589849146],[-45.89135157107404,-23.574197822129936],[-45.891269341295192,-23.574160132458523],[-45.89118416793962,-23.574119537757053],[-45.891109028944527,-23.574073884433794],[-45.891037832785798,-23.574028328593439],[-45.891005631845815,-23.573946784999023],[-45.890975702611847,-23.573869927742525],[-45.890930185265177,-23.573784070898053],[-45.890882325486814,-23.573726308977992],[-45.890917872431146,-23.573611037033118],[-45.890971633646991,-23.57354863628267],[-45.891035350108943,-23.573474266083515],[-45.891089447750232,-23.573408299322576],[-45.891164214633697,-23.573317713719401],[-45.891236101701402,-23.573256772393353],[-45.891301214443956,-23.5731891130165],[-45.891366079884335,-23.573098763840157],[-45.89141724826198,-23.57302741802965],[-45.891480856914711,-23.572939039581119],[-45.891529651696089,-23.572873617012942],[-45.891614770921827,-23.572905285495107],[-45.891701023435019,-23.572936011708119],[-45.891788621477531,-23.572968494108796],[-45.891876239771477,-23.573000486806279],[-45.891968938364187,-23.573030233834864],[-45.892041740888544,-23.572972308109737],[-45.892116909244123,-23.572912272435822],[-45.892182026750845,-23.572859478505965]]]},"properties":{"FID":86,"Name":"A3-P2","Shape_Leng":0.98984896929099997}},{"type":"Feature","id":87,"geometry":{"type":"Polygon","coordinates":[[[-45.893170654673042,-23.573540554942387],[-45.893143980852642,-23.573491181343574],[-45.893018333913751,-23.57318789509128],[-45.892996909471435,-23.573033260645044],[-45.893031786136198,-23.572827357310764],[-45.893005698910031,-23.572593985086254],[-45.89301997196344,-23.57235516634449],[-45.893034600309022,-23.57216425716992],[-45.89300799391436,-23.571981060648916],[-45.892825943910786,-23.571650730089338],[-45.892553721685324,-23.571307431204165],[-45.892527823917135,-23.571140584533847],[-45.892592087241219,-23.571056335087121],[-45.892644550575604,-23.571013526752839],[-45.892931186686091,-23.57091709175921],[-45.893422630019074,-23.570731081196683],[-45.893992373909448,-23.570854083422205],[-45.894281277241312,-23.570983695646714],[-45.894707227805611,-23.571058709530416],[-45.895125510581757,-23.57094016398203],[-45.895377163809712,-23.570937265715305],[-45.895267028897933,-23.571222098684704],[-45.894572886206333,-23.571215142483307],[-45.894267508096675,-23.571311577675882],[-45.894155000372052,-23.571483018018181],[-45.894021062604679,-23.571879473809648],[-45.893822834708885,-23.572302717154635],[-45.893479954024428,-23.573063483673483],[-45.893308513682143,-23.573395649336533],[-45.893170654673042,-23.573540554942387]]]},"properties":{"FID":87,"Name":"A4-P2","Shape_Leng":3.1506378121899998}},{"type":"Feature","id":88,"geometry":{"type":"Polygon","coordinates":[[[-45.889509755981294,-23.572162741754838],[-45.889547541173442,-23.572072344194623],[-45.889515396109239,-23.571825898702631],[-45.889365385809747,-23.5713865828256],[-45.889215375510275,-23.571006199566234],[-45.889097510275015,-23.570807971670426],[-45.889010967879123,-23.570691511651376],[-45.889280124605882,-23.57059042977658],[-45.88956174153725,-23.570485943309105],[-45.889725289574706,-23.570425973774885],[-45.889888837458443,-23.570366004072344],[-45.889984649162898,-23.570800745839058],[-45.890066433164066,-23.571070263379511],[-45.890225958931921,-23.571259528478215],[-45.890321289227359,-23.571462718229604],[-45.890354158258113,-23.571623164821741],[-45.89024994866304,-23.571972091488703],[-45.889886121752127,-23.572196516789965],[-45.889860538763052,-23.572205505633306],[-45.889509755981294,-23.572162741754838]]]},"properties":{"FID":88,"Name":"A1-P3","Shape_Leng":1.56123100174}},{"type":"Feature","id":89,"geometry":{"type":"Polygon","coordinates":[[[-45.888765627800645,-23.568096022883591],[-45.889173306141231,-23.568047450113504],[-45.889552050577656,-23.568107631777256],[-45.889963913918344,-23.568246546224319],[-45.890331144474771,-23.568522089001412],[-45.890487355023659,-23.568818736780312],[-45.890522825026324,-23.569125353440651],[-45.890446330581661,-23.569464541774042],[-45.890409622252669,-23.569626819002046],[-45.890303786694687,-23.56997926066299],[-45.889889045028625,-23.570366199556695],[-45.889859132803785,-23.570284957887161],[-45.889781211692707,-23.570085594553756],[-45.889721125025979,-23.569923746776063],[-45.889645603359384,-23.569731644553769],[-45.889723582248223,-23.569507116775981],[-45.889779599470444,-23.56925224955371],[-45.889719707248332,-23.56906838010935],[-45.889586234470471,-23.568895225664836],[-45.889229488914857,-23.568849637331486],[-45.888936272248202,-23.568837337331445],[-45.888615692803789,-23.568862403442616],[-45.888458579470417,-23.568993800664835],[-45.888420669470463,-23.569225237331597],[-45.888404243359339,-23.569369921775895],[-45.88825018391492,-23.569417432331647],[-45.888127844470489,-23.569458995109294],[-45.88803031391484,-23.569511039553721],[-45.887975293917911,-23.569278385663548],[-45.887932591695126,-23.56910828010524],[-45.887829202248035,-23.568717645668183],[-45.887906464471598,-23.56853864566056],[-45.888057105581538,-23.568441214000522],[-45.888309018915272,-23.568334810662336],[-45.888765627800645,-23.568096022883591]]]},"properties":{"FID":89,"Name":"A1-P3","Shape_Leng":3.1776735868600001}},{"type":"Feature","id":90,"geometry":{"type":"Polygon","coordinates":[[[-45.886420636190394,-23.569662453880181],[-45.886445542480431,-23.569642713094073],[-45.88657948024786,-23.569830225968357],[-45.886791101920323,-23.570114174035265],[-45.886874143336115,-23.57024007553667],[-45.887000044837414,-23.570532059869553],[-45.886791101920323,-23.570937891304762],[-45.88662501908874,-23.570635191950483],[-45.886558050205053,-23.570536078002576],[-45.886381252352066,-23.570356601394337],[-45.886185703211659,-23.570233378648307],[-45.885955330251761,-23.570104798391547],[-45.885718696231265,-23.570033718434502],[-45.885694127069378,-23.569939550897811],[-45.885637456292784,-23.56953243891947],[-45.885649430713038,-23.56898345911463],[-45.885649290574918,-23.568905385441731],[-45.885627418221588,-23.568573726499938],[-45.885626487842508,-23.568564483363762],[-45.885609782094214,-23.568398520786495],[-45.885606738019305,-23.568368279643206],[-45.885492381527051,-23.568228813477901],[-45.885407479510896,-23.568124635232316],[-45.885324954130056,-23.568023372998525],[-45.885257074528795,-23.567961205979209],[-45.885138171689682,-23.567808333423791],[-45.88500303002683,-23.567648630086524],[-45.884988097250584,-23.567614699530399],[-45.884955711135717,-23.567425246757935],[-45.884932291134248,-23.567236876200525],[-45.884852900360272,-23.566957444563407],[-45.884852236130087,-23.566858292869888],[-45.884847022241388,-23.566766646202563],[-45.884843907249035,-23.566720437865051],[-45.884829198912996,-23.56661977897619],[-45.88481848891297,-23.566503453423255],[-45.884826201139397,-23.566422410639916],[-45.884844323917093,-23.566319498979954],[-45.884868409471274,-23.566244663425223],[-45.884909451694007,-23.566139486757773],[-45.88495776335396,-23.566037953975627],[-45.885026409470022,-23.565912815091696],[-45.885077052798636,-23.565844863422161],[-45.885121111691085,-23.565805881201758],[-45.885289224469034,-23.565688302862437],[-45.885343049472802,-23.565662758976838],[-45.885398549463844,-23.565644713981964],[-45.885521170022287,-23.565628470645205],[-45.885579223355883,-23.565633143420605],[-45.885690101691637,-23.565659962864981],[-45.885764832798479,-23.565687448421226],[-45.8859365011349,-23.56577625619736],[-45.886066674471984,-23.565826883419497],[-45.886193634472882,-23.565888210644861],[-45.886475760018925,-23.566041448420485],[-45.886623965575723,-23.566133113425241],[-45.886716906131426,-23.566200895648269],[-45.886803818352746,-23.566273072308888],[-45.886899920577889,-23.566379402312315],[-45.88692892502047,-23.566428095087705],[-45.886952511136599,-23.566506319536938],[-45.886942145575347,-23.566616885089097],[-45.88688018502387,-23.56671281620423],[-45.886797614465763,-23.566797807865832],[-45.886707682246822,-23.566869244532764],[-45.886591292803871,-23.566979752864839],[-45.886393793912589,-23.56713687786754],[-45.886163655022067,-23.567423612311352],[-45.886085588910085,-23.567568827313615],[-45.886039145580526,-23.567782023422627],[-45.886028581138241,-23.567892488982139],[-45.886008048915414,-23.567974960640537],[-45.885968472805367,-23.568078821757183],[-45.885935610575814,-23.568291821200159],[-45.885928157242567,-23.568394376754952],[-45.885919195025913,-23.568486081200614],[-45.885907680578903,-23.568583039531298],[-45.885945665574248,-23.568719047870903],[-45.886101027249424,-23.569270875090638],[-45.886163388361133,-23.569365546197613],[-45.886185633911971,-23.569393727314147],[-45.886259788359268,-23.569481397867726],[-45.886370240578628,-23.56960417397708],[-45.886420636190394,-23.569662453880181]]]},"properties":{"FID":90,"Name":"A1-P2","Shape_Leng":5.54312356355}},{"type":"Feature","id":91,"geometry":{"type":"Polygon","coordinates":[[[-45.893882859743258,-23.573155688919773],[-45.893657033742613,-23.573324070655186],[-45.893442500105436,-23.573484031512358],[-45.893237281684094,-23.573601591089623],[-45.893538886642041,-23.573213493972965],[-45.893938021188887,-23.57230807466533],[-45.894053207668897,-23.57204019913053],[-45.894152321616787,-23.571962515225437],[-45.894350549512467,-23.571474981752097],[-45.894564849940373,-23.571319613941903],[-45.895025595860197,-23.57130889892051],[-45.895197036202489,-23.571335686474015],[-45.895014880838801,-23.571796432393846],[-45.894838082985814,-23.572069665439379],[-45.894811295432419,-23.572267893335077],[-45.894741647793353,-23.572380401059714],[-45.894773792857507,-23.572701851701471],[-45.894773792857507,-23.572830431958209],[-45.894672000154237,-23.572975084746975],[-45.894463057237154,-23.573304571654777],[-45.893882859743258,-23.573155688919773]]]},"properties":{"FID":91,"Name":"A5-P2","Shape_Leng":1.9549467736599999}},{"type":"Feature","id":92,"geometry":{"type":"Polygon","coordinates":[[[-45.88872816576901,-23.57041376274595],[-45.888492111566336,-23.570643228216564],[-45.888293883670556,-23.57073296652073],[-45.888082261998022,-23.570941909437803],[-45.887460803640693,-23.57144611003304],[-45.887462873040768,-23.571425935200921],[-45.887463066352666,-23.571423103823864],[-45.887464068095198,-23.571394756306859],[-45.887464049030427,-23.571391919440657],[-45.88746306757934,-23.57136357217383],[-45.887462874378173,-23.571360740790677],[-45.887459979350119,-23.571332505283703],[-45.887459593656963,-23.571329690661283],[-45.887454780912961,-23.571301678429048],[-45.887454586019714,-23.571300624887677],[-45.887454204243049,-23.571298891685966],[-45.887447492792376,-23.571271213271366],[-45.887446727424326,-23.571268465404788],[-45.887438143743736,-23.571241230052568],[-45.887437192700133,-23.571238531901663],[-45.887426689056667,-23.571211641289953],[-45.887425637699096,-23.571209209317228],[-45.887413418442179,-23.571183180357309],[-45.887411740020866,-23.571179947579473],[-45.887461595339403,-23.571093658657375],[-45.887568091546484,-23.570942244191663],[-45.887744326687539,-23.570711811854785],[-45.887756294620836,-23.570695019272542],[-45.887823445051595,-23.570593640235526],[-45.887828357894421,-23.570585928122725],[-45.887841861788509,-23.57056182519927],[-45.887918941331016,-23.570407771812199],[-45.887924750954994,-23.570395388193226],[-45.88793466561151,-23.570370045975601],[-45.887938145025998,-23.570349401220493],[-45.888080330581538,-23.570368470109365],[-45.888288056137071,-23.570405661220502],[-45.8884722994705,-23.570394303998224],[-45.888709291137047,-23.570413870664943],[-45.88872816576901,-23.57041376274595]]]},"properties":{"FID":92,"Name":"A1-P3","Shape_Leng":0.58175504555299995}},{"type":"Feature","id":93,"geometry":{"type":"Polygon","coordinates":[[[-45.886667176377614,-23.570959590374798],[-45.886550013939043,-23.571020932720568],[-45.886480366299971,-23.571106652891789],[-45.886394646128736,-23.571251305680573],[-45.886383931107446,-23.571379885937237],[-45.88641607617155,-23.571578113833031],[-45.886475008789269,-23.571685264046963],[-45.886614304067336,-23.571789735505501],[-45.886764314366815,-23.571864740655197],[-45.886892894623486,-23.571875455676604],[-45.886978614794714,-23.571891528208724],[-45.887128625094192,-23.571854025633804],[-45.887267920372267,-23.571795093016203],[-45.887380428096897,-23.571666512759528],[-45.887439360714495,-23.571559362545557],[-45.888055474444627,-23.571114689157749],[-45.888505505343005,-23.570761093451893],[-45.888655515642483,-23.570723590876977],[-45.888843028516881,-23.570766450962594],[-45.888966251262893,-23.570873601176469],[-45.889105546540975,-23.571114689157767],[-45.889335919500986,-23.571709372845035],[-45.889351992033085,-23.572052253529591],[-45.888944821220093,-23.57208439859378],[-45.888553722939328,-23.572186191296961],[-45.888301919936623,-23.572250481425268],[-45.888023329380417,-23.572325486575107],[-45.887567940971287,-23.572539787002935],[-45.887337568011276,-23.572588004599144],[-45.887182200201103,-23.572641579706158],[-45.887064334965835,-23.572716584855929],[-45.886828604495236,-23.573054108029741],[-45.886351786043235,-23.573209475839921],[-45.886249993339959,-23.573091610604596],[-45.886153558147441,-23.572925527773005],[-45.88610534055119,-23.572700512323827],[-45.886067837976384,-23.57218887005229],[-45.885891040123397,-23.571551326279522],[-45.885848180037783,-23.571160227998732],[-45.885783889909476,-23.570661979503999],[-45.885713096679972,-23.570230401246093],[-45.88584041710908,-23.570256116111416],[-45.886043025650224,-23.570326188043065],[-45.886222811568295,-23.570443326689478],[-45.886371210728107,-23.57055961896998],[-45.886482709144218,-23.570666429269693],[-45.886588507744762,-23.570812929015741],[-45.886667176377614,-23.570959590374798]]]},"properties":{"FID":93,"Name":"A2-P2","Shape_Leng":5.2699054801700003}},{"type":"Feature","id":94,"geometry":{"type":"Polygon","coordinates":[[[-45.885707981209862,-23.570039075945218],[-45.885717385976193,-23.570041287719565],[-45.885910289115827,-23.570095664399389],[-45.885707981209862,-23.570039075945218]]]},"properties":{"FID":94,"Name":"A1-P2","Shape_Leng":4.7905955097299998e-05}},{"type":"Feature","id":95,"geometry":{"type":"Polygon","coordinates":[[[-47.878067895516949,-24.39588646307886],[-47.878074637734301,-24.395892413892735],[-47.878082006779152,-24.395900456529823],[-47.878088306530067,-24.395909228517091],[-47.878093451551486,-24.395918610244678],[-47.878097372595562,-24.395928476706906],[-47.878100016602453,-24.395938692105922],[-47.878101347598999,-24.395949119745115],[-47.878101347598999,-24.395959619329979],[-47.878100016602446,-24.395970046969065],[-47.878097372595562,-24.395980262368209],[-47.878093451551486,-24.395990128830292],[-47.878088306530067,-24.395999510557882],[-47.878082006779159,-24.396008282545225],[-47.878074637734294,-24.396016325182238],[-47.878066299220222,-24.396023529651202],[-47.878057103652395,-24.396029798825168],[-47.878047175136949,-24.396035048167917],[-47.878036648572447,-24.396039206633134],[-47.878025666051599,-24.39604221846259],[-47.878014376861984,-24.3960440413884],[-47.878002932089608,-24.396044652028078],[-47.877991487317161,-24.3960440413884],[-47.877980197228283,-24.396042218462579],[-47.877969214707434,-24.396039206633127],[-47.877958688142826,-24.396035048167914],[-47.877948759627429,-24.396029798825165],[-47.877939564059545,-24.396023529651202],[-47.877937967762932,-24.396022275996241],[-47.877788146106013,-24.39590206541698],[-47.877781403888669,-24.395896114602969],[-47.87777403484381,-24.395888071965942],[-47.877773987179694,-24.395888014409305],[-47.877556083246589,-24.39561951461792],[-47.877260060603199,-24.395332924963554],[-47.876862670875475,-24.394986345132743],[-47.876244012850869,-24.394541570126435],[-47.875649345141142,-24.394252439887154],[-47.875641399630858,-24.394248128537367],[-47.875632204962244,-24.394241858464063],[-47.875623865548903,-24.394234653995053],[-47.875616497403371,-24.394226611358086],[-47.875614441553125,-24.394223985337703],[-47.875455469294373,-24.394013069136864],[-47.875218013200652,-24.393910883669385],[-47.875215693849114,-24.393909852147033],[-47.87520576623303,-24.393904602804234],[-47.875203327271663,-24.393903084748619],[-47.874671634588196,-24.393561531228716],[-47.874663948982004,-24.393556056156058],[-47.874204771333105,-24.393194233716024],[-47.874198048900773,-24.393188412404356],[-47.873792694777023,-24.39280280019819],[-47.873792007694874,-24.392802140995116],[-47.873785037049743,-24.392794583991993],[-47.8733284692334,-24.392240739207814],[-47.873328071733063,-24.392240253573959],[-47.873321772881411,-24.392231482486014],[-47.87331662786,-24.392222099859062],[-47.873313133094548,-24.392213505038356],[-47.873216557597971,-24.391933159376897],[-47.873216130419969,-24.391931888634858],[-47.873213603325105,-24.391922265888986],[-47.873111345911866,-24.39141111282164],[-47.873110076968437,-24.391402393894438],[-47.87305246999545,-24.390773762388335],[-47.873052291929639,-24.390771461922569],[-47.873052291929639,-24.390760963236982],[-47.873053148084239,-24.390753236261897],[-47.873098865120419,-24.390464956781443],[-47.873099339063174,-24.390462256117306],[-47.873100531564205,-24.390456986989545],[-47.873235196946723,-24.389939913685179],[-47.873236648452462,-24.389934966514659],[-47.873240557805389,-24.389925125233439],[-47.873405962914831,-24.389573656688079],[-47.873411113332168,-24.389564262369962],[-47.873411520725028,-24.389563622052659],[-47.873610430976498,-24.389253989968772],[-47.873616322435225,-24.389245859198123],[-47.873623691480127,-24.389237816561096],[-47.873628688113399,-24.389233299266436],[-47.873902571246617,-24.389002766153844],[-47.873910342288411,-24.388996868399943],[-47.874313164820592,-24.388721717222609],[-47.874317930328175,-24.38871865772899],[-47.874327857944202,-24.388713408386259],[-47.874333347405972,-24.388711074645482],[-47.874802473355373,-24.388527392614201],[-47.875237095015912,-24.388372414244593],[-47.875239141872797,-24.388371708276917],[-47.875250124393638,-24.3883686973466],[-47.875261413583253,-24.38836687442079],[-47.875261472039256,-24.388366868125573],[-47.875998505126866,-24.388288377995362],[-47.876212782993491,-24.388223618714235],[-47.876220939844416,-24.388221504408083],[-47.876232229034031,-24.388219681482287],[-47.876243672907151,-24.388219070842645],[-47.876255117679477,-24.388219681482287],[-47.876266406869149,-24.388221504408069],[-47.87627218141597,-24.388222928934162],[-47.876605186879772,-24.388315067175782],[-47.876610393954479,-24.388316653579817],[-47.876620920518974,-24.388320812044924],[-47.876630848135115,-24.388326061387779],[-47.876640042803615,-24.388332331461026],[-47.876648381317679,-24.388339535929962],[-47.876655749463225,-24.388347578566993],[-47.876660809948369,-24.388354439494954],[-47.876752001203826,-24.388491209291036],[-47.877086764842261,-24.388637942676027],[-47.877088451071131,-24.38863869990525],[-47.877098378687151,-24.388643949247975],[-47.877104712612386,-24.388648101417846],[-47.877348531409552,-24.38882170025046],[-47.877351393052272,-24.388823817254561],[-47.877359731566344,-24.388831022622753],[-47.877367099711819,-24.388839064360429],[-47.877373399462726,-24.38884783634774],[-47.877378544484145,-24.388857218974579],[-47.877382049142227,-24.388865845271653],[-47.87747205419187,-24.389127455356906],[-47.877472469678708,-24.389128694622748],[-47.877475113685477,-24.389138910021753],[-47.877476443782768,-24.38914933856023],[-47.877476610157316,-24.38915421558373],[-47.877477765786239,-24.389410765183818],[-47.877477599411577,-24.389416386845877],[-47.877476268415023,-24.389426814484967],[-47.877476037289171,-24.389427971912539],[-47.877369771597614,-24.389940747356771],[-47.877367358716533,-24.389949806227715],[-47.877367018772823,-24.389950825159591],[-47.877242406012158,-24.390316275464897],[-47.8771407628359,-24.390699543138567],[-47.876995218354523,-24.391294467155031],[-47.87686899310944,-24.392053548921243],[-47.87687942434593,-24.392169231414016],[-47.87687959161979,-24.392171412269921],[-47.876879591619797,-24.392181911854763],[-47.87687922739434,-24.392186019957894],[-47.876862645694416,-24.39233174430365],[-47.876887980495781,-24.392509398179246],[-47.876888643296184,-24.392515840922389],[-47.876888704450096,-24.392525280206616],[-47.876884131397503,-24.392615417456671],[-47.876884070243584,-24.392616476858052],[-47.876882739246923,-24.392626904497156],[-47.876880096139416,-24.392637120795531],[-47.87687617509539,-24.392646986358393],[-47.876871030073914,-24.392656368985357],[-47.876864730322957,-24.392665140073181],[-47.876857362177468,-24.392673182710311],[-47.876849023663461,-24.392680387179158],[-47.876839828095569,-24.392686657252508],[-47.876829900479493,-24.39269190659525],[-47.876819373914941,-24.392696065060477],[-47.876808391394086,-24.392699075990663],[-47.87679710220447,-24.392700898916463],[-47.876785657432052,-24.392701509556122],[-47.876774213559095,-24.392700898916477],[-47.876762923470046,-24.392699075990663],[-47.876751940949191,-24.392696065060491],[-47.876741415284073,-24.392691906595264],[-47.87673148676862,-24.392686657252508],[-47.876722291200679,-24.392680387179169],[-47.876713953585977,-24.392673182710329],[-47.876706584541182,-24.392665140073181],[-47.876700284790218,-24.392656368985357],[-47.876695139768856,-24.392646986358383],[-47.876691218724716,-24.392637120795538],[-47.876688575617209,-24.392626904497138],[-47.876687244620541,-24.392616476858063],[-47.876687184366006,-24.39260703667447],[-47.87669135272364,-24.392524870115782],[-47.876665648301014,-24.392344618998102],[-47.876664985500611,-24.392338177154205],[-47.876664985500604,-24.392327677569384],[-47.876665349726068,-24.392323569466278],[-47.876682176940854,-24.392175690344924],[-47.876671551450848,-24.392057854875144],[-47.876671384176923,-24.392055674019215],[-47.876671384176923,-24.392045175333628],[-47.87667234105561,-24.392036832323008],[-47.876800822699693,-24.391264188780372],[-47.876802084448514,-24.391258042813487],[-47.876948764773658,-24.390658493583786],[-47.877051569873977,-24.390270831822598],[-47.877053265995357,-24.390265227247596],[-47.877177133218083,-24.389901966791452],[-47.877280573239773,-24.389402829566123],[-47.877279519234385,-24.389168655997743],[-47.877203250429595,-24.388946969516155],[-47.87699208421725,-24.388796619957134],[-47.876640540128726,-24.388642531017137],[-47.876638854799232,-24.388641773787981],[-47.876628927183219,-24.388636524445197],[-47.876619731615214,-24.388630255271192],[-47.876611394000577,-24.388623050802266],[-47.876604024955718,-24.388615008165228],[-47.876598964470524,-24.388608147237377],[-47.876512155611408,-24.388477950586037],[-47.876244983219294,-24.388404028112589],[-47.876050753039813,-24.388462728661178],[-47.876042595289519,-24.388464842967274],[-47.876031306099826,-24.388466665893077],[-47.8760312485432,-24.388466672188308],[-47.875296819892242,-24.388544884427958],[-47.874877002871365,-24.388694571186647],[-47.874421633851284,-24.388872878869478],[-47.874032261579487,-24.389138843471979],[-47.873772910591256,-24.389357144006159],[-47.873584571870481,-24.389650321194534],[-47.873424991669935,-24.38998941326998],[-47.873293337217717,-24.390494928487279],[-47.873249880177809,-24.390768960907963],[-47.873306141764999,-24.391382903787076],[-47.873406426964948,-24.391884193989487],[-47.873496048903462,-24.392144350770256],[-47.873938828314188,-24.392681468164252],[-47.874336873647685,-24.393060126812443],[-47.874788845928435,-24.393416270033825],[-47.875309572278923,-24.393750780063442],[-47.875563405027094,-24.393860012618468],[-47.875565723479262,-24.39386104414098],[-47.875575651095346,-24.393866294382981],[-47.875584846663287,-24.39387256355695],[-47.875593185177252,-24.393879768025919],[-47.87560055422211,-24.393887810662942],[-47.875602610072349,-24.393890436683318],[-47.875763039232773,-24.394103285527201],[-47.876344211715889,-24.394385854312759],[-47.876352157226222,-24.394390165662685],[-47.876358858974072,-24.394394581333852],[-47.876988119106336,-24.394846978993947],[-47.876995230945113,-24.394852614145805],[-47.877399733410925,-24.395205438868977],[-47.877703334641126,-24.39549932022652],[-47.877703423674006,-24.395499406561385],[-47.877710792718858,-24.395507449198419],[-47.877710840382917,-24.395507507654425],[-47.877925969907551,-24.395772588223394],[-47.878067895516949,-24.39588646307886]]]},"properties":{"FID":95,"Name":"Igua1","Shape_Leng":3.6353103876300001}},{"type":"Feature","id":96,"geometry":{"type":"Polygon","coordinates":[[[-47.878665127193756,-24.389540616495367],[-47.878667597631477,-24.389534831156645],[-47.878672742652846,-24.389525449429144],[-47.87867904150454,-24.389516677441865],[-47.878686410549399,-24.389508634804812],[-47.878694749063349,-24.389501430335873],[-47.878703943731921,-24.389495161161896],[-47.878713871348054,-24.389489911819123],[-47.878724397912556,-24.389485753353952],[-47.878735379534078,-24.38948274152445],[-47.878746668723743,-24.389480918598611],[-47.878758112596749,-24.389480307958994],[-47.878769557369083,-24.389480918598629],[-47.878780846558698,-24.389482741524443],[-47.878791828180297,-24.389485753353952],[-47.878802354744835,-24.389489911819108],[-47.878812282360911,-24.389495161161882],[-47.878821477029426,-24.389501430335887],[-47.87882981554344,-24.38950863480483],[-47.878837183689036,-24.389516677441879],[-47.878843483439994,-24.389525449429129],[-47.878848628461363,-24.389534831156666],[-47.878852548606183,-24.389544697618817],[-47.878855192613003,-24.389554913017999],[-47.878856523609613,-24.389565340657096],[-47.878856523609613,-24.389575840241942],[-47.878855192613003,-24.389586267881047],[-47.87885254950551,-24.389596483280179],[-47.878851098899077,-24.389600564403686],[-47.878723884399619,-24.38993158686236],[-47.878564978690747,-24.390374476889694],[-47.878561842754777,-24.390382051879325],[-47.878557806597428,-24.3903896277683],[-47.878295658717661,-24.390828429477505],[-47.878234377114772,-24.391204882088694],[-47.878199225313949,-24.391670277650302],[-47.878193091937533,-24.392271165071236],[-47.878377425078043,-24.392801110372041],[-47.878714827327371,-24.393569061252272],[-47.879088688991772,-24.39413715399553],[-47.879613713202268,-24.394807472675737],[-47.880065589255416,-24.395242877645735],[-47.880426712023059,-24.395522605472877],[-47.881139749399836,-24.395754789740753],[-47.881674976418992,-24.395835423854756],[-47.88228124178579,-24.395845113150408],[-47.882927398380673,-24.395700361871206],[-47.88368515094885,-24.39541904224405],[-47.883688470346556,-24.395417873125378],[-47.883699452867411,-24.395414862195189],[-47.883710742956389,-24.395413038370013],[-47.883722187728722,-24.395412428629644],[-47.883733632501098,-24.395413038370023],[-47.883744922589983,-24.395414862195182],[-47.883755904211561,-24.395417873125385],[-47.88376643077607,-24.395422031590499],[-47.88377635929151,-24.395427280933241],[-47.883785554859344,-24.395433550107327],[-47.883793893373422,-24.395440755475537],[-47.883801262418274,-24.395448798112565],[-47.883807562169174,-24.395457569200538],[-47.883812707190657,-24.395466951827359],[-47.883816628234683,-24.395476817390197],[-47.883819272241574,-24.39548703278939],[-47.883820603238235,-24.395497461327697],[-47.883820603238235,-24.395507960013326],[-47.883819272241574,-24.395518387652537],[-47.883816628234683,-24.395528603950947],[-47.883812707190657,-24.395538469513784],[-47.883807562169174,-24.395547851241368],[-47.883801262418274,-24.395556623228579],[-47.883793893373415,-24.395564665865678],[-47.883785554859344,-24.395571870334553],[-47.883776359291517,-24.395578140407913],[-47.883766430776063,-24.395583389750641],[-47.883759224508474,-24.395586379097093],[-47.882994825051071,-24.395870166463972],[-47.882991505653415,-24.395871335582754],[-47.88298121291264,-24.395874194527451],[-47.882315699309977,-24.39602328233763],[-47.882315010429295,-24.39602343432302],[-47.88230372034036,-24.396025257248887],[-47.882292275568034,-24.396025867888511],[-47.882290556064284,-24.396025854398715],[-47.881664347331707,-24.396015845843632],[-47.881654622962458,-24.396015249593102],[-47.881650066097635,-24.396014662335865],[-47.881099036191472,-24.395931646817015],[-47.881092303866637,-24.3959304102492],[-47.881082012025217,-24.395927626847534],[-47.880343735175188,-24.395687224574772],[-47.880343044495817,-24.39568699704629],[-47.880332517931322,-24.395682838581148],[-47.880322590315252,-24.39567758923835],[-47.880313394747304,-24.39567132006438],[-47.880313097970998,-24.39567109163659],[-47.879934165929008,-24.395377568209259],[-47.879926374202739,-24.395370834085789],[-47.879466116468059,-24.394927352304538],[-47.879465866456542,-24.394927110386909],[-47.87945849741164,-24.394919067749814],[-47.879457467687928,-24.394917777222709],[-47.878926185095281,-24.394239467166706],[-47.87892185755765,-24.394233448903535],[-47.878541888597155,-24.393656074257429],[-47.878540947007082,-24.393654611959832],[-47.878535801985599,-24.393645230232224],[-47.87853486579138,-24.393643172583385],[-47.878193152192182,-24.392865405603132],[-47.878190677257862,-24.392859107650736],[-47.878000440068149,-24.392312188545709],[-47.877999931051932,-24.392310678584064],[-47.877997287045048,-24.392300463184931],[-47.877995956947764,-24.392290034646468],[-47.877995794170552,-24.392283941739613],[-47.878002102914643,-24.391665893455304],[-47.878002334040389,-24.391660506516249],[-47.878037957985271,-24.391188865163151],[-47.878038800650074,-24.391181782102592],[-47.878103246967221,-24.390785894242697],[-47.878103666950551,-24.390783529025665],[-47.878106310957435,-24.390773313626621],[-47.878110231102191,-24.390763448063812],[-47.878114267259548,-24.390755872174864],[-47.878380502558059,-24.390310231121369],[-47.878537231907671,-24.389873424108323],[-47.878665127193756,-24.389540616495367]]]},"properties":{"FID":96,"Name":"Igu2","Shape_Leng":2.2464005414099999}},{"type":"Feature","id":97,"geometry":{"type":"Polygon","coordinates":[[[-47.898866540758206,-24.391154451705624],[-47.89886035971773,-24.391154629771457],[-47.898848914945404,-24.391154019131765],[-47.898837625755789,-24.391152196205972],[-47.898826643234948,-24.391149184376395],[-47.898816117569645,-24.391145025911275],[-47.898806189953689,-24.391139776568533],[-47.898796994385691,-24.391133507394553],[-47.898788655871662,-24.391126302925617],[-47.898781286826818,-24.391118260288572],[-47.89877498797523,-24.391109488301375],[-47.898769842953868,-24.391100106573791],[-47.898765921909728,-24.391090240111616],[-47.898763278802221,-24.391080024712426],[-47.898761947805617,-24.391069597073347],[-47.898761947805617,-24.391059097488373],[-47.898763278802228,-24.391048669849297],[-47.898765921909721,-24.391038454450204],[-47.898769842953875,-24.391028587988046],[-47.89877498797523,-24.391019206260466],[-47.898781287726194,-24.391010434273245],[-47.89878865587167,-24.391002391636103],[-47.898796994385691,-24.390995187167292],[-47.898806189953696,-24.390988917993308],[-47.898816117569659,-24.39098366865046],[-47.898826643234948,-24.390979510185335],[-47.898837625755796,-24.390976498355823],[-47.898848914945397,-24.390974675430012],[-47.898854177778041,-24.390974242856096],[-47.899092756225627,-24.39096051470511],[-47.899375544445782,-24.390922869983584],[-47.899378280183441,-24.390922541730962],[-47.899389724056505,-24.390921931091317],[-47.89939905182473,-24.390922336685666],[-47.899611078688281,-24.390940794371268],[-47.89988778389403,-24.390939321281788],[-47.900317633751683,-24.390892598803539],[-47.900317808220223,-24.390892579917743],[-47.900329252093286,-24.390891970177393],[-47.900340695966236,-24.390892579917743],[-47.9003480092532,-24.390893619534054],[-47.900703540036318,-24.390956727659947],[-47.901096696655209,-24.390977662977882],[-47.901446377348414,-24.390979676560001],[-47.901457201588528,-24.390980284501616],[-47.901468491677463,-24.390982108326689],[-47.901473567451148,-24.390983341297215],[-47.901758916940423,-24.391060186567472],[-47.901876201125738,-24.391076875286682],[-47.901883801296322,-24.39107823865891],[-47.901894782917793,-24.391081249589089],[-47.901905309482402,-24.391085408054334],[-47.901915237098478,-24.391090657396948],[-47.901924432666426,-24.391096926571031],[-47.901932770281007,-24.391104131939237],[-47.901940139325859,-24.391112174576282],[-47.90194643907688,-24.39112094566423],[-47.901951583198979,-24.391130328291187],[-47.901955504243006,-24.391140193853904],[-47.901958148249889,-24.391150409253033],[-47.90195947924645,-24.391160837791517],[-47.901959479246443,-24.391171336477111],[-47.901958148249889,-24.39118176411618],[-47.901955504242999,-24.391191980414582],[-47.901951584098313,-24.391201845977434],[-47.90194643907688,-24.391211227705007],[-47.901940139325859,-24.391219999692321],[-47.901932770281007,-24.391228042329391],[-47.901924432666419,-24.391235246798317],[-47.901915237098478,-24.391241516871553],[-47.901905309482402,-24.391246766214408],[-47.901894782917793,-24.391250924679536],[-47.901883801296314,-24.391253935609779],[-47.901872511207394,-24.391255758535532],[-47.901861067334323,-24.391256369175235],[-47.901849622561997,-24.391255758535532],[-47.901845932643646,-24.391255298981946],[-47.901722217406302,-24.391237694752924],[-47.901714617235712,-24.391236331380696],[-47.901709541462139,-24.391235098410174],[-47.901431257046809,-24.391160156105347],[-47.901090351938137,-24.391158164107026],[-47.90068552301841,-24.391136637035284],[-47.900679801531567,-24.391136179280295],[-47.900672488244716,-24.391135140563335],[-47.900325595449829,-24.391073564882166],[-47.899905516726101,-24.391119225261139],[-47.899894471252765,-24.391119852987973],[-47.899607262864777,-24.391121381835429],[-47.899597362228469,-24.391120978039726],[-47.899392184601595,-24.391103116604658],[-47.899117133249028,-24.391139730703131],[-47.899109135578108,-24.391140492428796],[-47.898866540758206,-24.391154451705624]]]},"properties":{"FID":97,"Name":"Igu3","Shape_Leng":0.64592676930399995}},{"type":"Feature","id":98,"geometry":{"type":"Polygon","coordinates":[[[-47.932062194714433,-24.39506695136777],[-47.932061642530698,-24.395061315316468],[-47.932061642530698,-24.395050816630928],[-47.932062973527366,-24.395040388991738],[-47.932065617534136,-24.39503017269335],[-47.932069538578268,-24.395020307130498],[-47.932074683599751,-24.395010924503552],[-47.932080982451282,-24.395002153415714],[-47.932088351496134,-24.394994110778551],[-47.932096690010205,-24.394986905410349],[-47.932105885578103,-24.394980636236372],[-47.9321158140935,-24.394975386893631],[-47.932126340657994,-24.394971228428524],[-47.932137323178836,-24.394968217498228],[-47.932148612368451,-24.394966394572542],[-47.932160057140834,-24.394965783932793],[-47.932171501913224,-24.394966394572521],[-47.932182792002152,-24.394968217498214],[-47.932193774523007,-24.394971228428524],[-47.932204301087609,-24.394975386893645],[-47.932214228703572,-24.394980636236372],[-47.932223424271513,-24.394986905410359],[-47.932231762785591,-24.394994110778551],[-47.932239131830386,-24.395002153415714],[-47.93224543158135,-24.395010924503552],[-47.932250576602776,-24.395020307130498],[-47.932254497646859,-24.395030172693332],[-47.932257141653736,-24.395040388991731],[-47.932257919567292,-24.395045180579661],[-47.932303777797017,-24.395390955517207],[-47.932304433402805,-24.395398603351854],[-47.932325335445853,-24.395932151336734],[-47.932325232023807,-24.395940638238866],[-47.932323901027132,-24.395951065877959],[-47.9323237040756,-24.395952055132291],[-47.932197435662999,-24.396567686038853],[-47.932195863648133,-24.396574065829448],[-47.931866289997167,-24.397717225558431],[-47.931865414956853,-24.397720071912733],[-47.931861493912777,-24.397729937475578],[-47.931861406678536,-24.397730121836627],[-47.931455674839469,-24.398586264733304],[-47.931090876542669,-24.399356309235149],[-47.931085861922959,-24.399365440951218],[-47.930701580713347,-24.399976365705598],[-47.930303124389638,-24.400596172164523],[-47.930297246420757,-24.400604281351448],[-47.930289876476593,-24.400612323988419],[-47.930281537962507,-24.400619528457405],[-47.930272341495311,-24.400625798530719],[-47.930262412979857,-24.400631047873514],[-47.930251886415363,-24.40063520633856],[-47.930240902995202,-24.400638217268799],[-47.930229612906267,-24.400640040194617],[-47.930218168133933,-24.400640650834244],[-47.930206722462231,-24.400640040194617],[-47.930195432373189,-24.400638217268806],[-47.930184449852447,-24.400635206338567],[-47.930173922388583,-24.400631047873503],[-47.93016399387313,-24.400625798530719],[-47.930154798305232,-24.400619528457405],[-47.930146458891834,-24.400612323988419],[-47.930139089847103,-24.400604281351438],[-47.930132790096131,-24.400595509364226],[-47.930127645074663,-24.400586127636636],[-47.93012372403053,-24.400576262073677],[-47.930121080023753,-24.400566045775332],[-47.930119749027085,-24.400555618136135],[-47.930119749027085,-24.400545119450552],[-47.930121080023753,-24.400534690912195],[-47.930123724030523,-24.400524475513059],[-47.930127645074663,-24.400514609950218],[-47.930132790096131,-24.400505227323265],[-47.930133211878115,-24.400504565422246],[-47.93053119605775,-24.399885496407421],[-47.930912220822222,-24.399279749050081],[-47.931274800491622,-24.39851438911672],[-47.931677563668586,-24.397664514494757],[-47.932004317944866,-24.396531135792195],[-47.932127904579083,-24.395928590920811],[-47.9321075466259,-24.395408914079159],[-47.932062194714433,-24.39506695136777]]]},"properties":{"FID":98,"Name":"Igu5","Shape_Leng":1.3354795999}},{"type":"Feature","id":99,"geometry":{"type":"Polygon","coordinates":[[[-47.90532733328974,-24.393201250226635],[-47.905321034438096,-24.393196794085853],[-47.905312695924124,-24.39318958871764],[-47.905305327778535,-24.393181546080587],[-47.905299028027684,-24.393172774992646],[-47.905293883006202,-24.393163392365704],[-47.905289961962126,-24.393153526802884],[-47.905287318854612,-24.393143311403719],[-47.905285987857958,-24.393132882865352],[-47.905285987857951,-24.39312238417979],[-47.905287318854619,-24.393111956540675],[-47.905289961962126,-24.393101740242177],[-47.905293883006202,-24.393091874679321],[-47.905299028027684,-24.393082492951759],[-47.905305327778535,-24.393073720964548],[-47.905312695924124,-24.393065678327506],[-47.905321034438089,-24.393058473858552],[-47.90533023000603,-24.393052203785206],[-47.905340158521476,-24.393046954442461],[-47.905350684186608,-24.393042795977358],[-47.905361666707449,-24.393039785047172],[-47.905372956796498,-24.393037962121344],[-47.90538440066944,-24.393037351481691],[-47.905395845441888,-24.393037962121344],[-47.905407134631446,-24.393039785047161],[-47.905418117152294,-24.393042795977358],[-47.905428643716895,-24.393046954442479],[-47.905438571332979,-24.393052203785206],[-47.905441468049268,-24.393054017717883],[-47.905774630894484,-24.393270635620418],[-47.905782854295182,-24.393276609816713],[-47.906119966063564,-24.393549529776006],[-47.906126379129034,-24.393555216189277],[-47.906133090769409,-24.393562459329079],[-47.906515307135699,-24.394021922962338],[-47.907078350185657,-24.394679045890335],[-47.907522054099445,-24.39508809352975],[-47.908083500852797,-24.395572232761371],[-47.908434003526395,-24.395816677486714],[-47.908826198770043,-24.396035802699203],[-47.909250137383822,-24.396236732827891],[-47.909872960168904,-24.396451513415631],[-47.910533203744308,-24.396578144254931],[-47.911233875442974,-24.396626374896304],[-47.911760685707009,-24.396644271404906],[-47.912210640808382,-24.396593973222263],[-47.912211140831403,-24.396593918363639],[-47.912222585603786,-24.39659330772389],[-47.912234030376169,-24.396593918363639],[-47.912245320465061,-24.396595741289449],[-47.912256302985902,-24.396598752219624],[-47.912266829550504,-24.396602910684745],[-47.912276758065907,-24.396608160027487],[-47.912285953633784,-24.39661443010084],[-47.912294292147756,-24.396621634569794],[-47.9123016611926,-24.396629677206814],[-47.912307960943629,-24.396638449194018],[-47.912313105964969,-24.396647830921605],[-47.912317027009124,-24.396657696484457],[-47.912319671015894,-24.396667912782892],[-47.912321002012561,-24.39667834042206],[-47.912321002012561,-24.396688839107586],[-47.912319671015887,-24.396699266746737],[-47.912317027009131,-24.396709483045182],[-47.912313105964984,-24.396719348608027],[-47.912307960943629,-24.39672873123488],[-47.9123016611926,-24.396737502322825],[-47.912294292147756,-24.396745544959863],[-47.912285953633784,-24.396752750328186],[-47.912276758065907,-24.396759019502156],[-47.912266829550497,-24.396764268844901],[-47.912256302985902,-24.396768427310015],[-47.912245320465054,-24.396771438240194],[-47.912234530399132,-24.396773206307373],[-47.911776801558062,-24.396824374134557],[-47.911776301535042,-24.396824428093861],[-47.911764856762716,-24.396825038733486],[-47.911761202817218,-24.396824976680303],[-47.911222829070198,-24.396806671879393],[-47.910511956361567,-24.396757755055319],[-47.910507901318518,-24.396757398923743],[-47.910499138324546,-24.396756092208815],[-47.909825115336744,-24.39662681826206],[-47.909822588241752,-24.396626302051196],[-47.909811605720904,-24.396623290221612],[-47.909810582292437,-24.396622943982596],[-47.909175231951338,-24.396403843051875],[-47.90916572971463,-24.396400031725072],[-47.909164661320013,-24.396399533500652],[-47.908732501103934,-24.396194705710133],[-47.908726470250372,-24.396191596753798],[-47.908326977907677,-24.395968395813771],[-47.908318594427556,-24.395963150967713],[-47.907959946594183,-24.395713025225007],[-47.90795209371413,-24.395706929620136],[-47.907384507289059,-24.395217478093176],[-47.906934413692106,-24.394802556981471],[-47.906932646524353,-24.394800885141709],[-47.906926797333718,-24.394794663631853],[-47.906359330518562,-24.394132372300213],[-47.905982127872846,-24.393678938621179],[-47.905656209966033,-24.393415081130119],[-47.90532733328974,-24.393201250226635]]]},"properties":{"FID":99,"Name":"Igu4","Shape_Leng":1.71626523113}},{"type":"Feature","id":100,"geometry":{"type":"Polygon","coordinates":[[[-47.929713201502921,-24.41048164689915],[-47.929705764109663,-24.410487987119605],[-47.929696567642402,-24.410494256293589],[-47.929686638227736,-24.41049950563637],[-47.929676110763801,-24.410503664101444],[-47.92966512644432,-24.410506675031684],[-47.929653835456122,-24.410508498856867],[-47.929642389784426,-24.410509108597115],[-47.92963094321334,-24.410508498856867],[-47.929619652225085,-24.410506675031684],[-47.929608668804967,-24.410503664101444],[-47.929598140441719,-24.41049950563637],[-47.92958821102701,-24.410494256293578],[-47.929579014559742,-24.410487987119598],[-47.929570675146529,-24.410480782650723],[-47.929563305202294,-24.410472740013621],[-47.929557004552002,-24.410463968026352],[-47.929551859530591,-24.410454586298787],[-47.929547937587124,-24.410444719836672],[-47.929545293580418,-24.41043450443749],[-47.929543962583693,-24.410424076798392],[-47.929543962583693,-24.410413577213536],[-47.929545293580425,-24.410403149574332],[-47.929547937587131,-24.41039293417521],[-47.929551859530591,-24.410383068612369],[-47.929557004552009,-24.410373685985508],[-47.929563305202294,-24.410364914897563],[-47.929570675146529,-24.41035687226054],[-47.929571577166477,-24.410356008012069],[-47.929824185937377,-24.41011724520342],[-47.930154717366293,-24.409797257426114],[-47.93040227284655,-24.409482382294758],[-47.930765056661983,-24.408864952744068],[-47.931107166862148,-24.407998513509316],[-47.931460885511406,-24.407141516256676],[-47.93146447290701,-24.407133901696966],[-47.931631819652686,-24.406819280174432],[-47.931635073399825,-24.406813672901368],[-47.931641373150796,-24.406804900914203],[-47.931648743094911,-24.406796858277175],[-47.931657082508245,-24.406789653808186],[-47.931666278975577,-24.40678338373494],[-47.931676208390279,-24.406778134392084],[-47.931686734954781,-24.406773975927045],[-47.931697719274212,-24.406770964996767],[-47.93170900936326,-24.406769142070964],[-47.931720455034856,-24.406768531431336],[-47.931731900706559,-24.406769142070946],[-47.931743191694856,-24.406770964996767],[-47.931754175115024,-24.406773975927027],[-47.93176470257891,-24.406778134392084],[-47.931774631993612,-24.40678338373494],[-47.931783828460823,-24.406789653808175],[-47.931792167874164,-24.406796858277175],[-47.931799537818392,-24.40680490091415],[-47.9318058375693,-24.406813672901368],[-47.931810983489981,-24.406823054629065],[-47.931814904534185,-24.406832920191903],[-47.931817548541005,-24.406843136490298],[-47.931818879537623,-24.406853564129438],[-47.931818879537623,-24.406864062815018],[-47.931817548541005,-24.406874490454111],[-47.931814904534178,-24.406884706752532],[-47.931810983489981,-24.406894572315363],[-47.931809091316438,-24.406898346770003],[-47.93164373027389,-24.407209237005404],[-47.9312921160382,-24.4080611324041],[-47.930948030027544,-24.40893258625858],[-47.930945841077687,-24.408937646743755],[-47.930942134971531,-24.408944665053014],[-47.930572869742093,-24.409573125687931],[-47.930571430826838,-24.409575489106242],[-47.930566060974854,-24.409583097370664],[-47.93031089273348,-24.409907657301215],[-47.930309961935116,-24.409908821023972],[-47.930302591990994,-24.409916863661007],[-47.93030250565608,-24.409916947297919],[-47.929966629556247,-24.410242107076201],[-47.929713201502921,-24.41048164689915]]]},"properties":{"FID":100,"Name":"Igu7","Shape_Leng":0.93658300723900001}},{"type":"Feature","id":101,"geometry":{"type":"Polygon","coordinates":[[[-47.929626529340794,-24.401422776828561],[-47.929630076266903,-24.401416613774611],[-47.929636376017925,-24.401407841787325],[-47.92964374506267,-24.40139979915028],[-47.929652084476004,-24.401392594681333],[-47.929661280044002,-24.40138632550735],[-47.929671208559398,-24.401381076164625],[-47.929681736023269,-24.401376917699515],[-47.929692718544061,-24.401373905869946],[-47.929704009532379,-24.401372082944146],[-47.929715454304699,-24.40137147320387],[-47.929726899976401,-24.401372082944071],[-47.929738190065336,-24.401373905869953],[-47.929749173485504,-24.401376917699508],[-47.929759700049999,-24.401381076164625],[-47.929769628565396,-24.40138632550735],[-47.929778825032656,-24.401392594681354],[-47.929787163546735,-24.40139979915028],[-47.929794533490906,-24.401407841787318],[-47.929800833241764,-24.401416613774582],[-47.929805978263232,-24.401425995502223],[-47.929809899307372,-24.401435861964281],[-47.929812543314142,-24.40144607736346],[-47.92981387431081,-24.401456505002567],[-47.92981387431081,-24.401467004587403],[-47.929812543314142,-24.401477432226624],[-47.929809899307372,-24.401487647625622],[-47.929805978263225,-24.401497513188577],[-47.92980438016798,-24.401500732761463],[-47.92959559805837,-24.401900187332679],[-47.929592051132211,-24.401906350386668],[-47.929585751381303,-24.40191512147447],[-47.929578382336452,-24.401923164111626],[-47.929575783295718,-24.401925594079717],[-47.929137899794171,-24.402319763335299],[-47.929129554984911,-24.402326472277757],[-47.928137796122371,-24.403037347684293],[-47.928128775922232,-24.40304310064737],[-47.926960801199989,-24.403702618469875],[-47.925858003044311,-24.404399089435234],[-47.924913330885424,-24.405028385540373],[-47.923988073290907,-24.405668219901255],[-47.923576358262281,-24.406093282667598],[-47.923191815349981,-24.406784794771177],[-47.922885414530235,-24.407480162268413],[-47.922790847219808,-24.407955699484717],[-47.922939596884802,-24.408671641671674],[-47.923327276632449,-24.409212844685722],[-47.923894010500085,-24.409716158362695],[-47.924308601560597,-24.409951882362162],[-47.924881181021597,-24.410152031879413],[-47.925557170826721,-24.410225157553683],[-47.926471642851993,-24.410127554132021],[-47.927159824766022,-24.409958892577542],[-47.92767275129637,-24.409773980273659],[-47.927675147989596,-24.409773149300062],[-47.927686131409821,-24.409770138369886],[-47.927697423297325,-24.409768315444072],[-47.927708868969034,-24.409767704804381],[-47.927720314640737,-24.409768315444072],[-47.927731605629056,-24.409770138369879],[-47.927742589948537,-24.409773149300069],[-47.927753117412358,-24.409777307765175],[-47.927763046827124,-24.409782557108045],[-47.927772243294271,-24.409788826282011],[-47.927780582707612,-24.409796031650217],[-47.92778795265184,-24.409804074287248],[-47.927794253302075,-24.409812845375189],[-47.927799398323536,-24.409822228002035],[-47.927803320267003,-24.40983209356494],[-47.927805964273723,-24.409842308964016],[-47.927807295270441,-24.409852736603224],[-47.927807295270441,-24.409863236188063],[-47.927805964273716,-24.40987366382717],[-47.927803320267003,-24.409883879226374],[-47.927799398323543,-24.409893745688525],[-47.927794253302068,-24.409903127416101],[-47.927787952651833,-24.409911899403365],[-47.927780582707612,-24.40991994204035],[-47.927772243294271,-24.40992714650929],[-47.927763046827124,-24.40993341568327],[-47.927753117412358,-24.409938665026004],[-47.927744986641699,-24.409941992517595],[-47.927226845842199,-24.410128784404545],[-47.92721621945293,-24.410131990487688],[-47.926515684451267,-24.410303680059478],[-47.926512930727085,-24.410304315880126],[-47.926501639738838,-24.410306138805932],[-47.926501608262527,-24.410306142403197],[-47.925568507680453,-24.41040573422594],[-47.925557093485004,-24.410406341268356],[-47.925545646914024,-24.410405730628611],[-47.925545526404903,-24.410405718038188],[-47.924845889825875,-24.410330033792725],[-47.924834719346734,-24.410328223457391],[-47.924823735926623,-24.410325212527194],[-47.924822294313401,-24.410324720598062],[-47.924229454925303,-24.410117488919653],[-47.924220368175384,-24.410113822383668],[-47.924212609724066,-24.41010984288355],[-47.92378097920875,-24.40986443228638],[-47.923778809144608,-24.409863161544298],[-47.923769612677461,-24.409856892370335],[-47.9237643471468,-24.409852540550951],[-47.92318217281894,-24.409335514011453],[-47.923179099835465,-24.409332661361933],[-47.923171729891351,-24.409324618724906],[-47.923168373621415,-24.409320223738074],[-47.922763966483842,-24.408755667129014],[-47.922761023002749,-24.408751291028018],[-47.922755877082004,-24.408741908401119],[-47.922751956037871,-24.408732042838214],[-47.922749551250782,-24.408723023537441],[-47.92259370773337,-24.407972934991669],[-47.922593468513647,-24.407971737994092],[-47.922592137517086,-24.407961310354882],[-47.922592137517086,-24.407950811669309],[-47.922593468513647,-24.407940384030201],[-47.922593565640462,-24.407939885805813],[-47.922693224912337,-24.407438748488239],[-47.922695771792355,-24.407429030414157],[-47.922698792615165,-24.407421141561191],[-47.923010573179283,-24.406713566666493],[-47.923014146185778,-24.406706380184051],[-47.923406372905681,-24.40600105089657],[-47.923408846940625,-24.405996878042224],[-47.923415146691582,-24.405988106055016],[-47.923420471577458,-24.405982110274966],[-47.923847071285252,-24.405541681692057],[-47.92384911724286,-24.405539633935739],[-47.923857455756952,-24.405532429466792],[-47.923861415471897,-24.405529541743704],[-47.924795914499846,-24.404883322196387],[-47.925744021169521,-24.404251741813191],[-47.926853031841908,-24.403551375884142],[-47.928020599171191,-24.402892053214536],[-47.929003644502465,-24.402187424498884],[-47.929425218798777,-24.401807934877187],[-47.929626529340794,-24.401422776828561]]]},"properties":{"FID":101,"Name":"Igu6","Shape_Leng":3.4316896934400001}},{"type":"Feature","id":102,"geometry":{"type":"Polygon","coordinates":[[[-47.933303590987862,-24.40483856024019],[-47.933300537789542,-24.404842534344251],[-47.933293167845306,-24.40485057698135],[-47.933284828431972,-24.404857782349616],[-47.933275632864145,-24.404864051523596],[-47.933265703449422,-24.40486930086632],[-47.933255175985558,-24.404873459331505],[-47.933244193464702,-24.404876470261733],[-47.933232902476448,-24.404878293187437],[-47.933221456804738,-24.404878903827189],[-47.933210011133042,-24.404878293187437],[-47.933198721044107,-24.404876470261744],[-47.933187737623882,-24.404873459331494],[-47.933177210160018,-24.404869300866324],[-47.933167281644664,-24.404864051523596],[-47.933158085177411,-24.404857782349602],[-47.933149745764069,-24.404850576981339],[-47.933142375819955,-24.404842534344251],[-47.933136076068934,-24.40483376325637],[-47.933130931047572,-24.40482438062946],[-47.933127009104169,-24.404814515066626],[-47.933124365097292,-24.404804299667433],[-47.933123034100618,-24.404793871129073],[-47.933123034100625,-24.404783372443497],[-47.933124365097285,-24.404772944804382],[-47.933127009104176,-24.404762728505887],[-47.933130931047565,-24.404752862943045],[-47.933136076068926,-24.404743481215466],[-47.933139323520955,-24.404738683332308],[-47.933482332143853,-24.404265601265369],[-47.933703386402044,-24.403911784590029],[-47.933708468471025,-24.403904485692355],[-47.934060472113018,-24.403448777627837],[-47.934540961895834,-24.402889540508745],[-47.934546729248105,-24.40288341342767],[-47.934552614411587,-24.40287815868891],[-47.93511937076233,-24.40241266510122],[-47.935127975475609,-24.402406355457746],[-47.93587014639013,-24.401921938335605],[-47.935873192393899,-24.401920028175638],[-47.935881721564158,-24.401915435337894],[-47.936805464700406,-24.401473558846529],[-47.936806864944742,-24.401472902341421],[-47.936817391509351,-24.401468743876308],[-47.936820513955468,-24.401467757319942],[-47.937354810176323,-24.401308019738217],[-47.937362646868621,-24.40130600076013],[-47.937910370866859,-24.401186984480599],[-47.937921674445704,-24.401185157957631],[-47.937933119218023,-24.401184548217227],[-47.937943659272378,-24.40118506532729],[-47.938502282154552,-24.401240071461089],[-47.938503187771857,-24.401240164990543],[-47.938514478760169,-24.401241987916265],[-47.93851465952384,-24.401242027486372],[-47.938757479174228,-24.401295172922691],[-47.938768280931363,-24.401298144282759],[-47.938778807495851,-24.401302302747869],[-47.938788736910574,-24.401307552090767],[-47.938797932478515,-24.40131382126469],[-47.938803591912183,-24.401318524719091],[-47.939030116746437,-24.401521966654251],[-47.939032796726117,-24.401524469467571],[-47.939039377065512,-24.401531554326649],[-47.939236674832614,-24.401767632659002],[-47.939392694617091,-24.401938999374121],[-47.939396051786275,-24.401942900633188],[-47.93940235153724,-24.401951672620498],[-47.939407497457971,-24.401961054348078],[-47.939411418502125,-24.401970919910923],[-47.939414062508902,-24.401981136209312],[-47.939415393505556,-24.401991563848419],[-47.939415393505548,-24.402002062534017],[-47.939414062508895,-24.402012490173085],[-47.939411418502118,-24.402022706471545],[-47.939407497457978,-24.402032572034447],[-47.93940235153724,-24.402041954661275],[-47.939396051786275,-24.402050725749298],[-47.939388682741424,-24.402058768386272],[-47.939380343328082,-24.402065973754596],[-47.939371147760141,-24.402072242928579],[-47.939361218345425,-24.402077492271307],[-47.939350691780938,-24.402081650736427],[-47.939339708360819,-24.40208466166667],[-47.939328418271764,-24.402086484592477],[-47.939316972600182,-24.402087095232101],[-47.939305527827742,-24.40208648459247],[-47.939294236839487,-24.40208466166667],[-47.939283254318632,-24.402081650736427],[-47.939272726854774,-24.402077492271307],[-47.939262798339428,-24.402072242928579],[-47.93925360187211,-24.402065973754588],[-47.939245263358139,-24.402058768386265],[-47.939241251482478,-24.402054627008265],[-47.939082613771511,-24.401880352784868],[-47.93888705799128,-24.401646391456676],[-47.938685053172605,-24.401464970321047],[-47.938474946361623,-24.401418984387416],[-47.937939409975741,-24.401366251740008],[-47.93741213116482,-24.401480825368655],[-47.936889494654402,-24.401637077178172],[-47.935979045296612,-24.402072593664069],[-47.935246912614851,-24.402550460124512],[-47.934690630667944,-24.403007350797456],[-47.934218518070111,-24.403556791601535],[-47.933872182854941,-24.40400521335873],[-47.933651851651518,-24.404357873505898],[-47.933648411744684,-24.404362978057854],[-47.933303590987862,-24.40483856024019]]]},"properties":{"FID":102,"Name":"Igu8","Shape_Leng":1.65299452552}},{"type":"Feature","id":103,"geometry":{"type":"Polygon","coordinates":[[[-47.936681456284141,-24.411742966753131],[-47.936673418143634,-24.411738610437116],[-47.936664220777061,-24.411732341263246],[-47.93665588136372,-24.41172513679436],[-47.936648511419598,-24.411717094157275],[-47.936642210769378,-24.411708322169996],[-47.936637065747902,-24.411698940442363],[-47.936633143804499,-24.411689074879579],[-47.936630499797616,-24.41167885858113],[-47.936629168801062,-24.411668430941919],[-47.936629168801062,-24.411657932256436],[-47.936630499797609,-24.41164750371798],[-47.936633143804507,-24.411637288318843],[-47.936637065747902,-24.411627422756016],[-47.936642210769378,-24.411618040129149],[-47.936648511419598,-24.41160926904119],[-47.93665588136372,-24.411601226404169],[-47.936664220777061,-24.411594021035949],[-47.936673418143641,-24.411587751861983],[-47.936683347558358,-24.411582502519131],[-47.936693875022236,-24.411578344053915],[-47.936704859341667,-24.411575333123842],[-47.936716150329971,-24.411573510198014],[-47.936727596901051,-24.411572899558337],[-47.93673904257264,-24.411573510198028],[-47.936750333561008,-24.411575333123842],[-47.936761317880503,-24.411578344053915],[-47.936771845344367,-24.411582502519131],[-47.936773736618584,-24.411583395545964],[-47.937009278954974,-24.411697608546447],[-47.937412708529621,-24.411858980196435],[-47.937764103330608,-24.411924732329165],[-47.938269045679874,-24.411949662435568],[-47.938701837219924,-24.411970210145682],[-47.938908598552871,-24.41192823698713],[-47.938918491994741,-24.411926707240397],[-47.938929938565707,-24.411926096600673],[-47.93894138423741,-24.411926707240411],[-47.938952676125041,-24.411928530166097],[-47.938963659545159,-24.411931541995678],[-47.9389741879084,-24.411935699561536],[-47.938984117323116,-24.411940949803675],[-47.938993313790377,-24.411947218977605],[-47.939001653203718,-24.411954423446559],[-47.939009023147833,-24.411962466083583],[-47.939015323798124,-24.411971238070798],[-47.939020469718805,-24.411980619798381],[-47.939024390762995,-24.411990485361237],[-47.939027034769765,-24.412000701659611],[-47.939028366665696,-24.412011129298826],[-47.939028366665703,-24.412021627984341],[-47.939027034769758,-24.412032056522833],[-47.939024390762995,-24.412042271921973],[-47.939020469718805,-24.412052137484807],[-47.939015323798117,-24.412061520111642],[-47.939009023147833,-24.412070291199711],[-47.939001653203718,-24.412078333836632],[-47.938993313790377,-24.412085538305575],[-47.938984117323123,-24.412091808378886],[-47.9389741879084,-24.412097057721663],[-47.938963659545152,-24.412101216186905],[-47.938952676125041,-24.412104227116966],[-47.9389512785786,-24.412104520296008],[-47.938731444700302,-24.412149147353947],[-47.938721550359219,-24.412150677100673],[-47.938710104687516,-24.41215128774035],[-47.938704999236279,-24.412151166331906],[-47.938258632429879,-24.412129974707163],[-47.937746201425966,-24.412104674979325],[-47.937740064452385,-24.412104195640719],[-47.937731770904463,-24.412102977958675],[-47.937363035375768,-24.41203398017274],[-47.937360037935377,-24.412033374928971],[-47.93734905361584,-24.41203036399866],[-47.937343307847357,-24.41202825958516],[-47.936926946021629,-24.411861715934094],[-47.936920273951444,-24.411858768855783],[-47.936681456284141,-24.411742966753131]]]},"properties":{"FID":103,"Name":"Igu10","Shape_Leng":0.49505479527099999}},{"type":"Feature","id":104,"geometry":{"type":"Polygon","coordinates":[[[-47.938185908752587,-24.402962741726007],[-47.938188122883503,-24.4029627192429],[-47.938199568555206,-24.402963329882652],[-47.938210858644204,-24.40296515280836],[-47.938221842064308,-24.402968163738652],[-47.938232368628803,-24.40297232220377],[-47.938242298043519,-24.402977571546554],[-47.93825149361146,-24.402983840720538],[-47.938259833024802,-24.402991046088751],[-47.938267202069653,-24.402999088725828],[-47.938273502719881,-24.403007859813773],[-47.938278647741349,-24.403017242440686],[-47.938282568785439,-24.403027108003485],[-47.93828521279233,-24.403037323402653],[-47.938286543788884,-24.403047751941074],[-47.938286543788877,-24.403058250626593],[-47.93828521279233,-24.403068678265697],[-47.938282568785446,-24.403078894564196],[-47.938278647741356,-24.403088760127055],[-47.938273502719888,-24.403098141854642],[-47.938267202968916,-24.403106913841842],[-47.938259833024809,-24.403114956478881],[-47.93825149361146,-24.40312216094782],[-47.938242298043527,-24.403128430121797],[-47.938232369528194,-24.403133679464528],[-47.938221842064308,-24.403137837929773],[-47.938210858644204,-24.403140849759215],[-47.938199568555213,-24.403142672685007],[-47.938190337014362,-24.403143259942389],[-47.937898281280638,-24.403149268312973],[-47.937434939770583,-24.403277368644481],[-47.936570258710383,-24.403548238149526],[-47.935845252256513,-24.403793494962599],[-47.935354240405843,-24.404075418934273],[-47.934957690644808,-24.404364034761215],[-47.93450142590001,-24.404724761827133],[-47.934103938146166,-24.405122177635185],[-47.933842640125704,-24.405458066325483],[-47.933604253233625,-24.406050903914892],[-47.933483178405936,-24.406543788154003],[-47.933447813465705,-24.406784229097639],[-47.933447197430162,-24.406787855164175],[-47.933444553423335,-24.406798071462571],[-47.933440632379259,-24.406807937025398],[-47.933435486458507,-24.406817318752974],[-47.933429186707542,-24.406826090740203],[-47.933421816763321,-24.406834133377338],[-47.933413477349966,-24.406841337846174],[-47.933404280882769,-24.40684760791952],[-47.933394352367429,-24.406852857262265],[-47.933383824903565,-24.406857015727393],[-47.933372841483333,-24.406860026657686],[-47.933361550495079,-24.406861849583382],[-47.933350104823376,-24.406862460223124],[-47.933338659151673,-24.406861849583397],[-47.933327368163475,-24.406860026657686],[-47.93331638474325,-24.406857015727393],[-47.933305857279436,-24.406852857262265],[-47.933295927864719,-24.406847607919531],[-47.933286731397509,-24.406841337846174],[-47.933278391984175,-24.406834133377352],[-47.933271022939316,-24.406826090740203],[-47.933264722289039,-24.406817318752974],[-47.93325957726762,-24.406807937025409],[-47.933255655324217,-24.406798071462561],[-47.933253011317341,-24.406787855164175],[-47.933251680320716,-24.406777427524958],[-47.933251680320723,-24.406766928839428],[-47.93325239618104,-24.406760127266747],[-47.933288337586653,-24.406515774272414],[-47.933289858340231,-24.40650801132443],[-47.933413305579563,-24.40600547466174],[-47.933415043969042,-24.405999395244685],[-47.933416974813497,-24.405994091942532],[-47.933662167774798,-24.405384330910923],[-47.933664157974427,-24.405379768650228],[-47.933669302995888,-24.405370386922634],[-47.933674385964082,-24.405363145581529],[-47.933946851765775,-24.405012901912716],[-47.933948068548496,-24.405011371266617],[-47.93395444654044,-24.405004305293286],[-47.934359922971964,-24.404598904404683],[-47.934360914024865,-24.404597926841692],[-47.934368197634164,-24.404591545252437],[-47.934831881785833,-24.404224977089775],[-47.935235865342861,-24.403930928458418],[-47.935244835180974,-24.403925116140101],[-47.935749149803314,-24.403635552427666],[-47.935757275177991,-24.403631364284941],[-47.935767359276156,-24.40362735420787],[-47.936504179224414,-24.403378108901499],[-47.937374520617603,-24.403105474926573],[-47.937854147950468,-24.402972856401043],[-47.937859906309598,-24.402971436371562],[-47.937871196398532,-24.402969613445805],[-47.937880427939326,-24.40296902528917],[-47.938185908752587,-24.402962741726007]]]},"properties":{"FID":104,"Name":"Igu9","Shape_Leng":1.41826343371}},{"type":"Feature","id":105,"geometry":{"type":"Polygon","coordinates":[[[-47.946879957144283,-24.412699759075224],[-47.946871707663085,-24.412700076535941],[-47.946860261092127,-24.41269946589631],[-47.946848970103822,-24.412697642970503],[-47.946837985784398,-24.412694631140866],[-47.946827457421136,-24.412690472675816],[-47.94681752800642,-24.412685223333035],[-47.946808331539216,-24.412678954159055],[-47.946799992125875,-24.412671749690155],[-47.946792621282384,-24.412663707053078],[-47.94678632153142,-24.412654935065799],[-47.946781175610695,-24.412645553338209],[-47.946777253667285,-24.412635687775378],[-47.946774609660388,-24.412625471476932],[-47.946773278663841,-24.412615043837821],[-47.946773278663848,-24.412604545152249],[-47.946774609660388,-24.412594116613779],[-47.946777253667278,-24.412583901214656],[-47.946781175610688,-24.412574035651783],[-47.946786321531413,-24.412564653024951],[-47.946792622181647,-24.412555881937017],[-47.946799992125875,-24.412547839299972],[-47.946808331539224,-24.412540633931766],[-47.94681752800642,-24.412534364757789],[-47.946827458320506,-24.412529115414941],[-47.946837985784391,-24.412524956949834],[-47.946848970103815,-24.412521946019648],[-47.946860261092134,-24.412520123093827],[-47.946863457282625,-24.412519829015487],[-47.947391092225018,-24.412479267792545],[-47.947972299781782,-24.412449546098287],[-47.948451088946577,-24.412390070334087],[-47.948452897483143,-24.412389860792068],[-47.948464343154853,-24.412389251051774],[-47.948464373731845,-24.41238925105176],[-47.948950745080708,-24.412389385050691],[-47.94896216197418,-24.412389995690329],[-47.948968676663071,-24.412390895911706],[-47.949423618505143,-24.412468076629015],[-47.949903306991928,-24.412548456234891],[-47.949908296430635,-24.412549414912235],[-47.949919280750187,-24.41255242674168],[-47.949929808214051,-24.412556585206911],[-47.949939737628775,-24.412561834549656],[-47.949948934995234,-24.412568103723636],[-47.949957274408582,-24.412575308192579],[-47.949964644352804,-24.412583350829614],[-47.949970945003038,-24.412592122816815],[-47.949976090923784,-24.412601504544412],[-47.949980011967916,-24.412611370107243],[-47.949982656874063,-24.412621586405763],[-47.949983987870723,-24.412632014044839],[-47.949983987870731,-24.412642512730375],[-47.949982656874056,-24.412652941268796],[-47.949980011967909,-24.412663156667964],[-47.949976090923776,-24.412673022230809],[-47.949970945003031,-24.412682404857669],[-47.949964644352796,-24.412691175945628],[-47.949957274408575,-24.412699218582706],[-47.949948934995234,-24.412706423950961],[-47.949939737628767,-24.412712693124945],[-47.949929808214051,-24.412717942467683],[-47.94991928075018,-24.412722100932797],[-47.949908296430635,-24.4127251118631],[-47.949897005442338,-24.412726934788804],[-47.949885558871358,-24.412727545428531],[-47.949874113199655,-24.412726934788804],[-47.949867811650165,-24.412726070540312],[-47.949387909124603,-24.412645654961572],[-47.948941644840943,-24.412569946434477],[-47.948470985547431,-24.412569816032818],[-47.94799494471085,-24.412628950953877],[-47.947987187158894,-24.41262962994205],[-47.947404840161141,-24.412659401099063],[-47.946879957144283,-24.412699759075224]]]},"properties":{"FID":105,"Name":"Igu11","Shape_Leng":0.64733635635200004}},{"type":"Feature","id":106,"geometry":{"type":"Polygon","coordinates":[[[-47.95548529371127,-24.418809770143231],[-47.955486068926923,-24.418808518287044],[-47.955492369577094,-24.418799746299783],[-47.955499739521315,-24.418791703662734],[-47.955508079833912,-24.418784499193801],[-47.955517277200563,-24.418778229120445],[-47.955527207514535,-24.418772979777717],[-47.955537735877783,-24.41876882131259],[-47.955548720197221,-24.418765810382357],[-47.955560012084803,-24.418763987456547],[-47.955571458655875,-24.418763376816912],[-47.955582905226834,-24.418763987456558],[-47.955594198013742,-24.418765810382357],[-47.955605182333215,-24.41876882131259],[-47.955615710696463,-24.418772979777717],[-47.95562564011118,-24.418778229120445],[-47.955634837477696,-24.418784499193801],[-47.955643177790307,-24.418791703662755],[-47.955650548633798,-24.418799746299783],[-47.955656849284132,-24.418808518287054],[-47.955661995204878,-24.41881790001457],[-47.955665917148281,-24.418827765577468],[-47.955668561155051,-24.418837981875917],[-47.955669892151718,-24.418848409515011],[-47.955669892151718,-24.418858908200605],[-47.955668561155058,-24.418869335839698],[-47.955665917148281,-24.418879552138097],[-47.955661995204878,-24.418889417700932],[-47.955657624499729,-24.418897547572222],[-47.955339578358746,-24.419420961096996],[-47.954859271138382,-24.420113975967624],[-47.954855111773952,-24.420119511294832],[-47.954851774389809,-24.420123389171575],[-47.954354763161746,-24.420669577127732],[-47.953678595290917,-24.42153501901436],[-47.953677491822702,-24.421536403070945],[-47.953670120979211,-24.421544445708093],[-47.953664006488616,-24.421549888405032],[-47.953165482600866,-24.421956715618368],[-47.95264400261857,-24.422729675722405],[-47.951943095297572,-24.423815839118042],[-47.951659575029346,-24.424727426118167],[-47.951388536451702,-24.425836309986099],[-47.951277955812941,-24.426432853681593],[-47.951252062532603,-24.42756774054714],[-47.951466343097195,-24.42865699041602],[-47.951762012306915,-24.4292686544132],[-47.95224966878709,-24.429567276996476],[-47.95265103351835,-24.429723393008484],[-47.953333727769241,-24.429915791269025],[-47.953338444713381,-24.429917240076861],[-47.953348973975949,-24.429921398541975],[-47.953358904289928,-24.429926647884823],[-47.953368102555835,-24.42993291795808],[-47.953376443767802,-24.429940122426999],[-47.953383814611293,-24.429948165064044],[-47.953390116160904,-24.429956937051259],[-47.953395262081642,-24.429966318778852],[-47.953399184025102,-24.429976184341683],[-47.953401828931199,-24.429986400640079],[-47.953403159927866,-24.429996828279279],[-47.953403159927866,-24.430007326964823],[-47.953401828931192,-24.430017754604037],[-47.953399184025102,-24.430027970902426],[-47.953395262081642,-24.430037836465264],[-47.953390116160904,-24.430047218192858],[-47.9533838146113,-24.430055990179987],[-47.953376443767809,-24.430064032817146],[-47.953368102555828,-24.430071237286029],[-47.953358904289928,-24.430077506460027],[-47.953348973975949,-24.430082755802882],[-47.953338444713388,-24.430086914267928],[-47.953327458595254,-24.43008992519816],[-47.95331616580836,-24.430091749023241],[-47.953304718338011,-24.430092358763591],[-47.953293269968412,-24.430091749023241],[-47.953281977181412,-24.430089925198168],[-47.953275708007425,-24.430088363975031],[-47.95258814932356,-24.429894594248431],[-47.952578603020022,-24.4298914025544],[-47.952164008362217,-24.429730140621814],[-47.952158310257744,-24.429727725042778],[-47.952148379044402,-24.429722475699961],[-47.95214774412301,-24.429722090790172],[-47.951628594284159,-24.429404182245516],[-47.9516200318389,-24.429398298880695],[-47.951611690626919,-24.429391094411759],[-47.951604319783428,-24.429383051774732],[-47.951598018233931,-24.429374279787513],[-47.951593243733157,-24.429365676872752],[-47.951281219452596,-24.428720174984395],[-47.951280848032638,-24.42871939617153],[-47.951276926089236,-24.428709530608671],[-47.951274345034967,-24.428699641663457],[-47.951056226163871,-24.427590872908695],[-47.951056162311943,-24.427590546454905],[-47.951054831315389,-24.427580118815676],[-47.951054686524515,-24.427572983594658],[-47.951080938634341,-24.426422426042517],[-47.951081083425208,-24.42641906257796],[-47.951082307402544,-24.426409205109113],[-47.951194996951529,-24.425801468451368],[-47.951468398947334,-24.424682955542309],[-47.951756906855728,-24.423755200530501],[-47.951757279175062,-24.423754034109823],[-47.951761201118472,-24.42374416764763],[-47.951766347039211,-24.423734785920033],[-47.951766847062288,-24.423734001711246],[-47.952475209763008,-24.422636297315698],[-47.953005259385179,-24.421850627093196],[-47.953010055469576,-24.421844160967744],[-47.953017426313075,-24.421836118330663],[-47.953023541702969,-24.421830675633615],[-47.953524595383726,-24.421421784476259],[-47.954196488776901,-24.420561814064904],[-47.95420093052843,-24.420556551232281],[-47.954696187179259,-24.420012292321864],[-47.955170057052442,-24.419328636695713],[-47.95548529371127,-24.418809770143231]]]},"properties":{"FID":106,"Name":"Igu12","Shape_Leng":2.9909534032499998}},{"type":"Feature","id":107,"geometry":{"type":"Polygon","coordinates":[[[-47.956591819556706,-24.430291511832028],[-47.95658817280588,-24.430297866441617],[-47.956581871256276,-24.430306637529611],[-47.956574500412785,-24.430314680166596],[-47.956566159200811,-24.4303218846356],[-47.956556960934961,-24.430328154708782],[-47.956547030620932,-24.430333404051687],[-47.956536500459038,-24.430337562516804],[-47.956525515240287,-24.430340573446991],[-47.956514222453279,-24.430342396372673],[-47.956502774983065,-24.430343007012414],[-47.956491326613396,-24.430342396372694],[-47.956480033826431,-24.430340573446969],[-47.956469048607637,-24.430337562516812],[-47.956458518445743,-24.430333404051677],[-47.956448588131757,-24.430328154708782],[-47.956439389865871,-24.430321884635593],[-47.956431048653883,-24.430314680166596],[-47.956423677810406,-24.430306637529547],[-47.956417376260788,-24.430297866441617],[-47.956412230340057,-24.43028848381471],[-47.956408308396639,-24.430278618251865],[-47.956405663490514,-24.430268402852683],[-47.956404332493832,-24.430257974314372],[-47.956404332493832,-24.430247475628722],[-47.956405663490507,-24.430237047989635],[-47.956408308396647,-24.430226831691243],[-47.95641223034005,-24.430216966128402],[-47.956413729509912,-24.430213938110978],[-47.956978783444015,-24.429126557932538],[-47.956982849278972,-24.429119545918635],[-47.957454044568465,-24.428386665000918],[-47.957457726392875,-24.42838136889338],[-47.957942765845928,-24.427734438881494],[-47.95794869867342,-24.427727311754339],[-47.958715417482487,-24.426895352526866],[-47.959355234756231,-24.426229809246657],[-47.959357528926773,-24.426227504284228],[-47.959365112909609,-24.42622088707266],[-47.960263173206791,-24.425516709816645],[-47.960263930435985,-24.425516121660056],[-47.960273128701886,-24.42550985248608],[-47.960283059015872,-24.425504603143231],[-47.960283397160936,-24.425504447560588],[-47.96122617444837,-24.425075069846908],[-47.961236365565753,-24.425071065165874],[-47.961247350784504,-24.425068054235616],[-47.961252843843567,-24.425067012820758],[-47.962406321494484,-24.424879427731693],[-47.963324240621148,-24.424775000254453],[-47.963324948387537,-24.424774922013405],[-47.96333639585788,-24.424774311373771],[-47.963347843328222,-24.424774922013416],[-47.963351964921166,-24.424775444519529],[-47.964410908536536,-24.424930476848441],[-47.964421668924842,-24.424932622630831],[-47.965141916166431,-24.425115342387532],[-47.965149312190938,-24.425117508854324],[-47.965159840554186,-24.425121667319438],[-47.965169771767478,-24.4251269166623],[-47.965178969134058,-24.425133186735522],[-47.965179067160186,-24.425133261379298],[-47.965656954304968,-24.425501372778523],[-47.966276508054364,-24.425947938335074],[-47.966278896653712,-24.425949716294728],[-47.966287237865686,-24.425956920763682],[-47.9662946078098,-24.425964963400702],[-47.966297637625765,-24.425968905129245],[-47.96674776719567,-24.426589036243339],[-47.967058170897758,-24.427025554574065],[-47.967060930917121,-24.427029671670322],[-47.967066076837853,-24.427039054297261],[-47.967068172258223,-24.427043879160006],[-47.967280031847906,-24.427575722030276],[-47.967555039133686,-24.428119662580688],[-47.967556096736367,-24.428121829047484],[-47.967560018679876,-24.428131694610322],[-47.967561148228292,-24.428135438487978],[-47.967742189850135,-24.428790407539516],[-47.967925983397322,-24.429466781355128],[-47.96792740252755,-24.429472900342315],[-47.967928202924107,-24.429477860103479],[-47.968011701378842,-24.430117267286377],[-47.96801223197884,-24.430122736063645],[-47.96801223197884,-24.430133234749292],[-47.968010900082902,-24.430143662388328],[-47.968008256076139,-24.430153877787404],[-47.968004334132665,-24.430163743350374],[-47.967999187312614,-24.430173125977213],[-47.967992886662323,-24.430181897964538],[-47.967985514919526,-24.430189939702188],[-47.967977174606801,-24.430197145070515],[-47.967967976341008,-24.430203414244481],[-47.967958045127659,-24.430208663587209],[-47.967947515865148,-24.43021282205228],[-47.967936530646334,-24.430215832982523],[-47.967925237859397,-24.430217655908329],[-47.967913789489678,-24.430218266548078],[-47.967902342019393,-24.43021765590834],[-47.967891049232442,-24.430215832982523],[-47.967880063114372,-24.43021282205228],[-47.967869533851861,-24.430208663587219],[-47.967859603537768,-24.430203414244481],[-47.967850405271861,-24.430197145070515],[-47.967842064059994,-24.430189939702203],[-47.967834693216503,-24.430181897964538],[-47.967828391666906,-24.430173125977209],[-47.96782324574616,-24.430163743350366],[-47.967819323802658,-24.430153877787411],[-47.967816678896497,-24.430143662388328],[-47.967815878499955,-24.430138702627353],[-47.967733112992732,-24.429504898220728],[-47.967550904950258,-24.428834353810661],[-47.967372212357645,-24.428187885151097],[-47.967099325673303,-24.42764813634075],[-47.967098268070579,-24.427645970773195],[-47.967096172650201,-24.427641145910453],[-47.966886755619214,-24.427115431919969],[-47.966583005101548,-24.426688266538644],[-47.966142123260283,-24.426080877019217],[-47.965532455758137,-24.425641422402073],[-47.965068551272566,-24.42528409657217],[-47.964374325015001,-24.425107977839229],[-47.963334653871065,-24.424955767583011],[-47.962435738318568,-24.425058002513126],[-47.961301304711355,-24.425242520913976],[-47.960382170600667,-24.425661131943983],[-47.95949867482387,-24.426353889608656],[-47.958864811062142,-24.427013232962683],[-47.958102585266033,-24.427840325059261],[-47.957622260059225,-24.428480968809936],[-47.957155007397617,-24.429207719049309],[-47.956591819556706,-24.430291511832028]]]},"properties":{"FID":107,"Name":"Igu14","Shape_Leng":3.6179189779500001}},{"type":"Feature","id":108,"geometry":{"type":"Polygon","coordinates":[[[-47.969319910985007,-24.431103711155586],[-47.96932121140469,-24.431093741271358],[-47.969323856310837,-24.431083525872218],[-47.96932777825424,-24.431073660309391],[-47.969332925074355,-24.431064277682538],[-47.969339225724575,-24.431055506594575],[-47.96934659746745,-24.431047463957558],[-47.969354937780047,-24.431040258589235],[-47.969364136045947,-24.431033989415273],[-47.969374067259317,-24.431028740072509],[-47.969384596521834,-24.431024581607403],[-47.969395582640011,-24.431021570677235],[-47.969406875426827,-24.431019747751417],[-47.969418322897248,-24.431019137111726],[-47.969429771266846,-24.431019747751403],[-47.96944106405374,-24.431021570677224],[-47.969452049272604,-24.431024581607403],[-47.969462579434435,-24.431028740072531],[-47.969472509748464,-24.431033989415258],[-47.969481708014371,-24.431040258589235],[-47.969490049226351,-24.431047463957565],[-47.969497420069843,-24.431055506594589],[-47.969503721619333,-24.431064277682548],[-47.969508868439512,-24.431073660309391],[-47.969512790382858,-24.431083525872232],[-47.969515434389734,-24.431093741271358],[-47.969516766285665,-24.431104168910444],[-47.969516766285658,-24.431114668495418],[-47.969516735708737,-24.431115127149674],[-47.969477449724494,-24.431682891640392],[-47.969476252726849,-24.431692310240127],[-47.969288418525593,-24.432704135675596],[-47.969033767394421,-24.433980141458555],[-47.968848345174941,-24.435040949368442],[-47.96881853894439,-24.435486631790813],[-47.968817403999942,-24.435567533902724],[-47.968817245719208,-24.435571623120037],[-47.968815913823285,-24.43558205165851],[-47.968813269816515,-24.435592267057643],[-47.968809347873041,-24.435602132620488],[-47.96880420105299,-24.435611515247324],[-47.968797899503386,-24.435620286335276],[-47.968790527760632,-24.435628328972328],[-47.968782186548651,-24.435635533441246],[-47.968772988282737,-24.43564180351461],[-47.968763057069403,-24.435647052857352],[-47.968752526907508,-24.435651211322455],[-47.968741540789438,-24.435654222252648],[-47.96873024710316,-24.435656045178462],[-47.968718799632832,-24.435656655818089],[-47.96870735126322,-24.435656045178462],[-47.968696057576942,-24.435654222252648],[-47.968685071458822,-24.435651211322472],[-47.968674541296991,-24.435647052857352],[-47.968664610083636,-24.43564180351461],[-47.968655411817743,-24.435635533441246],[-47.968647070605755,-24.435628328972328],[-47.968639699762264,-24.435620286335286],[-47.96863339731339,-24.435611515247324],[-47.968628251392666,-24.435602132620481],[-47.968624328549879,-24.435592267057643],[-47.968621684543002,-24.43558205165851],[-47.968620352647065,-24.435571623120037],[-47.968620194366387,-24.435565214551165],[-47.96862141924305,-24.435479951626519],[-47.968651782153991,-24.435025516102822],[-47.968652837058762,-24.435016767497991],[-47.968839370840271,-24.43394964544796],[-47.969094191044064,-24.432672780812435],[-47.969280951454721,-24.43166673711848],[-47.969319910985007,-24.431103711155586]]]},"properties":{"FID":108,"Name":"Igu15","Shape_Leng":1.0300100882100001}},{"type":"Feature","id":109,"geometry":{"type":"Polygon","coordinates":[[[-47.968022708181422,-24.439595610836875],[-47.968022029193264,-24.439589060175088],[-47.968022029193271,-24.439578561489487],[-47.968023361089195,-24.4395681338504],[-47.968026005095972,-24.439557918451207],[-47.968029927938744,-24.439548052888426],[-47.968035074758859,-24.439538670261513],[-47.968041376308406,-24.439529899173564],[-47.96804874805116,-24.43952185653648],[-47.968057089263148,-24.439514651168306],[-47.96806628842841,-24.439508381994298],[-47.968076219641766,-24.439503132651485],[-47.968086749803547,-24.439498974186399],[-47.968097735921724,-24.439495963256224],[-47.968109030507314,-24.439494140330396],[-47.968120478876983,-24.439493529690651],[-47.968131927246596,-24.439494140330392],[-47.968143220932866,-24.439495963256203],[-47.968154207050986,-24.439498974186399],[-47.96816473721281,-24.43950313265151],[-47.968174669325435,-24.439508381994287],[-47.968183867591328,-24.439514651168292],[-47.968192209702693,-24.43952185653648],[-47.968199581445447,-24.439529899173579],[-47.968205882995051,-24.439538670261513],[-47.968211029815109,-24.439548052888412],[-47.968214951758576,-24.439557918451218],[-47.968217596664722,-24.439568133850376],[-47.968218248673118,-24.43957201172703],[-47.968327343631984,-24.440329620403759],[-47.968513042842574,-24.441020831234368],[-47.968757649445877,-24.442153574116116],[-47.968758023563858,-24.442155403337168],[-47.968759354560518,-24.442165830976368],[-47.968759354560518,-24.442176330561217],[-47.968758023563851,-24.442186758200304],[-47.968755378657711,-24.442196973599494],[-47.968751455814925,-24.442206839162345],[-47.96874630899493,-24.442216221789181],[-47.968740007445319,-24.442224992877126],[-47.968732635702445,-24.442233035514139],[-47.968724293591208,-24.44224024088243],[-47.968715094426045,-24.442246510056396],[-47.96870516321269,-24.442251759399205],[-47.968694633050866,-24.442255917864269],[-47.968683646033405,-24.442258928794502],[-47.968672352347085,-24.442260751720301],[-47.96866090307816,-24.442261362359936],[-47.968649454708441,-24.442260751720301],[-47.968638160122914,-24.442258928794502],[-47.96862717400478,-24.442255917864255],[-47.968616642943687,-24.442251759399205],[-47.968606711730338,-24.442246510056396],[-47.968597512565054,-24.44224024088243],[-47.968589170453811,-24.442233035514139],[-47.96858179961032,-24.442224992877119],[-47.968575497161339,-24.442216221789181],[-47.968570350341338,-24.442206839162345],[-47.968566427498558,-24.44219697359949],[-47.968564156710443,-24.442188587421413],[-47.968320457523077,-24.441059919367817],[-47.96813451999207,-24.440367916234383],[-47.968132511805941,-24.440358151395586],[-47.968022708181422,-24.439595610836875]]]},"properties":{"FID":109,"Name":"Igu17","Shape_Leng":0.61536547274099995}},{"type":"Feature","id":110,"geometry":{"type":"Polygon","coordinates":[[[-47.958586428620663,-24.424850233939591],[-47.958593678955026,-24.424845421667218],[-47.958603610168375,-24.424840172324494],[-47.958614138531566,-24.424836013859363],[-47.958625123750437,-24.424833002929127],[-47.958636416537324,-24.424831180003313],[-47.958647863108297,-24.424830569363678],[-47.958659310578639,-24.424831180003313],[-47.958670603365533,-24.42483300292913],[-47.958681588584412,-24.424836013859299],[-47.958692116947525,-24.42484017232448],[-47.958702048160944,-24.424845421667218],[-47.958711245527532,-24.424851690841326],[-47.958719585840122,-24.424858896209468],[-47.958726956683613,-24.424866938846495],[-47.958733258233224,-24.424875709934515],[-47.958738404153962,-24.424885092561283],[-47.958742326097365,-24.424894958124135],[-47.958744970104242,-24.424905173523324],[-47.958746302000179,-24.424915601162411],[-47.958746302000186,-24.424926100747367],[-47.958744970104263,-24.424936528386471],[-47.958742326097365,-24.424946743785604],[-47.958738404153955,-24.424956609348442],[-47.958733258233224,-24.424965991975405],[-47.958726956683613,-24.424974763962496],[-47.958719585840115,-24.424982805700274],[-47.958711245527532,-24.424990011068477],[-47.958709298495307,-24.42499146886956],[-47.95821724253171,-24.425350323546922],[-47.958210315953238,-24.425354938867667],[-47.957493238821883,-24.425790464346747],[-47.95657119810221,-24.426715366709182],[-47.956089273001517,-24.427559786942883],[-47.955708987479738,-24.428434666315134],[-47.955479769175966,-24.429171239849104],[-47.955479400453896,-24.429172393679323],[-47.955475478510436,-24.429182259242172],[-47.955470456696162,-24.429191444018191],[-47.955067372461208,-24.429834397227975],[-47.955067248354794,-24.429834594179521],[-47.955060946805183,-24.429843366166672],[-47.955053575961692,-24.429851408803714],[-47.955045234749711,-24.429858613272664],[-47.955036036483811,-24.429864882446623],[-47.955029039758351,-24.429868726149031],[-47.954681399626793,-24.430042194579929],[-47.954678466038331,-24.430043601119625],[-47.95466793677582,-24.430047759584678],[-47.954656951557013,-24.430050770514924],[-47.954645658770126,-24.430052593440731],[-47.9546342104004,-24.43005320408038],[-47.954622762930057,-24.430052593440678],[-47.954611470143163,-24.430050770514924],[-47.954600484025036,-24.430047759584667],[-47.954589954762582,-24.430043601119625],[-47.954580024448497,-24.430038351776822],[-47.954570826182646,-24.430032081703526],[-47.954562484970666,-24.430024877234523],[-47.954555114127174,-24.430016834597495],[-47.954548812577578,-24.430008062610234],[-47.954543666656775,-24.429998680882694],[-47.954539744713443,-24.429988815319799],[-47.954537099807219,-24.429978599021357],[-47.954535768810615,-24.429968171382331],[-47.954535768810622,-24.429957672696684],[-47.954537099807219,-24.429947245057583],[-47.954539744713436,-24.429937028759074],[-47.954543666656775,-24.429927163196336],[-47.954548812577571,-24.42991778146877],[-47.954555114127174,-24.429909009481417],[-47.954562484970658,-24.4299009668444],[-47.954570826182646,-24.429893762375457],[-47.954580024448489,-24.429887493201484],[-47.954587021174,-24.429883649499068],[-47.954910197947193,-24.429722387566368],[-47.955293407164966,-24.429111138156763],[-47.955520689228365,-24.428380793327293],[-47.955523903405371,-24.428372148144376],[-47.955907911221061,-24.427488707226363],[-47.955912135336689,-24.427480278780209],[-47.956402340495565,-24.426621352481735],[-47.956404339688454,-24.426618023191569],[-47.956410640338682,-24.426609251204358],[-47.956416905016063,-24.42660230034425],[-47.957355772950507,-24.425660519505698],[-47.95735687911656,-24.4256594277287],[-47.95736522032859,-24.425652222360508],[-47.957374094838485,-24.425646148339407],[-47.958097726229028,-24.425206642460875],[-47.958586428620663,-24.424850233939591]]]},"properties":{"FID":110,"Name":"Igu13","Shape_Leng":1.4588384090199999}},{"type":"Feature","id":111,"geometry":{"type":"Polygon","coordinates":[[[-47.975045471770997,-24.447330173436669],[-47.975043245948996,-24.447331553896007],[-47.975033313836263,-24.447336803238731],[-47.97502278277517,-24.447340961703834],[-47.975011795757666,-24.447343972634073],[-47.975000502071396,-24.447345795559905],[-47.974989051903208,-24.447346406199514],[-47.974977602634226,-24.447345795559905],[-47.974966308048586,-24.447343972634094],[-47.974955321930459,-24.447340961703834],[-47.974944790869358,-24.447336803238738],[-47.974934858756626,-24.447331553896007],[-47.974925658692079,-24.447325283822643],[-47.97491731748012,-24.447318079353806],[-47.974909944838025,-24.447310036716662],[-47.974903643288492,-24.447301265628838],[-47.97489849556905,-24.447291883001867],[-47.974894573625647,-24.447282017439086],[-47.974891928719501,-24.447271802039886],[-47.974890596823577,-24.447261373501416],[-47.974890596823577,-24.447250874815939],[-47.974891928719501,-24.447240447176732],[-47.974894573625647,-24.44723023177767],[-47.97489849556905,-24.447220366214779],[-47.974903643288492,-24.447210983587933],[-47.974909944838032,-24.447202212499977],[-47.974917317480106,-24.447194169862943],[-47.974925659591463,-24.447186964494744],[-47.97493263293461,-24.447182075780059],[-47.97527406864328,-24.446964071122874],[-47.975281104039645,-24.446959972912364],[-47.975989608833345,-24.446584769459381],[-47.976548069837513,-24.446141518803916],[-47.97719235404378,-24.445554751638383],[-47.977200366103943,-24.445548209070598],[-47.977868664007531,-24.445059610100834],[-47.977876015065995,-24.445054725882819],[-47.977880314724636,-24.445052278827578],[-47.978719477521857,-24.444601720281071],[-47.978725109975805,-24.444598917094257],[-47.978730120098867,-24.444596772211227],[-47.97926821775394,-24.444383065414051],[-47.979273737792717,-24.444381050932691],[-47.9792847248101,-24.444378040002452],[-47.979293157752977,-24.44437656241637],[-47.98038777657451,-24.44422959610694],[-47.980390639116656,-24.444229250767187],[-47.980402087486262,-24.444228641026939],[-47.980406299910719,-24.444228722865201],[-47.981494044314609,-24.444271287777624],[-47.981501282058446,-24.444271815679635],[-47.981512576643979,-24.444273639504825],[-47.981516026443458,-24.444274447995262],[-47.982341338781737,-24.444482597881503],[-47.983177065269274,-24.444711709166032],[-47.984426044626218,-24.445052260841063],[-47.984431623120891,-24.445053949767953],[-47.984442154182034,-24.445058108233074],[-47.98444355892309,-24.44505876653675],[-47.985066063348093,-24.44535647810693],[-47.985072648184087,-24.445359928805601],[-47.985862249343313,-24.44581147300903],[-47.985864191878875,-24.445812613349389],[-47.985873391044038,-24.445818882523291],[-47.985877829198444,-24.445822505891837],[-47.986341275029766,-24.446224478564773],[-47.98634517898671,-24.446228059665145],[-47.986352551628833,-24.446236102302187],[-47.9863575473629,-24.446242863405352],[-47.986743371809112,-24.446819567157203],[-47.986744677624699,-24.446821578940565],[-47.986746248740303,-24.446824165390812],[-47.987089349094106,-24.447411854361462],[-47.987092925697937,-24.447418649638848],[-47.987095334981632,-24.447424271300925],[-47.987374551993923,-24.448146050987361],[-47.987376066452214,-24.4481502957874],[-47.987378641211308,-24.44816015415568],[-47.987545220835159,-24.449005057325316],[-47.987545290982276,-24.449005415255549],[-47.987546621979,-24.449015842894656],[-47.987546621978993,-24.44902634158024],[-47.987546492476554,-24.449028087164276],[-47.987523544475891,-24.44929840718363],[-47.98752234298172,-24.44930708923857],[-47.987519698075516,-24.449317305537093],[-47.987515775232794,-24.449327171099938],[-47.987510628412736,-24.449336552827504],[-47.987504325963762,-24.449345324814718],[-47.987496953321624,-24.449353366552486],[-47.987488611210388,-24.449360571920703],[-47.987479412045097,-24.449366841094683],[-47.987469479932486,-24.449372090437407],[-47.987458948871279,-24.449376248902638],[-47.987447961853889,-24.449379259832824],[-47.987436666369035,-24.449381082758624],[-47.987425217100061,-24.449381693398266],[-47.987413767831072,-24.449381082758624],[-47.987402473245425,-24.449379259832824],[-47.987391486228091,-24.449376248902627],[-47.987380955166827,-24.449372090437407],[-47.987371022154889,-24.449366841094683],[-47.987361822989669,-24.449360571920703],[-47.987353480878369,-24.449353366552486],[-47.987346109135494,-24.449345324814711],[-47.987339806686634,-24.449336552827489],[-47.987334658967313,-24.449327171099938],[-47.987330737023861,-24.449317305537082],[-47.987328092117707,-24.44930708923858],[-47.987326760221777,-24.44929666159948],[-47.987326760221769,-24.449286162913893],[-47.987326889724102,-24.449284417329864],[-47.987348854765735,-24.449025687773087],[-47.987185951570382,-24.448199426650095],[-47.986911885874804,-24.447490960527261],[-47.986573654450517,-24.446911610969956],[-47.986196151431159,-24.446347343043339],[-47.985749353849485,-24.445959810784519],[-47.984971367434639,-24.445514908973831],[-47.984360642329754,-24.445222830757011],[-47.983120621119674,-24.444884720741225],[-47.982286847959635,-24.444656139157427],[-47.981474434597366,-24.444451248414296],[-47.980407182145711,-24.444409485697136],[-47.979334719022006,-24.444553477049272],[-47.978814105986096,-24.444760240180869],[-47.97798621439216,-24.445204748088582],[-47.977327654347732,-24.445686228024943],[-47.976684785674195,-24.446271708260561],[-47.976679834906399,-24.446275917087799],[-47.97611172507596,-24.446726825470535],[-47.976110512789887,-24.44672777245664],[-47.976101313624611,-24.446734041630645],[-47.976096504050361,-24.446736759381803],[-47.975383484659972,-24.44711435413204],[-47.975045471770997,-24.447330173436669]]]},"properties":{"FID":111,"Name":"Igu18","Shape_Leng":3.3483356243600002}},{"type":"Feature","id":112,"geometry":{"type":"Polygon","coordinates":[[[-47.977232063608824,-24.444023902269176],[-47.97722531779408,-24.44402731159915],[-47.977214787632256,-24.444031470064264],[-47.977203800614866,-24.444034480994443],[-47.977192506928596,-24.44403630392026],[-47.977181057659671,-24.444036914559891],[-47.977169608390682,-24.44403630392026],[-47.977158314704411,-24.444034480994443],[-47.977147327686907,-24.444031470064264],[-47.977136797525084,-24.44402731159915],[-47.977126865412458,-24.444022062256288],[-47.977117666247189,-24.444015792183034],[-47.977109324135938,-24.444008587714098],[-47.97710195239307,-24.444000545077078],[-47.97709565084358,-24.443991773989111],[-47.977090503124145,-24.443982391362173],[-47.977086581180693,-24.443972525799317],[-47.977083936274596,-24.443962310400241],[-47.977082605277992,-24.443951881861839],[-47.977082605277985,-24.443941383176192],[-47.977083936274596,-24.443930955537159],[-47.9770865811807,-24.443920740137969],[-47.977090504023522,-24.443910874575135],[-47.977095650843573,-24.443901491948289],[-47.97710195239307,-24.443892720860315],[-47.977109324135938,-24.443884678223306],[-47.977117666247189,-24.443877472854975],[-47.977126865412458,-24.443871203681002],[-47.977130052609823,-24.44386936366816],[-47.977661238075648,-24.443575511088898],[-47.978269642030348,-24.443234663536948],[-47.978276859089704,-24.443230991604924],[-47.978282927714872,-24.443228433033699],[-47.978818600797752,-24.443022447815682],[-47.978823063233683,-24.443020847921847],[-47.978834049351804,-24.443017836991608],[-47.978838388580698,-24.443016988930928],[-47.979487859177311,-24.442904048471004],[-47.980012452612584,-24.442815116312598],[-47.980022921620446,-24.44281386805357],[-47.980890895997959,-24.44275335627038],[-47.980898384652676,-24.442753095466959],[-47.980909833022281,-24.4427537061066],[-47.980921127607928,-24.442755529032411],[-47.980932113725991,-24.442758539962597],[-47.980942644787156,-24.442762698427835],[-47.980952576000512,-24.442767947770609],[-47.980961775165667,-24.442774216944606],[-47.980970117277018,-24.442781422312752],[-47.980977489019779,-24.442789464949886],[-47.980983790569383,-24.442798236037735],[-47.980988937389441,-24.442807618664688],[-47.980992860232284,-24.442817484227525],[-47.980995505138367,-24.442827699626609],[-47.980996836134977,-24.442838127265752],[-47.980996836134985,-24.442848625951292],[-47.980995505138367,-24.442859054489759],[-47.980992860232284,-24.442869269888885],[-47.980988938288817,-24.442879135451726],[-47.980983790569383,-24.442888518078686],[-47.980977489019779,-24.442897289166535],[-47.980970117277018,-24.442905331803569],[-47.980961775165675,-24.442912536272495],[-47.980952576000504,-24.442918806345865],[-47.980942644787156,-24.442924055688596],[-47.980932113725991,-24.442928214153714],[-47.980921127607921,-24.442931225084013],[-47.980909833022288,-24.442933048009706],[-47.980905873307336,-24.442933397846041],[-47.980043168956954,-24.442993541806519],[-47.979524220566304,-24.443081516187014],[-47.978885405137305,-24.443192604942741],[-47.978366213030256,-24.443392252638247],[-47.97776372211797,-24.443729787087982],[-47.977232063608824,-24.444023902269176]]]},"properties":{"FID":112,"Name":"Igu19","Shape_Leng":0.83850815612100005}},{"type":"Feature","id":113,"geometry":{"type":"Polygon","coordinates":[[[-48.001148296856343,-24.452441389346408],[-48.001138675909083,-24.452443956011511],[-48.001127381323556,-24.452445778937314],[-48.001115931155198,-24.452446389576945],[-48.001104480986889,-24.452445778937303],[-48.001093186401306,-24.452443956011511],[-48.001082199383973,-24.452440945081321],[-48.001071667423396,-24.452436786616207],[-48.001061735310763,-24.452431537273366],[-48.001052535246231,-24.452425267200113],[-48.00104419313498,-24.452418062731173],[-48.0010368204928,-24.452410020094138],[-48.001030518043926,-24.452401249006183],[-48.001025371223825,-24.452391866379337],[-48.001021448381039,-24.452382000816502],[-48.001018803474892,-24.452371785417384],[-48.001017471578962,-24.452361357778159],[-48.001017471578962,-24.45235085819332],[-48.001018803474892,-24.452340430554223],[-48.001021448381039,-24.452330215155026],[-48.001025371223825,-24.452320349592185],[-48.001030518043926,-24.452310966965339],[-48.001036820492807,-24.452302195877458],[-48.001044193134987,-24.452294153240363],[-48.001052535246231,-24.452286948771466],[-48.001061735310763,-24.45228067869812],[-48.001071667423396,-24.452275429355311],[-48.001082199383973,-24.452271270890204],[-48.001083565454167,-24.452270826625131],[-48.002057917938536,-24.45196097061006],[-48.002067538885797,-24.451958403944971],[-48.002078834370586,-24.451956581019154],[-48.002080037663518,-24.451956459610638],[-48.002984517321522,-24.451869970910195],[-48.002994764196963,-24.451869482578342],[-48.003006214365257,-24.451870093218012],[-48.003016133887336,-24.451871627461461],[-48.003931282202871,-24.45205754790527],[-48.003932659064908,-24.452057837486951],[-48.003943646082305,-24.452060848417155],[-48.003951103260768,-24.452063653402607],[-48.004932033386581,-24.452476364880045],[-48.004941166901233,-24.45248075177307],[-48.005701103922725,-24.45289344436469],[-48.005704978202118,-24.452895661193576],[-48.005714178266658,-24.452901930367538],[-48.005722520377901,-24.452909134836482],[-48.005729893020025,-24.45291717747353],[-48.005736195469012,-24.452925949460727],[-48.005741342289078,-24.452935331188311],[-48.005745265131793,-24.452945196751163],[-48.00574791003794,-24.452955413049672],[-48.00574924193387,-24.452965840688766],[-48.00574924193387,-24.452976339374342],[-48.00574791003794,-24.452986767013492],[-48.0057452651318,-24.452996982412628],[-48.00574134228907,-24.453006848874736],[-48.005736195469012,-24.45301623060233],[-48.005729893020032,-24.453025001690271],[-48.005722520377894,-24.45303304432732],[-48.005714178266658,-24.453040249695515],[-48.005704978202118,-24.453046518869485],[-48.005695046089443,-24.45305176821233],[-48.005684514128909,-24.453055926677436],[-48.005673527111476,-24.453058937607647],[-48.005662231626673,-24.45306076053345],[-48.005650782357691,-24.453061371173078],[-48.005639332189396,-24.453060760533436],[-48.005628037603742,-24.453058937607647],[-48.005617049686975,-24.453055926677454],[-48.005606518625889,-24.453051768212344],[-48.005600459893238,-24.453048735698363],[-48.004844964623381,-24.452638454189071],[-48.003878279758737,-24.452231736693015],[-48.002989056199965,-24.45205108267913],[-48.002111875462568,-24.45213495974831],[-48.001148296856343,-24.452441389346408]]]},"properties":{"FID":113,"Name":"Igu20","Shape_Leng":1.01310016519}},{"type":"Feature","id":114,"geometry":{"type":"Polygon","coordinates":[[[-47.968295868259645,-24.436979579232297],[-47.968296454617587,-24.436976154613994],[-47.96829909862447,-24.436965938315542],[-47.968303021467257,-24.436956072752633],[-47.968308168287308,-24.436946691025124],[-47.968314469836798,-24.436937919037863],[-47.968321840680282,-24.436929876400839],[-47.968330182791647,-24.436922671931875],[-47.96833938105754,-24.436916402757891],[-47.968349312270902,-24.43691115251573],[-47.968359842432676,-24.436906994949986],[-47.96837082855086,-24.436903983120427],[-47.968382122237074,-24.436902160194613],[-47.968393570606736,-24.436901549554996],[-47.968405018976341,-24.436902160194641],[-47.968416312662605,-24.436903983120438],[-47.968427298780753,-24.43690699495],[-47.968437828043307,-24.43691115251573],[-47.968447760155918,-24.436916402757905],[-47.968456958421818,-24.436922671931875],[-47.968465299633799,-24.436929876400828],[-47.96847267137656,-24.436937919037863],[-47.968478972926164,-24.436946691025124],[-47.968484119746279,-24.436956072752643],[-47.968488041689682,-24.436965938315549],[-47.968490686595828,-24.436976154614008],[-47.968492017592489,-24.436986582253105],[-47.968492017592496,-24.436997080938681],[-47.96849127205445,-24.43700408395943],[-47.96839995399467,-24.437614407067368],[-47.968397913432902,-24.437624082873242],[-47.968229266267599,-24.438240698537488],[-47.968203151753933,-24.438826582568762],[-47.968203067217758,-24.438828150986463],[-47.968201735321713,-24.43883857862556],[-47.968199090415567,-24.438848794024629],[-47.968195168472164,-24.438858659587538],[-47.968190021652156,-24.43886804221443],[-47.968183720102566,-24.438876813302389],[-47.968176348359691,-24.43888485593936],[-47.96816800714771,-24.43889206130768],[-47.968158807982547,-24.438898330481674],[-47.968148876769199,-24.438903579824451],[-47.968138346607361,-24.438907738289572],[-47.968127360489234,-24.438910749219758],[-47.968116066802963,-24.438912572145568],[-47.968104618433372,-24.438913182785196],[-47.96809316916432,-24.438912572145568],[-47.968081875478106,-24.438910749219747],[-47.968070889360035,-24.438907738289579],[-47.968060359198205,-24.438903579824458],[-47.968050427984856,-24.438898330481663],[-47.968041228819629,-24.43889206130768],[-47.968032887607592,-24.438884855939371],[-47.968025515864838,-24.438876813302389],[-47.968019214315234,-24.438868042214438],[-47.968014067495119,-24.438858659587538],[-47.968010145551716,-24.438848794024629],[-47.96800750064557,-24.438838578625571],[-47.968006168749632,-24.438828150986463],[-47.96800608421335,-24.438819219819159],[-47.968032613314385,-24.438224077267478],[-47.968032697850667,-24.438222508849822],[-47.968034028847228,-24.438212081210736],[-47.96803548395031,-24.438205829123781],[-47.96820528134856,-24.437585012726284],[-47.968295868259645,-24.436979579232297]]]},"properties":{"FID":114,"Name":"Igu16","Shape_Leng":0.44262541561800001}},{"type":"Feature","id":115,"geometry":{"type":"Polygon","coordinates":[[[-47.881626667536587,-24.389995740899856],[-47.881635716515063,-24.389992247933044],[-47.881646699035905,-24.389989236103489],[-47.88165798822547,-24.389987413177654],[-47.88166943209859,-24.38998680253809],[-47.881680876870917,-24.389987413177654],[-47.881692166060589,-24.389989236103467],[-47.881703147682003,-24.389992247933044],[-47.881713674246605,-24.389996406398154],[-47.881723601862632,-24.390001655741006],[-47.88173279653131,-24.39000792491499],[-47.881741135045274,-24.390015129383826],[-47.881748504090133,-24.390023172020971],[-47.881754802941721,-24.390031944008165],[-47.881759947963189,-24.390041325735751],[-47.88176386900728,-24.390051192197912],[-47.88176651211473,-24.390061407596988],[-47.88176784311144,-24.390071835236089],[-47.88176784311144,-24.390082334821063],[-47.88176651211473,-24.390092762460142],[-47.881763869007273,-24.390102977859343],[-47.881759947963197,-24.390112844321504],[-47.881754802941728,-24.390122226049076],[-47.881748504090126,-24.390130998036295],[-47.881741135045274,-24.390139040673319],[-47.88173279653131,-24.390146245142269],[-47.881723601862639,-24.390152514316231],[-47.881713674246612,-24.39015776455836],[-47.88171219666043,-24.390158429157278],[-47.881372535314199,-24.390308206747424],[-47.881365489125933,-24.390311009934283],[-47.881015417227623,-24.390435648775295],[-47.881013414437454,-24.390436339454656],[-47.881002432815933,-24.390439350384902],[-47.880991142726998,-24.390441173310638],[-47.880979814866464,-24.390441783950347],[-47.880499147017943,-24.390442302859071],[-47.880499031005414,-24.390442302859071],[-47.880487587132336,-24.390441692219436],[-47.880476297043401,-24.390439869293626],[-47.880467159032094,-24.390437453714689],[-47.880107932035401,-24.390325048351503],[-47.880098578186789,-24.39032162283371],[-47.879720426756251,-24.390162169437737],[-47.879332321629249,-24.389991367496702],[-47.879330776593974,-24.389990672320785],[-47.879320848977898,-24.38998542297805],[-47.879311991555142,-24.389979411909504],[-47.879034994069627,-24.389768468728963],[-47.879034655924571,-24.389768209724267],[-47.879026318309847,-24.389761005255316],[-47.879024896481724,-24.389759596017708],[-47.878736406559874,-24.389467343332349],[-47.87873046024243,-24.389460710832235],[-47.878724160491572,-24.389451938845088],[-47.878719015470168,-24.389442557117487],[-47.87871509532534,-24.389432690655287],[-47.878712451318449,-24.389422475256207],[-47.878711120321903,-24.389412047616986],[-47.87871112032191,-24.38940154803214],[-47.878712451318464,-24.389391120393046],[-47.878715095325333,-24.389380904993914],[-47.878719015470161,-24.389371038531678],[-47.878724160491572,-24.389361656804112],[-47.878730460242423,-24.389352884816898],[-47.878737828387955,-24.38934484217987],[-47.87874616690204,-24.389337637710927],[-47.878755361570605,-24.389331368536944],[-47.878765289186688,-24.389326119194227],[-47.878775815751169,-24.389321960729085],[-47.878786797372754,-24.389318948899529],[-47.878798086562426,-24.389317125973719],[-47.878809531334745,-24.389316515334095],[-47.878820975207823,-24.389317125973729],[-47.878832264397374,-24.389318948899529],[-47.87884324601896,-24.389321960729102],[-47.878853772583454,-24.389326119194216],[-47.878863700199531,-24.389331368536944],[-47.878872894868095,-24.389337637710916],[-47.878881233382167,-24.38934484217986],[-47.878882655210255,-24.389346252316844],[-47.879166440778533,-24.389633738595254],[-47.879428684885852,-24.389833447444808],[-47.87980435418757,-24.389998778809684],[-47.880176447784727,-24.390155674533901],[-47.880515350103224,-24.390261720790939],[-47.880961155732685,-24.390261239653565],[-47.881290469479552,-24.390143990541905],[-47.881626667536587,-24.389995740899856]]]},"properties":{"FID":115,"Name":"AIgu1","Shape_Leng":0.69037264913800001}},{"type":"Feature","id":116,"geometry":{"type":"Polygon","coordinates":[[[-48.010083311395597,-24.387752873985161],[-48.010084011967479,-24.387753725643115],[-48.010090311718436,-24.387762497630327],[-48.010095456739919,-24.387771880257279],[-48.010099376884632,-24.387781745820128],[-48.010102020891509,-24.387791961219239],[-48.01010335188807,-24.387802389757603],[-48.010103351888063,-24.3878128884432],[-48.010102020891502,-24.387823316082411],[-48.010099376884625,-24.387833532380849],[-48.010095456739919,-24.387843397943701],[-48.010090311718436,-24.387852779671285],[-48.010084012866869,-24.387861551658446],[-48.010076643821989,-24.38786959429558],[-48.010068306207295,-24.387876798764417],[-48.010059110639361,-24.38788306883777],[-48.010049183023277,-24.387888318180512],[-48.010038657358059,-24.387892476645614],[-48.01002767573658,-24.387895487575872],[-48.010016386546909,-24.387897310501671],[-48.010004942673909,-24.387897921141292],[-48.009993497901576,-24.387897310501671],[-48.009982208711897,-24.387895487575872],[-48.009971227090375,-24.387892476645614],[-48.009960701425143,-24.387888318180501],[-48.009950773809116,-24.38788306883777],[-48.009941579140445,-24.387876798764417],[-48.009933240626538,-24.38786959429558],[-48.00992657305278,-24.387862404215813],[-48.009844973966267,-24.387764457253127],[-48.009844272495108,-24.387763604695799],[-48.009837973643528,-24.387754833607843],[-48.009832828622052,-24.387745450981029],[-48.009828908477239,-24.387735585418163],[-48.009826264470462,-24.387725370019048],[-48.009824933473801,-24.387714941480557],[-48.009824933473801,-24.387704442794991],[-48.009825687105725,-24.387697388512819],[-48.009848431859609,-24.38754596426406],[-48.009819926048635,-24.387414579608368],[-48.009699361136555,-24.387365625012819],[-48.009487366648557,-24.387370189072165],[-48.009405742381034,-24.387473220801724],[-48.009335599758003,-24.387643092843632],[-48.009323686438897,-24.3878325125496],[-48.009354324542414,-24.387983757833286],[-48.009451500786099,-24.388118702904919],[-48.009699537403669,-24.388307221490326],[-48.009699949293186,-24.388307536253023],[-48.00970828690788,-24.388314740721846],[-48.009715655952725,-24.388322783358888],[-48.009717539133092,-24.388325181850799],[-48.009771170203237,-24.388395874858876],[-48.009775585874529,-24.388402248354279],[-48.009780729996628,-24.388411630081759],[-48.009784651040775,-24.388421495644653],[-48.009787295047538,-24.388431711943088],[-48.009788625144843,-24.388442139582196],[-48.009788625144843,-24.388452638267772],[-48.009787295047545,-24.388463066806256],[-48.009784651040775,-24.388473282205393],[-48.009780729996635,-24.388483147768216],[-48.009775585874536,-24.388492530395126],[-48.009769286123628,-24.388501301483021],[-48.009761917978039,-24.38850934412006],[-48.009753579464075,-24.388516549488244],[-48.009744384795404,-24.388522818662238],[-48.009734457179434,-24.388528068005098],[-48.009723930614825,-24.388532226470211],[-48.009712948993368,-24.38853523740044],[-48.009701659803689,-24.38853706122562],[-48.009690215930618,-24.38853767096591],[-48.009678772057676,-24.388537061225634],[-48.009667482867989,-24.388535237400447],[-48.009656500347148,-24.388532226470211],[-48.009645974681916,-24.388528068005098],[-48.00963604706584,-24.388522818662249],[-48.009626851497899,-24.388516549488262],[-48.009618513883197,-24.388509344120067],[-48.009611144838402,-24.388501301483032],[-48.009609261658007,-24.388498903890483],[-48.009563296408892,-24.388438314765548],[-48.009314323597096,-24.388249084816557],[-48.009313911707636,-24.388248770053913],[-48.009305574092892,-24.388241565584948],[-48.00929820504804,-24.388233522947825],[-48.009294984575781,-24.388229315919322],[-48.009178752597336,-24.388067908296414],[-48.009175673318566,-24.38806334243851],[-48.009170529196538,-24.388053960710867],[-48.009166608152327,-24.388044095148068],[-48.009164120627588,-24.388034670252971],[-48.009127665709116,-24.387854702421823],[-48.009127509227078,-24.387853911018411],[-48.009126178230417,-24.387843483379303],[-48.009126174633138,-24.387833042250247],[-48.009139641980831,-24.387618901979916],[-48.009139645578102,-24.387618844423347],[-48.00914097657477,-24.387608416784172],[-48.00914362058154,-24.387598200485769],[-48.009145851799531,-24.387592158840221],[-48.009226003876961,-24.387398047371228],[-48.009227692803741,-24.387394223453857],[-48.009232837825095,-24.38738484172627],[-48.009238420816416,-24.387376962765746],[-48.009356462230926,-24.387227962189925],[-48.009357178091193,-24.387227069163107],[-48.009364547136052,-24.387219026526065],[-48.009372884750803,-24.387211822057115],[-48.009382080318687,-24.387205552883117],[-48.009392007934764,-24.387200303540403],[-48.009402533599939,-24.387196145075272],[-48.009413515221524,-24.387193133245717],[-48.009424804411132,-24.38719131031992],[-48.009433931630618,-24.387190724861284],[-48.009716807084885,-24.387184634652325],[-48.009719123738527,-24.387184609471323],[-48.009730567611491,-24.387185220111075],[-48.009741856801156,-24.387187043036771],[-48.009752839321997,-24.38719005486638],[-48.009759077019744,-24.387192357130804],[-48.009946595558908,-24.387268499131139],[-48.009950882627045,-24.387270354432477],[-48.009960810243172,-24.387275603775318],[-48.009970005811056,-24.387281872949298],[-48.009978343425757,-24.387289077418146],[-48.009985712470616,-24.387297120055266],[-48.009992011322154,-24.387305892042487],[-48.009997156343616,-24.387315274669323],[-48.010001076488379,-24.387325140232239],[-48.010003327491518,-24.387333437377418],[-48.010045029954149,-24.387525648579011],[-48.01004542295788,-24.38752756683294],[-48.010046753954434,-24.387537994472037],[-48.010046753954434,-24.387548494057018],[-48.010046000322632,-24.387555548339034],[-48.010026588456171,-24.387684787212333],[-48.010083311395597,-24.387752873985161]]]},"properties":{"FID":116,"Name":"Eta1","Shape_Leng":0.54223555030399995}},{"type":"Feature","id":117,"geometry":{"type":"Polygon","coordinates":[[[-48.00988742106756,-24.38906139026005],[-48.009887113499481,-24.389057795669824],[-48.009887113499474,-24.389047296984248],[-48.009888444496035,-24.389036869345134],[-48.009891087603542,-24.389026653046756],[-48.009895008647618,-24.389016787483914],[-48.009900153669037,-24.389007405756342],[-48.009906452520681,-24.38899863376912],[-48.009913821565533,-24.388990591131975],[-48.009922160079498,-24.388983386663149],[-48.009931354748176,-24.388977116589782],[-48.009941282364252,-24.388971867247079],[-48.009951808029484,-24.388967708781831],[-48.009962790550219,-24.388964697851684],[-48.009974079739898,-24.388962874925866],[-48.009985523612954,-24.388962264286249],[-48.009996967486018,-24.388962874925866],[-48.01000825757496,-24.388964697851694],[-48.010019239196431,-24.388967708781816],[-48.010029764861656,-24.388971867247061],[-48.01003969247779,-24.388977116589789],[-48.010048888045688,-24.388983386663149],[-48.010057225660375,-24.388990591131975],[-48.010064594705185,-24.38899863376912],[-48.010070893556872,-24.389007405756328],[-48.010076038578234,-24.389016787483914],[-48.010079959622381,-24.389026653046756],[-48.010082602729881,-24.389036869345137],[-48.010083627057668,-24.389043702394137],[-48.010106631715587,-24.389257749134913],[-48.010106938384403,-24.389261343725142],[-48.010106938384411,-24.389271842410778],[-48.010105608287112,-24.389282270049872],[-48.01010296428035,-24.389292486348271],[-48.010102721463404,-24.389293217497087],[-48.01005758628849,-24.389427158026077],[-48.010053908061366,-24.389436292440116],[-48.010048763039883,-24.389445674167693],[-48.010042463288926,-24.389454446154904],[-48.010035095143444,-24.389462488791938],[-48.010026756629493,-24.389469693260882],[-48.010017561960794,-24.389475962434869],[-48.010007634344788,-24.389481212676969],[-48.009997107780237,-24.38948537024282],[-48.009986126158765,-24.389488382072276],[-48.009980851634964,-24.389489388413683],[-48.009894378222953,-24.38950363997014],[-48.009888362657762,-24.389504456554558],[-48.009881959484744,-24.389504949383088],[-48.009791568625928,-24.389509187887821],[-48.009786527925883,-24.389509305698986],[-48.009775084052762,-24.389508695059369],[-48.009763794863211,-24.389506872133552],[-48.009752813241626,-24.389503861203302],[-48.009746504497507,-24.389501529261278],[-48.009551292258266,-24.389422097540901],[-48.009547074437812,-24.389420271017809],[-48.009537146821799,-24.38941502167506],[-48.009527952153178,-24.389408751601717],[-48.009525479017562,-24.389406786583027],[-48.009373922568393,-24.389282231378942],[-48.009368057190045,-24.389276991928735],[-48.009362552439825,-24.389271169717848],[-48.009200027858981,-24.38908366556781],[-48.009059975537404,-24.388928245631117],[-48.009056934030177,-24.388924691510404],[-48.009050634279326,-24.388915920422566],[-48.00904735085453,-24.388910255592975],[-48.008948291430393,-24.388723658858908],[-48.008903515984457,-24.388649727392192],[-48.008791526107977,-24.388571629366361],[-48.008724126417185,-24.388574014368427],[-48.008689140990953,-24.388627226354508],[-48.008638328396039,-24.388741278376482],[-48.008637572066277,-24.388742930431082],[-48.008632427044788,-24.388752312158665],[-48.00862612819315,-24.388761084145877],[-48.008618759148312,-24.388769126783021],[-48.008610421533604,-24.38877633125184],[-48.008601225965776,-24.388782600425827],[-48.0085912983497,-24.388787850667939],[-48.008580772684461,-24.38879200823369],[-48.008569791062882,-24.388795020063288],[-48.008558500973948,-24.388796842989045],[-48.008547057100891,-24.388797453628754],[-48.008535613227934,-24.388796842989045],[-48.008524324038255,-24.388795020063288],[-48.008513342416791,-24.388792008233676],[-48.008502815852182,-24.388787850667946],[-48.008492888236106,-24.388782600425834],[-48.008483693567541,-24.388776331251837],[-48.008475355053569,-24.388769126783021],[-48.008467986908045,-24.38876108414587],[-48.008461687157073,-24.388752312158655],[-48.008456542135605,-24.388742930431086],[-48.008452621990841,-24.38873306396891],[-48.008449977984071,-24.388722848569728],[-48.008448646987404,-24.388712420930645],[-48.008448646987404,-24.38870192134565],[-48.008449977984078,-24.388691493706592],[-48.008452621990841,-24.388681278307512],[-48.008455785805829,-24.388673063899954],[-48.008509482526506,-24.388552536759278],[-48.008510238856395,-24.388550884704724],[-48.008515383877743,-24.388541502977155],[-48.008516305682861,-24.38854007125645],[-48.008582686441805,-24.388439108866866],[-48.008588064387538,-24.388431768600359],[-48.00859543253307,-24.388423725963332],[-48.008603771047149,-24.388416521494491],[-48.008612965715713,-24.388410252320391],[-48.008622893331783,-24.388405002078414],[-48.008633419896285,-24.388400843613233],[-48.008644401517863,-24.388397832683001],[-48.008655690707542,-24.388396009757166],[-48.008663328649675,-24.388395466566685],[-48.008819280085675,-24.388389947427253],[-48.008823086915811,-24.388389879978103],[-48.008834530788882,-24.388390490617841],[-48.008845819978532,-24.388392313543537],[-48.008856801600018,-24.388395325373153],[-48.00886732726525,-24.388399483838217],[-48.008877254881384,-24.388404733181122],[-48.008882805497031,-24.388408333167206],[-48.009039407142886,-24.388517543239125],[-48.009043052095144,-24.388520212427014],[-48.009051389709846,-24.388527416895968],[-48.009058758754691,-24.388535459532989],[-48.009065057606222,-24.3885442315202],[-48.009065891277771,-24.388545580503258],[-48.009123243742579,-24.388640344765246],[-48.009219512570326,-24.388821613016201],[-48.009353274134241,-24.388970058710367],[-48.009511791336081,-24.389152933150449],[-48.009645566389679,-24.389262875270607],[-48.009805019785745,-24.389327755960323],[-48.009865624199158,-24.389324914102648],[-48.009886890467556,-24.38932140944463],[-48.009908480491902,-24.389257342641372],[-48.00988742106756,-24.38906139026005]]]},"properties":{"FID":117,"Name":"Eta2","Shape_Leng":0.524062852287}},{"type":"Feature","id":118,"geometry":{"type":"Polygon","coordinates":[[[-48.009806437117334,-24.390389424521455],[-48.009810772748956,-24.390385888387126],[-48.009819968316776,-24.390379619213164],[-48.009829895932853,-24.390374369870433],[-48.009840421598085,-24.390370211405294],[-48.00985140411894,-24.390367199575749],[-48.009862693308605,-24.390365376649932],[-48.009874137181669,-24.390364766010226],[-48.009885581953988,-24.390365376649928],[-48.009896871143681,-24.390367199575749],[-48.009907852765146,-24.390370211405301],[-48.009918379329633,-24.390374369870443],[-48.00992830694571,-24.390379619213164],[-48.009937502513651,-24.390385888387115],[-48.009945840128353,-24.390393092856076],[-48.009953209173212,-24.3904011354931],[-48.009959508924112,-24.390409907480432],[-48.009964653046268,-24.390419289208008],[-48.009968574090351,-24.390429155670123],[-48.009971218097128,-24.390439371069228],[-48.009972549093781,-24.390449798708342],[-48.009972549093789,-24.390460298293323],[-48.009971218097128,-24.390470725932392],[-48.009968574090351,-24.390480941331461],[-48.009964653046282,-24.390490807793658],[-48.009959508924112,-24.390500189521216],[-48.009953209173204,-24.390508961508548],[-48.009945841027623,-24.390517004145575],[-48.009941838145274,-24.390520672480189],[-48.009666128489016,-24.390759245531804],[-48.009661792857393,-24.390762781666147],[-48.009652597289467,-24.39076905084011],[-48.009642669673383,-24.390774300182827],[-48.009633395864455,-24.390778032369383],[-48.009368487065956,-24.390870079779482],[-48.009367235209702,-24.390870506058093],[-48.009356252688868,-24.390873516988272],[-48.009344963499196,-24.390875339914082],[-48.009333518726862,-24.390875950553724],[-48.009322074853806,-24.390875339914079],[-48.009310785664134,-24.390873516988275],[-48.009299803143271,-24.390870506058082],[-48.009289277478047,-24.390866347592961],[-48.009279349862084,-24.390861098250173],[-48.009270154294143,-24.390854828176888],[-48.009269038235409,-24.39085395763318],[-48.009017702005288,-24.390654900792121],[-48.00868835138624,-24.390619947741509],[-48.008423034295561,-24.390693216407961],[-48.008417309211325,-24.390694626544931],[-48.008408632552289,-24.390696138305248],[-48.008164538562532,-24.390728343027718],[-48.00816192693128,-24.39072865509247],[-48.008150482158953,-24.390729265732205],[-48.008139038285897,-24.390728655092452],[-48.008127749096211,-24.390726832166653],[-48.008116766575483,-24.390723821236481],[-48.008106240910251,-24.390719662771346],[-48.008096312394791,-24.390714413428565],[-48.008087117726234,-24.390708144254621],[-48.008078779212269,-24.390700938886376],[-48.008071410167403,-24.39069289624927],[-48.0080684046331,-24.390688986896354],[-48.007906046426854,-24.390465452307922],[-48.007902753109477,-24.39046058967363],[-48.007897608088115,-24.390451207946068],[-48.007893687043918,-24.390441342383209],[-48.007892478355139,-24.390437303527907],[-48.007829955687782,-24.390207794743048],[-48.007828521269168,-24.390201617299972],[-48.007827191171884,-24.390191189660754],[-48.007827191171884,-24.390180690075912],[-48.007828521269168,-24.390170262436815],[-48.007831165275945,-24.390160047037675],[-48.007835086320085,-24.390150180575461],[-48.007840231341561,-24.390140798847892],[-48.007846530193142,-24.390132026860677],[-48.007853899237993,-24.390123984223639],[-48.007862237752022,-24.390116779754695],[-48.007871432420586,-24.390110510580712],[-48.00788136003667,-24.390105260338601],[-48.007891886601271,-24.39010110277286],[-48.007902868222736,-24.390098090943294],[-48.007914157412415,-24.390096268017491],[-48.007925602184748,-24.390095657377852],[-48.007937046057812,-24.390096268017491],[-48.007948335247356,-24.390098090943304],[-48.007959317768218,-24.390101102772885],[-48.007969843433443,-24.390105260338601],[-48.00797977104952,-24.390110510580712],[-48.007988966617468,-24.390116779754695],[-48.007997305131425,-24.390123984223639],[-48.008004673277007,-24.390132026860673],[-48.008010973027858,-24.390140798847892],[-48.008016118049341,-24.390150180575464],[-48.008020038194161,-24.390160047037675],[-48.008021247782317,-24.390164084993607],[-48.008079643460746,-24.390378445597914],[-48.008198067087108,-24.390541490886285],[-48.008373198364325,-24.390518384604956],[-48.008650970166059,-24.390441676930941],[-48.008656695250238,-24.390440266793981],[-48.00866798443991,-24.390438442968897],[-48.008679429212236,-24.390437833228525],[-48.008690775958435,-24.390438433076397],[-48.009070561457122,-24.390478737992463],[-48.009070658583944,-24.390478748784403],[-48.009081947773552,-24.390480571710107],[-48.009092930294401,-24.390483582640357],[-48.009103455959632,-24.390487741105506],[-48.009113383575759,-24.390492990448301],[-48.00912257914365,-24.390499259622299],[-48.009123695202327,-24.390500131065384],[-48.009353525944448,-24.390682155646132],[-48.009545044667959,-24.39061560851264],[-48.009806437117334,-24.390389424521455]]]},"properties":{"FID":118,"Name":"Eta3","Shape_Leng":0.53772519759500004}},{"type":"Feature","id":119,"geometry":{"type":"Polygon","coordinates":[[[-48.00519062894432,-24.391824043733664],[-48.005191031840525,-24.391825243429313],[-48.005193675847401,-24.391835459727815],[-48.005195005944699,-24.391845887366919],[-48.005195005944699,-24.391856386052442],[-48.005194709168393,-24.391859887113128],[-48.005184144832356,-24.391959246910812],[-48.005513499947952,-24.391878707225661],[-48.005516197014799,-24.391878084894834],[-48.005527487103741,-24.391876261968999],[-48.005538930976805,-24.391875651329304],[-48.005550375749131,-24.391876261968999],[-48.005553168144168,-24.391876597416065],[-48.00582543879284,-24.391912992080034],[-48.006175838943712,-24.391875793422226],[-48.006297151192484,-24.391804103965324],[-48.006464058169691,-24.391681491296879],[-48.006469640261628,-24.391584195443389],[-48.006353852548159,-24.391403305807046],[-48.006173934179628,-24.391139649764167],[-48.006172158018614,-24.391136942804732],[-48.006167012997139,-24.391127561077273],[-48.006163091953113,-24.391117695514318],[-48.006160448845613,-24.391107479215901],[-48.006159117848995,-24.391097051576704],[-48.006159077379493,-24.391087238174652],[-48.006173915293914,-24.390818775255358],[-48.006173956662671,-24.390818089971965],[-48.006175286759976,-24.390807662332868],[-48.00617793076686,-24.390797446034416],[-48.006181851810993,-24.390787580471624],[-48.006186996832355,-24.390778197844657],[-48.006189328774383,-24.390774685992085],[-48.006395437199615,-24.390479625623371],[-48.006399405008494,-24.390474365488672],[-48.006406774053289,-24.39046632285163],[-48.006413823838784,-24.390460125623406],[-48.006643348811394,-24.390277516483305],[-48.006890960948965,-24.390095723028363],[-48.00689844510714,-24.390090738086258],[-48.006908372723096,-24.39008548874342],[-48.006918898388342,-24.390081330278363],[-48.006929880909183,-24.390078319348103],[-48.006937999988622,-24.390076883130753],[-48.007025862853254,-24.390064820524163],[-48.007078289731233,-24.390000855344347],[-48.007085424952322,-24.389993098691729],[-48.007093763466294,-24.389985893323413],[-48.007102958134965,-24.389979624149415],[-48.007112885751049,-24.389974374806677],[-48.007123412315536,-24.389970216341556],[-48.007134393937022,-24.389967205411388],[-48.007145683126673,-24.389965381586194],[-48.00715712789907,-24.389964771845893],[-48.00716857177207,-24.389965381586205],[-48.007179860961749,-24.389967205411377],[-48.00719084348259,-24.389970216341567],[-48.007201369147829,-24.389974374806688],[-48.007211296763899,-24.389979624149415],[-48.00722049233184,-24.389985893323406],[-48.007228830845804,-24.389993098691729],[-48.007236198991286,-24.390001141328742],[-48.007242498742308,-24.390009912416698],[-48.007247643763712,-24.390019295043562],[-48.007251563908426,-24.390029160606399],[-48.00725420791531,-24.390039376005515],[-48.007255538911977,-24.390049804543995],[-48.007255538911984,-24.390060303229582],[-48.00725420791531,-24.390070730868661],[-48.007251563908426,-24.390080947167124],[-48.007247643763719,-24.390090812729923],[-48.007242498742308,-24.390100194457556],[-48.007236198991279,-24.390108966444821],[-48.007235966066958,-24.390109252429177],[-48.007159279976747,-24.390202816096245],[-48.007152144755658,-24.39021057364825],[-48.007143806241572,-24.390217778117055],[-48.007134611573001,-24.39022404729106],[-48.007124683956931,-24.390229296633883],[-48.007114157392323,-24.390233455099018],[-48.007103175770851,-24.390236466928588],[-48.007095056691483,-24.390237902246547],[-48.006993522333111,-24.39025184263761],[-48.00676969276708,-24.390416155070668],[-48.006553857274639,-24.390587895004437],[-48.006369498053857,-24.39085181994465],[-48.006357548761748,-24.391068023259731],[-48.006522516800615,-24.39130978530746],[-48.006654677571191,-24.391516235474977],[-48.006655006723122,-24.391516752585169],[-48.006660151744484,-24.391526135212033],[-48.006664072788674,-24.391536000774881],[-48.006666715896181,-24.391546216174049],[-48.006668046892742,-24.39155664471247],[-48.006668078369096,-24.391566630784499],[-48.006658628292989,-24.391731350610367],[-48.006658596816749,-24.391731862324701],[-48.006657266719458,-24.391742290863068],[-48.006654622712581,-24.391752506262261],[-48.006650701668491,-24.391762371825113],[-48.006645556647015,-24.391771754452005],[-48.00663925779542,-24.391780525539843],[-48.006631888750576,-24.391788568176988],[-48.006623550236604,-24.391795773545198],[-48.0066218667057,-24.391797038891301],[-48.006416550583317,-24.391947866889659],[-48.006408317289974,-24.391953301492769],[-48.006263443702949,-24.392038914253522],[-48.00625423824237,-24.392043732821044],[-48.006243711677882,-24.392047891286268],[-48.006232730056411,-24.392050902216464],[-48.006221439967376,-24.392052726041534],[-48.006221346437947,-24.392052735934055],[-48.005835321442824,-24.39209371624111],[-48.00582397109936,-24.392094316088848],[-48.005812526326906,-24.392093706348589],[-48.00580973393204,-24.392093370002108],[-48.005544764878948,-24.392057952001991],[-48.005182052109987,-24.392146648538073],[-48.005179355043147,-24.392147270868964],[-48.005168065853475,-24.392149093794675],[-48.005156621081142,-24.392149704434424],[-48.005145176308822,-24.392149093794668],[-48.005133887119143,-24.392147270868957],[-48.005122904598295,-24.392144259938743],[-48.005118725448703,-24.392142767064165],[-48.005039754181261,-24.392112650567423],[-48.005033407665515,-24.392109984976916],[-48.005023480049552,-24.392104735634067],[-48.005014284481547,-24.392098465560831],[-48.005005945967532,-24.392091261091881],[-48.004998577822057,-24.39208321845484],[-48.004992278071079,-24.392074446467621],[-48.004987133049724,-24.392065064740045],[-48.004983212005584,-24.392055199177214],[-48.004980568898084,-24.392044982878698],[-48.004979237901466,-24.392034555239615],[-48.004979237901466,-24.392024056554018],[-48.004979535577036,-24.392020555493342],[-48.004996532763691,-24.391860689308423],[-48.004953817664507,-24.391736340948469],[-48.004876141420773,-24.39156216025453],[-48.004640542427005,-24.391438150039619],[-48.0043322845072,-24.391378441351041],[-48.004061322372088,-24.391381328174816],[-48.004060175736413,-24.391381334470111],[-48.00404873096408,-24.39138072383043],[-48.004037441774415,-24.391378900904666],[-48.004026459253566,-24.39137588997443],[-48.004015933588391,-24.391371731509317],[-48.004006005972371,-24.391366482166475],[-48.003996810404431,-24.391360212992609],[-48.003988471890352,-24.391353007624268],[-48.003981102845501,-24.391344964987248],[-48.003976867038716,-24.391339318144052],[-48.003927003228569,-24.391267128664136],[-48.003924940183758,-24.391264004419387],[-48.003919795162403,-24.391254621792545],[-48.003918810404691,-24.391252453526988],[-48.003854462113623,-24.391105428761659],[-48.003851526726521,-24.391097732363502],[-48.003848882719645,-24.391087516065074],[-48.003847551723084,-24.39107708842603],[-48.003847551723084,-24.391066589740376],[-48.003848882719645,-24.391056161201902],[-48.003851526726521,-24.391045945802883],[-48.003855447770597,-24.391036080240042],[-48.003860591892753,-24.3910266976131],[-48.003866891643661,-24.391017926525251],[-48.003874260688526,-24.391009883888106],[-48.003882599202484,-24.391002678519907],[-48.003891793871162,-24.390996409345938],[-48.003901721487239,-24.390991160003054],[-48.003912248051734,-24.390987001538083],[-48.003923229673212,-24.390983990607765],[-48.003934519762254,-24.390982167681955],[-48.003945963635203,-24.390981557042327],[-48.003957408407643,-24.390982167681965],[-48.003968697597202,-24.390983990607772],[-48.00397967921878,-24.390987001538065],[-48.003990205783282,-24.390991160003047],[-48.004000133399352,-24.39099640934592],[-48.0040093289673,-24.391002678519921],[-48.004017667481278,-24.391009883888231],[-48.004025035626853,-24.391017926525269],[-48.004031335377753,-24.3910266976131],[-48.004036480399229,-24.391036080240056],[-48.004037465156848,-24.391038248505414],[-48.004098450882729,-24.391177591261851],[-48.004114061314802,-24.391200190325552],[-48.004340881126716,-24.391197773847246],[-48.004342027762291,-24.391197767551994],[-48.004353471635341,-24.391198378191635],[-48.004362426184969,-24.391199721778822],[-48.004696566593232,-24.391264443288485],[-48.004698903031908,-24.391264923526489],[-48.00470988465338,-24.391267934456721],[-48.004720411217995,-24.391272092921785],[-48.004725290040028,-24.391274496809622],[-48.005003727340124,-24.391421054826942],[-48.005008776133984,-24.391423900281879],[-48.005017970802676,-24.391430169455873],[-48.005026309316641,-24.391437374824072],[-48.005033678361485,-24.391445417461131],[-48.005039978112443,-24.391454188549059],[-48.005045122234549,-24.39146357117589],[-48.005045866873218,-24.391465194452287],[-48.005137886404214,-24.391671537600477],[-48.005140660812749,-24.391678580191407],[-48.00519062894432,-24.391824043733664]]]},"properties":{"FID":119,"Name":"Eta4","Shape_Leng":1.19316296005}},{"type":"Feature","id":120,"geometry":{"type":"Polygon","coordinates":[[[-47.954024648118946,-24.405227679802405],[-47.954030559362714,-24.405235970652374],[-47.954035705283502,-24.405245352379897],[-47.954039626327578,-24.405255217942802],[-47.954042270334476,-24.405265434241262],[-47.954043601331023,-24.405275861880337],[-47.954043601331023,-24.40528636056591],[-47.954042270334476,-24.405296789104295],[-47.954039626327578,-24.405307004503424],[-47.954035705283502,-24.405316870066251],[-47.954030560262083,-24.405326252693222],[-47.954024259611856,-24.405335023781152],[-47.954016890566947,-24.405343066418183],[-47.954008551153606,-24.405350271786403],[-47.953999354686353,-24.405356540960405],[-47.95398942527175,-24.405361790303104],[-47.953978898707135,-24.405365948768342],[-47.953967915287024,-24.405368959698542],[-47.953956624298712,-24.405370782624331],[-47.953945178627009,-24.405371393264033],[-47.953933732955306,-24.405370782624345],[-47.953922441967059,-24.405368959698542],[-47.953911459446196,-24.405365948768363],[-47.953900931982332,-24.405361790303115],[-47.953891002567616,-24.405356540960405],[-47.953881806100412,-24.405350271786411],[-47.953873467586334,-24.405343066418183],[-47.953866097642219,-24.40533502378117],[-47.95386570913513,-24.405334543543173],[-47.953619691495526,-24.405027705652859],[-47.953613779352402,-24.405019414802887],[-47.953608634330919,-24.405010033075374],[-47.95360471328685,-24.405000166613206],[-47.953604505543467,-24.404999522698581],[-47.953541864165636,-24.40480259275428],[-47.953539427902228,-24.404793021269644],[-47.953538096905618,-24.404782593630546],[-47.953538096905618,-24.404772094944974],[-47.953539427902221,-24.404761666406621],[-47.95353958078698,-24.404760891190953],[-47.953609924858078,-24.404413342790352],[-47.95361241598016,-24.404403903506157],[-47.953616337024251,-24.404394037043911],[-47.953621482045719,-24.404384655316342],[-47.953627782695946,-24.40437588332912],[-47.953635151740805,-24.4043678406921],[-47.953643491154139,-24.404360636223142],[-47.953645337462319,-24.404359252166579],[-47.953822474227771,-24.404229699429884],[-47.953876621508805,-24.404129293720764],[-47.953673538402995,-24.404084829440144],[-47.953182874589977,-24.404100577468505],[-47.952681733675036,-24.404153137446155],[-47.952670590175501,-24.404153723804132],[-47.952217167288381,-24.404154037667524],[-47.952208892626238,-24.404153724703409],[-47.951748095298292,-24.404118504554102],[-47.951744850544415,-24.404118206878554],[-47.951733559556089,-24.404116383952712],[-47.951722576135865,-24.404113373022554],[-47.951720654284657,-24.404112712020893],[-47.951529162540801,-24.404044718777591],[-47.951520557827394,-24.404041221314134],[-47.951510629312054,-24.404035971971325],[-47.951501432844736,-24.404029702797398],[-47.951493093431395,-24.404022497429082],[-47.951485724386657,-24.404014455691431],[-47.951479423736309,-24.404005683704099],[-47.951474278714954,-24.40399630107725],[-47.951470357670821,-24.403986435514426],[-47.951467713663924,-24.403976220115275],[-47.951466382667377,-24.403965791576926],[-47.951466382667377,-24.403955292891347],[-47.951467713663931,-24.403944865252072],[-47.951470357670814,-24.403934649853063],[-47.951474278714961,-24.403924783390828],[-47.951479423736309,-24.403915401663252],[-47.951485724386657,-24.403906629676026],[-47.951493093431395,-24.40389858703902],[-47.951501432844736,-24.403891382570123],[-47.951510629312054,-24.403885113396136],[-47.951520557827386,-24.403879864053341],[-47.951531085291265,-24.403875705588124],[-47.951542067812106,-24.403872694657942],[-47.951553358800375,-24.403870870832868],[-47.951564804472135,-24.403870261092486],[-47.951576250143781,-24.403870870832858],[-47.951587540232708,-24.403872694657942],[-47.951598523652812,-24.403875705588124],[-47.951600445504141,-24.403876366589934],[-47.951778673147203,-24.403939650083593],[-47.952221162076846,-24.403973470887706],[-47.952664851601526,-24.403973163319687],[-47.953164309884862,-24.40392077960917],[-47.953172074631418,-24.403920249009158],[-47.953680000031909,-24.403903947897671],[-47.953683453428596,-24.403903892139681],[-47.953694899100299,-24.403904502779497],[-47.953706189189234,-24.403906325705126],[-47.953706378046896,-24.403906367073997],[-47.953953530630876,-24.403960479281523],[-47.953964325193404,-24.403963448842898],[-47.953974851757891,-24.403967607308065],[-47.953984781172615,-24.403972856650849],[-47.953993474019569,-24.403978742713601],[-47.954064211993739,-24.404032369287293],[-47.954064715614038,-24.404032752398511],[-47.954073054128116,-24.404039957766646],[-47.954080424072231,-24.404048000403705],[-47.954086723823195,-24.404056771491636],[-47.954091869743934,-24.404066154118606],[-47.954095790788074,-24.404076019681341],[-47.954098434794851,-24.404086235080516],[-47.954099765791518,-24.404096663618944],[-47.954099765791518,-24.404107162304499],[-47.954098434794851,-24.404117589943692],[-47.954095790788074,-24.404127806242077],[-47.954091869743941,-24.404137671804914],[-47.954089741048676,-24.404141889625333],[-47.953989548478773,-24.404327675170862],[-47.953986532152669,-24.404332839977357],[-47.953980232401705,-24.40434161106532],[-47.95397286245759,-24.404349653702315],[-47.953964523044242,-24.404356859070603],[-47.953962676736076,-24.404358243127216],[-47.953797103453432,-24.40447933863932],[-47.95373772751401,-24.404772698390108],[-47.953788943005236,-24.404933704915386],[-47.954024648118946,-24.405227679802405]]]},"properties":{"FID":120,"Name":"Eta6","Shape_Leng":0.83801263482699995}},{"type":"Feature","id":121,"geometry":{"type":"Polygon","coordinates":[[[-47.950646379027091,-24.403958982809563],[-47.950645646079643,-24.403956837926554],[-47.950643002072866,-24.403946621628101],[-47.950641671076198,-24.403936193988898],[-47.950641671076198,-24.403925695303492],[-47.950643002072866,-24.403915267664217],[-47.950645646079636,-24.403905051365825],[-47.950649567123776,-24.403895185802988],[-47.950654713044514,-24.403885803176145],[-47.950661012795429,-24.403877032088193],[-47.950668381840281,-24.403868989451055],[-47.950676721253615,-24.403861784982212],[-47.950685917720875,-24.403855514908972],[-47.950695846236272,-24.403850265566124],[-47.950706373700093,-24.403846107100996],[-47.950717357120318,-24.403843096170817],[-47.950728647209246,-24.403841273245025],[-47.950740092880942,-24.403840662605372],[-47.950751538552538,-24.403841273245007],[-47.950762828641587,-24.403843096170817],[-47.950773812061762,-24.403846107100996],[-47.950784339525626,-24.403850265566117],[-47.95079426804103,-24.403855514908972],[-47.950803464508162,-24.403861784982208],[-47.950811803022248,-24.403868989451045],[-47.950819172966362,-24.403877032088193],[-47.950825472717327,-24.403885803176145],[-47.950830618638072,-24.403895185803002],[-47.950833805835437,-24.403902905583436],[-47.950938278278898,-24.404195719445738],[-47.951010026191689,-24.404386721958467],[-47.951011245672362,-24.404390196039518],[-47.951013889679238,-24.404400411438644],[-47.951015220675799,-24.404410839077787],[-47.951015338486975,-24.40441893657345],[-47.951007785980437,-24.404638090564234],[-47.951007668169261,-24.40464049175408],[-47.951006338071927,-24.404650919393262],[-47.951003694065207,-24.40466113569164],[-47.950999772121754,-24.404671001254478],[-47.950994627100329,-24.404680383881445],[-47.950993947212794,-24.404681444182074],[-47.950907282245161,-24.404814679642545],[-47.950901661482483,-24.404822390429722],[-47.950898371762328,-24.404826216145764],[-47.950743689269814,-24.40499648478869],[-47.950652824468193,-24.405138380720476],[-47.950646859265021,-24.405146623906315],[-47.95063949022029,-24.405154666543456],[-47.950631150806949,-24.405161871911666],[-47.950621954339681,-24.405168141085653],[-47.950612025824292,-24.405173390428406],[-47.950605867266859,-24.405175984073257],[-47.950372521974259,-24.405265485502579],[-47.950368153967077,-24.405267050322877],[-47.950361471104891,-24.405269034227327],[-47.95002341504852,-24.405357313478092],[-47.950019114490424,-24.405358340503824],[-47.950007823502233,-24.40536016432894],[-47.94999637783053,-24.405360774069255],[-47.949984932158827,-24.40536016432894],[-47.949973642069892,-24.405358340503813],[-47.949972588064455,-24.405358106680119],[-47.949582552093098,-24.405269296829371],[-47.949572622678375,-24.405266519722886],[-47.94956209521451,-24.405262361257769],[-47.949552165799801,-24.40525711191497],[-47.94954296933247,-24.405250842740998],[-47.949534630818498,-24.405243638272108],[-47.94953375847615,-24.405242780318876],[-47.949207556383499,-24.404917808498908],[-47.948905617100429,-24.404623553023377],[-47.948898383853255,-24.404615643485897],[-47.948892083202963,-24.404606871498682],[-47.948886938181545,-24.40459748977112],[-47.948883017137462,-24.404587623309006],[-47.948880373130692,-24.404577407909866],[-47.948879042134024,-24.404566980270666],[-47.948879042134024,-24.40455648068582],[-47.948880373130692,-24.404546053046719],[-47.948883017137454,-24.404535837647533],[-47.948886938181545,-24.404525972084684],[-47.948892083202956,-24.404516589457845],[-47.948898383853255,-24.404507817470577],[-47.948905752898099,-24.404499775732852],[-47.948914092311441,-24.404492570364596],[-47.948923288778708,-24.404486301190623],[-47.948933217294091,-24.404481051847874],[-47.948943744757976,-24.404476893382757],[-47.948954728178137,-24.404473882452521],[-47.948966018267065,-24.404472058627437],[-47.948977463938768,-24.404471448887065],[-47.948988909610364,-24.404472058627437],[-47.949000200598682,-24.404473882452521],[-47.949011183119531,-24.404476893382757],[-47.949021710583452,-24.404481051847874],[-47.949031639098855,-24.404486301190623],[-47.949040835566009,-24.404492570364596],[-47.949049174979343,-24.404499775732862],[-47.949049310777006,-24.404499907933211],[-47.949351990202111,-24.404794885564343],[-47.949658878454443,-24.405100613691161],[-47.949994638541625,-24.405177065058364],[-47.950301756121064,-24.405096865316914],[-47.950499364154219,-24.405021071354152],[-47.950577685211968,-24.404898764455261],[-47.95058365041502,-24.404890521269294],[-47.950586940135111,-24.404886694654017],[-47.950741840263618,-24.404716186791394],[-47.950811509843277,-24.40460908023368],[-47.950817688185737,-24.404429794088504],[-47.950751329010586,-24.404253127668547],[-47.950646379027091,-24.403958982809563]]]},"properties":{"FID":121,"Name":"Eta7","Shape_Leng":0.70759771272100003}},{"type":"Feature","id":122,"geometry":{"type":"Polygon","coordinates":[[[-47.943562793388082,-24.40624850565279],[-47.943566505789597,-24.406249242197593],[-47.943577489209709,-24.406252253127779],[-47.94358801667358,-24.406256411592885],[-47.943597946088289,-24.406261660935751],[-47.94360714255555,-24.406267930109728],[-47.943615481069571,-24.406275135477927],[-47.943622851013686,-24.406283178114961],[-47.943629151663913,-24.406291949202913],[-47.943634296685332,-24.406301331829752],[-47.943638217729529,-24.406311197392615],[-47.943640861736306,-24.406321412791733],[-47.943642192732959,-24.406331841330207],[-47.943642192732966,-24.406342340015801],[-47.943640861736306,-24.406352767654894],[-47.943638217729522,-24.406362983953315],[-47.943634296685339,-24.406372849516163],[-47.943629151663906,-24.40638223124374],[-47.943622851013686,-24.406391003231025],[-47.943615481968898,-24.406399045868117],[-47.94360714255555,-24.406406250337021],[-47.943597946088289,-24.406412520410228],[-47.943588016673573,-24.40641776975297],[-47.943577489209702,-24.406421928218208],[-47.94356650578959,-24.406424939148458],[-47.943555214801286,-24.406426762074076],[-47.943543769129576,-24.406427372713903],[-47.943532323457937,-24.406426762074076],[-47.943524745770333,-24.406425675693132],[-47.943359269614518,-24.406395876657086],[-47.943355557213181,-24.406395140112402],[-47.943344573792956,-24.406392128282796],[-47.943336755087103,-24.40638916951325],[-47.943085710237312,-24.40628237142311],[-47.943083000579918,-24.406281172626855],[-47.943073072064585,-24.406275923283989],[-47.943063875597261,-24.406269653210771],[-47.943060084055624,-24.406266584723948],[-47.942760369695179,-24.4060111781621],[-47.94275582182366,-24.406007042180018],[-47.942748452778801,-24.405998999542977],[-47.94274319084554,-24.405991835543539],[-47.942479257811435,-24.40559252036735],[-47.942192839927543,-24.405144589639917],[-47.941858327200009,-24.40478836458016],[-47.941366168713671,-24.404458299899368],[-47.941361048873205,-24.404454621672258],[-47.941357033400266,-24.404451361629864],[-47.940872478681861,-24.404035846066215],[-47.940868155640828,-24.404031901639776],[-47.9408607856966,-24.404023859002784],[-47.940854485945692,-24.404015087914789],[-47.940849340924281,-24.404005705287947],[-47.940847783298523,-24.404002198831229],[-47.940688394653606,-24.403620585910119],[-47.940474960351082,-24.403169500361017],[-47.940474896499225,-24.403169364563329],[-47.940470975455128,-24.403159499000481],[-47.940468331448244,-24.403149283601369],[-47.94046700045169,-24.403138855062977],[-47.94046700045169,-24.403128356377394],[-47.940468331448251,-24.403117928738315],[-47.940468368320516,-24.403117738082017],[-47.940624549982893,-24.402316663372165],[-47.94062715621817,-24.402306637729961],[-47.94063107816168,-24.402296772167137],[-47.940636223183049,-24.402287390439533],[-47.940642522934013,-24.402278618452321],[-47.940649892878128,-24.40227057581528],[-47.940658231392206,-24.402263371346351],[-47.940667427859417,-24.402257102172378],[-47.940677356374856,-24.402251852829636],[-47.940687882939358,-24.402247694364409],[-47.940698866359476,-24.402244682534953],[-47.940710157347837,-24.402242859609153],[-47.940721602120227,-24.402242248969518],[-47.940733047791866,-24.402242859609153],[-47.940744337880801,-24.402244682534953],[-47.940755321300912,-24.402247694364409],[-47.940765847865528,-24.402251852829636],[-47.940775776380868,-24.402257102172388],[-47.940784972848178,-24.402263371346347],[-47.940793312261526,-24.402270575815287],[-47.940800681306385,-24.402278618452314],[-47.940806981057221,-24.402287390439533],[-47.94081212697796,-24.402296772167126],[-47.940816048022157,-24.402306637729961],[-47.940818692028984,-24.402316854028452],[-47.940820023025594,-24.402327281667571],[-47.940820023025594,-24.402337780353154],[-47.940818692028991,-24.402348208891624],[-47.940818655156761,-24.402348399547805],[-47.940667697656068,-24.403122685252523],[-47.940871003793745,-24.403552414601066],[-47.941023831884301,-24.403918263306085],[-47.941487468371925,-24.404315840992073],[-47.941983955295193,-24.404648808684335],[-47.941989076034929,-24.404652486911566],[-47.941997415448284,-24.404659691380399],[-47.942000456056114,-24.404662782350265],[-47.94234816093882,-24.405033055719752],[-47.942352490275134,-24.405038007386903],[-47.942358486954561,-24.405046301834204],[-47.942648685588324,-24.405500149201266],[-47.94290476034633,-24.405887569944195],[-47.943182966520624,-24.406124648322645],[-47.943409017412151,-24.406220812829023],[-47.943562793388082,-24.40624850565279]]]},"properties":{"FID":122,"Name":"Eta8","Shape_Leng":1.1739287460200001}},{"type":"Feature","id":123,"geometry":{"type":"Polygon","coordinates":[[[-47.979953519139535,-24.404411029734042],[-47.979954148664952,-24.404410817494021],[-47.979965132085056,-24.404407806563842],[-47.979976422174104,-24.404405983638018],[-47.979987867845807,-24.404405372998394],[-47.979999313517453,-24.404405983638028],[-47.980010603606388,-24.404407806563842],[-47.980021587026499,-24.404410817494011],[-47.980032114490371,-24.404414975959121],[-47.980042043005817,-24.404420225301987],[-47.980051239473035,-24.404426495375237],[-47.980059578886369,-24.404433699844148],[-47.980066947931213,-24.4044417424812],[-47.980073248581441,-24.404450514468401],[-47.980078393602923,-24.404459896195988],[-47.980082314647063,-24.40446976175895],[-47.98008495865384,-24.404479978057338],[-47.980086289650508,-24.404490405696436],[-47.980086289650501,-24.404500904382076],[-47.980084958653833,-24.404511332920496],[-47.980082314647071,-24.404521548319572],[-47.980078393602923,-24.404531413882466],[-47.980073248581448,-24.404540796509348],[-47.98006694883059,-24.404549567597311],[-47.980059578886369,-24.404557610234306],[-47.980051239473035,-24.404564815602487],[-47.980042043005824,-24.404571084776485],[-47.980032114490371,-24.404576334119323],[-47.980022216552022,-24.404580280344412],[-47.979793553129866,-24.404658111271665],[-47.979792923604528,-24.40465832261231],[-47.979781940184303,-24.404661333542549],[-47.979770650095368,-24.404663157367622],[-47.97976070449289,-24.404663757215367],[-47.979476140111679,-24.404667723225643],[-47.979474640042561,-24.404667734017547],[-47.979463194370851,-24.404667123377806],[-47.979460962253484,-24.404666860775748],[-47.97921391668887,-24.404635168666864],[-47.979204858717196,-24.404633608343154],[-47.979193875297028,-24.404630596513641],[-47.979183347833157,-24.404626438048471],[-47.979181025783596,-24.404625334580327],[-47.978957415652189,-24.404515596606249],[-47.978949809186247,-24.404511451630931],[-47.97894061361832,-24.404505181557692],[-47.978932274204965,-24.404497977088738],[-47.97892490426085,-24.404489934451696],[-47.978921008397727,-24.404484777739128],[-47.978779668247057,-24.404283058904863],[-47.978777264359231,-24.404279444529489],[-47.978772119337805,-24.404270062801906],[-47.978768824221852,-24.404262041748666],[-47.978664724097655,-24.403966770938549],[-47.978664097270155,-24.403964925529696],[-47.978661453263385,-24.403954710130577],[-47.978660122266724,-24.403944282491462],[-47.978660122266717,-24.40393378290662],[-47.978661453263385,-24.40392335526753],[-47.978664097270141,-24.403913139868404],[-47.978668018314288,-24.403903273406183],[-47.978673164235033,-24.403893891678589],[-47.978679463986047,-24.403885119691324],[-47.978686833030856,-24.403877077054347],[-47.978695172444198,-24.403869872585343],[-47.978704368911401,-24.403863603411423],[-47.978714297426848,-24.403858354068685],[-47.978724824890712,-24.403854195603458],[-47.978735808310823,-24.403851184673314],[-47.978747098399765,-24.403849360848213],[-47.978758544071475,-24.403848751107777],[-47.978769989743164,-24.403849360848138],[-47.978781279832162,-24.403851184673314],[-47.978792263252274,-24.403854195603444],[-47.978802790716145,-24.403858354068696],[-47.978812719231485,-24.403863603411441],[-47.978821915698802,-24.403869872585332],[-47.97883025511215,-24.40387707705424],[-47.978837624156995,-24.403885119691324],[-47.978843923907846,-24.403893891678585],[-47.978849069828591,-24.403903273406165],[-47.978852364045345,-24.403911294459416],[-47.978952533232764,-24.404195412776929],[-47.979073129621213,-24.404367525929388],[-47.979258675047788,-24.404458583185875],[-47.979480765325036,-24.404487074607637],[-47.979740749436012,-24.404483450339807],[-47.979953519139535,-24.404411029734042]]]},"properties":{"FID":123,"Name":"Eta5","Shape_Leng":0.36235295639699999}},{"type":"Feature","id":124,"geometry":{"type":"Polygon","coordinates":[[[-45.920435160741192,-23.185476806675126],[-45.920453500606989,-23.185743845706622],[-45.920346468001355,-23.185787723824827],[-45.919640908802656,-23.185639192668816],[-45.919767313627744,-23.185208475729031],[-45.920435160741192,-23.185476806675126]]]},"properties":{"FID":124,"Name":" ","Shape_Leng":0.33080035858500001}},{"type":"Feature","id":125,"geometry":{"type":"Polygon","coordinates":[[[-48.402402204269308,-23.110297735313527],[-48.402339331975412,-23.110422376502729],[-48.402270227405012,-23.110543673286433],[-48.402195067948561,-23.110661314297527],[-48.402114046539303,-23.110774997553229],[-48.402027371158027,-23.11088443123025],[-48.401935264299198,-23.110989334413912],[-48.401837962399796,-23.111089437819246],[-48.401735715232412,-23.111184484482244],[-48.401628785264045,-23.11127423041949],[-48.401517446982403,-23.111358445254446],[-48.401401986191253,-23.111436912808841],[-48.401282699276791,-23.111509431657588],[-48.401159892446813,-23.111575815645839],[-48.401033880944688,-23.111635894366852],[-48.400904988240143,-23.111689513599412],[-48.400773545198895,-23.111736535703717],[-48.400639889233346,-23.111776839974699],[-48.400504363436447,-23.111810322951872],[-48.400367315700969,-23.111836898684917],[-48.40022909782649,-23.111856498954303],[-48.400090064616307,-23.111869073446424],[-48.399950572966674,-23.111874589882738],[-48.399810980950662,-23.111873034102633],[-48.399671646898973,-23.111864410099773],[-48.39953292848012,-23.111848740011848],[-48.399395181782282,-23.111826064063752],[-48.399258760399277,-23.111796440464317],[-48.399124014522819,-23.111759945256896],[-48.398991290043654,-23.111716672124167],[-48.398860927663613,-23.11166673214764],[-48.398733262021054,-23.111610253522517],[-48.398608620831851,-23.111547381228618],[-48.398487324048148,-23.111478276658225],[-48.398369683037053,-23.111403117201771],[-48.398255999781348,-23.111322095792509],[-48.39814656610433,-23.111235420411234],[-48.398041662920669,-23.111143313552404],[-48.397941559515331,-23.111046011653006],[-48.397846512852333,-23.110943764485619],[-48.397756766915087,-23.110836834517258],[-48.397672552080131,-23.110725496235617],[-48.397594084525736,-23.110610035444463],[-48.397521565676996,-23.110490748530001],[-48.397455181688741,-23.110367941700019],[-48.397395102967728,-23.110241930197898],[-48.397341483735168,-23.110113037493349],[-48.397294461630864,-23.109981594452101],[-48.397254157359882,-23.109847938486553],[-48.397220674382709,-23.109712412689653],[-48.397194098649663,-23.109575364954178],[-48.397174498380274,-23.109437147079699],[-48.397161923888156,-23.109298113869514],[-48.397156407451838,-23.109158622219887],[-48.397157963231948,-23.109019030203875],[-48.397166587234807,-23.108879696152183],[-48.397182257322733,-23.108740977733326],[-48.397204933270828,-23.108603231035495],[-48.397234556870266,-23.108466809652484],[-48.397271052077684,-23.108332063776029],[-48.397314325210409,-23.108199339296863],[-48.397364265186937,-23.108068976916822],[-48.397420743812063,-23.107941311274264],[-48.397483616105959,-23.107816670085061],[-48.397552720676359,-23.107695373301357],[-48.397627880132809,-23.107577732290263],[-48.397708901542067,-23.107464049034562],[-48.397795576923343,-23.10735461535754],[-48.397887683782173,-23.107249712173878],[-48.397984985681575,-23.107149608768545],[-48.398087232848958,-23.107054562105546],[-48.398194162817326,-23.106964816168301],[-48.398305501098967,-23.106880601333344],[-48.398420961890118,-23.106802133778949],[-48.398540248804579,-23.106729614930202],[-48.398663055634557,-23.106663230941951],[-48.398789067136683,-23.106603152220938],[-48.398917959841228,-23.106549532988378],[-48.399049402882476,-23.106502510884074],[-48.399183058848024,-23.106462206613092],[-48.399318584644924,-23.106428723635918],[-48.399455632380402,-23.106402147902873],[-48.399593850254881,-23.106382547633487],[-48.399732883465063,-23.106369973141366],[-48.399872375114697,-23.106364456705052],[-48.400011967130709,-23.106366012485157],[-48.400151301182397,-23.106374636488017],[-48.40029001960125,-23.106390306575943],[-48.400427766299089,-23.106412982524038],[-48.400564187682093,-23.106442606123473],[-48.400698933558552,-23.106479101330894],[-48.400831658037717,-23.106522374463623],[-48.400962020417758,-23.10657231444015],[-48.401089686060317,-23.106628793065273],[-48.401214327249519,-23.106691665359172],[-48.401335624033223,-23.106760769929565],[-48.401453265044317,-23.106835929386019],[-48.401566948300022,-23.106916950795281],[-48.40167638197704,-23.107003626176557],[-48.401781285160702,-23.107095733035386],[-48.401881388566039,-23.107193034934784],[-48.401976435229038,-23.107295282102172],[-48.402066181166283,-23.107402212070532],[-48.40215039600124,-23.107513550352174],[-48.402228863555635,-23.107629011143327],[-48.402301382404374,-23.107748298057789],[-48.402367766392629,-23.107871104887771],[-48.402427845113642,-23.107997116389893],[-48.402481464346202,-23.108126009094441],[-48.402528486450507,-23.108257452135689],[-48.402568790721489,-23.108391108101237],[-48.402602273698662,-23.108526633898137],[-48.402628849431707,-23.108663681633612],[-48.402648449701097,-23.108801899508091],[-48.402661024193215,-23.108940932718276],[-48.402666540629532,-23.109080424367903],[-48.402664984849423,-23.109220016383915],[-48.402656360846564,-23.109359350435607],[-48.402640690758638,-23.109498068854464],[-48.402618014810542,-23.109635815552295],[-48.402588391211104,-23.109772236935306],[-48.402551896003686,-23.109906982811761],[-48.402508622870961,-23.110039707290927],[-48.402458682894434,-23.110170069670968],[-48.402402204269308,-23.110297735313527]]]},"properties":{"FID":125,"Name":" ","Shape_Leng":0}},{"type":"Feature","id":126,"geometry":{"type":"Polygon","coordinates":[[[-48.420351527665574,-22.998161022008983],[-48.420158951226938,-22.998084222449101],[-48.419969124630867,-22.9980008574652],[-48.419782271631952,-22.997911025322203],[-48.419598612479724,-22.997814831908098],[-48.419418363658991,-22.997712390609088],[-48.419241737634735,-22.997603822175961],[-48.419068942601612,-22.997489254581748],[-48.418900182238566,-22.997368822870882],[-48.418735655468758,-22.99724266900002],[-48.418575556225079,-22.997110941670702],[-48.418420073221547,-22.99697379615408],[-48.418269389730881,-22.996831394107897],[-48.418123683368457,-22.996683903385932],[-48.417983125882955,-22.996531497840145],[-48.417847882953915,-22.996374357115759],[-48.417718113996436,-22.996212666439494],[-48.417593971973275,-22.996046616401241],[-48.417475603214555,-22.995876402729419],[-48.417363147245254,-22.995702226060246],[-48.417256736620772,-22.995524291701244],[-48.417156496770652,-22.995342809389253],[-48.417062545850783,-22.99515799304319],[-48.416974994604061,-22.994970060511907],[-48.416893946229898,-22.994779233317402],[-48.416819496262576,-22.994585736393702],[-48.416751732458614,-22.994389797821722],[-48.41669073469334,-22.994191648560438],[-48.416636574866743,-22.993991522174621],[-48.416589316818715,-22.993789654559553],[-48.416549016253811,-22.99358628366295],[-48.416515720675577,-22.993381649204498],[-48.416489469330557,-22.993175992393276],[-48.416470293162035,-22.992969555643452],[-48.41645821477357,-22.992762582288528],[-48.416453248402341,-22.992555316294517],[-48.416455399902361,-22.992348001972378],[-48.416464666737596,-22.992140883690034],[-48.41648103798493,-22.991934205584329],[-48.416504494347052,-22.991728211273262],[-48.416535008175224,-22.991523143568813],[-48.416572543501822,-22.991319244190752],[-48.416617056082778,-22.991116753481698],[-48.41666849344972,-22.990915910123832],[-48.416726794971787,-22.990716950857546],[-48.416791891927147,-22.990520110202397],[-48.416863707583964,-22.990325620180666],[-48.416942157290862,-22.990133710043875],[-48.4170271485767,-22.989944606002542],[-48.417118581259565,-22.989758530959563],[-48.417216347564889,-22.989575704247454],[-48.41732033225243,-22.989396341369819],[-48.417430412752175,-22.989220653747335],[-48.417546459308753,-22.989048848468542],[-48.417668335134451,-22.98888112804573],[-48.417795896570375,-22.988717690176248],[-48.417928993255856,-22.988558727509464],[-48.418067468305622,-22.988404427419677],[-48.418211158494785,-22.988254971785274],[-48.418359894451186,-22.988110536774311],[-48.418513500855056,-22.987971292636892],[-48.418671796645697,-22.987837403504464],[-48.418834595234877,-22.987709027196374],[-48.419001704726753,-22.987586315033816],[-48.419172928144121,-22.987469411661483],[-48.419348063660529,-22.987358454877064],[-48.419526904838236,-22.987253575468817],[-48.419709240871498,-22.987154897061405],[-48.4198948568351,-22.987062535970178],[-48.42008353393765,-22.986976601064061],[-48.420275049779505,-22.986897193637237],[-48.420469178614908,-22.986824407289742],[-48.420665691618083,-22.986758327817139],[-48.420864357152965,-22.986699033109382],[-48.421064941046218,-22.98664659305901],[-48.421267206863298,-22.98660106947877],[-48.421470916187111,-22.98656251602873],[-48.421675828899048,-22.986530978153066],[-48.421881703462056,-22.986506493026457],[-48.422088297205285,-22.9864890895103],[-48.422295366610186,-22.986478788118667],[-48.422502667597534,-22.98647560099413],[-48.422709955815108,-22.986479531893455],[-48.42291698692577,-22.986490576183169],[-48.423123516895423,-22.986508720845013],[-48.423329302280671,-22.98653394449131],[-48.423534100515816,-22.986566217390148],[-48.423737670198712,-22.986605501500449],[-48.423939771375366,-22.986651750516788],[-48.424140165822749,-22.986704909924001],[-48.42433861732961,-22.986764917061411],[-48.424534891974908,-22.986831701196717],[-48.424728758403539,-22.986905183609359],[-48.424919988099028,-22.986985277683296],[-48.42510835565291,-22.987071889009123],[-48.425293639030414,-22.987164915495338],[-48.425475619832184,-22.987264247488696],[-48.425654083551713,-22.987369767903438],[-48.425828819828197,-22.987481352359335],[-48.425999622694476,-22.987598869328266],[-48.426166290819829,-22.987722180289285],[-48.426328627747296,-22.98785113989187],[-48.42648644212521,-22.987985596127274],[-48.426639547932801,-22.988125390507697],[-48.426787764699426,-22.988270358253104],[-48.426930917717314,-22.988420328485436],[-48.427068838247493,-22.98857512443006],[-48.427201363718687,-22.988734563624117],[-48.427328337918944,-22.988898458131608],[-48.427449611179775,-22.989066614764912],[-48.427565040552572,-22.989238835312502],[-48.427674489977086,-22.989414916772599],[-48.42777783044184,-22.989594651592434],[-48.427874940136171,-22.98977782791291],[-48.427965704593824,-22.98996422981833],[-48.428050016827861,-22.990153637590893],[-48.428127777456815,-22.990345827969691],[-48.428198894821762,-22.990540574413867],[-48.428263285094438,-22.990737647369652],[-48.428320872375991,-22.990936814540941],[-48.428371588786483,-22.99113784116312],[-48.428415374544876,-22.991340490279768],[-48.428452178039528,-22.991544523021989],[-48.428481955888991,-22.991749698889958],[-48.428504672993178,-22.99195577603642],[-48.428520302574725,-22.992162511551747],[-48.428528826210545,-22.992369661750274],[-48.428530233853571,-22.992576982457532],[-48.428524523844565,-22.992784229298071],[-48.428511702914086,-22.992991157983511],[-48.428491786174583,-22.993197524600493],[-48.428464797102528,-22.99340308589818],[-48.428430767510811,-22.993607599574993],[-48.428389737511161,-22.993810824564218],[-48.428341755466953,-22.994012521318158],[-48.428286877936124,-22.994212452090494],[-48.428225169604545,-22.994410381216522],[-48.428156703209773,-22.994606075390948],[-48.428081559455315,-22.99479930394288],[-48.427999826915467,-22.994989839107735],[-48.427911601930958,-22.995177456295714],[-48.427816988495358,-22.995361934356524],[-48.4277160981325,-22.995543055840063],[-48.427609049765032,-22.995720607252728],[-48.427495969574245,-22.995894379309078],[-48.427376990851322,-22.996064167178513],[-48.427252253840223,-22.996229770726725],[-48.427121905572406,-22.996390994751586],[-48.426986099693472,-22.996547649213266],[-48.426844996282092,-22.99669954945821],[-48.426698761661306,-22.996846516436815],[-48.426547568202473,-22.996988376914473],[-48.426391594122073,-22.99712496367577],[-48.426231023271683,-22.997256115721584],[-48.426066044921214,-22.997381678458865],[-48.425896853535853,-22.997501503882862],[-48.425723648546814,-22.997615450751571],[-48.425546634116273,-22.997723384752224],[-48.425366018896725,-22.997825178659621],[-48.425182015785012,-22.997920712486071],[-48.424994841671399,-22.998009873622841],[-48.42480471718391,-22.998092556972892],[-48.424611866428279,-22.998168665074754],[-48.424416516723767,-22.998238108217411],[-48.424218898335219,-22.998300804546037],[-48.424019244201652,-22.998356680158501],[-48.423817789661697,-22.998405669192454],[-48.423614772176158,-22.99844771390298],[-48.423410431048154,-22.998482764730653],[-48.423205007140993,-22.998510780359954],[-48.422998742594324,-22.998531727767986],[-48.422791880538661,-22.998545582263372],[-48.422584664808824,-22.998552327515387],[-48.422377339656521,-22.998551955573184],[-48.422170149462453,-22.998544466875192],[-48.421963338448222,-22.998529870248564],[-48.421757150388487,-22.998508182898814],[-48.421551828323608,-22.998479430389498],[-48.421347614273181,-22.998443646612106],[-48.421144748950738,-22.998400873746107],[-48.420943471480022,-22.998351162209222],[-48.420744019113137,-22.998294570598006],[-48.420546626950866,-22.99823116561878],[-48.420351527665574,-22.998161022008983]]]},"properties":{"FID":126,"Name":" ","Shape_Leng":0}}]}