<?xml version="1.0" encoding="UTF-8"?>
<kml xmlns="http://www.opengis.net/kml/2.2" xmlns:gx="http://www.google.com/kml/ext/2.2" xmlns:xsi="http://www.w3.org/2001/XMLSchema-instance"
 xsi:schemaLocation="http://www.opengis.net/kml/2.2 http://schemas.opengis.net/kml/2.2.0/ogckml22.xsd http://www.google.com/kml/ext/2.2 http://code.google.com/apis/kml/schema/kml22gx.xsd">
<Document id="areas_plantadas">
  <name>areas_plantadas</name>
  <snippet></snippet>
  <Folder id="FeatureLayer0">
    <name>areas_plantadas</name>
    <snippet></snippet>
    <Placemark id="ID_00000">
      <name></name>
      <snippet></snippet>
      <description><![CDATA[<html xmlns:fo="http://www.w3.org/1999/XSL/Format" xmlns:msxsl="urn:schemas-microsoft-com:xslt">
<head>
<META http-equiv="Content-Type" content="text/html">
<meta http-equiv="content-type" content="text/html; charset=UTF-8">
</head>
<body style="margin:0px 0px 0px 0px;overflow:auto;background:#FFFFFF;">
<table style="font-family:Arial,Verdana,Times;font-size:12px;text-align:left;width:100%;border-collapse:collapse;padding:3px 3px 3px 3px">
<tr style="text-align:center;font-weight:bold;background:#9CBCE2">
<td></td>
</tr>
<tr>
<td>
<table style="font-family:Arial,Verdana,Times;font-size:12px;text-align:left;width:100%;border-spacing:0px; padding:3px 3px 3px 3px"></table>
</td>
</tr>
</table>
</body><script type="text/javascript">
				function changeImage(attElement, nameElement) {
				document.getElementById('imageAttachment').src = attElement;
				document.getElementById('imageName').innerHTML = nameElement;}
			</script></html>
]]></description>
      <styleUrl>#PolyStyle00</styleUrl>
      <MultiGeometry>
        <Polygon>
          <extrude>0</extrude><altitudeMode>clampToGround</altitudeMode>
          <outerBoundaryIs><LinearRing><coordinates> -46.31669220228326,-23.06392763025588,0 -46.31677404508604,-23.06377731577044,0 -46.31700507822177,-23.06302083124634,0 -46.31696227229099,-23.06230624433766,0 -46.31710291276914,-23.06115319026748,0 -46.31707093827317,-23.06097670371187,0 -46.31691107388691,-23.06008839836084,0 -46.31678958357236,-23.0597001331546,0 -46.31670006235794,-23.05922362377117,0 -46.31653650355673,-23.05910101020339,0 -46.31654834672878,-23.059096021664,0 -46.31665135597524,-23.05906648612937,0 -46.31676497362457,-23.05906553914328,0 -46.3169200922884,-23.05908336280691,0 -46.31695191569834,-23.05916912665381,0 -46.31697350302472,-23.05926453303175,0 -46.31703621994559,-23.0593404798792,0 -46.31708870078284,-23.05942607015697,0 -46.31716165378726,-23.05949237267481,0 -46.31719366335683,-23.05959725161182,0 -46.31722548676674,-23.05968301455943,0 -46.31727796760407,-23.05976860483718,0 -46.31729955582978,-23.05986401121508,0 -46.3173417079534,-23.05994968782776,0 -46.31739418969005,-23.06003527810555,0 -46.31741577701644,-23.06013068538277,0 -46.31744760042636,-23.06021644922971,0 -46.31746918865207,-23.06031185470829,0 -46.31752166859008,-23.06039744498605,0 -46.31769837907688,-23.06051067592696,0 -46.31776109689707,-23.06058662097576,0 -46.31778268422345,-23.06068202825298,0 -46.31778361502177,-23.06077760730068,0 -46.31778454492075,-23.06087318724776,0 -46.31778547481974,-23.0609687662955,0 -46.31780706304551,-23.06106417177406,0 -46.31781832165819,-23.06115966628551,0 -46.31787108398327,-23.06127392874878,0 -46.31790300092274,-23.06136924879179,0 -46.31793501139162,-23.0614741277288,0 -46.3179360348201,-23.06157926477119,0 -46.31789555543548,-23.0616656302646,0 -46.3179068149475,-23.06176112387668,0 -46.31800024101824,-23.06180813773534,0 -46.31806296063706,-23.06188408368349,0 -46.31814615062433,-23.06194074187169,0 -46.3182500007369,-23.06199722739007,0 -46.31834342770696,-23.06204424124871,0 -46.31844746307991,-23.06211984095785,0 -46.31849994571587,-23.0622054312356,0 -46.31849054780048,-23.06230109661828,0 -46.31848114988514,-23.06239676200092,0 -46.31844113455066,-23.06253091836716,0 -46.3184318301648,-23.06263614084521,0 -46.31843285359327,-23.06274127788759,0 -46.31846467880183,-23.0628270408352,0 -46.31847603184338,-23.06293209244203,0 -46.31855922362922,-23.06298874883162,0 -46.31852916558847,-23.06308458598483,0 -46.3184783583895,-23.06317103781311,0 -46.3184378799042,-23.06325740510511,0 -46.31846979774291,-23.06335272514808,0 -46.31850162295149,-23.06343848719638,0 -46.31854377777306,-23.06352416380906,0 -46.31858593169535,-23.06360984042175,0 -46.31864921069246,-23.06374313433815,0 -46.31864939685215,-23.06376224942823,0 -46.31863999803745,-23.06385791391153,0 -46.31857886122543,-23.06394445207475,0 -46.31848636235571,-23.0639930181632,0 -46.31842513111485,-23.06406999923104,0 -46.31836390077335,-23.06414698119816,0 -46.31835478164784,-23.06427131876631,0 -46.31830397265021,-23.06435777059459,0 -46.31827382197923,-23.0644440515517,0 -46.31825409355156,-23.06453980326927,0 -46.31832705105251,-23.06460610398847,0 -46.31842029366157,-23.06463400185766,0 -46.31851362980014,-23.06467145682223,0 -46.31860696503934,-23.06470891268611,0 -46.31870048733759,-23.06476548364008,0 -46.31872207736195,-23.06486089001799,0 -46.31876423308285,-23.06494656573136,0 -46.31879605829142,-23.06503232867897,0 -46.31885887233904,-23.06511783262182,0 -46.31887013275037,-23.06521332533465,0 -46.31887106444806,-23.0653089052817,0 -46.31887199434704,-23.06540448343013,0 -46.31888334828786,-23.06550953323827,0 -46.31888427998547,-23.06560511318536,0 -46.31882313957618,-23.06569165224788,0 -46.31872040642157,-23.06574986086737,0 -46.31865917428143,-23.06582684193516,0 -46.3186186939975,-23.06591320922717,0 -46.3185678858992,-23.06599966015613,0 -46.31850674638918,-23.06608619921865,0 -46.31854890211008,-23.06617187583134,0 -46.31860148007422,-23.06626702320449,0 -46.3186745311047,-23.06634288281774,0 -46.31875772468919,-23.06639953920734,0 -46.31885106172705,-23.06643699507124,0 -46.31894449229447,-23.06648400803049,0 -46.31901745069473,-23.06655030964904,0 -46.31902871110611,-23.06664580326116,0 -46.31905030113047,-23.06674120873975,0 -46.31909255038084,-23.06683644334714,0 -46.31912447001821,-23.06693176339013,0 -46.31918756375501,-23.06704594041776,0 -46.31925177714777,-23.06727481158322,0 -46.31935833242107,-23.06760847535083,0 -46.3193505173125,-23.06786662394553,0 -46.31933106857389,-23.06799104874785,0 -46.31921800310829,-23.06804934729951,0 -46.31909488681955,-23.06813640257285,0 -46.31917826836236,-23.0682121758512,0 -46.31925038859451,-23.06819245641668,0 -46.31950983940754,-23.06831455107562,0 -46.31974807071686,-23.0683794713355,0 -46.31987444884669,-23.06862693868224,0 -46.31992768241656,-23.068788991119,0 -46.31986682169639,-23.06890420506494,0 -46.31976501844081,-23.06905799543012,0 -46.31991009797258,-23.06910457491615,0 -46.32004522200935,-23.06918947361528,0 -46.32013977313199,-23.06935117981303,0 -46.32020370773489,-23.06955137789372,0 -46.32044091831369,-23.06951116021184,0 -46.32062657165891,-23.06948093129989,0 -46.32087616320434,-23.06965089956928,0 -46.32095024215989,-23.06983189442633,0 -46.32123194309963,-23.07011629692954,0 -46.32140141584262,-23.07054501903735,0 -46.32154083594077,-23.07106957919769,0 -46.32144294923268,-23.07162479994451,0 -46.32122779632567,-23.07180821577654,0 -46.3211368811621,-23.07201926687564,0 -46.32100212584737,-23.07197260195398,0 -46.32080669867014,-23.07206026426974,0 -46.3207054520949,-23.07227140260312,0 -46.320882646417,-23.07243241722222,0 -46.32103806005836,-23.07247891037337,0 -46.3211220990056,-23.07262158691669,0 -46.3211446243249,-23.07281257234228,0 -46.32136982895442,-23.07260039619125,0 -46.32158461044139,-23.07237874927983,0 -46.32193554568887,-23.07234713631125,0 -46.32215990855292,-23.07204893820791,0 -46.32228199871525,-23.07185674319408,0 -46.32243722619701,-23.07188411765789,0 -46.32269930213106,-23.07227382717537,0 -46.32287743174805,-23.07253041904357,0 -46.32293347210202,-23.07297920682487,0 -46.3230622900926,-23.07347517663806,0 -46.32307873599485,-23.07344709081051,0 -46.32308548091015,-23.07356157001038,0 -46.32318949380005,-23.07367181340338,0 -46.3232248110761,-23.07377469404685,0 -46.32326098180882,-23.07396487278061,0 -46.32339119194989,-23.07412251584139,0 -46.32343617334067,-23.07433643128121,0 -46.32353995330618,-23.07442286602242,0 -46.32367819888974,-23.07452488421595,0 -46.32367742277478,-23.07444552264271,0 -46.32371968641434,-23.07438167527403,0 -46.32373606576676,-23.07430216980925,0 -46.32369193783263,-23.07417555335905,0 -46.32369069586889,-23.07404857538144,0 -46.32368937566412,-23.07391366088671,0 -46.32364532597097,-23.0737949791549,0 -46.32355831206637,-23.07366872243352,0 -46.32350591756398,-23.07357392040007,0 -46.32346186787088,-23.07345523686964,0 -46.32346070324883,-23.07333619720771,0 -46.32351965740623,-23.0732245877445,0 -46.32346741758722,-23.07314565784576,0 -46.32338936992346,-23.07305900816664,0 -46.32336733383534,-23.07295420926932,0 -46.32334392358315,-23.07279747722174,0 -46.32333185468133,-23.07244042478573,0 -46.32337249144729,-23.07220991775347,0 -46.32344774401816,-23.07201086810706,0 -46.32358288244404,-23.07179544360481,0 -46.32375395598024,-23.07174638918445,0 -46.32397695996868,-23.07174451859461,0 -46.3240681800025,-23.07175725119612,0 -46.32420908308269,-23.07179812898046,0 -46.32444908515708,-23.07178024326356,0 -46.32462959168225,-23.07181841318917,0 -46.32476674638821,-23.07180932464057,0 -46.32480823391286,-23.07166611479933,0 -46.32487560842253,-23.07153856125559,0 -46.32478157081277,-23.07157109782788,0 -46.32462765004595,-23.0716200101553,0 -46.32447341901304,-23.07163717821319,0 -46.32431802155941,-23.07153530301177,0 -46.32425250504901,-23.07144244531256,0 -46.32427663925547,-23.07140122488659,0 -46.32433859984644,-23.07138539501993,0 -46.32446224044003,-23.0711987946886,0 -46.32457761176732,-23.07102467604789,0 -46.32462044377843,-23.07079513578685,0 -46.32467099736857,-23.07066700937492,0 -46.32495486927178,-23.07054164388172,0 -46.32528669842236,-23.07051967614211,0 -46.32571449512778,-23.07051608424987,0 -46.32618565174641,-23.07033034187172,0 -46.32658124103142,-23.07052520697266,0 -46.32695666391885,-23.07102925629511,0 -46.3270988818079,-23.07123638365217,0 -46.32719731170653,-23.07131023867651,0 -46.32726685538103,-23.07147080992989,0 -46.3274282998761,-23.07190575174901,0 -46.32751177494839,-23.0726204249926,0 -46.32751883732442,-23.07290730242999,0 -46.32744843659606,-23.07309263291864,0 -46.32730945536701,-23.07321565118131,0 -46.32717402735943,-23.07326788920171,0 -46.32696190786572,-23.07329718641596,0 -46.32682551668421,-23.07325116361031,0 -46.32453484001081,-23.07228774238535,0 -46.32432589062734,-23.07220694999069,0 -46.32421108767154,-23.07219612125398,0 -46.32408396130575,-23.07222863444388,0 -46.32395756788742,-23.07233582014193,0 -46.32389967403071,-23.07249746158851,0 -46.32393225377047,-23.07278805592397,0 -46.32400825457724,-23.07322912212625,0 -46.32405304171449,-23.07346458532231,0 -46.32437424807308,-23.07427258391255,0 -46.3247783305555,-23.07540907696729,0 -46.32501729571159,-23.07600600107603,0 -46.32505592788875,-23.07605528482349,0 -46.32501138626639,-23.07604800391222,0 -46.32482688944935,-23.07578284330357,0 -46.32447103760826,-23.07558645385171,0 -46.32425040513203,-23.07539005540668,0 -46.32406536962105,-23.07537697386823,0 -46.32402268240083,-23.07554720384037,0 -46.32433586141082,-23.07612333292542,0 -46.32457786627549,-23.07661435466866,0 -46.32477004060485,-23.07686968209009,0 -46.32474158785396,-23.07705300709057,0 -46.32456365788647,-23.07692862185837,0 -46.32427186475473,-23.07687626602683,0 -46.32410817105524,-23.07676497582293,0 -46.32381638242009,-23.07675844944282,0 -46.32381687434924,-23.0767667609772,0 -46.32379614857336,-23.07675264881566,0 -46.32374193024583,-23.07585996556492,0 -46.32370298420535,-23.07567850126177,0 -46.32357256811946,-23.07537497107802,0 -46.3231874055743,-23.07454293990468,0 -46.32284921731746,-23.07362699029333,0 -46.32276214855426,-23.07341153431479,0 -46.3226498753914,-23.07333386166834,0 -46.32251134292409,-23.07328588913242,0 -46.32236305461123,-23.07332643776482,0 -46.32222098600966,-23.07346028656292,0 -46.32203744876921,-23.07369766171769,0 -46.32181056960206,-23.07384695996917,0 -46.32173519202548,-23.07386347601858,0 -46.32175298511214,-23.07384164587523,0 -46.32178735899936,-23.07381792625626,0 -46.32184751555035,-23.07381001581949,0 -46.32185610857249,-23.07380210898009,0 -46.32217406208327,-23.07344631019902,0 -46.32217406028464,-23.07341468643856,0 -46.3221482776209,-23.07338306177881,0 -46.32212249495712,-23.0733593448578,0 -46.3220881165733,-23.07332772109743,0 -46.32207092783103,-23.07329609823631,0 -46.32203655034645,-23.07326447537519,0 -46.32201936070489,-23.07322494477534,0 -46.32200217016396,-23.07318541507481,0 -46.32197638839955,-23.07316169725448,0 -46.32194201091505,-23.07313798123277,0 -46.32190763522915,-23.07312217025191,0 -46.3218732604426,-23.07311426611048,0 -46.32181310299229,-23.07310636376763,0 -46.32181310479091,-23.07313798932671,0 -46.32181310479092,-23.07316961308714,0 -46.32179592144455,-23.07320914638495,0 -46.32176154665802,-23.07324077284333,0 -46.3217271709721,-23.07324077464199,0 -46.32168420226407,-23.07324077823926,0 -46.32163263963457,-23.0732407800379,0 -46.32159826215001,-23.07320915717678,0 -46.32159826035138,-23.0731775334164,0 -46.32159825855275,-23.07314590785733,0 -46.3215982567541,-23.07310637725743,0 -46.32159825405614,-23.07306684575827,0 -46.32159825315681,-23.07301940921833,0 -46.32159825135817,-23.07298778275991,0 -46.32159824866023,-23.07294825216008,0 -46.32160684168235,-23.07293243938051,0 -46.32162402682736,-23.07289290608269,0 -46.32164980679312,-23.07286918736303,0 -46.32164980499448,-23.07282965496454,0 -46.32166699013942,-23.07278221662597,0 -46.32169277010519,-23.07275849610766,0 -46.32172714489179,-23.072734777388,0 -46.321761518779,-23.07271105507106,0 -46.321778703924,-23.07268733635147,0 -46.32179588906899,-23.07263199117344,0 -46.32178729424817,-23.07261617929323,0 -46.3217443246408,-23.07260036921162,0 -46.32169276021267,-23.07257665318997,0 -46.3216154149194,-23.07255293806759,0 -46.32159822887514,-23.07256875174647,0 -46.32158104283081,-23.07260828414498,0 -46.32158104462945,-23.07263990880472,0 -46.32156385858513,-23.07267944120321,0 -46.32155526736165,-23.07270316082218,0 -46.32153808131739,-23.07274269322068,0 -46.32152089527307,-23.07276641194032,0 -46.32148652138579,-23.07279804019737,0 -46.32146933534153,-23.07282966485713,0 -46.32144355717441,-23.07287710499434,0 -46.32141777630927,-23.07290873055342,0 -46.32140918418644,-23.07293244927308,0 -46.32139199814213,-23.07296407573148,0 -46.32139199994083,-23.07300360723066,0 -46.32138340781796,-23.07303523278972,0 -46.3213834096166,-23.0730747642889,0 -46.32138341231456,-23.07312220082883,0 -46.32138341231455,-23.07313010766831,0 -46.32141779069843,-23.07317754330891,0 -46.32145216908231,-23.07322497805023,0 -46.32147795084671,-23.07324078903115,0 -46.32152091955476,-23.07326450505277,0 -46.32154670401712,-23.07329612791392,0 -46.321581082401,-23.07334356535325,0 -46.32158967722176,-23.07338309415445,0 -46.32159827294191,-23.07340681287406,0 -46.32159827474056,-23.07343843933246,0 -46.32161546438214,-23.07347796813367,0 -46.32161546708011,-23.07351749963289,0 -46.32163265582238,-23.07354121655384,0 -46.32164125244179,-23.0735807471537,0 -46.32164984456467,-23.07359655903396,0 -46.32165844298272,-23.0736439955739,0 -46.32165844478135,-23.07368352707306,0 -46.32164125873703,-23.07371515263213,0 -46.32162407179345,-23.07372306127022,0 -46.32161547877126,-23.07375468592994,0 -46.32158969970482,-23.07379421922781,0 -46.32156392243702,-23.07385747034595,0 -46.32152954675115,-23.07386537808469,0 -46.32150376588606,-23.07388909770366,0 -46.32150404917246,-23.07388961841111,0 -46.32125844881829,-23.07386140937649,0 -46.3209183369117,-23.07383477595409,0 -46.320637398597,-23.07388626034261,0 -46.32043142057358,-23.07400098685598,0 -46.31994197174458,-23.07445219111571,0 -46.31981100077701,-23.07463507724697,0 -46.31939995574334,-23.07550325397192,0 -46.31926936608836,-23.07572544227532,0 -46.31911093342279,-23.07581520720602,0 -46.31898368744721,-23.07583592308935,0 -46.31884515228194,-23.07578794785547,0 -46.31876454784556,-23.07569035522567,0 -46.31872584642066,-23.07553345320627,0 -46.31872775658064,-23.07518459359409,0 -46.31876090379262,-23.07477159883018,0 -46.31883806202688,-23.07451546291822,0 -46.31905155028875,-23.07408130980457,0 -46.31909747057176,-23.07388930724568,0 -46.31905350811286,-23.07373736228942,0 -46.31895673386612,-23.07361533867692,0 -46.31866216003061,-23.07335739422831,0 -46.31839992491655,-23.07314831264449,0 -46.31811635608494,-23.07292958223437,0 -46.31800858223022,-23.07276834368406,0 -46.31795926430858,-23.07261152889892,0 -46.31795701510413,-23.07238062256758,0 -46.31796046040688,-23.07218897524097,0 -46.31791697638733,-23.07208615934871,0 -46.31779404086228,-23.07200365914149,0 -46.31754357607514,-23.07191239683958,0 -46.31713874805473,-23.0717831165975,0 -46.31701117112863,-23.07176943970785,0 -46.31689478806397,-23.07181463064065,0 -46.31684245741344,-23.07189368014917,0 -46.31679117627175,-23.07208081377848,0 -46.31682527226843,-23.07226822619765,0 -46.31669349910567,-23.07206910280678,0 -46.31677409275015,-23.07185813984127,0 -46.31699967509491,-23.07168420196436,0 -46.31699781529687,-23.07149304386882,0 -46.31691368911544,-23.07134080663287,0 -46.31703392667436,-23.07095745712091,0 -46.31723177842378,-23.07005729061145,0 -46.31720330678711,-23.06925459892056,0 -46.3171966104352,-23.06856643139567,0 -46.31731758903543,-23.06825954314337,0 -46.31729525617112,-23.06808767280778,0 -46.31718154499224,-23.06701804974318,0 -46.31694741639011,-23.06631266020105,0 -46.31686161926824,-23.06598837995974,0 -46.31677191998808,-23.06526266933667,0 -46.31664387811242,-23.06484315358864,0 -46.31659754144334,-23.06432737081145,0 -46.31669220228326,-23.06392763025588,0</coordinates></LinearRing></outerBoundaryIs>
          <innerBoundaryIs><LinearRing><coordinates> -46.32684203003561,-23.0715498252642,0 -46.32682934779615,-23.07157900017069,0 -46.32682300757568,-23.07159650637361,0 -46.32681032533623,-23.07162568128012,0 -46.3268103289335,-23.07165485528731,0 -46.32681033073214,-23.07167819269439,0 -46.32682936038662,-23.07170736490293,0 -46.3268420453241,-23.07171903270716,0 -46.32687375721809,-23.07173070141067,0 -46.32689278417462,-23.0717423683156,0 -46.32692449606861,-23.07174236561763,0 -46.32694986324555,-23.0717306933168,0 -46.32698157244159,-23.07170735141307,0 -46.32698791356132,-23.07168984610944,0 -46.32701327983899,-23.07166650600439,0 -46.32702596207845,-23.07164899980148,0 -46.32705133015476,-23.07164316320139,0 -46.32710841102431,-23.07164899260687,0 -46.32715914897552,-23.07166065771314,0 -46.3271845188504,-23.07166648981659,0 -46.32720354580692,-23.07167232281938,0 -46.32723525860025,-23.07167815492291,0 -46.32710204292489,-23.07137475873811,0 -46.32708301686768,-23.07138059623746,0 -46.3270513076717,-23.07139810333974,0 -46.32701959757635,-23.07141561134137,0 -46.32699423039936,-23.07143311664498,0 -46.32696886412174,-23.07145062374724,0 -46.3269434969448,-23.07146812995018,0 -46.32691178774877,-23.0714856370525,0 -46.32688007765342,-23.07150314325543,0 -46.32686105159621,-23.07152065125699,0 -46.32684203003561,-23.0715498252642,0</coordinates></LinearRing></innerBoundaryIs>
          <innerBoundaryIs><LinearRing><coordinates> -46.32677223814824,-23.07125226028353,0 -46.32683565743957,-23.0712347486847,0 -46.32684834237705,-23.0712289138832,0 -46.32687370865472,-23.07121140678094,0 -46.32687370685602,-23.0711822336731,0 -46.32686736303833,-23.0711647301681,0 -46.3268356493457,-23.07113555795956,0 -46.32681661969122,-23.07110638665039,0 -46.32681027587348,-23.07108304834395,0 -46.32681027407482,-23.07105970913824,0 -46.32672147141876,-23.07090217939202,0 -46.32670878468264,-23.07089051068846,0 -46.32669609794653,-23.07086717328137,0 -46.32667072717226,-23.07084383587428,0 -46.3266516984171,-23.0708204993665,0 -46.32663267056125,-23.07080299586152,0 -46.32661998472447,-23.07077965755509,0 -46.32660095686862,-23.07076215584873,0 -46.32658827103182,-23.07074465324307,0 -46.32656290115694,-23.07072715063743,0 -46.32655655643987,-23.0706979766303,0 -46.32655021442082,-23.07068047312524,0 -46.32653752588607,-23.07065130091678,0 -46.32653118206837,-23.07062796171101,0 -46.32646775828039,-23.07059879399913,0 -46.32643604638639,-23.0705871270942,0 -46.32641067741082,-23.07057546018927,0 -46.3263916486556,-23.07055212368152,0 -46.32638530573723,-23.07053461927721,0 -46.32638530303927,-23.07050544527005,0 -46.32637261720249,-23.07048794266439,0 -46.326328220371,-23.0704587731538,0 -46.32630284959681,-23.07044127144746,0 -46.32625845366466,-23.07041793493972,0 -46.32623308289043,-23.0703829297284,0 -46.32622039795297,-23.07037709492693,0 -46.32616966090109,-23.07037710122222,0 -46.32615697686293,-23.07037710122222,0 -46.32610624071037,-23.07037710571883,0 -46.32608087263414,-23.07037710841675,0 -46.32606819039461,-23.07040628332328,0 -46.3260618501742,-23.07042962342829,0 -46.32606185287216,-23.0704587974355,0 -46.3260618546708,-23.07048213484263,0 -46.32607454140691,-23.07051130795048,0 -46.32608722634438,-23.07052297575469,0 -46.32611259531996,-23.07053464355891,0 -46.32615065013238,-23.07055798006667,0 -46.32615699395006,-23.07058715227521,0 -46.32616333956646,-23.07062216018448,0 -46.32616334316374,-23.07065716989244,0 -46.32614431800587,-23.07068050909816,0 -46.32612529374729,-23.07069801620045,0 -46.32611261240709,-23.07072135630552,0 -46.32609992926825,-23.07074469641055,0 -46.32608724702879,-23.0707622008149,0 -46.32607456388996,-23.07078554181925,0 -46.32606822456889,-23.07080888012569,0 -46.32606822636752,-23.07083805413282,0 -46.32608091310363,-23.07086139423791,0 -46.32609994095947,-23.0708905646478,0 -46.32611896701665,-23.07088472804768,0 -46.32614433419361,-23.07086722184476,0 -46.32620141236526,-23.07086138344607,0 -46.32623312156124,-23.07084971024591,0 -46.32626483075728,-23.07083803704575,0 -46.32627117367571,-23.07083803704576,0 -46.32629654175196,-23.07083220134495,0 -46.32632825184732,-23.07083219684835,0 -46.32635362262153,-23.07086136815757,0 -46.32637264957805,-23.07086720205968,0 -46.32639801855368,-23.0708788689646,0 -46.3264107052898,-23.07090220727099,0 -46.32641704910748,-23.07092554467812,0 -46.32640436776734,-23.07095471958461,0 -46.3263916846285,-23.07097222578756,0 -46.32636631655226,-23.07098389718907,0 -46.32632826713576,-23.07100723999208,0 -46.32628387480094,-23.07103058279511,0 -46.32627119166211,-23.07105392290021,0 -46.32625851032196,-23.07108309780664,0 -46.32623948696272,-23.07111227271314,0 -46.32623948786205,-23.07112977711745,0 -46.32624583257905,-23.07116478502678,0 -46.32626486133427,-23.07118228763245,0 -46.32628388919011,-23.07120562503953,0 -46.326309259065,-23.07121729194443,0 -46.32635365499715,-23.07123479275146,0 -46.32637268195366,-23.07124062575421,0 -46.32640439204903,-23.07124062215694,0 -46.3264297610246,-23.07123478735548,0 -46.32648683919621,-23.07122894625886,0 -46.32649318121531,-23.07122894625883,0 -46.32651854839224,-23.07121143915657,0 -46.32653757444945,-23.07119393295358,0 -46.3265629407271,-23.07118226065278,0 -46.32659465082241,-23.07117058925127,0 -46.32663904585525,-23.07116474995318,0 -46.32667075595061,-23.07116474725525,0 -46.32670880896432,-23.07116474365799,0 -46.32672149300248,-23.07117057756006,0 -46.32673418063786,-23.07119391496717,0 -46.32675320759444,-23.07121725327355,0 -46.32675955231146,-23.07123475677854,0 -46.32677223814824,-23.07125226028353,0</coordinates></LinearRing></innerBoundaryIs>
          <innerBoundaryIs><LinearRing><coordinates> -46.31918723010654,-23.07484160295759,0 -46.31920338822573,-23.07482178100036,0 -46.31921415940588,-23.07479700377864,0 -46.3192357035648,-23.07478213798521,0 -46.31925186168405,-23.07475736166287,0 -46.31925724682447,-23.0747325862398,0 -46.31927340494366,-23.07470780811881,0 -46.31928956216353,-23.07468303269575,0 -46.31931649236221,-23.07466816510367,0 -46.31933265138071,-23.07465825457474,0 -46.31935419464031,-23.07463843261749,0 -46.31937573879924,-23.07461861155963,0 -46.31940266809863,-23.07459878960241,0 -46.31942421225756,-23.07457401328001,0 -46.31944037037675,-23.07454428079387,0 -46.31944575641648,-23.07452941410109,0 -46.31945652759665,-23.07450959394253,0 -46.31945652579799,-23.07447986325502,0 -46.31945652489867,-23.07445013076888,0 -46.31945652399935,-23.07442535624518,0 -46.31945652310004,-23.07440057992278,0 -46.31944036408152,-23.07438075886489,0 -46.31942959110273,-23.07436589487008,0 -46.31940804604445,-23.07435102907669,0 -46.31939188702592,-23.07433616508189,0 -46.31935418294916,-23.07433121071675,0 -46.3193057076922,-23.07432130288577,0 -46.31928954867368,-23.07432130288578,0 -46.31925184459693,-23.07431635121862,0 -46.3192141423188,-23.0743163512186,0 -46.31905255932811,-23.07438573121647,0 -46.31903640120891,-23.07439564174542,0 -46.31900947101027,-23.07441546280332,0 -46.31900408586984,-23.07442537423156,0 -46.31898254171091,-23.07446501724674,0 -46.31898254261023,-23.07446997161184,0 -46.31898254440888,-23.07449474793424,0 -46.3189879304486,-23.07451952425657,0 -46.31899331558902,-23.0745343891507,0 -46.31900947640618,-23.0745591636744,0 -46.31900947730549,-23.07457402856852,0 -46.31900947820481,-23.07460376105467,0 -46.3190094782048,-23.0746136706843,0 -46.31902025118359,-23.07463349174218,0 -46.31903641110142,-23.07464835573696,0 -46.31904718318094,-23.07466817589557,0 -46.31905795615972,-23.07468304168893,0 -46.31905795705904,-23.07471277327584,0 -46.31905795795837,-23.07474250306403,0 -46.31905795885768,-23.07476728028571,0 -46.319057959757,-23.07479205570877,0 -46.31905796065632,-23.07481187676664,0 -46.31906873543375,-23.0748416083535,0 -46.31907412057415,-23.07485647324762,0 -46.31909027959267,-23.07487133724239,0 -46.31913337060854,-23.07488124597268,0 -46.31914952872773,-23.07488124507337,0 -46.31916568684692,-23.07488124507336,0 -46.31918723010654,-23.07484160295759,0</coordinates></LinearRing></innerBoundaryIs>
          <innerBoundaryIs><LinearRing><coordinates> -46.31897178312124,-23.07486143121003,0 -46.31894485202328,-23.07484161195078,0 -46.31892869300475,-23.07482674615739,0 -46.3189071479465,-23.07481683832641,0 -46.31888021774779,-23.07482674885534,0 -46.31886405872928,-23.07483666118293,0 -46.31884790061008,-23.07485648224082,0 -46.31884251457035,-23.07488125766389,0 -46.31884251726832,-23.07491594361584,0 -46.31884251726832,-23.07492585414479,0 -46.31884251906695,-23.07496054099611,0 -46.31884251906695,-23.07499027168362,0 -46.31884251996627,-23.07502495763566,0 -46.31883713482586,-23.07504477959286,0 -46.31883174968545,-23.07505964538624,0 -46.31885329474369,-23.07507451028039,0 -46.31888022674104,-23.07508937427514,0 -46.31890177089997,-23.07509928300544,0 -46.31892331595822,-23.07511414879889,0 -46.31893947587604,-23.07513396805815,0 -46.31895024885483,-23.07514883385154,0 -46.31896102183367,-23.07516369874565,0 -46.31897179481246,-23.07518847506805,0 -46.31898795383098,-23.07519838469768,0 -46.31901488582826,-23.07520333906281,0 -46.31903104304814,-23.07520333816348,0 -46.31905258810639,-23.07519838199973,0 -46.31907951920443,-23.07519342493659,0 -46.31910106336336,-23.07517856004245,0 -46.31910644940308,-23.07516369424905,0 -46.31910644940309,-23.07514387319118,0 -46.31909567462566,-23.07510918723916,0 -46.31909028768661,-23.07508936618126,0 -46.31909028678729,-23.07506458985887,0 -46.31909028588797,-23.07503981443586,0 -46.31909028588797,-23.07501008284902,0 -46.31907412507075,-23.07498035216148,0 -46.31906335209198,-23.07495557673842,0 -46.31904719307346,-23.07494071184432,0 -46.31901487593576,-23.07492584695023,0 -46.31898255789866,-23.07489611716204,0 -46.31898255610003,-23.07489116189753,0 -46.31897178312124,-23.07486143121003,0</coordinates></LinearRing></innerBoundaryIs>
        </Polygon>
      </MultiGeometry>
    </Placemark>
    <Placemark id="ID_00001">
      <name></name>
      <snippet></snippet>
      <description><![CDATA[<html xmlns:fo="http://www.w3.org/1999/XSL/Format" xmlns:msxsl="urn:schemas-microsoft-com:xslt">
<head>
<META http-equiv="Content-Type" content="text/html">
<meta http-equiv="content-type" content="text/html; charset=UTF-8">
</head>
<body style="margin:0px 0px 0px 0px;overflow:auto;background:#FFFFFF;">
<table style="font-family:Arial,Verdana,Times;font-size:12px;text-align:left;width:100%;border-collapse:collapse;padding:3px 3px 3px 3px">
<tr style="text-align:center;font-weight:bold;background:#9CBCE2">
<td></td>
</tr>
<tr>
<td>
<table style="font-family:Arial,Verdana,Times;font-size:12px;text-align:left;width:100%;border-spacing:0px; padding:3px 3px 3px 3px"></table>
</td>
</tr>
</table>
</body><script type="text/javascript">
				function changeImage(attElement, nameElement) {
				document.getElementById('imageAttachment').src = attElement;
				document.getElementById('imageName').innerHTML = nameElement;}
			</script></html>
]]></description>
      <styleUrl>#PolyStyle00</styleUrl>
      <MultiGeometry>
        <Polygon>
          <extrude>0</extrude><altitudeMode>clampToGround</altitudeMode>
          <outerBoundaryIs><LinearRing><coordinates> -46.31439796699256,-23.07494625796337,0 -46.31418077442316,-23.07507917416449,0 -46.31414399574875,-23.07513556525407,0 -46.314107218873,-23.07516939864877,0 -46.31407044019864,-23.07521451223987,0 -46.31403366332285,-23.07527090243013,0 -46.31399688644713,-23.07532729082175,0 -46.31396010867206,-23.07537240441286,0 -46.3139355895558,-23.07541751620541,0 -46.31389881178069,-23.07547390459693,0 -46.31386203490496,-23.07553029478723,0 -46.31383751668802,-23.07556412908127,0 -46.31378848025412,-23.07559796427461,0 -46.31375170337838,-23.07564307426845,0 -46.31369040738633,-23.07567690856245,0 -46.3136536296113,-23.07571074285648,0 -46.31360459407673,-23.07575585464894,0 -46.31358007585976,-23.07577841234383,0 -46.3135432971854,-23.07581224393988,0 -46.31348200209266,-23.07585735663168,0 -46.3134574847751,-23.07586863413014,0 -46.31339618878302,-23.07589119002639,0 -46.31334715234914,-23.07591374682192,0 -46.31331037457409,-23.07594758021662,0 -46.31324907858209,-23.0759588586144,0 -46.31320004304751,-23.0759926920091,0 -46.31317552483057,-23.07603780470088,0 -46.3131142297379,-23.07608291739267,0 -46.3130774519628,-23.07610547328891,0 -46.31302841642821,-23.07613930488498,0 -46.31299163865315,-23.0761505841821,0 -46.31294260221927,-23.07617314007831,0 -46.31288130712659,-23.07620697257369,0 -46.31282001113461,-23.07622953026855,0 -46.31275871604185,-23.0762520852655,0 -46.31270967960796,-23.07630847365709,0 -46.31269742004986,-23.07635358634888,0 -46.31268516139103,-23.0763761413458,0 -46.31266064137544,-23.07642125223896,0 -46.31261160494159,-23.0764550874323,0 -46.31257482806581,-23.07648891992767,0 -46.31250127431434,-23.07650019832544,0 -46.31243997832229,-23.07653403082083,0 -46.31231738813693,-23.0765453092186,0 -46.31223157392793,-23.07656786421555,0 -46.31219479795153,-23.0765453092186,0 -46.31215802197511,-23.07648891902834,0 -46.31213350465748,-23.07645508473436,0 -46.3120722095648,-23.07637614044649,0 -46.31205995180528,-23.07636486114937,0 -46.31203543538697,-23.07630847185845,0 -46.31201091896867,-23.07624080506906,0 -46.31201091896867,-23.07619569417592,0 -46.31202317942614,-23.07615058328275,0 -46.31203543898425,-23.07609419309249,0 -46.31203543988363,-23.07603780470088,0 -46.31203544078296,-23.07597013701219,0 -46.31203544258159,-23.07592502521969,0 -46.31201092616328,-23.07583480343339,0 -46.31199866840377,-23.07581224663785,0 -46.31198640974498,-23.07575585824624,0 -46.31197415108614,-23.07569946805596,0 -46.31196189242736,-23.07567691215973,0 -46.31185156359874,-23.07564307876505,0 -46.31175349342891,-23.07559796697257,0 -46.31165542325914,-23.07554157678231,0 -46.31161864818205,-23.07550774428693,0 -46.31159413086442,-23.07546263159514,0 -46.31156961444611,-23.07541751980265,0 -46.31154509712848,-23.07538368730728,0 -46.31152058071018,-23.0753385746155,0 -46.31147154607493,-23.07530474122081,0 -46.31128766529349,-23.07522579513432,0 -46.31099957377126,-23.07540818214188,0 -46.31081083125479,-23.07559049720363,0 -46.31062208873834,-23.07571203788021,0 -46.31030123221603,-23.07572939839297,0 -46.30994263024814,-23.07563389219037,0 -46.30993648787859,-23.07563897785649,0 -46.30993251557311,-23.07561372579277,0 -46.31002012572816,-23.07558045627299,0 -46.3101231493638,-23.07555092523496,0 -46.31021584428572,-23.07552147873321,0 -46.31031877439189,-23.07548238970048,0 -46.31043222117,-23.07546233122154,0 -46.31052491519262,-23.07543288471982,0 -46.3106174230556,-23.07538432312799,0 -46.31073077720355,-23.07535470665437,0 -46.31082328506653,-23.07530614506251,0 -46.31091597998847,-23.07527669856074,0 -46.31100867311176,-23.0752472529583,0 -46.31111169584807,-23.07521772102098,0 -46.31119378056849,-23.07515968776931,0 -46.31127568182723,-23.07508253762899,0 -46.31133692116197,-23.07500556015846,0 -46.31136707812811,-23.07491928099997,0 -46.31142831656354,-23.07484230442878,0 -46.3115208262251,-23.07479374103827,0 -46.31162384896141,-23.07476420910092,0 -46.31171654208471,-23.07473476259919,0 -46.31181975008139,-23.0747243457519,0 -46.31191235057447,-23.07468534215479,0 -46.31198401305169,-23.07461783634403,0 -46.3120764273852,-23.07455971495881,0 -46.31212724267806,-23.07447326492916,0 -46.31220932739848,-23.07441523077825,0 -46.31228098987572,-23.07434772406818,0 -46.31233180606796,-23.07426127313921,0 -46.31237229174783,-23.07417490944448,0 -46.31238169505912,-23.07407924406179,0 -46.31236010863206,-23.07398383678458,0 -46.31239026469895,-23.07389755762615,0 -46.31243074858014,-23.0738111930321,0 -46.31247114342847,-23.07371527044333,0 -46.31244955610209,-23.07361986316614,0 -46.31237659680244,-23.07355355795028,0 -46.31230363840217,-23.07348725543244,0 -46.31222034859019,-23.07342103565223,0 -46.31215762897138,-23.07334508700608,0 -46.31212571203196,-23.07324976606377,0 -46.31210412560489,-23.07315435788724,0 -46.31210319840386,-23.07305877973888,0 -46.31206104538091,-23.07297310222684,0 -46.31197766473742,-23.07289732625054,0 -46.31189446755558,-23.0728406635657,0 -46.31181118044157,-23.07277444558417,0 -46.31173822294062,-23.07270814126764,0 -46.31163399691138,-23.07261342017318,0 -46.31157127639325,-23.07253747242634,0 -46.31153945298331,-23.0724517076801,0 -46.31148687681787,-23.07235655670967,0 -46.31144463206408,-23.07226132120297,0 -46.31140164357095,-23.07208962173859,0 -46.31139011066507,-23.07196545504167,0 -46.31133753539888,-23.07187030407125,0 -46.31132627858483,-23.07177481225771,0 -46.31131502356942,-23.07167931774625,0 -46.31130376765469,-23.07158382503344,0 -46.31127194514409,-23.0714980611865,0 -46.31127101884238,-23.07140248123949,0 -46.31127000080983,-23.07129734419703,0 -46.31126907540744,-23.07120176424996,0 -46.31133031294355,-23.07112478677943,0 -46.3113500467672,-23.07102903596118,0 -46.31128603032602,-23.07081927718787,0 -46.31132540444383,-23.07061821665735,0 -46.31142898116252,-23.07064603268822,0 -46.31153209293171,-23.07062605874559,0 -46.31163492770969,-23.07057741081883,0 -46.31172761813502,-23.07054796521635,0 -46.3118200297705,-23.07048984473051,0 -46.31191253493551,-23.07044128223936,0 -46.31200504010047,-23.07039272064747,0 -46.31210833713,-23.07039186269425,0 -46.31221163505887,-23.07039100384173,0 -46.31231539523924,-23.07043793406334,0 -46.31240864144559,-23.07046583732848,0 -46.31251193937448,-23.07046497757661,0 -46.3126051846815,-23.07049287814374,0 -46.31269852441733,-23.07053033670567,0 -46.31280191407706,-23.07053903494849,0 -46.31291554161891,-23.07053809066032,0 -46.31301883864842,-23.07053723180775,0 -46.31312204394715,-23.07052681496051,0 -46.31317285924001,-23.07044036403152,0 -46.31322367273423,-23.07035391310257,0 -46.31333665006633,-23.07028606285149,0 -46.31334605337764,-23.07019039836814,0 -46.31330389855606,-23.07010471995681,0 -46.31327207604544,-23.07001895610988,0 -46.3132299230225,-23.06993327859787,0 -46.31318776820093,-23.06984760108586,0 -46.31316618267316,-23.06975219380863,0 -46.31314450271656,-23.06964722943605,0 -46.31311258667649,-23.06955190759442,0 -46.31309090761926,-23.06944694322181,0 -46.31308998041823,-23.06935136327473,0 -46.31307872360417,-23.06925586966257,0 -46.31305713717711,-23.06916046238541,0 -46.31305611734592,-23.06905532534295,0 -46.31303453001948,-23.06895991806576,0 -46.31300270840826,-23.0688741542188,0 -46.31298112108181,-23.06877874694158,0 -46.31295953465474,-23.06868333966435,0 -46.31291738343043,-23.06859766125302,0 -46.31284424066911,-23.06851224094713,0 -46.31278152105034,-23.06843629320031,0 -46.31275993462322,-23.06834088592307,0 -46.3127383499948,-23.06824547864592,0 -46.3127373301636,-23.06814034070413,0 -46.31279810275021,-23.06801557326004,0 -46.3129503013153,-23.06781090734742,0 -46.31293547239408,-23.06780960872642,0 -46.31321021887646,-23.06744841940903,0 -46.3133237304058,-23.06728645240782,0 -46.31339150241588,-23.06703242270812,0 -46.31352994764894,-23.0668232997554,0 -46.31354241944706,-23.06666071941661,0 -46.3137486987434,-23.06620406526537,0 -46.31382412488341,-23.06601496302012,0 -46.3138369096456,-23.06588487518678,0 -46.31395460032451,-23.06570842010745,0 -46.31412948428824,-23.06563547519696,0 -46.31438175941065,-23.06575395188332,0 -46.3146802390018,-23.06590679616164,0 -46.31484393000335,-23.06615595513318,0 -46.3150913811623,-23.06632287020425,0 -46.31521962898267,-23.06651027722746,0 -46.31550145672679,-23.06670049733003,0 -46.31557957723567,-23.06668925220719,0 -46.31563702592798,-23.06681875727981,0 -46.31574983868406,-23.06686330969392,0 -46.3158513532573,-23.06682901314839,0 -46.31583333983673,-23.0667572382559,0 -46.31583324720657,-23.06674768026122,0 -46.31577043495759,-23.06666217631835,0 -46.3158630282561,-23.06662316822457,0 -46.31592426129561,-23.0665461889554,0 -46.31598540260421,-23.0664596507922,0 -46.31602588378745,-23.06637328619814,0 -46.31595292718578,-23.066306982781,0 -46.31592100934706,-23.06621166183866,0 -46.31587876369395,-23.06611642723132,0 -46.31584693938471,-23.066030665183,0 -46.31581511507545,-23.06594490223539,0 -46.3157832907662,-23.0658591392878,0 -46.31575146555764,-23.06577337634019,0 -46.31570931343401,-23.06568769792884,0 -46.31567748822544,-23.06560193498127,0 -46.31564557218536,-23.06550661493828,0 -46.31562389132949,-23.06540164966634,0 -46.31558173830655,-23.06531597305368,0 -46.31558080930688,-23.0652203931066,0 -46.31556955159352,-23.06512490039381,0 -46.31554796426708,-23.06502949311658,0 -46.31552037756336,-23.0649471044253,0 -46.31580893043776,-23.0647430707361,0 -46.31655859180551,-23.06417287357919,0 -46.31669803258808,-23.06391677094219,0 -46.31660337174816,-23.06431651239706,0 -46.31664970841729,-23.06483229427494,0 -46.31677775029289,-23.06525180822434,0 -46.31686744957312,-23.065977520646,0 -46.31695324669494,-23.06630179998802,0 -46.31718737529707,-23.06700719042942,0 -46.31730108557662,-23.06807681439341,0 -46.31732342023963,-23.06824868293034,0 -46.31720244074,-23.06855557118263,0 -46.31720913709195,-23.06924373960684,0 -46.31723760962797,-23.07004643219705,0 -46.31703975697918,-23.07094659690792,0 -46.31691951942025,-23.07132994821847,0 -46.31700364560174,-23.07148218455514,0 -46.31700550629903,-23.07167334265056,0 -46.31677992305499,-23.07184728142687,0 -46.3166993303098,-23.07205824439239,0 -46.3168311025733,-23.07225736598463,0 -46.31683627817165,-23.07228581064163,0 -46.31682847835157,-23.07257576016316,0 -46.31676681633547,-23.07278754690771,0 -46.31664627120842,-23.07295069112143,0 -46.31598737841472,-23.0734524291862,0 -46.31572380061289,-23.07365115687536,0 -46.3153657472314,-23.0737591627551,0 -46.31495465903028,-23.07380557856454,0 -46.31463636917306,-23.07383893801653,0 -46.31451109810865,-23.07392596541095,0 -46.31439347667754,-23.07411733394776,0 -46.31431806402742,-23.07455401775365,0 -46.31435955874661,-23.07472563717834,0 -46.31445571066246,-23.07479355757658,0 -46.31439796699256,-23.07494625796337,0</coordinates></LinearRing></outerBoundaryIs>
        </Polygon>
      </MultiGeometry>
    </Placemark>
    <Placemark id="ID_00002">
      <name></name>
      <snippet></snippet>
      <description><![CDATA[<html xmlns:fo="http://www.w3.org/1999/XSL/Format" xmlns:msxsl="urn:schemas-microsoft-com:xslt">
<head>
<META http-equiv="Content-Type" content="text/html">
<meta http-equiv="content-type" content="text/html; charset=UTF-8">
</head>
<body style="margin:0px 0px 0px 0px;overflow:auto;background:#FFFFFF;">
<table style="font-family:Arial,Verdana,Times;font-size:12px;text-align:left;width:100%;border-collapse:collapse;padding:3px 3px 3px 3px">
<tr style="text-align:center;font-weight:bold;background:#9CBCE2">
<td></td>
</tr>
<tr>
<td>
<table style="font-family:Arial,Verdana,Times;font-size:12px;text-align:left;width:100%;border-spacing:0px; padding:3px 3px 3px 3px"></table>
</td>
</tr>
</table>
</body><script type="text/javascript">
				function changeImage(attElement, nameElement) {
				document.getElementById('imageAttachment').src = attElement;
				document.getElementById('imageName').innerHTML = nameElement;}
			</script></html>
]]></description>
      <styleUrl>#PolyStyle00</styleUrl>
      <MultiGeometry>
        <Polygon>
          <extrude>0</extrude><altitudeMode>clampToGround</altitudeMode>
          <outerBoundaryIs><LinearRing><coordinates> -46.31091403385551,-23.06128278527228,0 -46.31097789561333,-23.0612105652154,0 -46.31101582092334,-23.06112661080443,0 -46.31109271026032,-23.06106623122156,0 -46.31116959959729,-23.06100584984007,0 -46.31125940140021,-23.06094536323788,0 -46.31132314714546,-23.06086119478829,0 -46.31140003558311,-23.06080081520543,0 -46.31142493331396,-23.0607050212197,0 -46.31143691857886,-23.06060933425335,0 -46.31145088864753,-23.06055558267394,0 -46.31189515014104,-23.06066315328184,0 -46.31242289210275,-23.06066315418115,0 -46.3124370708141,-23.06068067926987,0 -46.31297796715943,-23.06134927844643,0 -46.31290318943059,-23.06134989987792,0 -46.3129041157323,-23.06144547802637,0 -46.31291795360062,-23.06154095095405,0 -46.31290596923504,-23.06163663702114,0 -46.31285582933299,-23.06179238341171,0 -46.31284419210573,-23.06192391195891,0 -46.31285802997405,-23.06201938398731,0 -46.31287233189254,-23.06216264508996,0 -46.31288616976087,-23.06225811801767,0 -46.31291303520834,-23.06236542872153,0 -46.31290105084275,-23.06246111568789,0 -46.31287615491055,-23.06255690967362,0 -46.31282543584513,-23.06265291859727,0 -46.31282636214685,-23.06274849764502,0 -46.31289173026909,-23.06283159320344,0 -46.3129573304164,-23.06293858284928,0 -46.3130353780802,-23.06299767730093,0 -46.31317867875299,-23.06312791622031,0 -46.31325672731607,-23.06318700977265,0 -46.31334745632,-23.06322210041958,0 -46.31341270932904,-23.06329324668593,0 -46.31345225431807,-23.06337655718232,0 -46.31346620909822,-23.06348397580479,0 -46.31346713629927,-23.06357955575186,0 -46.31348109107944,-23.06368697527365,0 -46.31348201828047,-23.06378255432142,0 -46.31348306059471,-23.06389008086251,0 -46.31348398869505,-23.06398565991025,0 -46.31347200343016,-23.06408134597728,0 -46.31346001906456,-23.06417703384303,0 -46.31346141031576,-23.06432040196495,0 -46.31344942595019,-23.06441608803197,0 -46.31339858997291,-23.06450015126091,0 -46.31336066736088,-23.06458410387326,0 -46.31330983138355,-23.06466816620284,0 -46.31327190787221,-23.06475211971451,0 -46.31318210606929,-23.06481260811535,0 -46.31313127009201,-23.06489666864627,0 -46.31306740743488,-23.06496889140118,0 -46.31312009691488,-23.06507598716703,0 -46.31312704597633,-23.06525993629699,0 -46.31313737469003,-23.06525984906274,0 -46.31310722132117,-23.06534612822122,0 -46.31306673833927,-23.06543249281528,0 -46.31304709894442,-23.06553780162819,0 -46.31302736691942,-23.06563355424509,0 -46.31299739881087,-23.06573894669497,0 -46.312967245442,-23.0658252267528,0 -46.31293718290465,-23.06592106300662,0 -46.31290703043504,-23.06600734216504,0 -46.31287696789769,-23.06610318021756,0 -46.31282615440347,-23.06618963024719,0 -46.31278576405175,-23.06628555283595,0 -46.31272452831427,-23.06636253120579,0 -46.31264254161994,-23.0664301242508,0 -46.31259172812572,-23.06651657428046,0 -46.3125512442445,-23.06660293887449,0 -46.31245883530698,-23.06666106025966,0 -46.31235581886591,-23.06669059219702,0 -46.31226313203786,-23.06672003869878,0 -46.31215992943714,-23.06673045464674,0 -46.31203597587956,-23.06673148526977,0 -46.31193268064863,-23.06673234322301,0 -46.3119006728777,-23.066627464286,0 -46.31187899471979,-23.06652249721543,0 -46.31182651478179,-23.06643690513903,0 -46.31176370343213,-23.06635139939754,0 -46.31173188182083,-23.06626563555061,0 -46.31168954623552,-23.06616084114984,0 -46.3116472097509,-23.0660560467491,0 -46.31162553159299,-23.06595108237651,0 -46.31158338126801,-23.06586540306586,0 -46.31154834098311,-23.06582297125307,0 -46.31159664806683,-23.06577044814765,0 -46.31175127660008,-23.06564596938592,0 -46.31175128019738,-23.06551259812784,0 -46.3118092666843,-23.06537922686976,0 -46.31180926668429,-23.0653703352727,0 -46.31180926758361,-23.0652903117984,0 -46.31180926938224,-23.06525474720878,0 -46.31180926938224,-23.06524585471237,0 -46.31191557644263,-23.06522807421616,0 -46.31201221579107,-23.06522807421616,0 -46.31210885693815,-23.06522807421618,0 -46.3121378492823,-23.06522807421616,0 -46.31221516309927,-23.06522807421616,0 -46.31227314688817,-23.06522807421618,0 -46.31235046070515,-23.0652102919214,0 -46.31239878217804,-23.06519250962657,0 -46.31241811040741,-23.06517472643243,0 -46.31245676686626,-23.06514805164125,0 -46.31245676776559,-23.06510359455518,0 -46.31243744043547,-23.06503246357726,0 -46.31243744133479,-23.0650057887861,0 -46.31244710544952,-23.06497911489419,0 -46.31244710634883,-23.06494354940525,0 -46.31246643457826,-23.06490798391625,0 -46.31250509103705,-23.0648813091251,0 -46.31255341340925,-23.06484574363614,0 -46.3125630784233,-23.06481017724787,0 -46.31258240665272,-23.06475683036337,0 -46.31258240665273,-23.06469458918389,0 -46.31258240755204,-23.06465902369496,0 -46.31258240755204,-23.06459678521344,0 -46.31258240755204,-23.06457011042221,0 -46.31258240935068,-23.0645167608398,0 -46.31256308202057,-23.06445452235826,0 -46.31253409057575,-23.06441895507067,0 -46.31249543411697,-23.06439228117881,0 -46.31243745032806,-23.0643656072869,0 -46.31239879566784,-23.0643211502009,0 -46.31236013920903,-23.064294476309,0 -46.31230215542008,-23.06426780241707,0 -46.31225383574589,-23.06425001922299,0 -46.31223450661714,-23.06425001922299,0 -46.31213786636937,-23.06422334443176,0 -46.3121088749246,-23.06420556123759,0 -46.31207021936508,-23.06416999484935,0 -46.31202189969088,-23.06413443025971,0 -46.31200257236077,-23.06408108067727,0 -46.31200257326009,-23.06406329928178,0 -46.3120025741594,-23.06400994969938,0 -46.31200257505873,-23.0639477094192,0 -46.31200257685737,-23.06390325233322,0 -46.31200257685737,-23.06384101205305,0 -46.31196392129789,-23.06379655496698,0 -46.31193493075239,-23.06376988017581,0 -46.31188661197751,-23.06370763899628,0 -46.31186728464741,-23.06367207530598,0 -46.31181896497322,-23.06362761732066,0 -46.31178031031305,-23.0635742677382,0 -46.31178031121237,-23.06355648544343,0 -46.31178031121238,-23.06351202835736,0 -46.31146139992365,-23.06350313496166,0 -46.31111349269349,-23.06361872122694,0 -46.31047566292147,-23.06383210786543,0 -46.310195400897,-23.06400993261224,0 -46.31006009339853,-23.06434780430766,0 -46.31020504612594,-23.06464122431299,0 -46.31012772421509,-23.06491685572825,0 -46.30993443202839,-23.06523694422952,0 -46.30974113894234,-23.06549479335001,0 -46.3097797909046,-23.06561927301101,0 -46.30988609526703,-23.06566373099632,0 -46.30995373957337,-23.06581488724721,0 -46.31034030775896,-23.06577932715418,0 -46.31054326406037,-23.06546813024994,0 -46.31067856976017,-23.06519249793543,0 -46.31085252382486,-23.06519249973405,0 -46.31103613660838,-23.06537922057451,0 -46.31112310914415,-23.06556594141501,0 -46.31128739729553,-23.0656904228747,0 -46.31145901402226,-23.0658558423732,0 -46.31144909899666,-23.06586651822515,0 -46.31143969568535,-23.06596218360786,0 -46.3114302905754,-23.06605784899051,0 -46.31142088816341,-23.06615351437312,0 -46.31141157658294,-23.06625873595186,0 -46.31139184455792,-23.0663544876694,0 -46.31136168939041,-23.06644076592859,0 -46.31133153422287,-23.06652704508701,0 -46.31133245962525,-23.06662262413478,0 -46.31130710503886,-23.06669516884694,0 -46.31128738380568,-23.06669516974626,0 -46.31122939731882,-23.06669516884692,0 -46.31115208260247,-23.06669516794763,0 -46.31113275437309,-23.06670406044401,0 -46.31110376023032,-23.0667307352352,0 -46.31108443110156,-23.06676630072415,0 -46.31108443020224,-23.06681075781015,0 -46.3110844284036,-23.06686410739257,0 -46.31107476159093,-23.06690856537795,0 -46.31105543156286,-23.06694412996756,0 -46.31103610243413,-23.06699748044934,0 -46.31102643742008,-23.06703304413964,0 -46.31101677060742,-23.06708639372204,0 -46.31100710469406,-23.06713085170744,0 -46.31099743878077,-23.06718420039051,0 -46.31098777466604,-23.06721976587942,0 -46.31095877962395,-23.06725533226774,0 -46.31093944959589,-23.06728200615959,0 -46.31090079313708,-23.06731757164857,0 -46.31087179809499,-23.06734424643981,0 -46.31084280485153,-23.06737981102943,0 -46.31082347482345,-23.06741537741771,0 -46.31079448158004,-23.06743315881317,0 -46.31075582332256,-23.06745094200731,0 -46.31071716776302,-23.06740648492132,0 -46.31069784043298,-23.06736202693594,0 -46.310639856644,-23.06732646144701,0 -46.31059153517118,-23.06729978575647,0 -46.31056254282703,-23.06729089415939,0 -46.31053354958363,-23.06726421936823,0 -46.31050455903813,-23.06721976228216,0 -46.3104755675933,-23.06717530429681,0 -46.31045623936393,-23.06715752110268,0 -46.3104272479191,-23.06712195381506,0 -46.31038859056099,-23.06711306221803,0 -46.31034993410213,-23.06712195381506,0 -46.31026295437181,-23.06713084541211,0 -46.31025329025709,-23.06713084361349,0 -46.3102146337983,-23.06713084361347,0 -46.31016631232541,-23.0671219520164,0 -46.31012765586661,-23.06711306041933,0 -46.31006967117833,-23.06708638382952,0 -46.31003101471953,-23.06705970813896,0 -46.31000202327471,-23.06702414265002,0 -46.30994403858648,-23.06698857626175,0 -46.30991504624234,-23.06697079306758,0 -46.30988605569689,-23.06693522578002,0 -46.30986672656815,-23.06690855098879,0 -46.30982807190793,-23.06687298460053,0 -46.30978941544913,-23.0668463098093,0 -46.30973143076091,-23.06682852571585,0 -46.30969277430206,-23.06680185092467,0 -46.30966378285723,-23.06678406683119,0 -46.30962512729775,-23.06675739203997,0 -46.30957680672417,-23.06672182565172,0 -46.3095478143801,-23.0667040406589,0 -46.30949949470585,-23.06666847427061,0 -46.30945117503165,-23.06664179858013,0 -46.30941251857283,-23.06661512378889,0 -46.30933520475583,-23.06660623219184,0 -46.30928688508163,-23.06658844719903,0 -46.30924822862284,-23.06657955380329,0 -46.30921923627869,-23.06656177060918,0 -46.30918057981984,-23.06655287901215,0 -46.30914711694583,-23.06655287811282,0 -46.30910326510354,-23.06655287721342,0 -46.30901627368206,-23.06689964320397,0 -46.30906458706102,-23.06709525744014,0 -46.30915156139542,-23.06721973889978,0 -46.30911289414473,-23.06748648231526,0 -46.30910321923814,-23.0677354416373,0 -46.30914187479767,-23.06777100892486,0 -46.30917086714175,-23.06779768371609,0 -46.30920952270128,-23.06784214170143,0 -46.30923851324672,-23.06789549128388,0 -46.30923851324673,-23.06790438198157,0 -46.30923851234741,-23.06794883906764,0 -46.30923850964945,-23.06800218775072,0 -46.30923850875013,-23.06804664483673,0 -46.30923850605217,-23.06808221122504,0 -46.30923850515285,-23.06813555900878,0 -46.30922883923949,-23.06818001609481,0 -46.30921917242682,-23.06822447318085,0 -46.30921917062818,-23.06825114707271,0 -46.30921916972886,-23.0682867116624,0 -46.30920950381551,-23.0683311696477,0 -46.30919017378746,-23.06836673423737,0 -46.30917084375938,-23.06842008292046,0 -46.30915151373131,-23.06844675591297,0 -46.3091321837033,-23.06848232320064,0 -46.30911285367523,-23.06852677938729,0 -46.30909352364717,-23.06855345327921,0 -46.30908385773382,-23.06858901786878,0 -46.30907419182046,-23.06862458335783,0 -46.3090741891225,-23.06867793114156,0 -46.30914183882476,-23.06871349932851,0 -46.30921915264175,-23.06873128342193,0 -46.30927036813296,-23.06876127041625,0 -46.30916708729119,-23.06891289161659,0 -46.3088722688401,-23.06911672205907,0 -46.30874914985333,-23.06928446180842,0 -46.3087128541149,-23.06930057226357,0 -46.30859510408072,-23.06944420928279,0 -46.30841390957419,-23.06954946323708,0 -46.30819843021334,-23.0697328152172,0 -46.30800466318458,-23.0699873152623,0 -46.30782497144526,-23.07024818520554,0 -46.30782797787884,-23.07055941718329,0 -46.30783079725347,-23.07085119682523,0 -46.30783549531179,-23.07088922555727,0 -46.30787641356556,-23.07122043597429,0 -46.30799035407154,-23.07140754262395,0 -46.30821578982681,-23.07152888095301,0 -46.30849678659741,-23.07159788233632,0 -46.30871267335113,-23.07158246435921,0 -46.30893892209356,-23.07191725767523,0 -46.3095563255639,-23.07233321570527,0 -46.30989570362381,-23.07248672098536,0 -46.30993525041146,-23.07264130455252,0 -46.30997676941235,-23.07284234619728,0 -46.31021649269697,-23.07307835708046,0 -46.31051539496946,-23.07329556943494,0 -46.31064340357017,-23.07329450733561,0 -46.31069520901662,-23.07335723594764,0 -46.31075811389582,-23.07345230058315,0 -46.3108105974311,-23.07353789265962,0 -46.31088383282258,-23.0736328718595,0 -46.31094664597089,-23.07371837939962,0 -46.3109991304055,-23.07380397057675,0 -46.31104137515927,-23.07389920608346,0 -46.3110731985692,-23.07398497082971,0 -46.31110502197913,-23.07407073467664,0 -46.31112660840619,-23.07416614195387,0 -46.31115889496699,-23.0742996957743,0 -46.3111701508817,-23.07439519028578,0 -46.31112966430254,-23.0744815539805,0 -46.31106842496781,-23.07455853235036,0 -46.31102802922015,-23.07465445403977,0 -46.31097730565807,-23.0747504620641,0 -46.31090564318084,-23.07481796787489,0 -46.31082355756109,-23.07487600202581,0 -46.31073104969811,-23.07492456361768,0 -46.31066861786242,-23.07495733671169,0 -46.31052757628657,-23.07477022916271,0 -46.31036335018842,-23.07461387393108,0 -46.31013790723858,-23.074536886568,0 -46.30985899509648,-23.07453920142298,0 -46.30977009441426,-23.0741599806985,0 -46.30936756865833,-23.07419916416007,0 -46.30933132777853,-23.07445755017574,0 -46.30932545340692,-23.07465116162177,0 -46.30913999701323,-23.07470288433055,0 -46.30879204931359,-23.0747774588126,0 -46.3085589792135,-23.07482741165569,0 -46.30787842984563,-23.07453795136529,0 -46.30788993487255,-23.07443365428971,0 -46.30783397006161,-23.07425489244931,0 -46.30773237185144,-23.0741965282471,0 -46.30765790888535,-23.07410475423096,0 -46.30729104484578,-23.07381263014872,0 -46.30710707772943,-23.07360136231295,0 -46.30687015313504,-23.0731373373182,0 -46.30670240259377,-23.07261538609117,0 -46.30675384561345,-23.0723806882181,0 -46.30677385373031,-23.07239449461019,0 -46.30684150613058,-23.07240338890525,0 -46.30692848765955,-23.07240339070387,0 -46.30697681093102,-23.07240339340183,0 -46.30702513420255,-23.07240339520046,0 -46.30708312158874,-23.07240339609981,0 -46.30717010401701,-23.07240339969706,0 -46.30723775641729,-23.07239450989869,0 -46.30728608058808,-23.07238562099957,0 -46.30733440385961,-23.07236783960406,0 -46.30741172307251,-23.07235005910791,0 -46.30744071721529,-23.0723411693095,0 -46.30748903958744,-23.07233227861172,0 -46.30752769964357,-23.07232338881327,0 -46.30757602201577,-23.07232339061193,0 -46.30762434708589,-23.0722967176194,0 -46.30767267125675,-23.07227893622388,0 -46.30770166629884,-23.0722522632313,0 -46.30773066134089,-23.07223448093653,0 -46.30775965638298,-23.07219002474977,0 -46.3077886523244,-23.07215446016015,0 -46.30779831913708,-23.07212778626826,0 -46.30779832093572,-23.07206554598809,0 -46.30779832273436,-23.07203887209625,0 -46.30778866041829,-23.07199441501018,0 -46.30776933218891,-23.07196774021899,0 -46.30773067483073,-23.0719410654278,0 -46.30766302422916,-23.07191438793858,0 -46.30762436687098,-23.07191438703927,0 -46.30759537182888,-23.07191438524064,0 -46.30750839119924,-23.07191438344199,0 -46.3074793970565,-23.07191438344199,0 -46.3074310746843,-23.07191438074402,0 -46.30736342138476,-23.07192326964315,0 -46.30734409315534,-23.0719232687438,0 -46.30730872102062,-23.07192791823879,0 -46.3073257200059,-23.07189981172687,0 -46.30739938976996,-23.07177800934761,0 -46.30732793233818,-23.07159937521096,0 -46.30724320271162,-23.07154719384789,0 -46.30722921375718,-23.07150424942154,0 -46.30709552144112,-23.07140708936565,0 -46.30690920889282,-23.07135949814226,0 -46.30598826084953,-23.0711214529926,0 -46.30573766206339,-23.07101543371527,0 -46.30561430655496,-23.07088870664847,0 -46.30547412383168,-23.07066876665019,0 -46.30547185484221,-23.07062801117374,0 -46.30546127611695,-23.07043794755321,0 -46.30564474680756,-23.06964047372885,0 -46.30569490559537,-23.069335432684,0 -46.30565503685045,-23.06905570305821,0 -46.3055517856863,-23.06881089230875,0 -46.3052998190314,-23.0685623961376,0 -46.30505956244883,-23.06842680895004,0 -46.30477763128261,-23.06837509343574,0 -46.30443791327905,-23.06838772621257,0 -46.30415157363614,-23.06842939809821,0 -46.30395582899826,-23.06850471362157,0 -46.30385063080194,-23.06860876338368,0 -46.30382923143384,-23.06869609834622,0 -46.30337468889077,-23.06822330765948,0 -46.30382854794909,-23.06815264972494,0 -46.30411860628862,-23.06823628217866,0 -46.30425252343515,-23.06819694223504,0 -46.30433451642477,-23.06812935278737,0 -46.30439621621235,-23.06810016708899,0 -46.30463352122002,-23.06806953078417,0 -46.30474613342727,-23.06796345395021,0 -46.30483725813293,-23.06777152693439,0 -46.30485681119286,-23.06765666102605,0 -46.30490763008299,-23.06757021189572,0 -46.30492644659819,-23.06737888292908,0 -46.30505999412338,-23.067301309208,0 -46.30527792773415,-23.06740465390163,0 -46.30535078810834,-23.06746140382068,0 -46.30544274019024,-23.06735549785786,0 -46.30543148877217,-23.06726000424579,0 -46.30541018473218,-23.06719326825469,0 -46.30547124060526,-23.0670971765934,0 -46.30557425884491,-23.06706764915265,0 -46.30567939858531,-23.06725795379152,0 -46.30577439217443,-23.06746745985534,0 -46.30590019114089,-23.06765759362298,0 -46.30597452640325,-23.06786727055805,0 -46.3059992649541,-23.06806367979494,0 -46.30610857395146,-23.06808662869492,0 -46.30612155476592,-23.06809260109264,0 -46.30615691341081,-23.06810073635983,0 -46.30620995182779,-23.06810073725915,0 -46.30625415080835,-23.06810073905777,0 -46.30628950855396,-23.06810074085644,0 -46.30634254787028,-23.06810074175576,0 -46.30636906707871,-23.06810074265507,0 -46.30641326605934,-23.06808448021458,0 -46.30643094673075,-23.06805194903819,0 -46.30645746863723,-23.06801128619184,0 -46.30648398964439,-23.06798689028273,0 -46.30649283267803,-23.0679380930685,0 -46.30649283357735,-23.06789743022215,0 -46.30649283717463,-23.0678567655772,0 -46.30649283807395,-23.06783236697009,0 -46.30647516010049,-23.06779983579374,0 -46.30644864269067,-23.06777543718663,0 -46.30641328584443,-23.06774290421162,0 -46.30641328944171,-23.06771037303525,0 -46.30640445000534,-23.0676697092896,0 -46.30640445270331,-23.0676371772139,0 -46.30640445630058,-23.067588380899,0 -46.30640445809923,-23.06753958368477,0 -46.30640446079718,-23.06750705340775,0 -46.30641330293156,-23.06745012542289,0 -46.30643098540162,-23.0674013282087,0 -46.30645750640878,-23.06736879793164,0 -46.30648402741587,-23.06733626765459,0 -46.30650170898663,-23.06729560390897,0 -46.30651939055742,-23.06727120620114,0 -46.30651939235606,-23.06723054425418,0 -46.30651939505401,-23.0671898796092,0 -46.30651055741623,-23.06715734843283,0 -46.30646636023431,-23.06714107969705,0 -46.30643100158944,-23.06713294622846,0 -46.30638680440746,-23.06711667929126,0 -46.30635144486325,-23.06712481006189,0 -46.30632492475542,-23.06714920776965,0 -46.30626304690207,-23.06715733943964,0 -46.30619232961226,-23.0671654693109,0 -46.30613045175892,-23.06716546571363,0 -46.30609509311404,-23.06715733224501,0 -46.30605089503275,-23.06714919697784,0 -46.30598901897798,-23.06713292824202,0 -46.30596250156816,-23.06709226359704,0 -46.30594482539333,-23.06705973242067,0 -46.30592714741989,-23.06703533291426,0 -46.3058829493386,-23.06701906597707,0 -46.30585643192877,-23.06701093160916,0 -46.30579455407538,-23.06701906237976,0 -46.30564427466351,-23.06710038357578,0 -46.30562253355305,-23.06706287375263,0 -46.3056393301909,-23.06703108361757,0 -46.30568440601047,-23.06694577302896,0 -46.30572021971233,-23.066852044786,0 -46.30575611615176,-23.06676680884113,0 -46.30582880925209,-23.06668976302212,0 -46.30590150235241,-23.06661271720309,0 -46.30598361944845,-23.06656107543324,0 -46.30606573744376,-23.06650943186475,0 -46.30613851058376,-23.06644087924316,0 -46.30621128642167,-23.06637232662154,0 -46.30626562076174,-23.06629543188865,0 -46.30632913358261,-23.06621846161264,0 -46.30641108790132,-23.06614983344804,0 -46.30648386283997,-23.06608127992705,0 -46.30652893596158,-23.06599596933847,0 -46.30654639180249,-23.06590239218161,0 -46.30658228734261,-23.06581715623672,0 -46.306636622582,-23.06574026240315,0 -46.30667243538455,-23.06564653326086,0 -46.30672668788628,-23.06556114622987,0 -46.30678102222635,-23.06548425059765,0 -46.30685379626567,-23.06541569797605,0 -46.3069265694056,-23.06534714535445,0 -46.30700844008737,-23.06527002219372,0 -46.3070903926075,-23.06520139312979,0 -46.30715390542838,-23.06512442285377,0 -46.30718053885073,-23.06503076925458,0 -46.30717037741096,-23.0649289282274,0 -46.30719692899504,-23.0648267823301,0 -46.3072052045565,-23.06473328071628,0 -46.30721348191662,-23.0646397800018,0 -46.30717586507405,-23.06454665880121,0 -46.30713413473251,-23.06431316062383,0 -46.30709389996349,-23.06415816426786,0 -46.3071192617445,-23.0641101620543,0 -46.30718289687314,-23.06401404701064,0 -46.30728561294065,-23.06395345518774,0 -46.30738844412134,-23.06390480995895,0 -46.30745219436325,-23.06382064420732,0 -46.30748989124544,-23.06371279570891,0 -46.30755375660056,-23.06364057834997,0 -46.30760459617511,-23.06355651781898,0 -46.30760367257142,-23.06346093787192,0 -46.30757692673377,-23.06336557286284,0 -46.30753726932949,-23.06327031397377,0 -46.30752343505844,-23.06317484104602,0 -46.30750948477487,-23.06306742242356,0 -46.30753427009046,-23.06295968004511,0 -46.30761104611287,-23.06288735476755,0 -46.30766188478811,-23.06280329513589,0 -46.3076996958842,-23.06270739413087,0 -46.30775053455949,-23.06262333629786,0 -46.30778846166811,-23.0625393818869,0 -46.30785232702323,-23.06246716272931,0 -46.30792910304564,-23.06239483655243,0 -46.30799285238816,-23.06231066990141,0 -46.3080826550904,-23.06225018419857,0 -46.30815943111281,-23.06217785802168,0 -46.30824934982758,-23.06212931981223,0 -46.30833926764302,-23.06208078070341,0 -46.30842907034526,-23.06202029500059,0 -46.3085319006267,-23.06197164887243,0 -46.30864775668857,-23.06193484501704,0 -46.30873755939081,-23.06187435931417,0 -46.30881444962711,-23.06181397973131,0 -46.30890425232933,-23.06175349312916,0 -46.3090070817114,-23.06170484700105,0 -46.30914864489399,-23.06165587981496,0 -46.30923844669689,-23.06159539321275,0 -46.30931533783252,-23.06153501542854,0 -46.30940525474864,-23.06148647631977,0 -46.30949517256414,-23.06143793721103,0 -46.30958497436706,-23.06137744970948,0 -46.30967489128318,-23.06132891060071,0 -46.30977783577845,-23.06129221196596,0 -46.30990694874664,-23.06129114087338,0 -46.31000989324196,-23.06125444223869,0 -46.31009992527129,-23.06121784972396,0 -46.31020310089235,-23.06120504517662,0 -46.31030639072731,-23.06120418812276,0 -46.3104096823609,-23.06120333106885,0 -46.31051320422096,-23.06122636990102,0 -46.31061707232,-23.061285250314,0 -46.31072082620511,-23.06133218233427,0 -46.31082423205265,-23.06134327187446,0 -46.31091403385551,-23.06128278527228,0</coordinates></LinearRing></outerBoundaryIs>
          <innerBoundaryIs><LinearRing><coordinates> -46.31257271915564,-23.06651733330822,0 -46.31267902891403,-23.06632172087069,0 -46.31269835804273,-23.06619724120969,0 -46.31264037425382,-23.06616167572071,0 -46.31261138101036,-23.06613500092948,0 -46.31256306043687,-23.06612611023179,0 -46.31251473896401,-23.06612611023179,0 -46.31245675427572,-23.06614389342587,0 -46.31236011133001,-23.06616167482138,0 -46.3123214548712,-23.06616167482138,0 -46.31224414015492,-23.06616167482139,0 -46.31221514781078,-23.06616167482139,0 -46.31194454630373,-23.06636617615805,0 -46.31189622213293,-23.06657067929335,0 -46.31200252829397,-23.06663291957351,0 -46.31225379797434,-23.06664181117061,0 -46.31257271915564,-23.06651733330822,0</coordinates></LinearRing></innerBoundaryIs>
          <innerBoundaryIs><LinearRing><coordinates> -46.30659883306964,-23.06925560436258,0 -46.3066076743047,-23.06922307408552,0 -46.30661651643901,-23.06918241033992,0 -46.30663419800977,-23.06914987916355,0 -46.30665187868124,-23.06911734978581,0 -46.3066518813792,-23.06908481771013,0 -46.3066430428421,-23.06905228743307,0 -46.30662536486865,-23.06902788702736,0 -46.30662536666728,-23.06899535585099,0 -46.30659000892171,-23.0689628246746,0 -46.30656349241122,-23.06893029169952,0 -46.30653697410202,-23.06889775962384,0 -46.3065281373636,-23.06884896420831,0 -46.30652813916226,-23.06882456470184,0 -46.30655466106874,-23.06878390275488,0 -46.30655466376669,-23.06873510644001,0 -46.30655466556532,-23.06870257526361,0 -46.30653698759187,-23.06866191061864,0 -46.30651047018198,-23.0686375102129,0 -46.30647511423507,-23.06859684556792,0 -46.30644859682525,-23.06855618092294,0 -46.30643091975111,-23.06852364884725,0 -46.30639556200555,-23.06849111677155,0 -46.30637788403209,-23.06845858559517,0 -46.30634252808517,-23.06842605262015,0 -46.30630717033961,-23.06839351964517,0 -46.30627181259405,-23.06836098756946,0 -46.30620993743861,-23.06834471973299,0 -46.30616573935737,-23.0683284527958,0 -46.3061215421754,-23.06830405328939,0 -46.30609502386618,-23.0682877863522,0 -46.30601546803939,-23.06826338414784,0 -46.30596243142105,-23.06823898374207,0 -46.30590939390339,-23.06820645076702,0 -46.30587403795648,-23.06818205126063,0 -46.30586336390309,-23.06817419388393,0 -46.30594907019338,-23.0684410029499,0 -46.30593080855994,-23.06868968078408,0 -46.30599352368211,-23.06876563212819,0 -46.3060773602819,-23.0688892016753,0 -46.30622428072593,-23.06912695364592,0 -46.30609165500584,-23.06930010821338,0 -46.30591872436957,-23.06957874066632,0 -46.30591964617469,-23.06967431971399,0 -46.30598263918739,-23.06977894504224,0 -46.306106595443,-23.06977791891582,0 -46.3063130986705,-23.06976665220918,0 -46.30652006235096,-23.06980317457678,0 -46.30664003281123,-23.06975982635488,0 -46.30662532439914,-23.06975170457749,0 -46.30658996665358,-23.06971103993249,0 -46.30656344924376,-23.06967850695746,0 -46.30652809059887,-23.06966224091963,0 -46.30650157228968,-23.06963784231255,0 -46.30647505577917,-23.06959717586891,0 -46.30645737690639,-23.06957277726183,0 -46.30643969983225,-23.06954024608548,0 -46.30643086219448,-23.06950771400978,0 -46.30643086489243,-23.06946705026411,0 -46.30643086579176,-23.06944265165704,0 -46.30645738769823,-23.06940198881067,0 -46.30647506836966,-23.0693775911029,0 -46.30651926914891,-23.06933692825658,0 -46.30654579015606,-23.06932066401738,0 -46.30658998913663,-23.06932066581599,0 -46.30659883306964,-23.06925560436258,0</coordinates></LinearRing></innerBoundaryIs>
          <innerBoundaryIs><LinearRing><coordinates> -46.30719988326798,-23.07037795377949,0 -46.3072087254023,-23.07033729003389,0 -46.30718220799248,-23.07028036025036,0 -46.30718220889178,-23.07026409421252,0 -46.30718220979111,-23.07023969470612,0 -46.30718221338839,-23.07018276492261,0 -46.30716453541491,-23.07014210027768,0 -46.30712033823301,-23.07009330216415,0 -46.30710266025955,-23.07005263661982,0 -46.30706730161461,-23.07003636968268,0 -46.30703194476837,-23.06999570503773,0 -46.30696122657928,-23.0699794372012,0 -46.30689934692726,-23.06997943360392,0 -46.3068374681746,-23.06997943180527,0 -46.30670848830606,-23.07005969989518,0 -46.30671955626246,-23.07013607931657,0 -46.306916098599,-23.07016312822572,0 -46.30695843328505,-23.07026792262651,0 -46.30696940861129,-23.0703347431538,0 -46.30693961317257,-23.0703787002168,0 -46.30698772510339,-23.07038607915412,0 -46.3070407644197,-23.07038608095282,0 -46.30708496340031,-23.0703860827515,0 -46.30712916328019,-23.07038608544944,0 -46.30715568338803,-23.07038608634877,0 -46.30719988326798,-23.07037795377949,0</coordinates></LinearRing></innerBoundaryIs>
        </Polygon>
      </MultiGeometry>
    </Placemark>
    <Placemark id="ID_00003">
      <name></name>
      <snippet></snippet>
      <description><![CDATA[<html xmlns:fo="http://www.w3.org/1999/XSL/Format" xmlns:msxsl="urn:schemas-microsoft-com:xslt">
<head>
<META http-equiv="Content-Type" content="text/html">
<meta http-equiv="content-type" content="text/html; charset=UTF-8">
</head>
<body style="margin:0px 0px 0px 0px;overflow:auto;background:#FFFFFF;">
<table style="font-family:Arial,Verdana,Times;font-size:12px;text-align:left;width:100%;border-collapse:collapse;padding:3px 3px 3px 3px">
<tr style="text-align:center;font-weight:bold;background:#9CBCE2">
<td></td>
</tr>
<tr>
<td>
<table style="font-family:Arial,Verdana,Times;font-size:12px;text-align:left;width:100%;border-spacing:0px; padding:3px 3px 3px 3px"></table>
</td>
</tr>
</table>
</body><script type="text/javascript">
				function changeImage(attElement, nameElement) {
				document.getElementById('imageAttachment').src = attElement;
				document.getElementById('imageName').innerHTML = nameElement;}
			</script></html>
]]></description>
      <styleUrl>#PolyStyle00</styleUrl>
      <MultiGeometry>
        <Polygon>
          <extrude>0</extrude><altitudeMode>clampToGround</altitudeMode>
          <outerBoundaryIs><LinearRing><coordinates> -46.29812169486029,-23.05732176538715,0 -46.29835777768926,-23.05611750212098,0 -46.29892156267994,-23.0547282950747,0 -46.29938263340178,-23.05443837343216,0 -46.30045349663152,-23.05456879491389,0 -46.29989767064097,-23.05660427996349,0 -46.30056968814057,-23.05724302344674,0 -46.3016101686743,-23.05697510191936,0 -46.30236620173878,-23.05496570979959,0 -46.30293273595697,-23.05520416504016,0 -46.30257293968936,-23.05661716814775,0 -46.30425915683457,-23.05656739157182,0 -46.30583164391521,-23.05556600186945,0 -46.30592483975948,-23.05601793727796,0 -46.30520970426439,-23.05673888059482,0 -46.30387486393379,-23.05724921797694,0 -46.3022567551451,-23.05750931270454,0 -46.30113675475741,-23.05798262319945,0 -46.29966466978863,-23.05826655625651,0 -46.29901378455849,-23.05828506790152,0 -46.29820937606183,-23.05809807006981,0 -46.29812169486029,-23.05732176538715,0</coordinates></LinearRing></outerBoundaryIs>
        </Polygon>
      </MultiGeometry>
    </Placemark>
    <Placemark id="ID_00004">
      <name></name>
      <snippet></snippet>
      <description><![CDATA[<html xmlns:fo="http://www.w3.org/1999/XSL/Format" xmlns:msxsl="urn:schemas-microsoft-com:xslt">
<head>
<META http-equiv="Content-Type" content="text/html">
<meta http-equiv="content-type" content="text/html; charset=UTF-8">
</head>
<body style="margin:0px 0px 0px 0px;overflow:auto;background:#FFFFFF;">
<table style="font-family:Arial,Verdana,Times;font-size:12px;text-align:left;width:100%;border-collapse:collapse;padding:3px 3px 3px 3px">
<tr style="text-align:center;font-weight:bold;background:#9CBCE2">
<td></td>
</tr>
<tr>
<td>
<table style="font-family:Arial,Verdana,Times;font-size:12px;text-align:left;width:100%;border-spacing:0px; padding:3px 3px 3px 3px"></table>
</td>
</tr>
</table>
</body><script type="text/javascript">
				function changeImage(attElement, nameElement) {
				document.getElementById('imageAttachment').src = attElement;
				document.getElementById('imageName').innerHTML = nameElement;}
			</script></html>
]]></description>
      <styleUrl>#PolyStyle00</styleUrl>
      <MultiGeometry>
        <Polygon>
          <extrude>0</extrude><altitudeMode>clampToGround</altitudeMode>
          <outerBoundaryIs><LinearRing><coordinates> -46.29826884373211,-23.05837447670072,0 -46.29903814539404,-23.05851531143241,0 -46.2996884091927,-23.05870789315467,0 -46.29948118291021,-23.0589987204146,0 -46.29914752723653,-23.05955368035804,0 -46.29979650320604,-23.06038032099495,0 -46.30201956255274,-23.05948900741174,0 -46.30242939709892,-23.05883376766421,0 -46.30367620369378,-23.05848956294295,0 -46.30531238615765,-23.05866066885471,0 -46.30699940280016,-23.05798405761812,0 -46.30803205473552,-23.05700687856454,0 -46.30903419537182,-23.05717244735052,0 -46.30815754523449,-23.05805225230957,0 -46.30777823098055,-23.05779174029653,0 -46.30701487833392,-23.05820033827496,0 -46.30747609744391,-23.05890237514444,0 -46.30670304291107,-23.05921235076929,0 -46.30571984109776,-23.05940999387605,0 -46.3050235787751,-23.05906865169687,0 -46.30345588418169,-23.05913493532899,0 -46.30205710385223,-23.05983029293362,0 -46.30053791868993,-23.06091003876724,0 -46.29904519607891,-23.06090636413733,0 -46.29852509385796,-23.06059778965624,0 -46.2981400194463,-23.05995637698516,0 -46.29791140188964,-23.05877039243959,0 -46.29826884373211,-23.05837447670072,0</coordinates></LinearRing></outerBoundaryIs>
        </Polygon>
      </MultiGeometry>
    </Placemark>
    <Placemark id="ID_00005">
      <name></name>
      <snippet></snippet>
      <description><![CDATA[<html xmlns:fo="http://www.w3.org/1999/XSL/Format" xmlns:msxsl="urn:schemas-microsoft-com:xslt">
<head>
<META http-equiv="Content-Type" content="text/html">
<meta http-equiv="content-type" content="text/html; charset=UTF-8">
</head>
<body style="margin:0px 0px 0px 0px;overflow:auto;background:#FFFFFF;">
<table style="font-family:Arial,Verdana,Times;font-size:12px;text-align:left;width:100%;border-collapse:collapse;padding:3px 3px 3px 3px">
<tr style="text-align:center;font-weight:bold;background:#9CBCE2">
<td></td>
</tr>
<tr>
<td>
<table style="font-family:Arial,Verdana,Times;font-size:12px;text-align:left;width:100%;border-spacing:0px; padding:3px 3px 3px 3px"></table>
</td>
</tr>
</table>
</body><script type="text/javascript">
				function changeImage(attElement, nameElement) {
				document.getElementById('imageAttachment').src = attElement;
				document.getElementById('imageName').innerHTML = nameElement;}
			</script></html>
]]></description>
      <styleUrl>#PolyStyle00</styleUrl>
      <MultiGeometry>
        <Polygon>
          <extrude>0</extrude><altitudeMode>clampToGround</altitudeMode>
          <outerBoundaryIs><LinearRing><coordinates> -46.30043728365365,-23.0633010662911,0 -46.30141006772038,-23.06320286931691,0 -46.30255640475423,-23.06279038896525,0 -46.3036298553335,-23.0615719613769,0 -46.30508439273052,-23.06253676396046,0 -46.30199317644388,-23.06360330594777,0 -46.30287464784669,-23.06439501331917,0 -46.30385320196365,-23.06447524004025,0 -46.30324995831887,-23.06515576242845,0 -46.30196905123069,-23.06493388888782,0 -46.30109469976055,-23.06472979584334,0 -46.30043734930416,-23.06571019626852,0 -46.29916765856058,-23.06475076893279,0 -46.29820874473773,-23.0631956243785,0 -46.29811031214115,-23.06170502057017,0 -46.29884300060394,-23.06123078827021,0 -46.30043728365365,-23.0633010662911,0</coordinates></LinearRing></outerBoundaryIs>
        </Polygon>
      </MultiGeometry>
    </Placemark>
    <Placemark id="ID_00006">
      <name></name>
      <snippet></snippet>
      <description><![CDATA[<html xmlns:fo="http://www.w3.org/1999/XSL/Format" xmlns:msxsl="urn:schemas-microsoft-com:xslt">
<head>
<META http-equiv="Content-Type" content="text/html">
<meta http-equiv="content-type" content="text/html; charset=UTF-8">
</head>
<body style="margin:0px 0px 0px 0px;overflow:auto;background:#FFFFFF;">
<table style="font-family:Arial,Verdana,Times;font-size:12px;text-align:left;width:100%;border-collapse:collapse;padding:3px 3px 3px 3px">
<tr style="text-align:center;font-weight:bold;background:#9CBCE2">
<td></td>
</tr>
<tr>
<td>
<table style="font-family:Arial,Verdana,Times;font-size:12px;text-align:left;width:100%;border-spacing:0px; padding:3px 3px 3px 3px"></table>
</td>
</tr>
</table>
</body><script type="text/javascript">
				function changeImage(attElement, nameElement) {
				document.getElementById('imageAttachment').src = attElement;
				document.getElementById('imageName').innerHTML = nameElement;}
			</script></html>
]]></description>
      <styleUrl>#PolyStyle00</styleUrl>
      <MultiGeometry>
        <Polygon>
          <extrude>0</extrude><altitudeMode>clampToGround</altitudeMode>
          <outerBoundaryIs><LinearRing><coordinates> -46.44747514765987,-22.95692838143958,0 -46.44782167263202,-22.95676086742004,0 -46.44767255424495,-22.95757155498324,0 -46.44742442769513,-22.95790704437457,0 -46.44725073623243,-22.95832267684998,0 -46.44668367231361,-22.95866416471937,0 -46.44587579513177,-22.95864265203671,0 -46.44525866235733,-22.95855040227918,0 -46.44481006523227,-22.95837014216829,0 -46.44437803002204,-22.95826399608648,0 -46.44414875506095,-22.95837131128698,0 -46.44383368657532,-22.95851805366522,0 -46.44360287287423,-22.95853575322239,0 -46.44311518132053,-22.95857847191888,0 -46.44285190569087,-22.95860306567893,0 -46.44232271492132,-22.95866290566852,0 -46.44197084617759,-22.95825345063623,0 -46.44234039469342,-22.95788246230575,0 -46.44238208186755,-22.95753018077319,0 -46.44228107181395,-22.95717067408731,0 -46.44196029892862,-22.9572587096217,0 -46.44179765293927,-22.95707910601589,0 -46.4419509243956,-22.9567921125659,0 -46.44222110681858,-22.95664533241608,0 -46.44227943864514,-22.95662093201038,0 -46.44232177063316,-22.95660894674547,0 -46.4423985385617,-22.95660127283043,0 -46.44248806876931,-22.9566066210986,0 -46.44266676226125,-22.95663086502236,0 -46.44277573311354,-22.9566402332601,0 -46.44288625979301,-22.95663976741127,0 -46.44306667998325,-22.95662635762027,0 -46.44314490481344,-22.95663057364202,0 -46.44326005400826,-22.95665166004603,0 -46.44334385913174,-22.95667265741718,0 -46.44350786579531,-22.95671989340831,0 -46.44361832412631,-22.95675676471286,0 -46.44372700179963,-22.95679079865642,0 -46.44381093642552,-22.95681331768044,0 -46.4438800906936,-22.95683398500034,0 -46.44392921526105,-22.95685039133246,0 -46.44400329241796,-22.95687254343306,0 -46.44406875406969,-22.95688431735733,0 -46.44418404265941,-22.95688793532992,0 -46.44436380814319,-22.95688631295291,0 -46.44451944481648,-22.95687881980167,0 -46.44462174989382,-22.95686582729605,0 -46.44470424020847,-22.95686460511739,0 -46.44478145959664,-22.95687086889547,0 -46.44491125425094,-22.95685753105019,0 -46.44507692555965,-22.95683162517929,0 -46.44522543240771,-22.95679847976601,0 -46.44527555342399,-22.95678839926518,0 -46.44531031401971,-22.95682907380266,0 -46.44528146107052,-22.95730158659888,0 -46.44543558328547,-22.95747347132363,0 -46.44557657899588,-22.95754009310077,0 -46.44576945839373,-22.95747156655949,0 -46.44657374458263,-22.95605858233766,0 -46.44747514765987,-22.95692838143958,0</coordinates></LinearRing></outerBoundaryIs>
        </Polygon>
      </MultiGeometry>
    </Placemark>
    <Placemark id="ID_00007">
      <name></name>
      <snippet></snippet>
      <description><![CDATA[<html xmlns:fo="http://www.w3.org/1999/XSL/Format" xmlns:msxsl="urn:schemas-microsoft-com:xslt">
<head>
<META http-equiv="Content-Type" content="text/html">
<meta http-equiv="content-type" content="text/html; charset=UTF-8">
</head>
<body style="margin:0px 0px 0px 0px;overflow:auto;background:#FFFFFF;">
<table style="font-family:Arial,Verdana,Times;font-size:12px;text-align:left;width:100%;border-collapse:collapse;padding:3px 3px 3px 3px">
<tr style="text-align:center;font-weight:bold;background:#9CBCE2">
<td></td>
</tr>
<tr>
<td>
<table style="font-family:Arial,Verdana,Times;font-size:12px;text-align:left;width:100%;border-spacing:0px; padding:3px 3px 3px 3px"></table>
</td>
</tr>
</table>
</body><script type="text/javascript">
				function changeImage(attElement, nameElement) {
				document.getElementById('imageAttachment').src = attElement;
				document.getElementById('imageName').innerHTML = nameElement;}
			</script></html>
]]></description>
      <styleUrl>#PolyStyle00</styleUrl>
      <MultiGeometry>
        <Polygon>
          <extrude>0</extrude><altitudeMode>clampToGround</altitudeMode>
          <outerBoundaryIs><LinearRing><coordinates> -46.44389132322596,-22.95681017634854,0 -46.44384277692257,-22.95679083912587,0 -46.44382251699551,-22.95677809573248,0 -46.44381433766156,-22.95676898560015,0 -46.44380872769056,-22.95675940871967,0 -46.44380535613226,-22.95675174919379,0 -46.44380090628675,-22.95673868384313,0 -46.44379699243724,-22.95672094381645,0 -46.44379539883852,-22.95669880430631,0 -46.44379587817718,-22.95668812665564,0 -46.44379885583247,-22.95666467863197,0 -46.4438032364302,-22.95664982992566,0 -46.44380877535468,-22.9566309720417,0 -46.44381353186895,-22.95661290016516,0 -46.44381794394292,-22.95658861757062,0 -46.44382315101757,-22.95652200658531,0 -46.44382108437549,-22.95650177813451,0 -46.4438110866123,-22.95647091430122,0 -46.4437979861881,-22.95644413518862,0 -46.44377875688406,-22.95641039892073,0 -46.44376773119581,-22.95639246374117,0 -46.44374889039892,-22.95636216378276,0 -46.44372285772369,-22.95631582261707,0 -46.44370541177528,-22.95627269113175,0 -46.44369289680969,-22.95622314478225,0 -46.44367891325118,-22.95613547617125,0 -46.44366954501346,-22.95608578413157,0 -46.44365795005433,-22.95604051136046,0 -46.44363158103261,-22.9559590192933,0 -46.44360551058583,-22.95586330444792,0 -46.44360388101427,-22.95581886534827,0 -46.44360914204822,-22.95578858157774,0 -46.44361954180836,-22.95575708642039,0 -46.44364880215045,-22.95569375975918,0 -46.44367917135662,-22.95562584026028,0 -46.4437250403783,-22.95550974677736,0 -46.44376808283074,-22.95542194326806,0 -46.44381281780728,-22.95533877486453,0 -46.44388156558177,-22.95520276409622,0 -46.44392589766197,-22.95510912668484,0 -46.44393100671056,-22.95511055031159,0 -46.44393677496213,-22.9551067578705,0 -46.44393943965338,-22.95510421188983,0 -46.44394147302052,-22.95510101569925,0 -46.44394300006935,-22.95509952822061,0 -46.44394453431278,-22.95510022789318,0 -46.44394689593247,-22.95510324601793,0 -46.44395221722101,-22.95510205711416,0 -46.44395461301491,-22.95509870444166,0 -46.44395654475871,-22.95509800297042,0 -46.44395892616348,-22.95509409271818,0 -46.44396126709876,-22.95509659373278,0 -46.44396050537297,-22.95509915859925,0 -46.44395664188546,-22.95510304996571,0 -46.44395916628247,-22.95510884699564,0 -46.44396255582723,-22.95511580684894,0 -46.44396731144224,-22.95512110295647,0 -46.44396834386396,-22.95512765361826,0 -46.44397207155384,-22.95513245240074,0 -46.44397944869257,-22.95513477355092,0 -46.44398553530421,-22.95513545343841,0 -46.44398965869573,-22.95513613512453,0 -46.44399362380666,-22.95513910828317,0 -46.44400519268544,-22.95513764688486,0 -46.44401010208453,-22.95513819457197,0 -46.44401401233677,-22.95514258416293,0 -46.44402060886399,-22.95514413369475,0 -46.44403261571262,-22.95514353744428,0 -46.4440496335837,-22.95514260574662,0 -46.44407761419053,-22.95514937944029,0 -46.4440942120782,-22.95516017490212,0 -46.44410562087769,-22.95517853456171,0 -46.44415414469796,-22.95518677594891,0 -46.4441959919514,-22.95520483883218,0 -46.44423653878522,-22.95520468774612,0 -46.44426986136495,-22.95521571703163,0 -46.44432207240567,-22.9552631355852,0 -46.4443502373735,-22.9552836221414,0 -46.44438264894007,-22.95529726125953,0 -46.44442354740876,-22.95530814575426,0 -46.44447431503755,-22.95532579494943,0 -46.44452507457248,-22.9553533528749,0 -46.44455218013894,-22.9553606922421,0 -46.44458279486003,-22.95535688631123,0 -46.44460430484475,-22.95535014679175,0 -46.4446149168449,-22.95535111356299,0 -46.44461386733604,-22.95535875240444,0 -46.44461760941513,-22.95536490376725,0 -46.44462782391492,-22.95536867012801,0 -46.44462694078067,-22.95537378007581,0 -46.44462813058374,-22.95537892599657,0 -46.44463240326276,-22.95538117969767,0 -46.44463871290623,-22.95538021112782,0 -46.44464383634392,-22.95537739804842,0 -46.44464967744063,-22.95538339292922,0 -46.44464547221071,-22.95538756578352,0 -46.44464539307041,-22.95539783604125,0 -46.44465156691628,-22.95540575097461,0 -46.44466058711634,-22.95541057313936,0 -46.44466934291582,-22.95540527883047,0 -46.44467497896704,-22.95540443706506,0 -46.44468002955966,-22.95541059921979,0 -46.44468971525811,-22.95540740212987,0 -46.44470232285386,-22.95540781761662,0 -46.44472003140429,-22.95541397707337,0 -46.44473591882758,-22.95541574603982,0 -46.44475877869463,-22.95542179757785,0 -46.44475487383829,-22.95543101293086,0 -46.44475953322587,-22.95543549874923,0 -46.4447688457056,-22.95543623439465,0 -46.4447781743732,-22.95543227288106,0 -46.44477924096913,-22.95543649339939,0 -46.44478618013806,-22.95543966081164,0 -46.44479438465311,-22.9554396005571,0 -46.44479655741516,-22.95544318255678,0 -46.44479908091279,-22.95544897958671,0 -46.44480437971833,-22.95545416867494,0 -46.4448107631062,-22.95545794582753,0 -46.44482192639077,-22.95545367944368,0 -46.44483169392748,-22.95545702402239,0 -46.44483978063136,-22.95545824080513,0 -46.44484333205407,-22.95546495694213,0 -46.44485968172888,-22.95546849937172,0 -46.44487571124505,-22.95546648309169,0 -46.44488135179291,-22.95547349510563,0 -46.44489348005004,-22.95547861674471,0 -46.44492512809217,-22.95548836089911,0 -46.44492747622202,-22.9554929744212,0 -46.44493223633361,-22.95549498440595,0 -46.44493750636082,-22.95549480813883,0 -46.44494242295441,-22.95549170997442,0 -46.4449478233833,-22.95549658699787,0 -46.44495344324679,-22.95549654832699,0 -46.44495846506107,-22.95549168928998,0 -46.44496487363001,-22.95549251666623,0 -46.44496772897748,-22.95549987401992,0 -46.44496337535946,-22.95549937039959,0 -46.44496060364889,-22.95550242179927,0 -46.44495827260612,-22.95550824401024,0 -46.44495285958675,-22.95551232063706,0 -46.44495163291151,-22.95552424025146,0 -46.44495309161187,-22.9555307909132,0 -46.44496187169302,-22.95553646563537,0 -46.4449711976626,-22.9555402050164,0 -46.44498487814958,-22.95554192811746,0 -46.44500373333557,-22.955541538711,0 -46.4450119576357,-22.95554465486191,0 -46.44502103269446,-22.95555175321081,0 -46.44502974442713,-22.95556287782449,0 -46.44504401936599,-22.95557579838437,0 -46.445059182835,-22.95558184362714,0 -46.44507179582666,-22.95558226361055,0 -46.445084254135,-22.95558334009899,0 -46.44509406214121,-22.9555852772387,0 -46.44510018202771,-22.95558974866793,0 -46.44510592779631,-22.95558997709571,0 -46.44511134621162,-22.95559132158218,0 -46.44511039832616,-22.95559557537547,0 -46.4451118921001,-22.95559784796229,0 -46.44511541384526,-22.95559915287856,0 -46.44511791126257,-22.95559869332499,0 -46.44512250320093,-22.95559581459513,0 -46.44512248971109,-22.95560027703111,0 -46.44512519936841,-22.95560388331252,0 -46.44512935063899,-22.95560394806369,0 -46.44513402261703,-22.95560142906266,0 -46.44513816039773,-22.95560272138844,0 -46.44514124956896,-22.95560614960409,0 -46.44514602676769,-22.95560633396509,0 -46.44515135704945,-22.95560939255938,0 -46.44515034621145,-22.95561069028111,0 -46.44515087321417,-22.95561245385163,0 -46.44515419620916,-22.9556140321618,0 -46.4451572709912,-22.95561685693235,0 -46.44516086288349,-22.95561746307544,0 -46.44516314985942,-22.95561943798662,0 -46.44516548360013,-22.95562104507512,0 -46.44516783083072,-22.95562110982632,0 -46.44517187867923,-22.95561978872224,0 -46.44517484644194,-22.95561660871948,0 -46.44517462341008,-22.95561243406654,0 -46.44517555780573,-22.95560840960036,0 -46.4451746243094,-22.95560612172512,0 -46.44516902243242,-22.95560281132066,0 -46.44516793695068,-22.95559918615345,0 -46.4451747133423,-22.95560358203966,0 -46.44517736724168,-22.95560368366301,0 -46.44517838077763,-22.95560541305935,0 -46.44517729259792,-22.9556177553551,0 -46.44517903098744,-22.9556211134236,0 -46.44517898781999,-22.95562287519554,0 -46.44517965241898,-22.95562416122599,0 -46.44518091236915,-22.95562494363617,0 -46.44518257971226,-22.95562549941724,0 -46.44518502496891,-22.95562472779892,0 -46.44518563021262,-22.95562684480302,0 -46.44518766357976,-22.95562851574334,0 -46.44519132831709,-22.9556298953034,0 -46.44518912767609,-22.95562983864608,0 -46.44518783175301,-22.95563017319388,0 -46.44518599084075,-22.95563109859625,0 -46.44518435407463,-22.95563252492105,0 -46.44518379379701,-22.95563354924884,0 -46.44518392419872,-22.95563493420481,0 -46.44518499978785,-22.95563861333131,0 -46.44518463915972,-22.95564631692394,0 -46.4451848540977,-22.95565229831487,0 -46.44518679933128,-22.9556577652936,0 -46.44519023474151,-22.95566156942586,0 -46.44519517022087,-22.95566558489879,0 -46.44520286212235,-22.95567003384497,0 -46.44521327357371,-22.95567608358436,0 -46.44521821534829,-22.95568179337999,0 -46.4452200130931,-22.95568601929432,0 -46.4452202541114,-22.95569000598891,0 -46.4452183412534,-22.9556962526799,0 -46.44521510908999,-22.95570186175148,0 -46.44521043261534,-22.95570963279329,0 -46.44520952340076,-22.95571197462787,0 -46.44520959624584,-22.95571419955064,0 -46.44521118085129,-22.95571660973371,0 -46.44521401281639,-22.95571905319172,0 -46.44521846176259,-22.95572076460154,0 -46.445221350385,-22.95572322424739,0 -46.4452240510491,-22.95572927308745,0 -46.44522565364094,-22.95573955143907,0 -46.4452257282847,-22.95576108660482,0 -46.44522860431658,-22.95577527520873,0 -46.44523416392548,-22.95579022733712,0 -46.44524381814769,-22.95580927497804,0 -46.44525636818679,-22.95582594301282,0 -46.44526520672389,-22.95583741566421,0 -46.44527932158338,-22.95584834602431,0 -46.44529452372325,-22.95585485082069,0 -46.4453088328363,-22.95585788243528,0 -46.44532505660601,-22.95585676008135,0 -46.44533991070831,-22.95585038208942,0 -46.44535652838102,-22.9558369363255,0 -46.44537670017451,-22.95582712112468,0 -46.44530647301525,-22.95676185487565,0 -46.44528031083764,-22.95676515988419,0 -46.44519102164828,-22.9567812622454,0 -46.44504537374497,-22.95680986158576,0 -46.44490669738615,-22.95682958731556,0 -46.44478417375058,-22.95684280015506,0 -46.44464914324335,-22.95684174884758,0 -46.44453162523428,-22.95685333661215,0 -46.444395907645,-22.95686621580318,0 -46.44422322702025,-22.95686669334314,0 -46.44407101766331,-22.95686299982753,0 -46.44398311432923,-22.95684547204089,0 -46.44389132322596,-22.95681017634854,0</coordinates></LinearRing></outerBoundaryIs>
        </Polygon>
      </MultiGeometry>
    </Placemark>
    <Placemark id="ID_00008">
      <name></name>
      <snippet></snippet>
      <description><![CDATA[<html xmlns:fo="http://www.w3.org/1999/XSL/Format" xmlns:msxsl="urn:schemas-microsoft-com:xslt">
<head>
<META http-equiv="Content-Type" content="text/html">
<meta http-equiv="content-type" content="text/html; charset=UTF-8">
</head>
<body style="margin:0px 0px 0px 0px;overflow:auto;background:#FFFFFF;">
<table style="font-family:Arial,Verdana,Times;font-size:12px;text-align:left;width:100%;border-collapse:collapse;padding:3px 3px 3px 3px">
<tr style="text-align:center;font-weight:bold;background:#9CBCE2">
<td></td>
</tr>
<tr>
<td>
<table style="font-family:Arial,Verdana,Times;font-size:12px;text-align:left;width:100%;border-spacing:0px; padding:3px 3px 3px 3px"></table>
</td>
</tr>
</table>
</body><script type="text/javascript">
				function changeImage(attElement, nameElement) {
				document.getElementById('imageAttachment').src = attElement;
				document.getElementById('imageName').innerHTML = nameElement;}
			</script></html>
]]></description>
      <styleUrl>#PolyStyle00</styleUrl>
      <MultiGeometry>
        <Polygon>
          <extrude>0</extrude><altitudeMode>clampToGround</altitudeMode>
          <outerBoundaryIs><LinearRing><coordinates> -46.44272524607322,-22.95616204394317,0 -46.44301309657709,-22.95598461579732,0 -46.44273238309296,-22.9557661857608,0 -46.44326218000555,-22.95567497741827,0 -46.4436001137542,-22.95535476121319,0 -46.44375867412344,-22.95507775023793,0 -46.44379388887682,-22.9550806073841,0 -46.4438150867968,-22.95508056421667,0 -46.44383241943059,-22.95507721334267,0 -46.44385748173733,-22.95507039738089,0 -46.4438762568837,-22.95506898274734,0 -46.4438911298717,-22.95507348205551,0 -46.44389945939248,-22.95507735723417,0 -46.44390108536675,-22.95508359762987,0 -46.44389895577217,-22.95508911407131,0 -46.44389694938468,-22.95509582031581,0 -46.44390152603457,-22.95510404821325,0 -46.44388287139736,-22.95514340524392,0 -46.44385371807461,-22.95520192143146,0 -46.44381925515444,-22.95526817718456,0 -46.44379203717273,-22.95532085497342,0 -46.44376332991369,-22.95537917600814,0 -46.44374989494167,-22.95540767462444,0 -46.4437348879547,-22.95544027594792,0 -46.44372080367215,-22.95547149231549,0 -46.44370590100647,-22.95550505501421,0 -46.44369921814433,-22.95552024906021,0 -46.44367991959256,-22.95556448221503,0 -46.44366665908899,-22.95559598186901,0 -46.44364892895487,-22.95564173577742,0 -46.44364230275005,-22.95565819157224,0 -46.44363415579164,-22.95567660069451,0 -46.44361299564321,-22.95572147866329,0 -46.44360076666203,-22.95575272111112,0 -46.44359327261139,-22.95577801634231,0 -46.44358849181538,-22.95580447709488,0 -46.44358749176928,-22.95582800066166,0 -46.44358887222864,-22.95584851959347,0 -46.44359145058495,-22.95586505632724,0 -46.44360025135046,-22.95591126709128,0 -46.44361002158519,-22.95595331129625,0 -46.44361993661073,-22.95599645177478,0 -46.4436324102075,-22.95604445938426,0 -46.44364112913473,-22.95607765066302,0 -46.44364494226022,-22.95609243911474,0 -46.44365044341321,-22.95611853474253,0 -46.44366213819706,-22.95617988469388,0 -46.44366836420357,-22.95621284934351,0 -46.44367277987487,-22.9562341021221,0 -46.44368139538005,-22.95626908664901,0 -46.44368699815642,-22.95628785190279,0 -46.44369973165726,-22.95632307834734,0 -46.44371038862351,-22.95634519357579,0 -46.44372160586738,-22.95636535098009,0 -46.44374155013242,-22.95639617614256,0 -46.4437674613992,-22.95643246738445,0 -46.44378116616787,-22.95645361943892,0 -46.44379153175372,-22.95647446482462,0 -46.44379785668571,-22.95649446304902,0 -46.44380079567014,-22.95651204929158,0 -46.44380138922271,-22.95653243962033,0 -46.44379757160061,-22.95657339024974,0 -46.44379463531414,-22.95660099404057,0 -46.44379155873338,-22.95661793456999,0 -46.44378578958248,-22.95663619080748,0 -46.44378195037665,-22.95664603478661,0 -46.44377474770641,-22.95666766617978,0 -46.44377223140334,-22.95668618412002,0 -46.4437717583599,-22.9567019411416,0 -46.44377355700401,-22.95672304912938,0 -46.44377610568267,-22.9567377611387,0 -46.44377964991089,-22.95675459015216,0 -46.4437802056919,-22.95676294305531,0 -46.44377850957051,-22.95676814563335,0 -46.4437735399169,-22.95677282030937,0 -46.44376868897377,-22.9567737061416,0 -46.44376006807266,-22.95677289855036,0 -46.44371876670767,-22.95676083414513,0 -46.4436323157787,-22.9567349741397,0 -46.44351917297143,-22.95669987000298,0 -46.44335100424541,-22.95665183721245,0 -46.44318213224955,-22.95661451624687,0 -46.44309426039177,-22.95660618043081,0 -46.4429642759805,-22.95661208897668,0 -46.44289838175484,-22.95661325809533,0 -46.44280901522382,-22.95661351710012,0 -46.442673525163,-22.9566080663092,0 -46.44258736201709,-22.95659944181071,0 -46.44239618503588,-22.95658490337052,0 -46.44235634057265,-22.95658654733128,0 -46.44232597316511,-22.95659019588077,0 -46.44228052322752,-22.95660041038056,0 -46.4422322521167,-22.95661881140898,0 -46.44216044035198,-22.95665695525422,0 -46.44202439630879,-22.95672646655317,0 -46.4419716267891,-22.95675585459896,0 -46.44200480997398,-22.95669121492756,0 -46.44204876883555,-22.9563084940417,0 -46.44272524607322,-22.95616204394317,0</coordinates></LinearRing></outerBoundaryIs>
        </Polygon>
      </MultiGeometry>
    </Placemark>
    <Placemark id="ID_00009">
      <name></name>
      <snippet></snippet>
      <description><![CDATA[<html xmlns:fo="http://www.w3.org/1999/XSL/Format" xmlns:msxsl="urn:schemas-microsoft-com:xslt">
<head>
<META http-equiv="Content-Type" content="text/html">
<meta http-equiv="content-type" content="text/html; charset=UTF-8">
</head>
<body style="margin:0px 0px 0px 0px;overflow:auto;background:#FFFFFF;">
<table style="font-family:Arial,Verdana,Times;font-size:12px;text-align:left;width:100%;border-collapse:collapse;padding:3px 3px 3px 3px">
<tr style="text-align:center;font-weight:bold;background:#9CBCE2">
<td></td>
</tr>
<tr>
<td>
<table style="font-family:Arial,Verdana,Times;font-size:12px;text-align:left;width:100%;border-spacing:0px; padding:3px 3px 3px 3px"></table>
</td>
</tr>
</table>
</body><script type="text/javascript">
				function changeImage(attElement, nameElement) {
				document.getElementById('imageAttachment').src = attElement;
				document.getElementById('imageName').innerHTML = nameElement;}
			</script></html>
]]></description>
      <styleUrl>#PolyStyle00</styleUrl>
      <MultiGeometry>
        <Polygon>
          <extrude>0</extrude><altitudeMode>clampToGround</altitudeMode>
          <outerBoundaryIs><LinearRing><coordinates> -46.45103939834951,-22.95528149524476,0 -46.45149977209679,-22.95471454733843,0 -46.45188104777209,-22.95438427311572,0 -46.45206562462887,-22.95430391869084,0 -46.45216929577634,-22.95458411326614,0 -46.4520370315837,-22.95496504899777,0 -46.45155469998934,-22.95540156732842,0 -46.45143386797861,-22.95551389624926,0 -46.45101898733634,-22.95569018135672,0 -46.45103832995494,-22.9557465508626,0 -46.45115508443956,-22.95573266443086,0 -46.45123718714643,-22.9557111301645,0 -46.45132626679373,-22.95573802528958,0 -46.45139101888038,-22.95579762066365,0 -46.45140850260025,-22.95591604698791,0 -46.45135783029958,-22.95596731913645,0 -46.45123424276608,-22.95598828593064,0 -46.45112889438292,-22.95598056525085,0 -46.4511404128997,-22.95604404209882,0 -46.45136077737794,-22.9562375905923,0 -46.45154246381362,-22.95638974239267,0 -46.45179903319876,-22.95654541683745,0 -46.45197632824489,-22.956652991942,0 -46.45247776863408,-22.95687386633581,0 -46.4527576853189,-22.9570489202714,0 -46.45310456282527,-22.95724365587001,0 -46.45339266334073,-22.95743988883977,0 -46.45359781758514,-22.95754968616907,0 -46.45389670277058,-22.95770684629388,0 -46.45413691978296,-22.95788961911056,0 -46.45402032717629,-22.95806992778489,0 -46.45376913663631,-22.95812188881403,0 -46.45350847893309,-22.95808105779449,0 -46.45327571010593,-22.95808810308348,0 -46.45325878306636,-22.95821221582104,0 -46.45339615091159,-22.95833646615495,0 -46.45367306296146,-22.95852813236734,0 -46.45382621300928,-22.95888050742946,0 -46.45400835630056,-22.9591828388169,0 -46.45423060216053,-22.95931760132618,0 -46.45441370233045,-22.95948004137078,0 -46.45437601624013,-22.95994095201326,0 -46.45460408341166,-22.95997391486423,0 -46.45509353943527,-22.95994770322384,0 -46.45510081495058,-22.9596534576409,0 -46.45561001289173,-22.95950958589862,0 -46.45599884287225,-22.95969870523101,0 -46.45626174798122,-22.95946046402912,0 -46.45633269369881,-22.95950501464468,0 -46.45603870712057,-22.95989915961848,0 -46.45586697168335,-22.95990277759109,0 -46.45514198771254,-22.96001613263836,0 -46.45434936393195,-22.96007159922487,0 -46.45424539061224,-22.96011916796516,0 -46.45409463186172,-22.96026743559363,0 -46.45400356291406,-22.96019232871294,0 -46.45400601356664,-22.96011530537698,0 -46.45398679865179,-22.96000051321308,0 -46.45372949002393,-22.95950793024675,0 -46.45352169267192,-22.95918588931726,0 -46.45339560322446,-22.95888208843758,0 -46.45327574877672,-22.95862382293102,0 -46.45312544328453,-22.95830631458472,0 -46.45306907737596,-22.95797476602259,0 -46.4528655670922,-22.95761874331031,0 -46.45273947314815,-22.95741575283466,0 -46.45257607622489,-22.95717764743047,0 -46.45225684927414,-22.95694655314086,0 -46.45196672978074,-22.95677674135351,0 -46.45159087342001,-22.95654439610695,0 -46.4512646794214,-22.95630095412571,0 -46.45097347174828,-22.95604930762937,0 -46.45084231462107,-22.95542767284878,0 -46.45103939834951,-22.95528149524476,0</coordinates></LinearRing></outerBoundaryIs>
        </Polygon>
      </MultiGeometry>
    </Placemark>
    <Placemark id="ID_00010">
      <name></name>
      <snippet></snippet>
      <description><![CDATA[<html xmlns:fo="http://www.w3.org/1999/XSL/Format" xmlns:msxsl="urn:schemas-microsoft-com:xslt">
<head>
<META http-equiv="Content-Type" content="text/html">
<meta http-equiv="content-type" content="text/html; charset=UTF-8">
</head>
<body style="margin:0px 0px 0px 0px;overflow:auto;background:#FFFFFF;">
<table style="font-family:Arial,Verdana,Times;font-size:12px;text-align:left;width:100%;border-collapse:collapse;padding:3px 3px 3px 3px">
<tr style="text-align:center;font-weight:bold;background:#9CBCE2">
<td></td>
</tr>
<tr>
<td>
<table style="font-family:Arial,Verdana,Times;font-size:12px;text-align:left;width:100%;border-spacing:0px; padding:3px 3px 3px 3px"></table>
</td>
</tr>
</table>
</body><script type="text/javascript">
				function changeImage(attElement, nameElement) {
				document.getElementById('imageAttachment').src = attElement;
				document.getElementById('imageName').innerHTML = nameElement;}
			</script></html>
]]></description>
      <styleUrl>#PolyStyle00</styleUrl>
      <MultiGeometry>
        <Polygon>
          <extrude>0</extrude><altitudeMode>clampToGround</altitudeMode>
          <outerBoundaryIs><LinearRing><coordinates> -46.45233476563687,-22.94531699438374,0 -46.45214532434721,-22.94527712114218,0 -46.45184783940626,-22.94495056022015,0 -46.4511931941106,-22.94488639629011,0 -46.45106653629159,-22.94468329879516,0 -46.45128124763141,-22.94410986497826,0 -46.45155867859012,-22.94356119669181,0 -46.45177788384223,-22.94311679220612,0 -46.45194614879568,-22.94265335267005,0 -46.45209343076716,-22.94228585280977,0 -46.45215469438358,-22.9416638268241,0 -46.4523875468478,-22.94177603793378,0 -46.45264740235569,-22.9414624632221,0 -46.45246636343188,-22.94109533837911,0 -46.452627486869,-22.94088557600848,0 -46.45318278136023,-22.9411260682134,0 -46.45320276429607,-22.94283988465293,0 -46.45312618792321,-22.94291946206345,0 -46.45293007456326,-22.94264483788891,0 -46.45231147859181,-22.94249810989983,0 -46.45217659197608,-22.94272183514456,0 -46.45200992241996,-22.94290284618939,0 -46.45199728064995,-22.9429683698943,0 -46.45189938764656,-22.94347581235882,0 -46.45163800778779,-22.94362103668147,0 -46.45158955231597,-22.94396755895565,0 -46.45207241990619,-22.94438644517829,0 -46.45244056458035,-22.94481490378472,0 -46.45286425138403,-22.94478294277856,0 -46.45301695087152,-22.9445264723188,0 -46.45310100061068,-22.94423173570601,0 -46.45321659407051,-22.944290138579,0 -46.45321908699123,-22.94454737975779,0 -46.45290383864121,-22.94497964969105,0 -46.45266269802507,-22.94521980644884,0 -46.45300615001377,-22.94550818935141,0 -46.45316500266273,-22.94581639690915,0 -46.45303858316402,-22.9463385064169,0 -46.45296697824341,-22.94657533568317,0 -46.4525325706216,-22.9456745045747,0 -46.45233476563687,-22.94531699438374,0</coordinates></LinearRing></outerBoundaryIs>
        </Polygon>
      </MultiGeometry>
    </Placemark>
    <Placemark id="ID_00011">
      <name></name>
      <snippet></snippet>
      <description><![CDATA[<html xmlns:fo="http://www.w3.org/1999/XSL/Format" xmlns:msxsl="urn:schemas-microsoft-com:xslt">
<head>
<META http-equiv="Content-Type" content="text/html">
<meta http-equiv="content-type" content="text/html; charset=UTF-8">
</head>
<body style="margin:0px 0px 0px 0px;overflow:auto;background:#FFFFFF;">
<table style="font-family:Arial,Verdana,Times;font-size:12px;text-align:left;width:100%;border-collapse:collapse;padding:3px 3px 3px 3px">
<tr style="text-align:center;font-weight:bold;background:#9CBCE2">
<td></td>
</tr>
<tr>
<td>
<table style="font-family:Arial,Verdana,Times;font-size:12px;text-align:left;width:100%;border-spacing:0px; padding:3px 3px 3px 3px"></table>
</td>
</tr>
</table>
</body><script type="text/javascript">
				function changeImage(attElement, nameElement) {
				document.getElementById('imageAttachment').src = attElement;
				document.getElementById('imageName').innerHTML = nameElement;}
			</script></html>
]]></description>
      <styleUrl>#PolyStyle00</styleUrl>
      <MultiGeometry>
        <Polygon>
          <extrude>0</extrude><altitudeMode>clampToGround</altitudeMode>
          <outerBoundaryIs><LinearRing><coordinates> -46.4448455111114,-22.9393098189929,0 -46.44463844310961,-22.93928216394069,0 -46.44453294993564,-22.93941818190353,0 -46.44445179691287,-22.93953664689872,0 -46.44429438677652,-22.93948252659725,0 -46.44425763867906,-22.93910245601346,0 -46.44431832762864,-22.93900095043349,0 -46.44442646840672,-22.93899415065949,0 -46.44449934137145,-22.93882402860599,0 -46.44463213796274,-22.93877720360501,0 -46.44481555559339,-22.93900225355111,0 -46.44499584088534,-22.93928543567427,0 -46.4448455111114,-22.9393098189929,0</coordinates></LinearRing></outerBoundaryIs>
        </Polygon>
      </MultiGeometry>
    </Placemark>
    <Placemark id="ID_00012">
      <name></name>
      <snippet></snippet>
      <description><![CDATA[<html xmlns:fo="http://www.w3.org/1999/XSL/Format" xmlns:msxsl="urn:schemas-microsoft-com:xslt">
<head>
<META http-equiv="Content-Type" content="text/html">
<meta http-equiv="content-type" content="text/html; charset=UTF-8">
</head>
<body style="margin:0px 0px 0px 0px;overflow:auto;background:#FFFFFF;">
<table style="font-family:Arial,Verdana,Times;font-size:12px;text-align:left;width:100%;border-collapse:collapse;padding:3px 3px 3px 3px">
<tr style="text-align:center;font-weight:bold;background:#9CBCE2">
<td></td>
</tr>
<tr>
<td>
<table style="font-family:Arial,Verdana,Times;font-size:12px;text-align:left;width:100%;border-spacing:0px; padding:3px 3px 3px 3px"></table>
</td>
</tr>
</table>
</body><script type="text/javascript">
				function changeImage(attElement, nameElement) {
				document.getElementById('imageAttachment').src = attElement;
				document.getElementById('imageName').innerHTML = nameElement;}
			</script></html>
]]></description>
      <styleUrl>#PolyStyle00</styleUrl>
      <MultiGeometry>
        <Polygon>
          <extrude>0</extrude><altitudeMode>clampToGround</altitudeMode>
          <outerBoundaryIs><LinearRing><coordinates> -46.44467812479559,-22.94214997334258,0 -46.44477561939925,-22.94225910607287,0 -46.44467599340231,-22.94249396492449,0 -46.44456312039165,-22.94260698272603,0 -46.44431087404757,-22.94257666837848,0 -46.44418191216545,-22.94245191892087,0 -46.44378784003675,-22.94240730984948,0 -46.44395883443264,-22.94225390979006,0 -46.44421996787719,-22.94216961093877,0 -46.44431604335067,-22.94204386323365,0 -46.4443187161358,-22.94176990006081,0 -46.44465487822004,-22.94178217310877,0 -46.44467812479559,-22.94214997334258,0</coordinates></LinearRing></outerBoundaryIs>
        </Polygon>
      </MultiGeometry>
    </Placemark>
    <Placemark id="ID_00013">
      <name></name>
      <snippet></snippet>
      <description><![CDATA[<html xmlns:fo="http://www.w3.org/1999/XSL/Format" xmlns:msxsl="urn:schemas-microsoft-com:xslt">
<head>
<META http-equiv="Content-Type" content="text/html">
<meta http-equiv="content-type" content="text/html; charset=UTF-8">
</head>
<body style="margin:0px 0px 0px 0px;overflow:auto;background:#FFFFFF;">
<table style="font-family:Arial,Verdana,Times;font-size:12px;text-align:left;width:100%;border-collapse:collapse;padding:3px 3px 3px 3px">
<tr style="text-align:center;font-weight:bold;background:#9CBCE2">
<td></td>
</tr>
<tr>
<td>
<table style="font-family:Arial,Verdana,Times;font-size:12px;text-align:left;width:100%;border-spacing:0px; padding:3px 3px 3px 3px"></table>
</td>
</tr>
</table>
</body><script type="text/javascript">
				function changeImage(attElement, nameElement) {
				document.getElementById('imageAttachment').src = attElement;
				document.getElementById('imageName').innerHTML = nameElement;}
			</script></html>
]]></description>
      <styleUrl>#PolyStyle00</styleUrl>
      <MultiGeometry>
        <Polygon>
          <extrude>0</extrude><altitudeMode>clampToGround</altitudeMode>
          <outerBoundaryIs><LinearRing><coordinates> -46.44517659562338,-22.94088246165627,0 -46.4452158807083,-22.94119976495717,0 -46.44496846282425,-22.94150298577416,0 -46.44481036740451,-22.94134617638492,0 -46.4448791043871,-22.94126575091359,0 -46.44482442560673,-22.9411137079312,0 -46.44464652801481,-22.94094764901473,0 -46.44454389918155,-22.94075386669753,0 -46.44465020264472,-22.9405972317768,0 -46.44496337086282,-22.94045919213794,0 -46.44517659562338,-22.94088246165627,0</coordinates></LinearRing></outerBoundaryIs>
        </Polygon>
      </MultiGeometry>
    </Placemark>
    <Placemark id="ID_00014">
      <name></name>
      <snippet></snippet>
      <description><![CDATA[<html xmlns:fo="http://www.w3.org/1999/XSL/Format" xmlns:msxsl="urn:schemas-microsoft-com:xslt">
<head>
<META http-equiv="Content-Type" content="text/html">
<meta http-equiv="content-type" content="text/html; charset=UTF-8">
</head>
<body style="margin:0px 0px 0px 0px;overflow:auto;background:#FFFFFF;">
<table style="font-family:Arial,Verdana,Times;font-size:12px;text-align:left;width:100%;border-collapse:collapse;padding:3px 3px 3px 3px">
<tr style="text-align:center;font-weight:bold;background:#9CBCE2">
<td></td>
</tr>
<tr>
<td>
<table style="font-family:Arial,Verdana,Times;font-size:12px;text-align:left;width:100%;border-spacing:0px; padding:3px 3px 3px 3px"></table>
</td>
</tr>
</table>
</body><script type="text/javascript">
				function changeImage(attElement, nameElement) {
				document.getElementById('imageAttachment').src = attElement;
				document.getElementById('imageName').innerHTML = nameElement;}
			</script></html>
]]></description>
      <styleUrl>#PolyStyle00</styleUrl>
      <MultiGeometry>
        <Polygon>
          <extrude>0</extrude><altitudeMode>clampToGround</altitudeMode>
          <outerBoundaryIs><LinearRing><coordinates> -46.44488286625125,-22.93996616130926,0 -46.44472611711654,-22.94005932207999,0 -46.44457970838681,-22.93993435408713,0 -46.44462756580947,-22.93984100625736,0 -46.44465357060574,-22.93958184322739,0 -46.44484938898808,-22.93950178378025,0 -46.44504639627412,-22.93957403801143,0 -46.44522709255624,-22.93980988881525,0 -46.44524071908388,-22.93994238683166,0 -46.44488286625125,-22.93996616130926,0</coordinates></LinearRing></outerBoundaryIs>
        </Polygon>
      </MultiGeometry>
    </Placemark>
    <Placemark id="ID_00015">
      <name></name>
      <snippet></snippet>
      <description><![CDATA[<html xmlns:fo="http://www.w3.org/1999/XSL/Format" xmlns:msxsl="urn:schemas-microsoft-com:xslt">
<head>
<META http-equiv="Content-Type" content="text/html">
<meta http-equiv="content-type" content="text/html; charset=UTF-8">
</head>
<body style="margin:0px 0px 0px 0px;overflow:auto;background:#FFFFFF;">
<table style="font-family:Arial,Verdana,Times;font-size:12px;text-align:left;width:100%;border-collapse:collapse;padding:3px 3px 3px 3px">
<tr style="text-align:center;font-weight:bold;background:#9CBCE2">
<td></td>
</tr>
<tr>
<td>
<table style="font-family:Arial,Verdana,Times;font-size:12px;text-align:left;width:100%;border-spacing:0px; padding:3px 3px 3px 3px"></table>
</td>
</tr>
</table>
</body><script type="text/javascript">
				function changeImage(attElement, nameElement) {
				document.getElementById('imageAttachment').src = attElement;
				document.getElementById('imageName').innerHTML = nameElement;}
			</script></html>
]]></description>
      <styleUrl>#PolyStyle00</styleUrl>
      <MultiGeometry>
        <Polygon>
          <extrude>0</extrude><altitudeMode>clampToGround</altitudeMode>
          <outerBoundaryIs><LinearRing><coordinates> -46.44512668504843,-22.94190222091072,0 -46.44501102324011,-22.94169050970921,0 -46.44505822415766,-22.94145628937622,0 -46.44530385239087,-22.94157443960864,0 -46.44545642957053,-22.94150657316975,0 -46.44565246738739,-22.94124719879915,0 -46.44578088877694,-22.94086376205293,0 -46.44546402074792,-22.94031167364477,0 -46.44562045332123,-22.94019657121475,0 -46.44583638414178,-22.94053142388606,0 -46.44589388319611,-22.94064311159031,0 -46.44594808533583,-22.94073531368372,0 -46.44592565174742,-22.94114127574927,0 -46.4456783813522,-22.94149962410829,0 -46.44513265205024,-22.94192867986465,0 -46.44512668504843,-22.94190222091072,0</coordinates></LinearRing></outerBoundaryIs>
        </Polygon>
      </MultiGeometry>
    </Placemark>
    <Placemark id="ID_00016">
      <name></name>
      <snippet></snippet>
      <description><![CDATA[<html xmlns:fo="http://www.w3.org/1999/XSL/Format" xmlns:msxsl="urn:schemas-microsoft-com:xslt">
<head>
<META http-equiv="Content-Type" content="text/html">
<meta http-equiv="content-type" content="text/html; charset=UTF-8">
</head>
<body style="margin:0px 0px 0px 0px;overflow:auto;background:#FFFFFF;">
<table style="font-family:Arial,Verdana,Times;font-size:12px;text-align:left;width:100%;border-collapse:collapse;padding:3px 3px 3px 3px">
<tr style="text-align:center;font-weight:bold;background:#9CBCE2">
<td></td>
</tr>
<tr>
<td>
<table style="font-family:Arial,Verdana,Times;font-size:12px;text-align:left;width:100%;border-spacing:0px; padding:3px 3px 3px 3px"></table>
</td>
</tr>
</table>
</body><script type="text/javascript">
				function changeImage(attElement, nameElement) {
				document.getElementById('imageAttachment').src = attElement;
				document.getElementById('imageName').innerHTML = nameElement;}
			</script></html>
]]></description>
      <styleUrl>#PolyStyle00</styleUrl>
      <MultiGeometry>
        <Polygon>
          <extrude>0</extrude><altitudeMode>clampToGround</altitudeMode>
          <outerBoundaryIs><LinearRing><coordinates> -46.44311686665003,-22.9428596328657,0 -46.44274527487449,-22.94252238619913,0 -46.44258278356859,-22.94243459078372,0 -46.44246313686421,-22.94240260279781,0 -46.44243820765712,-22.94227761591918,0 -46.44250618291397,-22.94216100802407,0 -46.4426085608364,-22.94206444062137,0 -46.4428000678688,-22.94210802806299,0 -46.44296152225638,-22.94221211289863,0 -46.44311941982534,-22.94221067668133,0 -46.44325307526918,-22.94230746531724,0 -46.44313342406821,-22.94240012336695,0 -46.44375217472304,-22.94333664856742,0 -46.44400653177598,-22.94367534224317,0 -46.44421786885954,-22.94386453172273,0 -46.44424180611441,-22.94403484713046,0 -46.44311686665003,-22.9428596328657,0</coordinates></LinearRing></outerBoundaryIs>
        </Polygon>
      </MultiGeometry>
    </Placemark>
    <Placemark id="ID_00017">
      <name></name>
      <snippet></snippet>
      <description><![CDATA[<html xmlns:fo="http://www.w3.org/1999/XSL/Format" xmlns:msxsl="urn:schemas-microsoft-com:xslt">
<head>
<META http-equiv="Content-Type" content="text/html">
<meta http-equiv="content-type" content="text/html; charset=UTF-8">
</head>
<body style="margin:0px 0px 0px 0px;overflow:auto;background:#FFFFFF;">
<table style="font-family:Arial,Verdana,Times;font-size:12px;text-align:left;width:100%;border-collapse:collapse;padding:3px 3px 3px 3px">
<tr style="text-align:center;font-weight:bold;background:#9CBCE2">
<td></td>
</tr>
<tr>
<td>
<table style="font-family:Arial,Verdana,Times;font-size:12px;text-align:left;width:100%;border-spacing:0px; padding:3px 3px 3px 3px"></table>
</td>
</tr>
</table>
</body><script type="text/javascript">
				function changeImage(attElement, nameElement) {
				document.getElementById('imageAttachment').src = attElement;
				document.getElementById('imageName').innerHTML = nameElement;}
			</script></html>
]]></description>
      <styleUrl>#PolyStyle00</styleUrl>
      <MultiGeometry>
        <Polygon>
          <extrude>0</extrude><altitudeMode>clampToGround</altitudeMode>
          <outerBoundaryIs><LinearRing><coordinates> -46.44452612138338,-22.94424964660384,0 -46.44449492570021,-22.94409837793773,0 -46.44480800308684,-22.94372384358048,0 -46.44494913729284,-22.94347639781743,0 -46.44510519125151,-22.94383654841795,0 -46.44524793524397,-22.94384214399968,0 -46.44545463991966,-22.94387983009005,0 -46.44525067637755,-22.94438154207445,0 -46.44484797975042,-22.94439593482451,0 -46.44452612138338,-22.94424964660384,0</coordinates></LinearRing></outerBoundaryIs>
        </Polygon>
      </MultiGeometry>
    </Placemark>
    <Placemark id="ID_00018">
      <name></name>
      <snippet></snippet>
      <description><![CDATA[<html xmlns:fo="http://www.w3.org/1999/XSL/Format" xmlns:msxsl="urn:schemas-microsoft-com:xslt">
<head>
<META http-equiv="Content-Type" content="text/html">
<meta http-equiv="content-type" content="text/html; charset=UTF-8">
</head>
<body style="margin:0px 0px 0px 0px;overflow:auto;background:#FFFFFF;">
<table style="font-family:Arial,Verdana,Times;font-size:12px;text-align:left;width:100%;border-collapse:collapse;padding:3px 3px 3px 3px">
<tr style="text-align:center;font-weight:bold;background:#9CBCE2">
<td></td>
</tr>
<tr>
<td>
<table style="font-family:Arial,Verdana,Times;font-size:12px;text-align:left;width:100%;border-spacing:0px; padding:3px 3px 3px 3px"></table>
</td>
</tr>
</table>
</body><script type="text/javascript">
				function changeImage(attElement, nameElement) {
				document.getElementById('imageAttachment').src = attElement;
				document.getElementById('imageName').innerHTML = nameElement;}
			</script></html>
]]></description>
      <styleUrl>#PolyStyle00</styleUrl>
      <MultiGeometry>
        <Polygon>
          <extrude>0</extrude><altitudeMode>clampToGround</altitudeMode>
          <outerBoundaryIs><LinearRing><coordinates> -46.43436037742942,-22.9317029664187,0 -46.43449680638247,-22.93178485868425,0 -46.43463931924913,-22.93185159917192,0 -46.43484319375837,-22.93194099538061,0 -46.43513285010089,-22.93204453522709,0 -46.4353866954396,-22.93213885792193,0 -46.43559756397633,-22.93223997859206,0 -46.43576399611146,-22.93234419293011,0 -46.43589456328345,-22.93244782001085,0 -46.43601621907322,-22.93257669196073,0 -46.43606691925288,-22.932623570921,0 -46.43614730875122,-22.9326814027245,0 -46.43625851531817,-22.93279391240908,0 -46.43633580395414,-22.93289638925694,0 -46.43641447215015,-22.93302082125388,0 -46.43648214703343,-22.93313253323976,0 -46.43654259406543,-22.93322227478807,0 -46.43657509466482,-22.93327041729588,0 -46.43659255859968,-22.93330990203033,0 -46.43659735108685,-22.93334670318773,0 -46.43658618600364,-22.93338963772158,0 -46.43656144925144,-22.93341784675617,0 -46.43648020359849,-22.93345738634922,0 -46.43640592859072,-22.93348592993171,0 -46.43631972677395,-22.9335272582763,0 -46.4362406862586,-22.93357799802612,0 -46.43610808032361,-22.93368645266759,0 -46.43599692142073,-22.93377583268846,0 -46.43595900420462,-22.93380263428411,0 -46.43576995232138,-22.93390897012285,0 -46.43564756358415,-22.93397833483226,0 -46.43549800093194,-22.93407861463629,0 -46.43543489640331,-22.93412115166977,0 -46.4353412068312,-22.93418314463639,0 -46.43520381830155,-22.93427549062136,0 -46.43503261706162,-22.93438616209163,0 -46.43492421188286,-22.93443877423001,0 -46.43489113032138,-22.93446320791066,0 -46.43405751544197,-22.93480912494114,0 -46.43385718336231,-22.93632694313387,0 -46.43347533212086,-22.93621525902694,0 -46.43361133029862,-22.93595260123153,0 -46.43346605201662,-22.93573443919296,0 -46.43352838672564,-22.93507013607784,0 -46.43330696824194,-22.93505118106708,0 -46.43314620633232,-22.93509852677556,0 -46.43306561808379,-22.93492646218641,0 -46.43330200308492,-22.93471723581172,0 -46.43348181263548,-22.93444084087205,0 -46.43343214487754,-22.93430906231333,0 -46.43339431759364,-22.93402640089766,0 -46.43340504290836,-22.93369106439105,0 -46.43387699182968,-22.93357428472542,0 -46.43417146044447,-22.9333798602923,0 -46.43428319581278,-22.93301512764598,0 -46.43426825087903,-22.93258708812358,0 -46.43405516191615,-22.93227015174608,0 -46.43381222715255,-22.93253318725674,0 -46.43335464669957,-22.93264274896363,0 -46.43303475514979,-22.93260194402445,0 -46.4326631723675,-22.93258992368602,0 -46.43269122671871,-22.93285730112348,0 -46.43255059793171,-22.93291935074739,0 -46.43229143670039,-22.93300924607979,0 -46.43212890132771,-22.93366762086394,0 -46.432181410044,-22.93388342308144,0 -46.4321227346764,-22.93398598536488,0 -46.43197839798466,-22.93414692174297,0 -46.43192432174999,-22.93436333370084,0 -46.43176682258076,-22.93447848469429,0 -46.43154164583024,-22.93460203265762,0 -46.43152351819576,-22.9348263271732,0 -46.43149582806995,-22.93494049880492,0 -46.43150986558776,-22.93508782574252,0 -46.43165104835714,-22.93516696338463,0 -46.43186775888989,-22.93518380498858,0 -46.43204254482754,-22.93513946841171,0 -46.4322572894423,-22.93521253203268,0 -46.43234270615091,-22.93530315941326,0 -46.43221548355769,-22.93538774065166,0 -46.43212826640632,-22.93559328430259,0 -46.4321377443614,-22.93577661919557,0 -46.43221723004109,-22.93591689185102,0 -46.43166344641089,-22.93641501194321,0 -46.43150308290093,-22.9364117240218,0 -46.43164816063404,-22.93610645005259,0 -46.43099178594213,-22.93539529405749,0 -46.43067308419545,-22.93503477833229,0 -46.43097829071552,-22.93493126636479,0 -46.43103182375962,-22.93446802737754,0 -46.43025240472468,-22.93465319239092,0 -46.42986051165327,-22.93404430010435,0 -46.42942320911379,-22.93387694526479,0 -46.42906961097375,-22.93358775117373,0 -46.42911528574183,-22.93251082111743,0 -46.42995456904811,-22.93237785275568,0 -46.43051554815401,-22.93200404864787,0 -46.43046546221126,-22.9322438951396,0 -46.43054557741641,-22.93248689915105,0 -46.43075244486937,-22.93285420835498,0 -46.43086032394473,-22.93308827940051,0 -46.43115936741083,-22.93328043934077,0 -46.43134102057161,-22.93343309116421,0 -46.43165058880357,-22.93356816304024,0 -46.4319028198592,-22.93361057686656,0 -46.43190837677015,-22.933449463322,0 -46.43157355377645,-22.93327591934815,0 -46.43142296499781,-22.93305931223746,0 -46.43139305804317,-22.93254873923287,0 -46.43169489300487,-22.93230338889026,0 -46.43182795399684,-22.93206193980666,0 -46.43208027678332,-22.93182859361468,0 -46.43280931130062,-22.93171435273513,0 -46.43312155321707,-22.93197657795666,0 -46.43384308019398,-22.931979737275,0 -46.43403518167827,-22.93184860712745,0 -46.4342991300008,-22.93165650114656,0 -46.43436037742942,-22.9317029664187,0</coordinates></LinearRing></outerBoundaryIs>
        </Polygon>
      </MultiGeometry>
    </Placemark>
    <Placemark id="ID_00019">
      <name></name>
      <snippet></snippet>
      <description><![CDATA[<html xmlns:fo="http://www.w3.org/1999/XSL/Format" xmlns:msxsl="urn:schemas-microsoft-com:xslt">
<head>
<META http-equiv="Content-Type" content="text/html">
<meta http-equiv="content-type" content="text/html; charset=UTF-8">
</head>
<body style="margin:0px 0px 0px 0px;overflow:auto;background:#FFFFFF;">
<table style="font-family:Arial,Verdana,Times;font-size:12px;text-align:left;width:100%;border-collapse:collapse;padding:3px 3px 3px 3px">
<tr style="text-align:center;font-weight:bold;background:#9CBCE2">
<td></td>
</tr>
<tr>
<td>
<table style="font-family:Arial,Verdana,Times;font-size:12px;text-align:left;width:100%;border-spacing:0px; padding:3px 3px 3px 3px"></table>
</td>
</tr>
</table>
</body><script type="text/javascript">
				function changeImage(attElement, nameElement) {
				document.getElementById('imageAttachment').src = attElement;
				document.getElementById('imageName').innerHTML = nameElement;}
			</script></html>
]]></description>
      <styleUrl>#PolyStyle00</styleUrl>
      <MultiGeometry>
        <Polygon>
          <extrude>0</extrude><altitudeMode>clampToGround</altitudeMode>
          <outerBoundaryIs><LinearRing><coordinates> -46.45696982199962,-22.95400586268038,0 -46.45727145371455,-22.95416120887263,0 -46.45773587261239,-22.95427567458268,0 -46.45824403633316,-22.95421343700048,0 -46.45846277573646,-22.95415745420309,0 -46.4585929031399,-22.95413034593866,0 -46.4571680082969,-22.95629983806703,0 -46.45764705736577,-22.95641133601431,0 -46.45773703813375,-22.95642621619687,0 -46.45821614026261,-22.95649087385471,0 -46.45842240786777,-22.95658387994206,0 -46.45787514881903,-22.9574299171569,0 -46.45685314935331,-22.95892454003547,0 -46.45666224126938,-22.95909753991948,0 -46.45599884287225,-22.95969870523101,0 -46.45561001289173,-22.95950958589862,0 -46.45510081495058,-22.9596534576409,0 -46.45509353943527,-22.95994770322384,0 -46.45460367511947,-22.95997385640827,0 -46.45437601624013,-22.95994095201326,0 -46.45441370233045,-22.95948004137078,0 -46.45422979187135,-22.95931711029635,0 -46.45400835630056,-22.9591828388169,0 -46.45382256176179,-22.95887210596289,0 -46.45367306296146,-22.95852813236734,0 -46.45339565808314,-22.95833602009122,0 -46.45325878306636,-22.95821221582104,0 -46.45327571010593,-22.95808810308348,0 -46.45350758770496,-22.95808108477423,0 -46.45376913663631,-22.95812188881403,0 -46.45402032717629,-22.95806992778489,0 -46.45413691978296,-22.95788961911056,0 -46.45389670277058,-22.95770684629388,0 -46.45339266334073,-22.95743988883977,0 -46.45310354119545,-22.95724308210253,0 -46.45308306543109,-22.95723158696814,0 -46.45307382489705,-22.95722639967858,0 -46.453072076615,-22.95722541761887,0 -46.45298977785592,-22.95717915289557,0 -46.45297999413139,-22.95717372368837,0 -46.45278786207012,-22.95706745979538,0 -46.45266530875693,-22.95699111544759,0 -46.45247776863408,-22.95687386633581,0 -46.45236509527291,-22.95682426422837,0 -46.4522371361349,-22.95676787313882,0 -46.45197632824489,-22.956652991942,0 -46.45154246381362,-22.95638974239267,0 -46.4511404128997,-22.95604404209882,0 -46.45112889438292,-22.95598056525085,0 -46.45123424276608,-22.95598828593064,0 -46.45135783029958,-22.95596731913645,0 -46.45140850260025,-22.95591604698791,0 -46.45139101888038,-22.95579762066365,0 -46.45132626679373,-22.95573802528958,0 -46.45125269055916,-22.95570693482716,0 -46.4511822241803,-22.95572555798805,0 -46.45115508443956,-22.95573266443086,0 -46.45103832995494,-22.9557465508626,0 -46.45101898733634,-22.95569018135672,0 -46.45143259363925,-22.95551539272118,0 -46.45175401943243,-22.9552211804131,0 -46.4520370315837,-22.95496504899777,0 -46.45209042703153,-22.95481126582724,0 -46.45216929577634,-22.95458411326614,0 -46.45210267939508,-22.95436357162151,0 -46.45208332238735,-22.95430892791468,0 -46.45229164494344,-22.95439011331304,0 -46.45261339179456,-22.95449298766116,0 -46.45359059333119,-22.95487460957553,0 -46.4543657306939,-22.95505578159904,0 -46.45490327706455,-22.95520091868741,0 -46.45536792798742,-22.95533910941229,0 -46.45587777793708,-22.95449619374433,0 -46.45646724936404,-22.95355907768925,0 -46.45696982199962,-22.95400586268038,0</coordinates></LinearRing></outerBoundaryIs>
          <innerBoundaryIs><LinearRing><coordinates> -46.45261478574372,-22.95603418103257,0 -46.45246868368275,-22.95611493565568,0 -46.45253276667381,-22.95626620162386,0 -46.45239647711571,-22.95636561178349,0 -46.4524857699023,-22.95648792138042,0 -46.45248473478262,-22.95648917593467,0 -46.45261127838774,-22.956493742692,0 -46.45261517694883,-22.9564889358157,0 -46.45276602113494,-22.95631305810109,0 -46.45288557700775,-22.95618391095865,0 -46.45283460523279,-22.95606581828286,0 -46.45274450575432,-22.95592444305856,0 -46.45261478574372,-22.95603418103257,0</coordinates></LinearRing></innerBoundaryIs>
          <innerBoundaryIs><LinearRing><coordinates> -46.45326210426264,-22.95627080075682,0 -46.45328632030738,-22.9564990810677,0 -46.45336720982885,-22.95660292488503,0 -46.45351380112101,-22.95646282759737,0 -46.45358750955587,-22.95646779635164,0 -46.45359801903334,-22.95662679469081,0 -46.45339095912543,-22.95669309810798,0 -46.45333125223546,-22.95683449581528,0 -46.45333239977037,-22.95685174840941,0 -46.45333040777206,-22.95685365137484,0 -46.45337063714516,-22.95691597439264,0 -46.45357238116043,-22.95681019523427,0 -46.45377242905431,-22.95671762891541,0 -46.45388621127961,-22.95655101062062,0 -46.45393669022604,-22.95638663073838,0 -46.45367585805435,-22.95623514623498,0 -46.45363356024058,-22.95604658268359,0 -46.45342404158623,-22.95594745760906,0 -46.45329949897268,-22.95603328260984,0 -46.45326210426264,-22.95627080075682,0</coordinates></LinearRing></innerBoundaryIs>
        </Polygon>
      </MultiGeometry>
    </Placemark>
    <Placemark id="ID_00020">
      <name></name>
      <snippet></snippet>
      <description><![CDATA[<html xmlns:fo="http://www.w3.org/1999/XSL/Format" xmlns:msxsl="urn:schemas-microsoft-com:xslt">
<head>
<META http-equiv="Content-Type" content="text/html">
<meta http-equiv="content-type" content="text/html; charset=UTF-8">
</head>
<body style="margin:0px 0px 0px 0px;overflow:auto;background:#FFFFFF;">
<table style="font-family:Arial,Verdana,Times;font-size:12px;text-align:left;width:100%;border-collapse:collapse;padding:3px 3px 3px 3px">
<tr style="text-align:center;font-weight:bold;background:#9CBCE2">
<td></td>
</tr>
<tr>
<td>
<table style="font-family:Arial,Verdana,Times;font-size:12px;text-align:left;width:100%;border-spacing:0px; padding:3px 3px 3px 3px"></table>
</td>
</tr>
</table>
</body><script type="text/javascript">
				function changeImage(attElement, nameElement) {
				document.getElementById('imageAttachment').src = attElement;
				document.getElementById('imageName').innerHTML = nameElement;}
			</script></html>
]]></description>
      <styleUrl>#PolyStyle00</styleUrl>
      <MultiGeometry>
        <Polygon>
          <extrude>0</extrude><altitudeMode>clampToGround</altitudeMode>
          <outerBoundaryIs><LinearRing><coordinates> -46.4506216839435,-22.9489824008171,0 -46.45112164314929,-22.94919124587926,0 -46.4513625310559,-22.94910442532891,0 -46.45161230336505,-22.94901964623966,0 -46.45198225387788,-22.94879187134775,0 -46.45182802734155,-22.94845474159304,0 -46.45204677843606,-22.94821480876634,0 -46.45215393625511,-22.94788055684217,0 -46.45200859232261,-22.9478025892181,0 -46.45178339129041,-22.94815860743375,0 -46.4513401829031,-22.94834501531016,0 -46.4511873368261,-22.94829447880709,0 -46.45080700004299,-22.94769953770346,0 -46.45079593028794,-22.94730535226017,0 -46.45096412239629,-22.94697375063806,0 -46.45104697603704,-22.94680857935242,0 -46.45100330675717,-22.94595185369501,0 -46.45157873257239,-22.94596575541522,0 -46.45188216922668,-22.94585404163071,0 -46.45214532434721,-22.94527712114218,0 -46.45233476563687,-22.94531699438374,0 -46.4525325706216,-22.9456745045747,0 -46.45239952941473,-22.94603521635212,0 -46.45233241930566,-22.94629464738002,0 -46.45228052122906,-22.94649503431833,0 -46.45227171866487,-22.94657459284316,0 -46.4522488560998,-22.94677593486149,0 -46.4522286636219,-22.94696370161346,0 -46.45222897478732,-22.94703704492367,0 -46.45223660103823,-22.94736530466503,0 -46.45224021811151,-22.94752098900239,0 -46.45234452777771,-22.94768370873612,0 -46.45229544637772,-22.948128362334,0 -46.45258037318564,-22.94820395934524,0 -46.45260622060056,-22.94795478868253,0 -46.4526238122391,-22.9477852134168,0 -46.45267477681944,-22.9475543376625,0 -46.45277680220761,-22.94750130374211,0 -46.45275473374392,-22.94764690218271,0 -46.45274823794079,-22.94775253205364,0 -46.45274252904442,-22.94783264096358,0 -46.45274686377672,-22.94788274669135,0 -46.45275490641376,-22.9479192016098,0 -46.45276546355523,-22.94796706173049,0 -46.45277081092417,-22.94801504415892,0 -46.45276312261997,-22.94810564635844,0 -46.45275006626252,-22.94817094793086,0 -46.4527118315857,-22.94831556071451,0 -46.45268537622911,-22.94848696699989,0 -46.45250926289214,-22.94882933530558,0 -46.45238825011763,-22.94906103304021,0 -46.45232222998686,-22.94919839459021,0 -46.45217410804861,-22.9493760727475,0 -46.45208560936334,-22.94947247107762,0 -46.45195107887912,-22.9495913893311,0 -46.45175344566496,-22.94972530917563,0 -46.45169981189679,-22.94973555605106,0 -46.45163970031189,-22.94970293044583,0 -46.45037415094627,-22.94905326289772,0 -46.45043156816228,-22.94887753267193,0 -46.4506216839435,-22.9489824008171,0</coordinates></LinearRing></outerBoundaryIs>
        </Polygon>
      </MultiGeometry>
    </Placemark>
    <Placemark id="ID_00021">
      <name></name>
      <snippet></snippet>
      <description><![CDATA[<html xmlns:fo="http://www.w3.org/1999/XSL/Format" xmlns:msxsl="urn:schemas-microsoft-com:xslt">
<head>
<META http-equiv="Content-Type" content="text/html">
<meta http-equiv="content-type" content="text/html; charset=UTF-8">
</head>
<body style="margin:0px 0px 0px 0px;overflow:auto;background:#FFFFFF;">
<table style="font-family:Arial,Verdana,Times;font-size:12px;text-align:left;width:100%;border-collapse:collapse;padding:3px 3px 3px 3px">
<tr style="text-align:center;font-weight:bold;background:#9CBCE2">
<td></td>
</tr>
<tr>
<td>
<table style="font-family:Arial,Verdana,Times;font-size:12px;text-align:left;width:100%;border-spacing:0px; padding:3px 3px 3px 3px"></table>
</td>
</tr>
</table>
</body><script type="text/javascript">
				function changeImage(attElement, nameElement) {
				document.getElementById('imageAttachment').src = attElement;
				document.getElementById('imageName').innerHTML = nameElement;}
			</script></html>
]]></description>
      <styleUrl>#PolyStyle00</styleUrl>
      <MultiGeometry>
        <Polygon>
          <extrude>0</extrude><altitudeMode>clampToGround</altitudeMode>
          <outerBoundaryIs><LinearRing><coordinates> -46.44997807782596,-22.94887688066348,0 -46.44987717838904,-22.94883320598763,0 -46.44908444219323,-22.94840966307542,0 -46.44894880014698,-22.94831691599284,0 -46.44887065355778,-22.94823739164223,0 -46.44877486316938,-22.94811175365446,0 -46.44874390400793,-22.94802533600041,0 -46.44865930298442,-22.94779065341589,0 -46.44854222474385,-22.94749613623765,0 -46.44831038671492,-22.94697002384748,0 -46.44852497934426,-22.9469381419816,0 -46.44880731880268,-22.94687665083671,0 -46.44905703085726,-22.94682097560747,0 -46.44931674786961,-22.94678102412489,0 -46.44959798565845,-22.94675762916119,0 -46.45030835924337,-22.94671670820945,0 -46.45027314359066,-22.94675846283275,0 -46.45017254722524,-22.9467905434488,0 -46.44970588002229,-22.94681391143279,0 -46.44942227341915,-22.94680215999166,0 -46.44922326514154,-22.94685712925308,0 -46.44935137356698,-22.94703603408566,0 -46.44939466423233,-22.94718647087887,0 -46.44944484999979,-22.94736087190664,0 -46.44953606913424,-22.94745803106325,0 -46.44963570592307,-22.94771187999919,0 -46.4498500080714,-22.94767309673596,0 -46.44992683715379,-22.94776976576203,0 -46.44988917534511,-22.94802017209321,0 -46.44985986733896,-22.94814086201113,0 -46.44981594085295,-22.94832173995628,0 -46.44979237411872,-22.94862922086181,0 -46.45004974569918,-22.94874789180169,0 -46.4500165580177,-22.94888954671518,0 -46.44997807782596,-22.94887688066348,0</coordinates></LinearRing></outerBoundaryIs>
        </Polygon>
      </MultiGeometry>
    </Placemark>
    <Placemark id="ID_00022">
      <name></name>
      <snippet></snippet>
      <description><![CDATA[<html xmlns:fo="http://www.w3.org/1999/XSL/Format" xmlns:msxsl="urn:schemas-microsoft-com:xslt">
<head>
<META http-equiv="Content-Type" content="text/html">
<meta http-equiv="content-type" content="text/html; charset=UTF-8">
</head>
<body style="margin:0px 0px 0px 0px;overflow:auto;background:#FFFFFF;">
<table style="font-family:Arial,Verdana,Times;font-size:12px;text-align:left;width:100%;border-collapse:collapse;padding:3px 3px 3px 3px">
<tr style="text-align:center;font-weight:bold;background:#9CBCE2">
<td></td>
</tr>
<tr>
<td>
<table style="font-family:Arial,Verdana,Times;font-size:12px;text-align:left;width:100%;border-spacing:0px; padding:3px 3px 3px 3px"></table>
</td>
</tr>
</table>
</body><script type="text/javascript">
				function changeImage(attElement, nameElement) {
				document.getElementById('imageAttachment').src = attElement;
				document.getElementById('imageName').innerHTML = nameElement;}
			</script></html>
]]></description>
      <styleUrl>#PolyStyle00</styleUrl>
      <MultiGeometry>
        <Polygon>
          <extrude>0</extrude><altitudeMode>clampToGround</altitudeMode>
          <outerBoundaryIs><LinearRing><coordinates> -46.45310100061068,-22.94423173570601,0 -46.45301695087152,-22.9445264723188,0 -46.45286432063189,-22.94478282586669,0 -46.45244056458035,-22.94481490378472,0 -46.45207241990619,-22.94438644517829,0 -46.45158955231597,-22.94396755895565,0 -46.45163800778779,-22.94362103668147,0 -46.45189938764656,-22.94347581235882,0 -46.45200992241996,-22.94290284618939,0 -46.45217659197608,-22.94272183514456,0 -46.45231147859181,-22.94249810989983,0 -46.45293007456326,-22.94264483788891,0 -46.45312618792321,-22.94291946206345,0 -46.45320276429607,-22.94283988465293,0 -46.45321659407051,-22.944290138579,0 -46.45310100061068,-22.94423173570601,0</coordinates></LinearRing></outerBoundaryIs>
        </Polygon>
      </MultiGeometry>
    </Placemark>
    <Placemark id="ID_00023">
      <name></name>
      <snippet></snippet>
      <description><![CDATA[<html xmlns:fo="http://www.w3.org/1999/XSL/Format" xmlns:msxsl="urn:schemas-microsoft-com:xslt">
<head>
<META http-equiv="Content-Type" content="text/html">
<meta http-equiv="content-type" content="text/html; charset=UTF-8">
</head>
<body style="margin:0px 0px 0px 0px;overflow:auto;background:#FFFFFF;">
<table style="font-family:Arial,Verdana,Times;font-size:12px;text-align:left;width:100%;border-collapse:collapse;padding:3px 3px 3px 3px">
<tr style="text-align:center;font-weight:bold;background:#9CBCE2">
<td></td>
</tr>
<tr>
<td>
<table style="font-family:Arial,Verdana,Times;font-size:12px;text-align:left;width:100%;border-spacing:0px; padding:3px 3px 3px 3px"></table>
</td>
</tr>
</table>
</body><script type="text/javascript">
				function changeImage(attElement, nameElement) {
				document.getElementById('imageAttachment').src = attElement;
				document.getElementById('imageName').innerHTML = nameElement;}
			</script></html>
]]></description>
      <styleUrl>#PolyStyle00</styleUrl>
      <MultiGeometry>
        <Polygon>
          <extrude>0</extrude><altitudeMode>clampToGround</altitudeMode>
          <outerBoundaryIs><LinearRing><coordinates> -46.44727119311102,-22.94219897110561,0 -46.44747685367385,-22.94230920280739,0 -46.4476346109485,-22.94225694859927,0 -46.44864638242456,-22.94257042978148,0 -46.44858087041081,-22.94268337563721,0 -46.44851150210411,-22.94271278796474,0 -46.44839942769141,-22.94268473900947,0 -46.44830885786746,-22.94261495341733,0 -46.44822705913145,-22.94257413139098,0 -46.4482115161485,-22.94261443900513,0 -46.44817373383069,-22.94271242463864,0 -46.44810458495857,-22.94276755038209,0 -46.44806530167227,-22.94289391592145,0 -46.44796212335324,-22.94307742888021,0 -46.4478534645657,-22.94317745057883,0 -46.4478573838112,-22.94333401175522,0 -46.44786155756481,-22.94352324440218,0 -46.447847545228,-22.94363608593659,0 -46.44804105235266,-22.94393595767826,0 -46.44810047865412,-22.94387216516823,0 -46.44813678878171,-22.94369734235841,0 -46.44815563677317,-22.94360659267004,0 -46.44823062494333,-22.94348357530669,0 -46.44828320830339,-22.94333261780606,0 -46.44841241570037,-22.94317836069275,0 -46.44854459895402,-22.94319115804547,0 -46.44858786713633,-22.94314649411535,0 -46.44867073156895,-22.94297823275918,0 -46.44874151091193,-22.94287999891275,0 -46.44883803334854,-22.94274603769939,0 -46.44883741191701,-22.94270192955035,0 -46.44883640737427,-22.94263051078942,0 -46.44897801102633,-22.94267511896154,0 -46.4486404738787,-22.94323214464771,0 -46.4487867324217,-22.94332406974997,0 -46.44904851337816,-22.94328589622711,0 -46.44928902986481,-22.94333957586071,0 -46.44940313134941,-22.94342097080115,0 -46.44944188043837,-22.94317148807372,0 -46.45001042014474,-22.94322375757029,0 -46.45009035278753,-22.94334375680887,0 -46.45011688098924,-22.94347079324245,0 -46.45021190515524,-22.94353298675787,0 -46.45028472056339,-22.94370442991544,0 -46.45030605158297,-22.94381872205633,0 -46.45024483293265,-22.94388628362505,0 -46.45010896965317,-22.94383373803651,0 -46.45007247966117,-22.94377723543102,0 -46.44998796227457,-22.94376302074675,0 -46.44998055186096,-22.94382489230494,0 -46.44987023202555,-22.94385093487275,0 -46.44976735677806,-22.94377589634052,0 -46.44975607208499,-22.94361155962573,0 -46.44969370140313,-22.94357961210938,0 -46.44952767486228,-22.94368963786644,0 -46.44950514324773,-22.94384561538282,0 -46.44951143130749,-22.94395979330977,0 -46.4496151932865,-22.9440843440172,0 -46.44985421779785,-22.94427426374626,0 -46.44999198314349,-22.9443816571877,0 -46.45005404625721,-22.94428631466166,0 -46.45013810229154,-22.94431896185057,0 -46.45017582795208,-22.94428269489043,0 -46.45010844444909,-22.94422214623498,0 -46.45008588585489,-22.94414636576215,0 -46.45013286823723,-22.94396292564849,0 -46.45021389535493,-22.94395698562638,0 -46.45026555061463,-22.94401983294888,0 -46.45029545217335,-22.94416558157629,0 -46.45025684787522,-22.94435236357067,0 -46.45021438098883,-22.94465037821233,0 -46.45022755515748,-22.94492914376493,0 -46.45024609198349,-22.94523368658532,0 -46.4502346930766,-22.94550112068016,0 -46.45000947585658,-22.94553997678844,0 -46.44994007427499,-22.9454970188723,0 -46.44986346102985,-22.94548952572096,0 -46.44975631130467,-22.9455968975787,0 -46.4496867802207,-22.94560374501676,0 -46.44969339923097,-22.94545626609376,0 -46.44961941470417,-22.94534157195597,0 -46.44959629313439,-22.94540409642184,0 -46.44953850359899,-22.9454091892826,0 -46.44949281893838,-22.94544633757834,0 -46.44946903366895,-22.9454090696728,0 -46.4494007283609,-22.94540260714459,0 -46.44943094288367,-22.94533849807316,0 -46.44941994687304,-22.94523145626664,0 -46.44944648856455,-22.94520727439614,0 -46.44960267022702,-22.94523407599177,0 -46.44971150168442,-22.94543570939044,0 -46.44978751058511,-22.94547173623159,0 -46.44992232615436,-22.94546411357794,0 -46.45009602301302,-22.94524115095829,0 -46.4501364043715,-22.94502876976185,0 -46.45009348422688,-22.94492886137785,0 -46.44999210365263,-22.94488359939855,0 -46.44995392203583,-22.94479944803606,0 -46.44990028826766,-22.94471027575853,0 -46.44980634418738,-22.94485536878021,0 -46.4497129280092,-22.94485121571095,0 -46.44962305336119,-22.9449209365519,0 -46.44961464829732,-22.94506610691524,0 -46.44956635470345,-22.94509987735739,0 -46.44949510321641,-22.94510429212932,0 -46.44945784969998,-22.94506085667311,0 -46.44948006835044,-22.94486087802705,0 -46.44932154665202,-22.94484459670072,0 -46.44921664163468,-22.94492739098627,0 -46.44910388013989,-22.94488932178475,0 -46.44906380634956,-22.94495737168531,0 -46.44899761534765,-22.94495686806499,0 -46.44896695116381,-22.94486221621825,0 -46.44887703244905,-22.94486284214638,0 -46.44888171971553,-22.94506237113147,0 -46.44875604485555,-22.94513321072906,0 -46.44866645978926,-22.94508886156165,0 -46.44860351713858,-22.94505770185139,0 -46.44859092303261,-22.94505146685168,0 -46.44854263933131,-22.9450704731238,0 -46.44858230033287,-22.94513665513252,0 -46.44871885878826,-22.94521292033993,0 -46.44877140797406,-22.94531775790814,0 -46.4490996740107,-22.94554894662656,0 -46.4492268543358,-22.94572736042932,0 -46.44938362055763,-22.94601213884908,0 -46.44950467739892,-22.9462823023863,0 -46.44935974175866,-22.9463094754019,0 -46.44928427694776,-22.94630026724349,0 -46.44931086360543,-22.94651084619853,0 -46.44954451466759,-22.94662343862076,0 -46.44999825591474,-22.94662439909672,0 -46.45016629423907,-22.94665067099163,0 -46.45022965417515,-22.94668748384025,0 -46.45019600604081,-22.9466884020481,0 -46.45003997456514,-22.94669729094716,0 -46.449915131578,-22.94670624369815,0 -46.44973259618234,-22.94671937290071,0 -46.44937181605646,-22.94674762690144,0 -46.4492696665618,-22.94675638180155,0 -46.44909030217564,-22.94678488491444,0 -46.44893785899497,-22.94681810407218,0 -46.44866867212147,-22.94688397401615,0 -46.44855691606875,-22.94690345962692,0 -46.44849311996148,-22.94691369930775,0 -46.44832198077478,-22.94693603127281,0 -46.44829401006047,-22.94694067087522,0 -46.4481547491423,-22.94665326013978,0 -46.44823508737932,-22.94668865385823,0 -46.44839451559437,-22.94673650138839,0 -46.44842602963752,-22.94684584096273,0 -46.44852402786154,-22.94687058401019,0 -46.44874020689497,-22.94678820161413,0 -46.44876546075739,-22.94671521983154,0 -46.44887808465587,-22.94662543961233,0 -46.44903251084168,-22.94653512969248,0 -46.4491770381897,-22.94634436190276,0 -46.44906193396105,-22.94627162293697,0 -46.44891809099703,-22.94631273994095,0 -46.44879844429271,-22.94621519137792,0 -46.44872792485381,-22.94612617468315,0 -46.44856353058242,-22.94619118217724,0 -46.44847987384708,-22.94628253531075,0 -46.44847216485845,-22.94640455892322,0 -46.44813313483627,-22.94656113269006,0 -46.44812104075339,-22.94657379604381,0 -46.44791406538178,-22.94615652320493,0 -46.44778201163047,-22.94581963986445,0 -46.44776881497875,-22.94571135069824,0 -46.44773397344409,-22.94533741888672,0 -46.44774830773817,-22.94491224010773,0 -46.44777784956808,-22.94453577310741,0 -46.44781212542921,-22.94382592382726,0 -46.44781550328281,-22.94317804862799,0 -46.4478204468561,-22.94290982942505,0 -46.44777919585318,-22.94278820061491,0 -46.44774836079818,-22.94269650843707,0 -46.44769270085744,-22.9425865843034,0 -46.44760059499141,-22.9424750701683,0 -46.4474946152842,-22.94237855672498,0 -46.44740954841188,-22.94232179421541,0 -46.44725880944646,-22.94225805296674,0 -46.44727119311102,-22.94219897110561,0</coordinates></LinearRing></outerBoundaryIs>
          <innerBoundaryIs><LinearRing><coordinates> -46.44825653441148,-22.9441506932998,0 -46.44834978061783,-22.94440131726692,0 -46.44849215319027,-22.94467716541881,0 -46.44858055834607,-22.94474255782273,0 -46.44856100258817,-22.94480277912493,0 -46.44859763737106,-22.9448375667003,0 -46.44863796656887,-22.94484770655634,0 -46.44874952477073,-22.94482924797138,0 -46.4487481101371,-22.94470805443312,0 -46.44879355018214,-22.94467356723131,0 -46.44867219566527,-22.94448878802713,0 -46.44863561843897,-22.9442332249833,0 -46.44861593227938,-22.94409623035671,0 -46.44863915277467,-22.94398703017725,0 -46.4485733188036,-22.94377608339948,0 -46.44854434534523,-22.94366054299963,0 -46.44841078792746,-22.94353932158236,0 -46.44829772156255,-22.94396737999056,0 -46.44825653441148,-22.9441506932998,0</coordinates></LinearRing></innerBoundaryIs>
          <innerBoundaryIs><LinearRing><coordinates> -46.44854307100587,-22.94485800109586,0 -46.44842057075272,-22.94486034562839,0 -46.44843582595258,-22.94493619355046,0 -46.44847280517575,-22.94499745536827,0 -46.44847921104672,-22.94500274877777,0 -46.44855753839965,-22.94502159497057,0 -46.44858602172746,-22.94488455627718,0 -46.44858392810573,-22.9448706653489,0 -46.44854567274456,-22.94484998903573,0 -46.44854307100587,-22.94485800109586,0</coordinates></LinearRing></innerBoundaryIs>
        </Polygon>
      </MultiGeometry>
    </Placemark>
    <Placemark id="ID_00024">
      <name></name>
      <snippet></snippet>
      <description><![CDATA[<html xmlns:fo="http://www.w3.org/1999/XSL/Format" xmlns:msxsl="urn:schemas-microsoft-com:xslt">
<head>
<META http-equiv="Content-Type" content="text/html">
<meta http-equiv="content-type" content="text/html; charset=UTF-8">
</head>
<body style="margin:0px 0px 0px 0px;overflow:auto;background:#FFFFFF;">
<table style="font-family:Arial,Verdana,Times;font-size:12px;text-align:left;width:100%;border-collapse:collapse;padding:3px 3px 3px 3px">
<tr style="text-align:center;font-weight:bold;background:#9CBCE2">
<td></td>
</tr>
<tr>
<td>
<table style="font-family:Arial,Verdana,Times;font-size:12px;text-align:left;width:100%;border-spacing:0px; padding:3px 3px 3px 3px"></table>
</td>
</tr>
</table>
</body><script type="text/javascript">
				function changeImage(attElement, nameElement) {
				document.getElementById('imageAttachment').src = attElement;
				document.getElementById('imageName').innerHTML = nameElement;}
			</script></html>
]]></description>
      <styleUrl>#PolyStyle00</styleUrl>
      <MultiGeometry>
        <Polygon>
          <extrude>0</extrude><altitudeMode>clampToGround</altitudeMode>
          <outerBoundaryIs><LinearRing><coordinates> -46.44294516988361,-22.93800331180337,0 -46.44315309943596,-22.93789193526453,0 -46.44318633568081,-22.93782347167581,0 -46.44318352709803,-22.93774137616354,0 -46.4431772552261,-22.93754053686626,0 -46.44334842678842,-22.93755336569522,0 -46.4434216612806,-22.93755897206886,0 -46.44358846933233,-22.93768409114785,0 -46.44380128310269,-22.93784575507748,0 -46.44409822215516,-22.93811596178215,0 -46.44423874122486,-22.93824655143717,0 -46.4442991450894,-22.93830219608943,0 -46.44439317100803,-22.93841105542583,0 -46.4444637390103,-22.9384996080704,0 -46.44454936076437,-22.93860224229964,0 -46.44467264522638,-22.93874990108701,0 -46.44463213796274,-22.93877720360501,0 -46.44449934137145,-22.93882402860599,0 -46.44442646840672,-22.93899415065949,0 -46.44431832762864,-22.93900095043349,0 -46.44425763867906,-22.93910245601346,0 -46.44426466328354,-22.93917510684565,0 -46.44429438677652,-22.93948252659725,0 -46.44445179691287,-22.93953664689872,0 -46.44453401922955,-22.93941680414211,0 -46.44463844310961,-22.93928216394069,0 -46.4448455111114,-22.9393098189929,0 -46.44490332942508,-22.93930044086262,0 -46.44499584088534,-22.93928543567427,0 -46.44519805974261,-22.93957318005816,0 -46.44543123596271,-22.93990497233652,0 -46.44553336657157,-22.94005029738327,0 -46.4455964755968,-22.94013993910686,0 -46.44477009396462,-22.94014301388894,0 -46.44476896441614,-22.94017356116088,0 -46.44479299520054,-22.94017364299918,0 -46.44479093395439,-22.94016826775128,0 -46.44490057839892,-22.940169989953,0 -46.44490237164712,-22.94017401891579,0 -46.44560912366212,-22.94017644528667,0 -46.44562045332123,-22.94019657121475,0 -46.44546402074792,-22.94031167364477,0 -46.44578088877694,-22.94086376205293,0 -46.44565246738739,-22.94124719879915,0 -46.44545642957053,-22.94150657316975,0 -46.44530385239087,-22.94157443960864,0 -46.44505822415766,-22.94145628937622,0 -46.44501102324011,-22.94169050970921,0 -46.44512668504843,-22.94190222091072,0 -46.44516794774256,-22.94208517179324,0 -46.4450063620539,-22.94233996411799,0 -46.44499917197419,-22.94235942814505,0 -46.44480037593654,-22.94288147829754,0 -46.44486648599951,-22.9429964467286,0 -46.44509360888293,-22.94295512467921,0 -46.44523521433366,-22.94282973760225,0 -46.44553062723664,-22.94264515984621,0 -46.44578829199605,-22.94246160102202,0 -46.4458273009891,-22.94231739023531,0 -46.44602181355583,-22.9420968890601,0 -46.44599936198093,-22.94194734259576,0 -46.44606183338686,-22.94200731208773,0 -46.44623094370303,-22.94216957406657,0 -46.44637136834393,-22.94228255139858,0 -46.4464281749203,-22.94231148528678,0 -46.44646755623269,-22.94232365940929,0 -46.44668779480583,-22.9423335699383,0 -46.4469001733043,-22.94233215980131,0 -46.44697512280363,-22.94233728593696,0 -46.44711888033203,-22.9423660759336,0 -46.44719204557641,-22.94239878607505,0 -46.44719490542054,-22.94239877168593,0 -46.44721456010382,-22.94240885128741,0 -46.44722356591479,-22.94241287755219,0 -46.44722695186233,-22.94241437042681,0 -46.44722547067885,-22.94241444686919,0 -46.44741733744014,-22.94251283809695,0 -46.44742028092116,-22.94251198104304,0 -46.44743149456775,-22.94252009922317,0 -46.44743356660575,-22.94252116222179,0 -46.4474331933871,-22.94252132769705,0 -46.44745000981005,-22.9425335027189,0 -46.44754151582829,-22.94263606320374,0 -46.44755897076982,-22.94266988670585,0 -46.44757038226726,-22.94277501025846,0 -46.44758406725089,-22.94290308900633,0 -46.44759153162384,-22.94301057867523,0 -46.4476022533413,-22.94310109723778,0 -46.44761702110861,-22.94322388977062,0 -46.44766406284617,-22.94361850419059,0 -46.44764117869738,-22.94362605489847,0 -46.44751723503231,-22.9435052759477,0 -46.44742105793545,-22.94355828378771,0 -46.44737662962774,-22.94365550499754,0 -46.44739622135847,-22.94382977382498,0 -46.44743930787769,-22.9440231820242,0 -46.44755390578808,-22.94403462409859,0 -46.44758889121431,-22.9439551896802,0 -46.44762332805408,-22.94383145555721,0 -46.44766110227801,-22.94378179319517,0 -46.44765626032814,-22.94405877988874,0 -46.44762981756196,-22.9443271996405,0 -46.44762513659072,-22.94441439430881,0 -46.44761400478245,-22.9449112679406,0 -46.44744121084318,-22.94481216714773,0 -46.44732895656603,-22.94466960841566,0 -46.44719836870967,-22.94458889516135,0 -46.44705548891966,-22.94433062875549,0 -46.44713436216102,-22.94397256638081,0 -46.44706423572585,-22.94396370805861,0 -46.44676401504723,-22.94416647909969,0 -46.44662851509383,-22.94402667319235,0 -46.44653805138989,-22.94376839239737,0 -46.44628228779734,-22.94363758870371,0 -46.44595996987665,-22.94370911987994,0 -46.44567847757963,-22.94388164761989,0 -46.44567577871419,-22.94388496072231,0 -46.44557287199041,-22.94401128039625,0 -46.44548786357399,-22.94388588702402,0 -46.44524793524397,-22.94384214399968,0 -46.44510519125151,-22.94383654841795,0 -46.44494913729284,-22.94347639781743,0 -46.44480800308684,-22.94372384358048,0 -46.44470939871974,-22.94383681911388,0 -46.44449492570021,-22.94409837793773,0 -46.44452612138338,-22.94424964660384,0 -46.44442622109318,-22.94425806335891,0 -46.44424410568087,-22.94403680675316,0 -46.44421786885954,-22.94386453172273,0 -46.44400653177598,-22.94367534224317,0 -46.4437432102809,-22.94332471096657,0 -46.44313342406821,-22.94240012336695,0 -46.44325307526918,-22.94230746531724,0 -46.44311941982534,-22.94221067668133,0 -46.44296152225638,-22.94221211289863,0 -46.4428000678688,-22.94210802806299,0 -46.4426085608364,-22.94206444062137,0 -46.44250618291397,-22.94216100802407,0 -46.44243820765712,-22.94227761591918,0 -46.44247123885658,-22.94244178715872,0 -46.44238971980968,-22.94242579091749,0 -46.4424064382065,-22.94239615555807,0 -46.44241316603473,-22.94236712993904,0 -46.44240960921605,-22.94233415090033,0 -46.44239714101519,-22.94231374528307,0 -46.44236914691856,-22.94229512841741,0 -46.44233423433741,-22.94228422503693,0 -46.44231004886962,-22.94228058098401,0 -46.4421555687245,-22.94227873287718,0 -46.44209934041219,-22.94227146455645,0 -46.442058295354,-22.94225567695788,0 -46.44203862628154,-22.94224341560114,0 -46.44201385625446,-22.94221890098146,0 -46.4419680645745,-22.94216925210923,0 -46.44188870210189,-22.94206026686777,0 -46.44179463481453,-22.941929607965,0 -46.44175001225324,-22.94184836770797,0 -46.44167339631014,-22.94171324007392,0 -46.44165863933473,-22.94165077856053,0 -46.44166014390049,-22.94158946817936,0 -46.44167173526233,-22.94153123617759,0 -46.44169012280088,-22.94147952785789,0 -46.44174809669727,-22.94138815134203,0 -46.44173481191199,-22.94130968459421,0 -46.44170702016282,-22.94124798660527,0 -46.44174946276746,-22.94119954822054,0 -46.4418560288326,-22.94112422640188,0 -46.44187059695044,-22.94107618371885,0 -46.44176188330427,-22.94094699880492,0 -46.44171096458928,-22.94086042107154,0 -46.44168903282259,-22.94079038276988,0 -46.441630728875,-22.94072238323132,0 -46.44165202931765,-22.94061420468177,0 -46.44120913299502,-22.93956386038383,0 -46.44262194814434,-22.93892710889889,0 -46.44299646541452,-22.9393157680082,0 -46.44302887068579,-22.93949003593641,0 -46.44290939395331,-22.93977254176935,0 -46.44295777298283,-22.94005122188634,0 -46.44305824973839,-22.94014247159777,0 -46.44325054367761,-22.94013194503322,0 -46.44335669515533,-22.93992273844355,0 -46.44353229318074,-22.93970778518609,0 -46.44346958435381,-22.93955596343692,0 -46.44330586996989,-22.93944916624599,0 -46.44341977000638,-22.93925022092094,0 -46.44340566863667,-22.93914973157476,0 -46.4433924827768,-22.93905576591084,0 -46.44336085901637,-22.93883040030266,0 -46.44332730171357,-22.93859126337606,0 -46.44323277217467,-22.93842593111178,0 -46.44311867968327,-22.93858461378885,0 -46.44310622767023,-22.93865178505178,0 -46.44307237538976,-22.93865975124644,0 -46.44268365062994,-22.93814408987781,0 -46.44294516988361,-22.93800331180337,0</coordinates></LinearRing></outerBoundaryIs>
          <innerBoundaryIs><LinearRing><coordinates> -46.44462756580947,-22.93984100625736,0 -46.44457970838681,-22.93993435408713,0 -46.44472611711654,-22.94005932207999,0 -46.44488286625125,-22.93996616130926,0 -46.44524071908388,-22.93994238683166,0 -46.44522709255624,-22.93980988881525,0 -46.44504639627412,-22.93957403801143,0 -46.44484938898808,-22.93950178378025,0 -46.44465357060574,-22.93958184322739,0 -46.44462756580947,-22.93984100625736,0</coordinates></LinearRing></innerBoundaryIs>
          <innerBoundaryIs><LinearRing><coordinates> -46.44517593821895,-22.94088086895688,0 -46.44496337086282,-22.94045919213794,0 -46.44465020264472,-22.9405972317768,0 -46.44454389918155,-22.94075386669753,0 -46.44464652801481,-22.94094764901473,0 -46.44482442560673,-22.9411137079312,0 -46.4448791043871,-22.94126575091359,0 -46.44481036740451,-22.94134617638492,0 -46.44496846282425,-22.94150298577416,0 -46.4452158807083,-22.94119976495717,0 -46.44517593821895,-22.94088086895688,0</coordinates></LinearRing></innerBoundaryIs>
          <innerBoundaryIs><LinearRing><coordinates> -46.44477561939925,-22.94225910607287,0 -46.44467812479559,-22.94214997334258,0 -46.44465487822004,-22.94178217310877,0 -46.4443187161358,-22.94176990006081,0 -46.44431604335067,-22.94204386323365,0 -46.44421996787719,-22.94216961093877,0 -46.44395883443264,-22.94225390979006,0 -46.44378784003675,-22.94240730984948,0 -46.44418191216545,-22.94245191892087,0 -46.44431087404757,-22.94257666837848,0 -46.44456312039165,-22.94260698272603,0 -46.44467599340231,-22.94249396492449,0 -46.44477561939925,-22.94225910607287,0</coordinates></LinearRing></innerBoundaryIs>
          <innerBoundaryIs><LinearRing><coordinates> -46.44609582865951,-22.94278881844917,0 -46.44624992659277,-22.94285294640633,0 -46.44734697358395,-22.94256449785326,0 -46.44729033428143,-22.94251989687571,0 -46.44722707057281,-22.9424754056154,0 -46.44705589901049,-22.94241854597907,0 -46.44675767482681,-22.94241763856315,0 -46.44660951871428,-22.94243125070158,0 -46.44648596085837,-22.94244260194449,0 -46.44641587759065,-22.94244904109037,0 -46.44617197875379,-22.94254903940658,0 -46.44603228975831,-22.94253144686871,0 -46.44590162725825,-22.94262022614246,0 -46.44609582865951,-22.94278881844917,0</coordinates></LinearRing></innerBoundaryIs>
        </Polygon>
      </MultiGeometry>
    </Placemark>
    <Placemark id="ID_00025">
      <name></name>
      <snippet></snippet>
      <description><![CDATA[<html xmlns:fo="http://www.w3.org/1999/XSL/Format" xmlns:msxsl="urn:schemas-microsoft-com:xslt">
<head>
<META http-equiv="Content-Type" content="text/html">
<meta http-equiv="content-type" content="text/html; charset=UTF-8">
</head>
<body style="margin:0px 0px 0px 0px;overflow:auto;background:#FFFFFF;">
<table style="font-family:Arial,Verdana,Times;font-size:12px;text-align:left;width:100%;border-collapse:collapse;padding:3px 3px 3px 3px">
<tr style="text-align:center;font-weight:bold;background:#9CBCE2">
<td></td>
</tr>
<tr>
<td>
<table style="font-family:Arial,Verdana,Times;font-size:12px;text-align:left;width:100%;border-spacing:0px; padding:3px 3px 3px 3px"></table>
</td>
</tr>
</table>
</body><script type="text/javascript">
				function changeImage(attElement, nameElement) {
				document.getElementById('imageAttachment').src = attElement;
				document.getElementById('imageName').innerHTML = nameElement;}
			</script></html>
]]></description>
      <styleUrl>#PolyStyle00</styleUrl>
      <MultiGeometry>
        <Polygon>
          <extrude>0</extrude><altitudeMode>clampToGround</altitudeMode>
          <outerBoundaryIs><LinearRing><coordinates> -46.43803677357818,-22.93960070560801,0 -46.43791528326369,-22.93947642559653,0 -46.43950638181406,-22.93995252488907,0 -46.43951963782098,-22.93995649089931,0 -46.44002962806485,-22.9401090896627,0 -46.44003653575749,-22.94011115720409,0 -46.44076601274129,-22.94032942626194,0 -46.44078498124184,-22.9406909807042,0 -46.4408039938092,-22.9408389263753,0 -46.44075750875197,-22.94093575997732,0 -46.44064485427657,-22.94099721874657,0 -46.44052044206472,-22.94097370597169,0 -46.44044466788705,-22.9408450660469,0 -46.44028536917443,-22.94076140391558,0 -46.44017518603597,-22.94078216476504,0 -46.44001630730668,-22.94085619965388,0 -46.43978125420148,-22.94093604955902,0 -46.43968805655851,-22.94102982007005,0 -46.43980558176214,-22.94114380374351,0 -46.43976378307207,-22.94126576890006,0 -46.43980787593267,-22.94138477528708,0 -46.43973899955511,-22.94151290169903,0 -46.43975509472182,-22.94164361276244,0 -46.43987189057526,-22.94170361822734,0 -46.43994340196639,-22.94182140873096,0 -46.44009819057896,-22.94178630279561,0 -46.44023257717168,-22.94187251990081,0 -46.44046688114162,-22.94182008942555,0 -46.44062020565792,-22.94174398969336,0 -46.44048310131405,-22.94167001775707,0 -46.44049552005214,-22.94161398279902,0 -46.4406024503428,-22.94152658398463,0 -46.44070363216684,-22.94142363229474,0 -46.44082049097284,-22.94127356062625,0 -46.44096226819409,-22.94136195409083,0 -46.44104338794195,-22.94128529228236,0 -46.44113124271264,-22.94138576993731,0 -46.44115548573706,-22.94125753740538,0 -46.44119943020951,-22.9411545776216,0 -46.44130967000524,-22.94118658898986,0 -46.4413372459171,-22.94126873396486,0 -46.44129778996096,-22.94143284225179,0 -46.44143833331236,-22.9416167886838,0 -46.44155651502109,-22.94168146073076,0 -46.44158149369093,-22.94166105241561,0 -46.44161230986016,-22.94165288657143,0 -46.44161333778527,-22.94168334031386,0 -46.44171264092557,-22.94189530332557,0 -46.44178799242188,-22.94200722485352,0 -46.44187299634165,-22.94214237856793,0 -46.44193110693499,-22.94222460268322,0 -46.44197610721153,-22.94226707856279,0 -46.44203730787541,-22.9423097037298,0 -46.44217802299733,-22.94233894878339,0 -46.44228456927744,-22.94233264543522,0 -46.44232374194707,-22.94235896229624,0 -46.44233459406621,-22.94237914668025,0 -46.44229252108295,-22.94240397156597,0 -46.4420515306536,-22.94243556474948,0 -46.44170642930823,-22.94251127597453,0 -46.44145691600381,-22.94260525782637,0 -46.44139166029686,-22.9425795129341,0 -46.4411011900678,-22.94242533406186,0 -46.44096210811478,-22.94235357175987,0 -46.44071332505985,-22.94221758167602,0 -46.44061660207449,-22.94218807491966,0 -46.44049693288713,-22.94217034028896,0 -46.44027290277223,-22.94218369342268,0 -46.44012824412312,-22.94214985283339,0 -46.44007478032683,-22.94211173956505,0 -46.43993234570114,-22.94196836155062,0 -46.43976153836427,-22.94183132285722,0 -46.43957306294647,-22.94173021118025,0 -46.43932989795638,-22.94160933600199,0 -46.4390520946784,-22.94150245607345,0 -46.43887556225735,-22.94135893326815,0 -46.43855852155849,-22.94111758580789,0 -46.43844763694887,-22.94101174909293,0 -46.43832284612239,-22.94085739125558,0 -46.43821635110368,-22.94075793882775,0 -46.43809806327495,-22.94067486125579,0 -46.43798059023204,-22.94053627662782,0 -46.43788524680667,-22.9404378719102,0 -46.43797701992349,-22.9402639349326,0 -46.43808448800866,-22.94011065808034,0 -46.43803350004595,-22.93986461705839,0 -46.43803677357818,-22.93960070560801,0</coordinates></LinearRing></outerBoundaryIs>
          <innerBoundaryIs><LinearRing><coordinates> -46.439589062785,-22.94029359277506,0 -46.44001074230187,-22.94018058216807,0 -46.4395042423269,-22.94002843936098,0 -46.43924669268069,-22.94006854013099,0 -46.43907598696717,-22.9401226514391,0 -46.4390458380949,-22.94028568323764,0 -46.43913255882051,-22.94041649592452,0 -46.43912753340891,-22.94049520458998,0 -46.43896461762296,-22.94060045224903,0 -46.43882473617259,-22.94071023968576,0 -46.43869860085971,-22.9411254341914,0 -46.43897074380476,-22.94130254127919,0 -46.43911305162602,-22.94124534799438,0 -46.43926357835142,-22.94129012703768,0 -46.4391986320112,-22.94147881919213,0 -46.43933689827918,-22.94150125817646,0 -46.43953235333539,-22.94121494281529,0 -46.43945628058282,-22.94114407893607,0 -46.43936520174265,-22.9410691249401,0 -46.43939940565798,-22.94098856906717,0 -46.43964036640973,-22.94096759327976,0 -46.43970891993069,-22.94076998434724,0 -46.43983667132529,-22.94052091800592,0 -46.43978907470597,-22.94042429484531,0 -46.43968309320013,-22.94041744470927,0 -46.43954840083797,-22.94045043274122,0 -46.43943954509887,-22.94051549869125,0 -46.43940666768351,-22.9404428037923,0 -46.4394352373463,-22.94038899105903,0 -46.439589062785,-22.94029359277506,0</coordinates></LinearRing></innerBoundaryIs>
        </Polygon>
      </MultiGeometry>
    </Placemark>
    <Placemark id="ID_00026">
      <name></name>
      <snippet></snippet>
      <description><![CDATA[<html xmlns:fo="http://www.w3.org/1999/XSL/Format" xmlns:msxsl="urn:schemas-microsoft-com:xslt">
<head>
<META http-equiv="Content-Type" content="text/html">
<meta http-equiv="content-type" content="text/html; charset=UTF-8">
</head>
<body style="margin:0px 0px 0px 0px;overflow:auto;background:#FFFFFF;">
<table style="font-family:Arial,Verdana,Times;font-size:12px;text-align:left;width:100%;border-collapse:collapse;padding:3px 3px 3px 3px">
<tr style="text-align:center;font-weight:bold;background:#9CBCE2">
<td></td>
</tr>
<tr>
<td>
<table style="font-family:Arial,Verdana,Times;font-size:12px;text-align:left;width:100%;border-spacing:0px; padding:3px 3px 3px 3px"></table>
</td>
</tr>
</table>
</body><script type="text/javascript">
				function changeImage(attElement, nameElement) {
				document.getElementById('imageAttachment').src = attElement;
				document.getElementById('imageName').innerHTML = nameElement;}
			</script></html>
]]></description>
      <styleUrl>#PolyStyle00</styleUrl>
      <MultiGeometry>
        <Polygon>
          <extrude>0</extrude><altitudeMode>clampToGround</altitudeMode>
          <outerBoundaryIs><LinearRing><coordinates> -46.4410316868628,-22.94266382797325,0 -46.44035802000656,-22.94256449695396,0 -46.44004975489224,-22.94281363793898,0 -46.43952552568243,-22.94286903707638,0 -46.43938660740599,-22.94303397723622,0 -46.43921574071385,-22.94334728934586,0 -46.43898796222464,-22.9438209568716,0 -46.43875364836213,-22.9436994944361,0 -46.43856313867786,-22.94350522198833,0 -46.43835641421708,-22.94313061208805,0 -46.4382304497754,-22.94279160544819,0 -46.43815145692418,-22.94244217026988,0 -46.43806243033686,-22.94213685583115,0 -46.43800453198349,-22.94195213688157,0 -46.43813583659954,-22.94191994924619,0 -46.4381499901299,-22.94198626795185,0 -46.43838728614431,-22.94189998609545,0 -46.43883633382973,-22.94306596342341,0 -46.43960007498344,-22.9421577371898,0 -46.43937066332541,-22.94170457510604,0 -46.43935577055232,-22.94167923940535,0 -46.43946877216604,-22.94173083171244,0 -46.43962859068688,-22.9418165631838,0 -46.43977164494544,-22.9419058370847,0 -46.43983009458315,-22.94195161707341,0 -46.4399061412554,-22.94202032617701,0 -46.4399649407294,-22.94208072914229,0 -46.44002755962413,-22.94214402522655,0 -46.44006306216056,-22.94217586122699,0 -46.44012187782236,-22.94219872828864,0 -46.44022428901968,-22.94222672598253,0 -46.44029532377015,-22.94223437381724,0 -46.44047160168304,-22.94222708661072,0 -46.44052399708477,-22.94222650564864,0 -46.44059953024408,-22.94223118302261,0 -46.440636268449,-22.94223966093154,0 -46.44070288213226,-22.94227286210287,0 -46.44078448031945,-22.94231745678513,0 -46.44090532042418,-22.94238338788302,0 -46.44097833638108,-22.94242137434693,0 -46.44105651894313,-22.94246239062677,0 -46.4411502984475,-22.94250664896264,0 -46.44124101576023,-22.94256028273082,0 -46.44136552779685,-22.94264033138614,0 -46.44120058583832,-22.94275023033879,0 -46.4410316868628,-22.94266382797325,0</coordinates></LinearRing></outerBoundaryIs>
        </Polygon>
      </MultiGeometry>
    </Placemark>
    <Placemark id="ID_00027">
      <name></name>
      <snippet></snippet>
      <description><![CDATA[<html xmlns:fo="http://www.w3.org/1999/XSL/Format" xmlns:msxsl="urn:schemas-microsoft-com:xslt">
<head>
<META http-equiv="Content-Type" content="text/html">
<meta http-equiv="content-type" content="text/html; charset=UTF-8">
</head>
<body style="margin:0px 0px 0px 0px;overflow:auto;background:#FFFFFF;">
<table style="font-family:Arial,Verdana,Times;font-size:12px;text-align:left;width:100%;border-collapse:collapse;padding:3px 3px 3px 3px">
<tr style="text-align:center;font-weight:bold;background:#9CBCE2">
<td></td>
</tr>
<tr>
<td>
<table style="font-family:Arial,Verdana,Times;font-size:12px;text-align:left;width:100%;border-spacing:0px; padding:3px 3px 3px 3px"></table>
</td>
</tr>
</table>
</body><script type="text/javascript">
				function changeImage(attElement, nameElement) {
				document.getElementById('imageAttachment').src = attElement;
				document.getElementById('imageName').innerHTML = nameElement;}
			</script></html>
]]></description>
      <styleUrl>#PolyStyle00</styleUrl>
      <MultiGeometry>
        <Polygon>
          <extrude>0</extrude><altitudeMode>clampToGround</altitudeMode>
          <outerBoundaryIs><LinearRing><coordinates> -46.4453347755794,-22.96289380310652,0 -46.44482978736477,-22.96292603390929,0 -46.44463242214853,-22.96249321179227,0 -46.44534346482904,-22.9620595416145,0 -46.44561150236886,-22.9618940321838,0 -46.44562269173377,-22.9612038582714,0 -46.44569597029277,-22.96099340072483,0 -46.44581846065341,-22.9606349723261,0 -46.44584291321985,-22.96037769787239,0 -46.44561438019946,-22.96009563090861,0 -46.4453930534466,-22.95987921895071,0 -46.44528454484585,-22.95962421528524,0 -46.44552587342024,-22.95955242420495,0 -46.44601857239917,-22.95980835327279,0 -46.44605331231048,-22.95973433097452,0 -46.44606337392554,-22.9594657736265,0 -46.44586082681566,-22.9593058588782,0 -46.44546797866421,-22.95912071634792,0 -46.44546423388728,-22.95908348531452,0 -46.44593748682553,-22.95925969577831,0 -46.44635864563497,-22.95941766799093,0 -46.44659087576827,-22.95950408294705,0 -46.44676750081948,-22.95955372102736,0 -46.44691407322586,-22.9595928559255,0 -46.44720698421492,-22.95961697124621,0 -46.44748373888343,-22.95955588119893,0 -46.44786901294453,-22.95938811896644,0 -46.44800521706707,-22.95971505670444,0 -46.44789491162084,-22.95988186385687,0 -46.44791297900076,-22.96010035414801,0 -46.44776499375941,-22.96016740130451,0 -46.44765000104668,-22.96021318399119,0 -46.44748404375354,-22.96027931024193,0 -46.4476590949912,-22.96039642625402,0 -46.44758888222111,-22.96049670156151,0 -46.44747312238667,-22.96055806140541,0 -46.4473821766461,-22.960497029814,0 -46.44701379814825,-22.96249726143942,0 -46.44669659287342,-22.962872168116,0 -46.44548531579465,-22.96288667238193,0 -46.4453347755794,-22.96289380310652,0</coordinates></LinearRing></outerBoundaryIs>
        </Polygon>
      </MultiGeometry>
    </Placemark>
    <Placemark id="ID_00028">
      <name></name>
      <snippet></snippet>
      <description><![CDATA[<html xmlns:fo="http://www.w3.org/1999/XSL/Format" xmlns:msxsl="urn:schemas-microsoft-com:xslt">
<head>
<META http-equiv="Content-Type" content="text/html">
<meta http-equiv="content-type" content="text/html; charset=UTF-8">
</head>
<body style="margin:0px 0px 0px 0px;overflow:auto;background:#FFFFFF;">
<table style="font-family:Arial,Verdana,Times;font-size:12px;text-align:left;width:100%;border-collapse:collapse;padding:3px 3px 3px 3px">
<tr style="text-align:center;font-weight:bold;background:#9CBCE2">
<td></td>
</tr>
<tr>
<td>
<table style="font-family:Arial,Verdana,Times;font-size:12px;text-align:left;width:100%;border-spacing:0px; padding:3px 3px 3px 3px"></table>
</td>
</tr>
</table>
</body><script type="text/javascript">
				function changeImage(attElement, nameElement) {
				document.getElementById('imageAttachment').src = attElement;
				document.getElementById('imageName').innerHTML = nameElement;}
			</script></html>
]]></description>
      <styleUrl>#PolyStyle00</styleUrl>
      <MultiGeometry>
        <Polygon>
          <extrude>0</extrude><altitudeMode>clampToGround</altitudeMode>
          <outerBoundaryIs><LinearRing><coordinates> -46.44786971531506,-22.95651218239124,0 -46.44797010033982,-22.95675407394133,0 -46.44823410711831,-22.95723894162381,0 -46.44838618787225,-22.9575706673524,0 -46.44850522123892,-22.95795978871327,0 -46.44839419903303,-22.95801717805028,0 -46.44835704893859,-22.95822402661747,0 -46.44820563997826,-22.95869546292521,0 -46.44777045264425,-22.95917245164732,0 -46.44786867929604,-22.95938700560577,0 -46.44748376766171,-22.95955481280429,0 -46.44720697702036,-22.9596169073943,0 -46.44691406063534,-22.95959278487908,0 -46.44676750081948,-22.95955372102736,0 -46.4465907066957,-22.95950370972838,0 -46.44629804302025,-22.95939331974586,0 -46.44580407689659,-22.95920949382305,0 -46.44546401715065,-22.95908323440369,0 -46.4454678221822,-22.95912067318045,0 -46.44544293704189,-22.95911215120475,0 -46.4450252729979,-22.95907132018521,0 -46.44471681632797,-22.95910590721177,0 -46.44454838589922,-22.95919292561297,0 -46.44438811322077,-22.95916768434115,0 -46.44396106115403,-22.95919874422663,0 -46.44383554367533,-22.95851791067297,0 -46.44437749222743,-22.9582642478967,0 -46.44481125593467,-22.95837043444794,0 -46.44526026584856,-22.95855247791445,0 -46.44586949178358,-22.95864247936688,0 -46.44668016855491,-22.95866480503667,0 -46.44725146558261,-22.95832314809478,0 -46.44742118563916,-22.95791151490441,0 -46.44767255424495,-22.95757155498324,0 -46.44772049260661,-22.95731093415225,0 -46.44779111996417,-22.95692697220201,0 -46.44785095725581,-22.95665049092734,0 -46.44782173108797,-22.95639765822528,0 -46.4477810331681,-22.95618764674248,0 -46.44786971531506,-22.95651218239124,0</coordinates></LinearRing></outerBoundaryIs>
        </Polygon>
      </MultiGeometry>
    </Placemark>
    <Placemark id="ID_00029">
      <name></name>
      <snippet></snippet>
      <description><![CDATA[<html xmlns:fo="http://www.w3.org/1999/XSL/Format" xmlns:msxsl="urn:schemas-microsoft-com:xslt">
<head>
<META http-equiv="Content-Type" content="text/html">
<meta http-equiv="content-type" content="text/html; charset=UTF-8">
</head>
<body style="margin:0px 0px 0px 0px;overflow:auto;background:#FFFFFF;">
<table style="font-family:Arial,Verdana,Times;font-size:12px;text-align:left;width:100%;border-collapse:collapse;padding:3px 3px 3px 3px">
<tr style="text-align:center;font-weight:bold;background:#9CBCE2">
<td></td>
</tr>
<tr>
<td>
<table style="font-family:Arial,Verdana,Times;font-size:12px;text-align:left;width:100%;border-spacing:0px; padding:3px 3px 3px 3px"></table>
</td>
</tr>
</table>
</body><script type="text/javascript">
				function changeImage(attElement, nameElement) {
				document.getElementById('imageAttachment').src = attElement;
				document.getElementById('imageName').innerHTML = nameElement;}
			</script></html>
]]></description>
      <styleUrl>#PolyStyle00</styleUrl>
      <MultiGeometry>
        <Polygon>
          <extrude>0</extrude><altitudeMode>clampToGround</altitudeMode>
          <outerBoundaryIs><LinearRing><coordinates> -46.44197042709352,-22.9567555955942,0 -46.44192194464199,-22.95678571658749,0 -46.44149538900098,-22.95703996032585,0 -46.44131731424262,-22.95714071587127,0 -46.44128293765738,-22.95716247856547,0 -46.4411448215762,-22.95725380921588,0 -46.44110695742011,-22.95727838498942,0 -46.44105065536342,-22.95732017108893,0 -46.44101235323745,-22.95735585798639,0 -46.44098729183002,-22.95738498073225,0 -46.44093892539104,-22.95745676371865,0 -46.44090041462238,-22.95752191690292,0 -46.4408834372208,-22.95755978555559,0 -46.44087079904807,-22.95759641494253,0 -46.44085016410372,-22.95767711290841,0 -46.44083137906484,-22.95777978670778,0 -46.44082763608651,-22.95782714410738,0 -46.44082848234854,-22.95790131839106,0 -46.44083764104425,-22.95800282397113,0 -46.44086984396808,-22.95808760665767,0 -46.44095032789528,-22.95822877144059,0 -46.44102547794341,-22.95836272725802,0 -46.44106343203174,-22.95850363123752,0 -46.44107437138507,-22.95860340832062,0 -46.4410716869088,-22.95868462069862,0 -46.44106058837542,-22.95874210626317,0 -46.44103897586802,-22.95879377681133,0 -46.44100862824553,-22.95882495540729,0 -46.4409763308929,-22.9588414867452,0 -46.44091641715886,-22.95886029426716,0 -46.44075626229166,-22.95889929876357,0 -46.44054568243723,-22.95896193024884,0 -46.44039612787896,-22.95898439711219,0 -46.44014311621181,-22.95896964643196,0 -46.43993773713682,-22.95887970073755,0 -46.43958257057915,-22.95866292005769,0 -46.43928075360383,-22.95845211627209,0 -46.43812873914993,-22.95767137973037,0 -46.43763494389748,-22.95733776362686,0 -46.43737521969058,-22.95704166094385,0 -46.43743156671338,-22.95704467727001,0 -46.43745736016899,-22.95706012042821,0 -46.43747181407293,-22.95708174642538,0 -46.43749009998807,-22.95708565667769,0 -46.43751045434397,-22.95708093613625,0 -46.4375145039911,-22.95707342679714,0 -46.43750431826965,-22.95705953766746,0 -46.43751045884057,-22.95704604873615,0 -46.437508114308,-22.95703592236987,0 -46.43751875688508,-22.95702850386234,0 -46.43751604273115,-22.95702024628731,0 -46.4375258543347,-22.95701179805598,0 -46.4375194475644,-22.95699584768015,0 -46.43752218600002,-22.9569779565674,0 -46.43752550629705,-22.95696548297065,0 -46.43752205200104,-22.95695582605049,0 -46.43752985182118,-22.95694343878865,0 -46.43752867730654,-22.95693262084376,0 -46.43751901499053,-22.95692435067819,0 -46.4375229459272,-22.95691782429808,0 -46.4375340309707,-22.95691534756519,0 -46.43754094405927,-22.95690315815422,0 -46.43755533411132,-22.95688994981129,0 -46.4375668930976,-22.95689019172891,0 -46.43757210826613,-22.95688229208406,0 -46.43757956904182,-22.9568830160383,0 -46.43758559180157,-22.95688992642892,0 -46.43760030021366,-22.95689055235702,0 -46.43760059339264,-22.95687636375317,0 -46.43760921879039,-22.95686444413871,0 -46.43762570156486,-22.95685837191626,0 -46.43763191677948,-22.95683269357392,0 -46.43761822100407,-22.95682513836937,0 -46.4376100551599,-22.95682891821998,0 -46.43761588726335,-22.95679546074188,0 -46.43761797189183,-22.95676023339804,0 -46.43762174814509,-22.9567458253595,0 -46.43761718318644,-22.95673108007527,0 -46.43762796605773,-22.95670672823284,0 -46.4376235665743,-22.95668533336139,0 -46.43764308366133,-22.95664317134528,0 -46.43767504196956,-22.95662625599687,0 -46.43771402758028,-22.95661650194996,0 -46.43773612841955,-22.9565995749104,0 -46.4377524753964,-22.95658397527016,0 -46.43775406719641,-22.95657297296431,0 -46.43773929942911,-22.9565667127835,0 -46.43774344260572,-22.95656100658516,0 -46.43775795226765,-22.956565370995,0 -46.43777775533908,-22.95654682517579,0 -46.43778645897788,-22.956526197426,0 -46.43780906343751,-22.9564913837703,0 -46.43783937059045,-22.95646723337609,0 -46.43786310100126,-22.95646106312753,0 -46.43787108608172,-22.95644037782114,0 -46.43789012293081,-22.95643330195525,0 -46.4378976934238,-22.95642183380057,0 -46.43791998761731,-22.9564029489369,0 -46.43791772762097,-22.95638976667435,0 -46.43792819033365,-22.95638234996543,0 -46.43794158303758,-22.95636966502801,0 -46.4379605893097,-22.95636607133706,0 -46.43797025162575,-22.95636174020212,0 -46.43798013067845,-22.95635193039718,0 -46.43798716607483,-22.95635008768637,0 -46.43799080563116,-22.95633346821494,0 -46.43798989102059,-22.95632454783957,0 -46.43799855958582,-22.95632000356528,0 -46.43801082184189,-22.9563220450263,0 -46.43803777902025,-22.95631385130315,0 -46.43805149637939,-22.95630166189214,0 -46.43806565440639,-22.95630197575553,0 -46.43807436973634,-22.95629220731946,0 -46.43808565442936,-22.95629229365438,0 -46.43809189392574,-22.95628112317524,0 -46.43810606544253,-22.95629229725167,0 -46.43811936911358,-22.95628302524135,0 -46.43813095867677,-22.95627978408469,0 -46.43815555963135,-22.95627515797214,0 -46.43818678499207,-22.956253627303,0 -46.43823346790021,-22.95622929524576,0 -46.4382672158593,-22.9562039406593,0 -46.43829149755453,-22.95619178182521,0 -46.43831195533245,-22.95619286101167,0 -46.43836580763588,-22.95617083841341,0 -46.43842681584482,-22.95615286456304,0 -46.43847045184981,-22.95615376388503,0 -46.43857872302959,-22.95611458761805,0 -46.43861224076227,-22.95609645458768,0 -46.4386514961696,-22.95605531510068,0 -46.43870634132459,-22.95604610604287,0 -46.43874071341315,-22.95603755888618,0 -46.43882569125258,-22.9560389510367,0 -46.43897696261666,-22.95604388022087,0 -46.4390656591528,-22.95603493106719,0 -46.43908593167038,-22.95603800584921,0 -46.43915144908006,-22.95602923655997,0 -46.43920092798037,-22.95601383926721,0 -46.43924889601971,-22.95598183329493,0 -46.43929691082372,-22.95594460226149,0 -46.43934979096002,-22.95588912038653,0 -46.43937145023221,-22.95583626812927,0 -46.43946182670192,-22.95582477029689,0 -46.43947217969731,-22.95581137669365,0 -46.43949724200405,-22.9557986090185,0 -46.43950519021234,-22.95581291093702,0 -46.43953511065679,-22.95581339567161,0 -46.4395557078296,-22.95579880057415,0 -46.43956202736564,-22.95577262220872,0 -46.43958287994593,-22.95578512818106,0 -46.43961818732942,-22.95577749563489,0 -46.43962494933192,-22.95573857927197,0 -46.43964486661724,-22.95576280790721,0 -46.43968968073416,-22.95575562142479,0 -46.43972114891187,-22.95573772941265,0 -46.43973164400014,-22.95570236087519,0 -46.43977658312275,-22.95568124209557,0 -46.43982685162786,-22.95569499812564,0 -46.43984341534134,-22.95566761736659,0 -46.43987384210408,-22.95565957203161,0 -46.43989849791729,-22.95560077975216,0 -46.43989527564639,-22.95557760062571,0 -46.43990978800627,-22.95556306218555,0 -46.43990725371674,-22.95553712214042,0 -46.439927974996,-22.95551489629535,0 -46.4399374781321,-22.9554604126679,0 -46.43995512732721,-22.95542909557627,0 -46.43995300672582,-22.95540023992908,0 -46.43993435568593,-22.9553889813164,0 -46.43994954073869,-22.95537342214567,0 -46.43996923858946,-22.95534186403575,0 -46.43997308678849,-22.95527647882642,0 -46.43998154671095,-22.95524591087001,0 -46.43996457740326,-22.95514563376395,0 -46.43997322798202,-22.95506896476086,0 -46.44000629875165,-22.95497706304099,0 -46.44002938794586,-22.95496212889908,0 -46.44005319659772,-22.95494094986491,0 -46.4400805593703,-22.95488117462643,0 -46.44009325689826,-22.95483445214818,0 -46.44011785965149,-22.95481722383579,0 -46.44011584606938,-22.95478877827948,0 -46.44009245560233,-22.95477553576233,0 -46.44009840461764,-22.95476595078792,0 -46.44008670983374,-22.95475617965394,0 -46.44010467918753,-22.95473239618309,0 -46.44008008362892,-22.95469921839419,0 -46.44009745763152,-22.95466774482054,0 -46.44012578987326,-22.95466032901094,0 -46.44017861874824,-22.95463527479803,0 -46.44022787641535,-22.95457039141042,0 -46.44028253181337,-22.9544956109836,0 -46.44029472302299,-22.9544622542296,0 -46.44032513629594,-22.9544448145765,0 -46.44037436518476,-22.95445728097873,0 -46.44039843374065,-22.95443169886373,0 -46.44045761092998,-22.95438328386143,0 -46.4405158204487,-22.9543689774463,0 -46.44059519820981,-22.95438731012622,0 -46.44066391990395,-22.95436336837468,0 -46.44073009831532,-22.95437021041682,0 -46.44078240558349,-22.9543476617152,0 -46.44083180624284,-22.9543409716585,0 -46.44085157514002,-22.95433851111335,0 -46.44085139527562,-22.9543216047582,0 -46.44088203337908,-22.95432844769967,0 -46.44089016325042,-22.95435335442375,0 -46.44091216156698,-22.95436755921543,0 -46.44095456010484,-22.95435830519159,0 -46.44098853019648,-22.95437613515049,0 -46.44102044533726,-22.95440247809182,0 -46.44104671633283,-22.95440767527396,0 -46.44110583416688,-22.95447295616198,0 -46.44119429777857,-22.95451211444248,0 -46.44125061602307,-22.95457105061342,0 -46.44130403305462,-22.95462212670976,0 -46.4413582630733,-22.95464442629918,0 -46.44139252094806,-22.95468143699867,0 -46.44143527561744,-22.95470230666609,0 -46.44146657472258,-22.95470574387491,0 -46.44158201709639,-22.95477622913964,0 -46.44179452689588,-22.95488200739869,0 -46.44190231963631,-22.95493898214823,0 -46.4419312670143,-22.9549679717944,0 -46.44201338411034,-22.9550043772502,0 -46.44207378167965,-22.9550049618095,0 -46.44218158341329,-22.95504918597111,0 -46.44227382597627,-22.95509636440562,0 -46.44240294523969,-22.95514677500364,0 -46.44249867897082,-22.95515980168347,0 -46.44256905721619,-22.95517275821617,0 -46.44266332415305,-22.95517147218569,0 -46.44280033856474,-22.95518522281976,0 -46.44286792981108,-22.95518315887562,0 -46.44293284737296,-22.95519979903143,0 -46.44296626797882,-22.95520186117693,0 -46.44300465284243,-22.95518494313057,0 -46.44308095672073,-22.95518352759768,0 -46.44315143928748,-22.95517175457276,0 -46.44320413236477,-22.95517301901959,0 -46.44325598277732,-22.95515700299325,0 -46.44328673059812,-22.95517020773882,0 -46.44330812367095,-22.9551680358761,0 -46.44335396391426,-22.95513358734514,0 -46.44338830362727,-22.95514621292733,0 -46.44342985860106,-22.95514706458534,0 -46.44347312318604,-22.9551356872621,0 -46.44351030475673,-22.95510765089733,0 -46.44354675517855,-22.95510459500098,0 -46.44359535634062,-22.95511429508858,0 -46.44365735290449,-22.95509940141619,0 -46.44368860164758,-22.95507130209887,0 -46.4437542944251,-22.95508540166991,0 -46.44360063176373,-22.95535391315252,0 -46.44326169976756,-22.95567543157586,0 -46.44273238309296,-22.9557661857608,0 -46.44301309657709,-22.95598461579732,0 -46.44272510937623,-22.9561621293787,0 -46.44204876883555,-22.9563084940417,0 -46.44200440797697,-22.95669196766016,0 -46.44197042709352,-22.9567555955942,0</coordinates></LinearRing></outerBoundaryIs>
        </Polygon>
      </MultiGeometry>
    </Placemark>
    <Placemark id="ID_00030">
      <name></name>
      <snippet></snippet>
      <description><![CDATA[<html xmlns:fo="http://www.w3.org/1999/XSL/Format" xmlns:msxsl="urn:schemas-microsoft-com:xslt">
<head>
<META http-equiv="Content-Type" content="text/html">
<meta http-equiv="content-type" content="text/html; charset=UTF-8">
</head>
<body style="margin:0px 0px 0px 0px;overflow:auto;background:#FFFFFF;">
<table style="font-family:Arial,Verdana,Times;font-size:12px;text-align:left;width:100%;border-collapse:collapse;padding:3px 3px 3px 3px">
<tr style="text-align:center;font-weight:bold;background:#9CBCE2">
<td></td>
</tr>
<tr>
<td>
<table style="font-family:Arial,Verdana,Times;font-size:12px;text-align:left;width:100%;border-spacing:0px; padding:3px 3px 3px 3px"></table>
</td>
</tr>
</table>
</body><script type="text/javascript">
				function changeImage(attElement, nameElement) {
				document.getElementById('imageAttachment').src = attElement;
				document.getElementById('imageName').innerHTML = nameElement;}
			</script></html>
]]></description>
      <styleUrl>#PolyStyle00</styleUrl>
      <MultiGeometry>
        <Polygon>
          <extrude>0</extrude><altitudeMode>clampToGround</altitudeMode>
          <outerBoundaryIs><LinearRing><coordinates> -46.27276126192265,-23.02779074894386,0 -46.27276126192265,-23.02779074894386,0 -46.27260897972059,-23.02758325826073,0 -46.27260870992398,-23.027582890438,0 -46.2723564428955,-23.02757713837417,0 -46.2723564428955,-23.02757713837417,0 -46.2723341540979,-23.02752683479551,0 -46.27230490904429,-23.02746083175198,0 -46.27238618887145,-23.02732001230868,0 -46.27240417890971,-23.02728884270591,0 -46.27232698829982,-23.02712605642232,0 -46.27232698829982,-23.02712605642232,0 -46.27211594979122,-23.02703437593567,0 -46.27148721935965,-23.02722618244233,0 -46.27136010018842,-23.02711826469614,0 -46.27135545339144,-23.02704813556296,0 -46.27135030657133,-23.02697049709072,0 -46.27123263297961,-23.02659503912969,0 -46.27121164460169,-23.0265280729122,0 -46.27121164460169,-23.0265280729122,0 -46.27067051443265,-23.02665093019624,0 -46.27073244174876,-23.02616915528223,0 -46.27168963067187,-23.02610476202513,0 -46.27156193683385,-23.02573473686857,0 -46.27353391355922,-23.02558188719428,0 -46.27360670738358,-23.02564305907987,0 -46.27444891078859,-23.02635080574504,0 -46.27446703662439,-23.02640836775191,0 -46.27947781804681,-23.02907718686265,0 -46.27942321660811,-23.02917413557788,0 -46.27770854041676,-23.03024149594825,0 -46.27750588269027,-23.02994799320529,0 -46.27741275969107,-23.02986771522286,0 -46.27741275969107,-23.02986771522286,0 -46.277156475391,-23.02967545455853,0 -46.27705137522077,-23.02957936559522,0 -46.27705137432144,-23.02957936559523,0 -46.27687842659805,-23.02969809139375,0 -46.27679966397329,-23.02981544662552,0 -46.27670754371815,-23.03005150966937,0 -46.27667858015229,-23.03012573341584,0 -46.27660604263473,-23.03014402742485,0 -46.27632002135186,-23.03021616564348,0 -46.27615937995137,-23.03012019539068,0 -46.27611851385831,-23.03002131223369,0 -46.2761856752287,-23.0300110437746,0 -46.27621911921693,-23.02999131984348,0 -46.27623293280357,-23.02989588738524,0 -46.27610398081402,-23.0298171688272,0 -46.27607558112311,-23.02981447985434,0 -46.2760620562189,-23.02971732159707,0 -46.27600093919193,-23.02969220173365,0 -46.2759227970994,-23.02966008514477,0 -46.27582345079156,-23.02964297284489,0 -46.27575016863535,-23.02963035085997,0 -46.27558797500501,-23.02953524215764,0 -46.27554727618582,-23.02951137594922,0 -46.27554727618582,-23.02951137594922,0 -46.27550878790021,-23.02944165420894,0 -46.27546481195145,-23.02942554285448,0 -46.27508275476526,-23.0292855705726,0 -46.27486445782841,-23.02931650994895,0 -46.27483676500465,-23.02933622938346,0 -46.27477050655359,-23.029383407818,0 -46.27454972568926,-23.029597228829,0 -46.27433066342934,-23.02977018374696,0 -46.27415804126053,-23.02994932600058,0 -46.27398572216332,-23.03012815529009,0 -46.27398572216332,-23.03012815529009,0 -46.27398305117686,-23.03013092610132,0 -46.27406752000002,-23.03017304315138,0 -46.27422128788209,-23.03020876602169,0 -46.27440347434084,-23.03013726722105,0 -46.27446160921584,-23.03028464362138,0 -46.27446623263052,-23.03032934981956,0 -46.27438730273178,-23.0304291979491,0 -46.27433684536908,-23.03042765920906,0 -46.27428000821578,-23.03041838989674,0 -46.27404506932449,-23.0305858643461,0 -46.27404506932449,-23.0305858643461,0 -46.27404506932449,-23.0305858643461,0 -46.27395430704558,-23.03065056337278,0 -46.27394795873126,-23.03066563061429,0 -46.27394197104508,-23.03067984260058,0 -46.27394197104508,-23.03067984260058,0 -46.27406697321221,-23.03078528271459,0 -46.27412254681803,-23.03083216077556,0 -46.27420468100122,-23.03090144094869,0 -46.27423561228363,-23.03097018872319,0 -46.27428840158842,-23.03108751877389,0 -46.27413893156637,-23.03132712065009,0 -46.27411032772938,-23.03137297258455,0 -46.27411048780876,-23.03137597002498,0 -46.27413068118597,-23.0317548633962,0 -46.27413074413846,-23.03175604060874,0 -46.27429156900064,-23.0318714658954,0 -46.2742916076715,-23.03187168622929,0 -46.27440045801468,-23.03249891928966,0 -46.27440045981331,-23.03249893277952,0 -46.27441141175723,-23.0325253791429,0 -46.27446068021618,-23.0326443486577,0 -46.27444313714103,-23.03279038956481,0 -46.27444313714103,-23.03279038956481,0 -46.27451379327693,-23.03292809015919,0 -46.27452663919303,-23.0329531263856,0 -46.27454380725084,-23.03296822600275,0 -46.2747195042017,-23.03312276190586,0 -46.27482557294178,-23.03311820144382,0 -46.27494221231321,-23.03311318592473,0 -46.275018187939,-23.03312783228355,0 -46.27513593437585,-23.03315053117205,0 -46.27514885403633,-23.03319351606788,0 -46.2751901787837,-23.03333100981821,0 -46.275179316772,-23.03339335172177,0 -46.27517422570993,-23.03342256979574,0 -46.2752241353855,-23.03350684526464,0 -46.27528315159611,-23.03360649914061,0 -46.27528315699203,-23.03360650183857,0 -46.2758079051107,-23.03390827924362,0 -46.2760904379233,-23.03407076065699,0 -46.27627411815598,-23.03408302021518,0 -46.27637647269603,-23.03408985236473,0 -46.27677388580617,-23.0339524566405,0 -46.27692956564687,-23.03389863581333,0 -46.27692487028652,-23.03384968031845,0 -46.27692024237525,-23.0338014442812,0 -46.27701143812732,-23.03359882072899,0 -46.27706435603518,-23.03348124516326,0 -46.27710008520074,-23.03348095738023,0 -46.27745722127372,-23.0332387969329,0 -46.27783530705375,-23.03321239913288,0 -46.27805824179438,-23.03325517088938,0 -46.27808922613685,-23.03326111540812,0 -46.27804422406167,-23.0332984615547,0 -46.27804422406167,-23.0332984615547,0 -46.27804422406167,-23.0332984615547,0 -46.27819717535931,-23.03339119694613,0 -46.27838628030253,-23.03355117734491,0 -46.2790143299473,-23.03382154322957,0 -46.27914265690806,-23.03380922611484,0 -46.27938156360825,-23.03379466429227,0 -46.27997160790335,-23.03375869590707,0 -46.28046932779722,-23.03365847276024,0 -46.28071988701311,-23.03349984224389,0 -46.28089338602092,-23.03338999814985,0 -46.28187193024536,-23.0334389356583,0 -46.28282527906335,-23.03326700776613,0 -46.28360556234679,-23.03318952397729,0 -46.28399086698488,-23.03326748260822,0 -46.28415234655352,-23.03350031618657,0 -46.28415234655354,-23.03350031708589,0 -46.28307581309827,-23.03393532275693,0 -46.28232636217184,-23.03436782021869,0 -46.28199449255174,-23.03473988323895,0 -46.28183580088147,-23.03479653063535,0 -46.28162682811559,-23.0348985317418,0 -46.28157652633558,-23.03492308413297,0 -46.28136480704018,-23.03502195559872,0 -46.28111948907309,-23.03515794208533,0 -46.28078027289126,-23.03517437359843,0 -46.28044666038505,-23.03516939764956,0 -46.28028690121949,-23.03518765478641,0 -46.27990834419467,-23.03518998403045,0 -46.27980146336683,-23.0352087528816,0 -46.27962970094992,-23.03523891614307,0 -46.27915710361742,-23.03532190738008,0 -46.27882679432106,-23.03542503623642,0 -46.27875112986073,-23.03576989566409,0 -46.27871201924427,-23.03591033469416,0 -46.27867712824684,-23.03603561834903,0 -46.27867712914617,-23.03603561834903,0 -46.27867712824684,-23.03603561834903,0 -46.27869386373079,-23.03626932876649,0 -46.27869386373079,-23.03626932876649,0 -46.27865042467732,-23.03640322882592,0 -46.27875014600238,-23.03647836088757,0 -46.27948879337304,-23.03709529491186,0 -46.27971093041509,-23.03728082684866,0 -46.27996764459106,-23.03748298994798,0 -46.28001994556399,-23.03750115715265,0 -46.28011466396056,-23.03753405525243,0 -46.28053320394417,-23.03722225220515,0 -46.28075019596474,-23.03703823202875,0 -46.28095165939152,-23.03694543818137,0 -46.28139080644053,-23.03689068385791,0 -46.28185301300613,-23.03680661523307,0 -46.28256705762357,-23.03654965194484,0 -46.28281063720112,-23.0364812324229,0 -46.28288867227435,-23.03648594037377,0 -46.28311658656116,-23.03649968920922,0 -46.28365940655637,-23.03661824773389,0 -46.28382809419116,-23.03671983335357,0 -46.28382809329186,-23.03671983425289,0 -46.28363789926959,-23.03694181121557,0 -46.28340694077765,-23.03720597897268,0 -46.28323242283801,-23.03740558170222,0 -46.28323231671801,-23.03740556191712,0 -46.282899936283,-23.03734025944538,0 -46.28282123031551,-23.03730911502362,0 -46.28261088968077,-23.03722588276823,0 -46.28250366261391,-23.03722286194546,0 -46.28240744324887,-23.03727227519528,0 -46.28236293490148,-23.03730652137883,0 -46.2822822387343,-23.03736861237152,0 -46.2821634877547,-23.03748045835641,0 -46.28216101461908,-23.03748051861101,0 -46.28204580786769,-23.03748335777073,0 -46.2819888762856,-23.03746436588773,0 -46.28185933973668,-23.03754711970379,0 -46.2817387442476,-23.03768621604599,0 -46.28159904176232,-23.03784837190477,0 -46.28159528619346,-23.03785273181808,0 -46.28165108732776,-23.0381966037902,0 -46.28158282428787,-23.03833132493066,0 -46.28154170638458,-23.03841247165823,0 -46.28152735500339,-23.03843864642634,0 -46.28147292983181,-23.03848729974905,0 -46.28128495623571,-23.03864665062243,0 -46.28119069019818,-23.03872874793331,0 -46.28102684541255,-23.03886696473858,0 -46.28081293356996,-23.03904705487765,0 -46.28072132143177,-23.0391188171796,0 -46.2804649966622,-23.0392927001979,0 -46.28028775377676,-23.03937156444605,0 -46.28023416587399,-23.03931101669002,0 -46.28016099613303,-23.03923328468829,0 -46.2800728301969,-23.03918798493749,0 -46.27998478207201,-23.03914274634064,0 -46.27996276666828,-23.039132574109,0 -46.27977888408822,-23.03916705861283,0 -46.27975751709568,-23.0391722917678,0 -46.27944942824848,-23.03930471963706,0 -46.27944926457184,-23.03930478978418,0 -46.27910690975602,-23.039532782312,0 -46.27842482074885,-23.03998701908563,0 -46.27820026632918,-23.04016657143008,0 -46.27795337185058,-23.04026513712634,0 -46.27780540099844,-23.04018180774422,0 -46.27780540009912,-23.04018180414695,0 -46.27757312589898,-23.03904187388331,0 -46.27754541239086,-23.03890586131639,0 -46.2775164686101,-23.03880533509812,0 -46.27751646501281,-23.03880532970216,0 -46.27738437079205,-23.03859368055383,0 -46.27733621119716,-23.03855481455297,0 -46.27733621029785,-23.03855481275435,0 -46.27710304666822,-23.03836664670331,0 -46.2769497860038,-23.03813025360824,0 -46.2769497860038,-23.03813025270893,0 -46.27672212622507,-23.03755737377372,0 -46.27672211903052,-23.03755735668662,0 -46.27672211273529,-23.03755735308934,0 -46.27646346501684,-23.03741081665586,0 -46.27646345782227,-23.03741081395791,0 -46.27629930097191,-23.03738879405757,0 -46.27608959975521,-23.03744106535283,0 -46.27597168694376,-23.03751628015216,0 -46.2759716788499,-23.03751628464873,0 -46.27575098971638,-23.03765705822661,0 -46.27575087999907,-23.03765712927305,0 -46.27545738984662,-23.03907036170779,0 -46.27533585276734,-23.03924926474173,0 -46.27434990982044,-23.03961797778736,0 -46.27420726295481,-23.03966700163077,0 -46.27415171722794,-23.03968604477512,0 -46.27398007891747,-23.03965073199567,0 -46.27379787896889,-23.03955821963609,0 -46.27366705009423,-23.03931787222199,0 -46.273512499802,-23.03869021108432,0 -46.27351249980201,-23.03869021018499,0 -46.27353966562305,-23.03852766222178,0 -46.27354463078007,-23.03848604699348,0 -46.27366046705685,-23.03751511373145,0 -46.27361893816347,-23.03739362701423,0 -46.27360828119721,-23.03736245021685,0 -46.27353311316262,-23.0371425578827,0 -46.27353310866602,-23.0371425470908,0 -46.27328893283795,-23.03636801137458,0 -46.27326131465795,-23.03626941869868,0 -46.27322301612924,-23.03613270196257,0 -46.27322301163266,-23.03613265879513,0 -46.27309468557127,-23.03489643812009,0 -46.27309459743771,-23.03489557926752,0 -46.27301644815054,-23.03448840221798,0 -46.27301640228511,-23.03448828620539,0 -46.27264499487058,-23.03357975060498,0 -46.27264635374621,-23.03357770824459,0 -46.27314105191795,-23.0336869758732,0 -46.27331330536469,-23.03375039336589,0 -46.27346164583828,-23.03380500739515,0 -46.27377683033642,-23.03379468767464,0 -46.27380593599509,-23.03378905612,0 -46.27386075237177,-23.03377844861649,0 -46.27393125922021,-23.03367672360185,0 -46.27392842365777,-23.03362464206355,0 -46.27392617805066,-23.03358338926193,0 -46.27381652371355,-23.03354536502659,0 -46.2736091418484,-23.03355790517315,0 -46.27359385157494,-23.03355882967622,0 -46.27359385157494,-23.03355882967622,0 -46.27351525982136,-23.03351592482006,0 -46.27307412706927,-23.03327510256392,0 -46.27293684106235,-23.03331752898072,0 -46.27258255673956,-23.03342701514458,0 -46.27258255763888,-23.03342701604392,0 -46.27258255673958,-23.03342701604391,0 -46.27254941312486,-23.03337192087741,0 -46.27254941312486,-23.03337192087741,0 -46.27244257096783,-23.03333431842401,0 -46.27233103614833,-23.03329506301669,0 -46.27215478521516,-23.03341089209898,0 -46.27199372203262,-23.03355479711615,0 -46.2715813019355,-23.0341170541587,0 -46.2715813019355,-23.0341170541587,0 -46.27158091432766,-23.03411989601639,0 -46.27156762414649,-23.03421702729394,0 -46.27155375929851,-23.03431836200275,0 -46.2715583359484,-23.03436393784538,0 -46.27159085363498,-23.03468767939284,0 -46.27159085363498,-23.0346876775942,0 -46.27171892788618,-23.03501445435353,0 -46.27184488333466,-23.03532067530888,0 -46.27196093365012,-23.03559901188487,0 -46.27196093365012,-23.03559901278418,0 -46.27196093365012,-23.03559901278418,0 -46.27196093365012,-23.03559901278418,0 -46.27195889488706,-23.03562166041126,0 -46.27193428493928,-23.03589491941494,0 -46.27178511439148,-23.03612566926415,0 -46.2717820962667,-23.0361281549903,0 -46.27121433177592,-23.03659593375528,0 -46.27121247827318,-23.03660287022626,0 -46.27121247827318,-23.03660287022626,0 -46.27114610021232,-23.0368512207072,0 -46.27112021772383,-23.03694805610786,0 -46.27108453532298,-23.03742395665023,0 -46.27104549125636,-23.03794467041018,0 -46.27077101906724,-23.03781459157011,0 -46.27041426430679,-23.03787581831433,0 -46.27032269803403,-23.03797382103497,0 -46.27012330664525,-23.0377808876778,0 -46.26996375432378,-23.03780162244687,0 -46.27001971283944,-23.03794123769791,0 -46.2700340741132,-23.03812787490148,0 -46.27016054577252,-23.03816576603726,0 -46.27033003830058,-23.0383083598429,0 -46.2703737156744,-23.03848309002256,0 -46.27019869771169,-23.0386479042773,0 -46.27014536431704,-23.03878839726669,0 -46.27031792982854,-23.03881035511376,0 -46.27050179262358,-23.03869215811653,0 -46.27060001927543,-23.038602594634,0 -46.27082471758661,-23.03839771108545,0 -46.2710269922019,-23.03821327542227,0 -46.27096955789875,-23.03827515957094,0 -46.27089110014413,-23.03836230567584,0 -46.27058623086981,-23.0386966511295,0 -46.27048206509517,-23.03881088841172,0 -46.27042998355688,-23.03886800525419,0 -46.27014679064183,-23.03917857982754,0 -46.26939175492549,-23.03866994486202,0 -46.26945821932134,-23.03847244474747,0 -46.26951214536916,-23.03831219725004,0 -46.26960443469687,-23.03803794809279,0 -46.26961971597707,-23.0377665533837,0 -46.26963687234376,-23.03746186667179,0 -46.26947772471721,-23.03712335375974,0 -46.26943627136678,-23.03703517883043,0 -46.26936094595084,-23.03687496011128,0 -46.26935806362371,-23.03686883123152,0 -46.26908849184036,-23.03632614343672,0 -46.26908849184036,-23.03632614343672,0 -46.26908849184036,-23.03632614343672,0 -46.2691738959585,-23.03626199929181,0 -46.26932320320321,-23.03620362429778,0 -46.26945006516832,-23.03594727794449,0 -46.26944496960959,-23.03595757338327,0 -46.26950131663239,-23.03600589485615,0 -46.26959532456453,-23.0361685489393,0 -46.26974665078729,-23.03616733395522,0 -46.26981638691666,-23.03643134073377,0 -46.26985560005585,-23.0364788663066,0 -46.26989292461872,-23.03652410310484,0 -46.26989418277027,-23.03665828914869,0 -46.26989460275365,-23.03670306099741,0 -46.26988144387349,-23.03678025340595,0 -46.26987069427709,-23.03684331656574,0 -46.26994854588867,-23.03707613305705,0 -46.26992463741204,-23.03721639042402,0 -46.26995080678427,-23.03731733662574,0 -46.27002873124093,-23.0375579340514,0 -46.27012274097165,-23.03772058813458,0 -46.27014539129677,-23.03751574865281,0 -46.27015374419989,-23.03744021009763,0 -46.27010220675142,-23.03732390257601,0 -46.27009155428175,-23.03730222711602,0 -46.27006792189701,-23.03725414576218,0 -46.27015894138202,-23.03709778783258,0 -46.27011428014987,-23.03681801683798,0 -46.27012049896183,-23.03658452675444,0 -46.27005025201748,-23.0362660552342,0 -46.26999820465342,-23.0360952829709,0 -46.26999171964212,-23.03605572089475,0 -46.26998037019786,-23.03598648658703,0 -46.26998489378776,-23.0359730624069,0 -46.27000796319693,-23.03590460511341,0 -46.27001274039561,-23.03590976272536,0 -46.27001328718342,-23.03591035357992,0 -46.27001328718342,-23.03591035357992,0 -46.27006895431873,-23.03601884599289,0 -46.27019502308179,-23.03601394288911,0 -46.27038591228001,-23.03530041628113,0 -46.27065028957917,-23.03525550144018,0 -46.27065033004862,-23.03525549424564,0 -46.27068875987834,-23.03523437636535,0 -46.2707057453738,-23.03522504230184,0 -46.27093053991246,-23.03510150692899,0 -46.27126151920374,-23.03498212732325,0 -46.27126151920374,-23.03498212732325,0 -46.27125691377552,-23.03493936635863,0 -46.27080631116231,-23.0344060728819,0 -46.27056354097459,-23.03448917113833,0 -46.27049203677803,-23.03451364618781,0 -46.27049203677803,-23.03451364618781,0 -46.2702169188757,-23.0344772883961,0 -46.27021691887569,-23.03447728659745,0 -46.2702169188757,-23.0344772883961,0 -46.27021691887569,-23.03447728659745,0 -46.27002799289751,-23.03441952584041,0 -46.2697573446257,-23.03433869387555,0 -46.26930940130779,-23.0332798311992,0 -46.26933745565901,-23.0329859930091,0 -46.26934294871809,-23.03292845708258,0 -46.2693429496174,-23.03292842110972,0 -46.26935971387962,-23.03225250684768,0 -46.26935971387962,-23.03225250684768,0 -46.26915819739286,-23.03139819676932,0 -46.2689709486503,-23.03094504997404,0 -46.26882274937037,-23.03072316294354,0 -46.26882274937037,-23.03072316294354,0 -46.26882274937037,-23.03072316204425,0 -46.26905105036564,-23.03063222080034,0 -46.2696499601775,-23.03056470419768,0 -46.26975319695242,-23.0305530660711,0 -46.26999968763545,-23.03052527701987,0 -46.2705018501802,-23.03048220488978,0 -46.27085336459107,-23.03040444410977,0 -46.27126569925259,-23.03033847793836,0 -46.27160449904835,-23.03033083819759,0 -46.27258614233654,-23.02983237456437,0 -46.27271712499527,-23.02970940036847,0 -46.27271711690139,-23.02970939137526,0 -46.27221641125834,-23.02907144019475,0 -46.27220493680835,-23.02904417994489,0 -46.27217353877774,-23.02896957668458,0 -46.27217353877773,-23.02896957578526,0 -46.27217671878049,-23.02893368294309,0 -46.272186614021,-23.02882198084967,0 -46.27241667588885,-23.02818991393332,0 -46.27241667588885,-23.028189913034,0 -46.27241667588885,-23.028189913034,0 -46.27241667588885,-23.028189913034,0 -46.27241667588885,-23.028189913034,0 -46.27241667588885,-23.028189913034,0 -46.27275571220633,-23.02801746443442,0 -46.27279606388721,-23.02783816839672,0 -46.27276126192265,-23.02779074894386,0</coordinates></LinearRing></outerBoundaryIs>
          <innerBoundaryIs><LinearRing><coordinates> -46.27284847008076,-23.03277017910045,0 -46.27267535868083,-23.03287001374007,0 -46.27255067487368,-23.03297840902633,0 -46.27241165587316,-23.03310481773307,0 -46.27227726118662,-23.03320881623381,0 -46.27235916244535,-23.03323289378296,0 -46.2723747117235,-23.03319852439233,0 -46.27238368425958,-23.03319542532861,0 -46.27238101237377,-23.03319258976615,0 -46.2726307747904,-23.03305528487345,0 -46.27282027273737,-23.03293022874703,0 -46.27283687332301,-23.03292450905877,0 -46.27283284615891,-23.03291542140954,0 -46.27284847008076,-23.03277017910045,0</coordinates></LinearRing></innerBoundaryIs>
        </Polygon>
      </MultiGeometry>
    </Placemark>
    <Placemark id="ID_00031">
      <name></name>
      <snippet></snippet>
      <description><![CDATA[<html xmlns:fo="http://www.w3.org/1999/XSL/Format" xmlns:msxsl="urn:schemas-microsoft-com:xslt">
<head>
<META http-equiv="Content-Type" content="text/html">
<meta http-equiv="content-type" content="text/html; charset=UTF-8">
</head>
<body style="margin:0px 0px 0px 0px;overflow:auto;background:#FFFFFF;">
<table style="font-family:Arial,Verdana,Times;font-size:12px;text-align:left;width:100%;border-collapse:collapse;padding:3px 3px 3px 3px">
<tr style="text-align:center;font-weight:bold;background:#9CBCE2">
<td></td>
</tr>
<tr>
<td>
<table style="font-family:Arial,Verdana,Times;font-size:12px;text-align:left;width:100%;border-spacing:0px; padding:3px 3px 3px 3px"></table>
</td>
</tr>
</table>
</body><script type="text/javascript">
				function changeImage(attElement, nameElement) {
				document.getElementById('imageAttachment').src = attElement;
				document.getElementById('imageName').innerHTML = nameElement;}
			</script></html>
]]></description>
      <styleUrl>#PolyStyle00</styleUrl>
      <MultiGeometry>
        <Polygon>
          <extrude>0</extrude><altitudeMode>clampToGround</altitudeMode>
          <outerBoundaryIs><LinearRing><coordinates> -46.2811877431198,-23.0302116987109,0 -46.28060838636787,-23.03017220408386,0 -46.2800934021887,-23.02991548720991,0 -46.27996465614392,-23.02946129270446,0 -46.27938361136456,-23.02920314410976,0 -46.27940374268854,-23.02919061205705,0 -46.27941299671237,-23.02919393325342,0 -46.27941709042636,-23.02919186301402,0 -46.27942144764165,-23.02918300289322,0 -46.27941945744197,-23.02918083013118,0 -46.27942668619256,-23.02917579212906,0 -46.27948128583262,-23.02907884341385,0 -46.27947978126684,-23.02907406621512,0 -46.27906735487449,-23.02885441220132,0 -46.27899121017618,-23.02881792760525,0 -46.27899143860397,-23.02881397778282,0 -46.27864565827048,-23.02862980831897,0 -46.27862882835768,-23.02862502662361,0 -46.27862892638382,-23.02862138796661,0 -46.2782798338472,-23.02843497019768,0 -46.27827074979525,-23.02843338289428,0 -46.27827079655999,-23.02842998255762,0 -46.27805297266651,-23.02831312824821,0 -46.27805007325224,-23.0283143297425,0 -46.2780500516685,-23.02831104991498,0 -46.27640973771917,-23.02746090729499,0 -46.2764044595981,-23.02746357288556,0 -46.27638498118188,-23.02756002787295,0 -46.27506007656126,-23.02676149464718,0 -46.27506195704365,-23.02676208100518,0 -46.27506817405697,-23.02675030078569,0 -46.27639376216235,-23.0274503186772,0 -46.27639499873016,-23.02744458100258,0 -46.27614878413902,-23.02729158204085,0 -46.27553162618359,-23.0269779443766,0 -46.27494689058648,-23.0266594989367,0 -46.27486972066106,-23.02662521498169,0 -46.27484970265164,-23.02662537685962,0 -46.2748490200662,-23.02663119907056,0 -46.27493552585377,-23.02668642643737,0 -46.27447037940442,-23.02640607088343,0 -46.27445155029875,-23.02634814555046,0 -46.27353358440734,-23.02557828810745,0 -46.27156093319047,-23.02573130775361,0 -46.27155821633858,-23.02573582504824,0 -46.27168562239353,-23.0261050156339,0 -46.27073117910061,-23.02616587995135,0 -46.27072856567071,-23.02616873260087,0 -46.27067045327874,-23.02662083168597,0 -46.27039453408042,-23.02665710763937,0 -46.27002975377009,-23.02697307544702,0 -46.26983663515256,-23.02728904235537,0 -46.26962205781166,-23.02756551193882,0 -46.26932165007406,-23.02772349494331,0 -46.26902124323573,-23.02794072078757,0 -46.26846334430788,-23.02794072078758,0 -46.26816293567089,-23.0279012252613,0 -46.26777669843585,-23.02794072078757,0 -46.26758357891903,-23.02784198242154,0 -46.26730462900537,-23.02740752893426,0 -46.26717588296059,-23.02709156292526,0 -46.26700422216709,-23.02632139161884,0 -46.26728317208068,-23.0261436586029,0 -46.26803418962612,-23.02580794168313,0 -46.26809856309819,-23.0254524747519,0 -46.26799127487737,-23.02519574888462,0 -46.26801273180211,-23.0248600292669,0 -46.26788398575729,-23.02442556678642,0 -46.26777669843585,-23.02345789626486,0 -46.26760503674303,-23.02284569177521,0 -46.26739046030144,-23.02239147478667,0 -46.26715442603592,-23.0219965024366,0 -46.26702567999109,-23.02158177917573,0 -46.26734754465344,-23.02132504611394,0 -46.26756212109496,-23.02114730680271,0 -46.26792690230469,-23.02093007016655,0 -46.26827022479104,-23.0209498183794,0 -46.26861354727738,-23.02114730680274,0 -46.26884958244221,-23.02142378897661,0 -46.26914998928055,-23.02168052293777,0 -46.26932165007406,-23.02235197836108,0 -46.26957914306298,-23.02254946408647,0 -46.27000829594607,-23.02300368107494,0 -46.26998683812208,-23.02339864982776,0 -46.27011558416682,-23.0238726132305,0 -46.27044817774117,-23.02411946813891,0 -46.27086660261159,-23.02412934179564,0 -46.27133867204202,-23.02379361858058,0 -46.27171418216376,-23.02347764537699,0 -46.27213260613485,-23.02324066322598,0 -46.27249738644519,-23.02302342928778,0 -46.27286216585623,-23.02288518910018,0 -46.27337715093472,-23.02300368107495,0 -46.2738921351139,-23.0232604114388,0 -46.27412816937947,-23.02365538019162,0 -46.27417108412817,-23.02401085161945,0 -46.27402088115873,-23.02491927390531,0 -46.27412816937947,-23.0253142381615,0 -46.27432128799699,-23.02566970509277,0 -46.27472898395542,-23.02626214787978,0 -46.27517959466251,-23.02650570677291,0 -46.27563020626894,-23.0262818960926,0 -46.27593061310729,-23.02563020866717,0 -46.27605936005136,-23.02519574888461,0 -46.27646705511047,-23.02497851764445,0 -46.2770464118624,-23.02491927390531,0 -46.27730390485129,-23.02474153909073,0 -46.2777759733824,-23.02464279802665,0 -46.27809783804474,-23.02450455963766,0 -46.27824804191357,-23.02432682482305,0 -46.27844116143042,-23.02407009715723,0 -46.27880594174076,-23.02414909000845,0 -46.27897760343359,-23.02436632214802,0 -46.27897760343359,-23.02472179087788,0 -46.27880594174076,-23.02511675603343,0 -46.27874156916807,-23.02561045955503,0 -46.278720111344,-23.02616340681573,0 -46.27835533013434,-23.02645962820924,0 -46.27809783804474,-23.02669660406496,0 -46.27786180377917,-23.02701257097336,0 -46.2777545155584,-23.02746677267339,0 -46.27784034595516,-23.02772349494331,0 -46.27803346457267,-23.02788147794779,0 -46.27846261925442,-23.02794072078757,0 -46.27887031521284,-23.02796046900038,0 -46.27929946809593,-23.0279999636274,0 -46.27964279058227,-23.02788147794779,0 -46.2800934021887,-23.02786172973498,0 -46.28039380902703,-23.02772349494331,0 -46.28062984419194,-23.02742727714707,0 -46.28067275894063,-23.02705206739894,0 -46.28110191182373,-23.02683483975602,0 -46.28144523520939,-23.02657811568745,0 -46.28165981165098,-23.02703231918613,0 -46.28176709987173,-23.02742727714706,0 -46.28202459196132,-23.0278024859959,0 -46.28230354187491,-23.02809870289281,0 -46.28221771057884,-23.02863189204811,0 -46.2821318810814,-23.02886886430662,0 -46.28165981165098,-23.02880962056745,0 -46.2812092009438,-23.02878987415334,0 -46.28090879320621,-23.0289676026727,0 -46.28084441973414,-23.02930331239794,0 -46.28138086173732,-23.02948104091723,0 -46.28153106560616,-23.02993523362409,0 -46.2811877431198,-23.0302116987109,0</coordinates></LinearRing></outerBoundaryIs>
        </Polygon>
      </MultiGeometry>
    </Placemark>
    <Placemark id="ID_00032">
      <name></name>
      <snippet></snippet>
      <description><![CDATA[<html xmlns:fo="http://www.w3.org/1999/XSL/Format" xmlns:msxsl="urn:schemas-microsoft-com:xslt">
<head>
<META http-equiv="Content-Type" content="text/html">
<meta http-equiv="content-type" content="text/html; charset=UTF-8">
</head>
<body style="margin:0px 0px 0px 0px;overflow:auto;background:#FFFFFF;">
<table style="font-family:Arial,Verdana,Times;font-size:12px;text-align:left;width:100%;border-collapse:collapse;padding:3px 3px 3px 3px">
<tr style="text-align:center;font-weight:bold;background:#9CBCE2">
<td></td>
</tr>
<tr>
<td>
<table style="font-family:Arial,Verdana,Times;font-size:12px;text-align:left;width:100%;border-spacing:0px; padding:3px 3px 3px 3px"></table>
</td>
</tr>
</table>
</body><script type="text/javascript">
				function changeImage(attElement, nameElement) {
				document.getElementById('imageAttachment').src = attElement;
				document.getElementById('imageName').innerHTML = nameElement;}
			</script></html>
]]></description>
      <styleUrl>#PolyStyle00</styleUrl>
      <MultiGeometry>
        <Polygon>
          <extrude>0</extrude><altitudeMode>clampToGround</altitudeMode>
          <outerBoundaryIs><LinearRing><coordinates> -46.35532931489593,-23.15965366768257,0 -46.35532946778068,-23.15963637282033,0 -46.35525452727454,-23.15960175881411,0 -46.35517984397457,-23.15956703059395,0 -46.35512391693517,-23.15953230057517,0 -46.35503144234711,-23.15941064838266,0 -46.35493822042246,-23.15932344831844,0 -46.35488217916917,-23.15925377244361,0 -46.35486380601981,-23.15918394188538,0 -46.35488332940209,-23.15911427230576,0 -46.35494075381268,-23.15904447772044,0 -46.35497889316133,-23.15897500779033,0 -46.35501679059234,-23.15892309982115,0 -46.35509308997412,-23.15888789406102,0 -46.35515020321924,-23.15885302284872,0 -46.35522659882844,-23.15881789622886,0 -46.35520832640311,-23.15873044435448,0 -46.3551318921231,-23.1586965057391,0 -46.35503577887806,-23.15869842579166,0 -46.35497898039557,-23.1586466536201,0 -46.35494130419778,-23.15857733837342,0 -46.35494178713373,-23.1584901221214,0 -46.35496126824792,-23.15841993902896,0 -46.3549999040223,-23.15834929638288,0 -46.35501951194089,-23.15827879043381,0 -46.3550201459629,-23.15819093386449,0 -46.35502054885922,-23.15812082631505,0 -46.35502092207788,-23.15805065221578,0 -46.355021573187,-23.15797980182633,0 -46.35498398332413,-23.15790943437287,0 -46.35492725678745,-23.15783931603158,0 -46.35488954191879,-23.15776894138349,0 -46.35483271196006,-23.15771661343094,0 -46.35477600340977,-23.15764615334722,0 -46.35471925798731,-23.15757564829748,0 -46.3546623300025,-23.15752322771476,0 -46.35460540021899,-23.15747080623265,0 -46.35454856936093,-23.15741721743058,0 -46.35451063775572,-23.15738158359321,0 -46.35443457039906,-23.15734650643607,0 -46.35433950126691,-23.15729364788349,0 -46.35430145634712,-23.15727609131851,0 -46.35420635394001,-23.15722318060525,0 -46.35413025330848,-23.1571880602807,0 -46.35405416167021,-23.15715291657383,0 -46.35397807272984,-23.15711743921838,0 -46.35388288128991,-23.15708222896167,0 -46.35380676357124,-23.15704689369915,0 -46.35373067463086,-23.15702957905179,0 -46.35363544991606,-23.15699442994896,0 -46.35354049769574,-23.15699512062829,0 -46.35344553558298,-23.15699583109268,0 -46.35338897721947,-23.15705010967481,0 -46.3533324647214,-23.15710421019109,0 -46.35327603586036,-23.15715821358065,0 -46.3532196636565,-23.15721213513189,0 -46.35316355225609,-23.15728387135351,0 -46.35308840670456,-23.15733761214103,0 -46.35305118196641,-23.15739123241937,0 -46.35297621538001,-23.15744482841605,0 -46.3529011156939,-23.15748054589045,0 -46.35282611673188,-23.1575162993377,0 -46.35275131112406,-23.15756957517574,0 -46.35267594883594,-23.15758703641257,0 -46.35260102901425,-23.15762248319099,0 -46.35252567482001,-23.15763996870954,0 -46.35243139079603,-23.15765728155827,0 -46.35235598713905,-23.15767461958797,0 -46.35228015180752,-23.15767416902764,0 -46.35216675179414,-23.1576911257448,0 -46.35209078875886,-23.15769054388345,0 -46.35199577628402,-23.1576898190299,0 -46.3519198060542,-23.15768928573191,0 -46.35182385108983,-23.15768779015935,0 -46.35172778101225,-23.15768629098948,0 -46.35163158413025,-23.15768480441018,0 -46.35155460036447,-23.15768363529151,0 -46.35147634315867,-23.15764671992015,0 -46.35141672710024,-23.15759222729941,0 -46.35141423328019,-23.1574856567376,0 -46.35137483218274,-23.1574320904186,0 -46.35131435007713,-23.15735918777624,0 -46.35123520703912,-23.15733904835833,0 -46.35115762432486,-23.15739030341976,0 -46.35109982939355,-23.15744216372487,0 -46.35106236003987,-23.15749503756587,0 -46.35106646094836,-23.15758535378103,0 -46.35107055016574,-23.15767543077646,0 -46.35103366087469,-23.15774580902184,0 -46.35097578770241,-23.15778004980939,0 -46.35092174024606,-23.15785141730902,0 -46.35088656326423,-23.15790516798904,0 -46.35081079807981,-23.15793986922956,0 -46.35073322705677,-23.15795618203214,0 -46.35063465776318,-23.1579714579164,0 -46.35053904993714,-23.15800581021995,0 -46.35046258957681,-23.15802281639983,0 -46.3503871958124,-23.15805782880573,0 -46.35029115811039,-23.15807458317545,0 -46.35021558807887,-23.1581094687769,0 -46.35012060078505,-23.15814412415199,0 -46.35006455413583,-23.1581792327853,0 -46.34996801641079,-23.15817840001311,0 -46.34989119092568,-23.15817790718461,0 -46.34983196427368,-23.1581420817916,0 -46.34982748564988,-23.15805309117716,0 -46.34982391174407,-23.15796429481631,0 -46.34984099706434,-23.15791106484373,0 -46.34983670280155,-23.15783914695902,0 -46.34985177004313,-23.15776732979839,0 -46.34990629863671,-23.15771352875629,0 -46.34998242804659,-23.15769599557371,0 -46.35005893876894,-23.15767870520802,0 -46.35013523815071,-23.15766125836036,0 -46.35023009324419,-23.15762598964767,0 -46.35032521093967,-23.15759086392717,0 -46.35040106335833,-23.1575555871206,0 -46.35047630513731,-23.15750235894667,0 -46.35055160087563,-23.15744909390057,0 -46.35060764662558,-23.1573956408961,0 -46.35066483181653,-23.15734290195332,0 -46.35072234436063,-23.15727279440385,0 -46.35074035058665,-23.15720169130498,0 -46.35077775159191,-23.15713076357382,0 -46.35079548712201,-23.15705933132302,0 -46.35085262195087,-23.15698878580378,0 -46.3508701740193,-23.15688185011727,0 -46.35088848241746,-23.15681064899225,0 -46.35090611272688,-23.15673879855666,0 -46.35090406586988,-23.15666636086383,0 -46.35094192283145,-23.15659536208625,0 -46.35097979777942,-23.15652433003372,0 -46.35103697937308,-23.15643573332238,0 -46.35109400718267,-23.15636467159226,0 -46.35115089559731,-23.15631094519393,0 -46.35122727681733,-23.15625748769287,0 -46.35128407529982,-23.15620350139045,0 -46.35136025507165,-23.15614965808022,0 -46.35141766869043,-23.15611395589428,0 -46.35147439882439,-23.15605967461426,0 -46.35153058756653,-23.1560044958108,0 -46.35162614862782,-23.15596817668995,0 -46.3517033976936,-23.15596859577401,0 -46.3517999408146,-23.15596912097811,0 -46.35189647404297,-23.15596964528287,0 -46.35201228693745,-23.15597027390897,0 -46.35208948204394,-23.15597069389236,0 -46.35222455122204,-23.15597142683985,0 -46.35230171934882,-23.1559718450246,0 -46.35239816084642,-23.15597237022864,0 -46.35251387391612,-23.15597299705609,0 -46.35261028123944,-23.15597352136086,0 -46.35268787294693,-23.15601050598002,0 -46.35280325686477,-23.15601053835561,0 -46.35288043668276,-23.15602896906164,0 -46.35295782244549,-23.15606580079599,0 -46.3530349132306,-23.15608425488443,0 -46.35311191228487,-23.15608443115155,0 -46.35318898058695,-23.15610287534736,0 -46.35326611813679,-23.15613959826381,0 -46.35334297599752,-23.15613947865399,0 -46.35341990940128,-23.15615762427492,0 -46.35349676366469,-23.15615754063793,0 -46.35361225999776,-23.15619444431809,0 -46.35368913224761,-23.15619468533641,0 -46.35374686782364,-23.1562310314369,0 -46.35384274634561,-23.15624820219274,0 -46.3539195367572,-23.15626557889328,0 -46.35399633616197,-23.15630123791176,0 -46.35407319402265,-23.15631868925607,0 -46.35414994666269,-23.15633667209969,0 -46.35422675955726,-23.15635462526568,0 -46.35430356255932,-23.15637257663304,0 -46.3543995516979,-23.15640788491586,0 -46.35445704985297,-23.1564438856768,0 -46.35453371166142,-23.15647963372805,0 -46.35461046610011,-23.15651548969807,0 -46.35468713690181,-23.15655120177652,0 -46.35476381669673,-23.15658675017835,0 -46.3548405099815,-23.1566221618832,0 -46.35489785615113,-23.15667570032326,0 -46.35495532103118,-23.15671115699429,0 -46.35501248194043,-23.15678271425081,0 -46.35506975796289,-23.1568361879397,0 -46.3551268469264,-23.15690765976063,0 -46.35518372095191,-23.15699708025102,0 -46.35522166334903,-23.157050649268,0 -46.35527900861933,-23.15708602410069,0 -46.35531675136696,-23.15715736102334,0 -46.355373822344,-23.15722827706328,0 -46.35541179082145,-23.15728143688877,0 -46.3554495191799,-23.15735255977278,0 -46.35550613689867,-23.15744127159735,0 -46.35554396418257,-23.1574945546299,0 -46.35558148839493,-23.15758354524441,0 -46.35561926621614,-23.15763660614441,0 -46.35565699097731,-23.15770726497824,0 -46.3556756456145,-23.15777777902123,0 -46.35569390544936,-23.15786611582854,0 -46.35569318779034,-23.15793689337291,0 -46.35569247103071,-23.15800761605857,0 -46.35569181632422,-23.15807819934935,0 -46.3556912893215,-23.15814858478931,0 -46.35567135584835,-23.15825410584227,0 -46.35563237473428,-23.15834209641057,0 -46.35563205007901,-23.15839468876386,0 -46.35563154286137,-23.15846485926578,0 -46.35563082070576,-23.15855259802395,0 -46.35561105630518,-23.15862287014932,0 -46.35562949960166,-23.15869294892041,0 -46.35568630168143,-23.15874553677707,0 -46.35576147331331,-23.15879852303335,0 -46.35585604781829,-23.1588511063934,0 -46.35591269521466,-23.15890363669343,0 -46.35593053686472,-23.15897387284594,0 -46.35598680204926,-23.15904385808756,0 -46.35532931489593,-23.15965366768257,0</coordinates></LinearRing></outerBoundaryIs>
        </Polygon>
      </MultiGeometry>
    </Placemark>
    <Placemark id="ID_00033">
      <name></name>
      <snippet></snippet>
      <description><![CDATA[<html xmlns:fo="http://www.w3.org/1999/XSL/Format" xmlns:msxsl="urn:schemas-microsoft-com:xslt">
<head>
<META http-equiv="Content-Type" content="text/html">
<meta http-equiv="content-type" content="text/html; charset=UTF-8">
</head>
<body style="margin:0px 0px 0px 0px;overflow:auto;background:#FFFFFF;">
<table style="font-family:Arial,Verdana,Times;font-size:12px;text-align:left;width:100%;border-collapse:collapse;padding:3px 3px 3px 3px">
<tr style="text-align:center;font-weight:bold;background:#9CBCE2">
<td></td>
</tr>
<tr>
<td>
<table style="font-family:Arial,Verdana,Times;font-size:12px;text-align:left;width:100%;border-spacing:0px; padding:3px 3px 3px 3px"></table>
</td>
</tr>
</table>
</body><script type="text/javascript">
				function changeImage(attElement, nameElement) {
				document.getElementById('imageAttachment').src = attElement;
				document.getElementById('imageName').innerHTML = nameElement;}
			</script></html>
]]></description>
      <styleUrl>#PolyStyle00</styleUrl>
      <MultiGeometry>
        <Polygon>
          <extrude>0</extrude><altitudeMode>clampToGround</altitudeMode>
          <outerBoundaryIs><LinearRing><coordinates> -46.28110727538041,-23.04160263135628,0 -46.28118998512969,-23.04150370413257,0 -46.28122119789994,-23.04147826231191,0 -46.28124196594394,-23.04137106582199,0 -46.2812793192851,-23.04128899009474,0 -46.28131905942701,-23.0412159156819,0 -46.28138151914175,-23.04116547270836,0 -46.28139106634461,-23.04111421315037,0 -46.28137234515754,-23.04105916205067,0 -46.28140958518418,-23.04098383303746,0 -46.28142903032546,-23.04086881694229,0 -46.2815058576092,-23.04081770667176,0 -46.28154925619317,-23.04074331205419,0 -46.28157402442167,-23.04067724336008,0 -46.2816210445755,-23.04060004555561,0 -46.2816485674274,-23.04053631060216,0 -46.28167272591554,-23.04049036873553,0 -46.2817841959838,-23.04043393807575,0 -46.28183383856077,-23.04032439525456,0 -46.28197619674405,-23.04042371997867,0 -46.28198328340176,-23.04050938400082,0 -46.28199983722266,-23.04063757426461,0 -46.28202756961662,-23.04073424329066,0 -46.28203372457671,-23.04081434140871,0 -46.28204461806462,-23.04095272009192,0 -46.28207448275111,-23.04102723431935,0 -46.28201370926524,-23.04118969414901,0 -46.28202056929381,-23.04132576607125,0 -46.28194463503683,-23.04139915075019,0 -46.28187861310749,-23.0415020889502,0 -46.28185470642949,-23.04163024593909,0 -46.28185554279901,-23.04167331177386,0 -46.28177426387113,-23.0416697441633,0 -46.28167872619224,-23.04175365630613,0 -46.28163425741502,-23.04179735976032,0 -46.28159956696641,-23.04181329304901,0 -46.28156662210188,-23.04179082708497,0 -46.28150297168474,-23.04179483806127,0 -46.28145012122604,-23.04176853199209,0 -46.28140317841395,-23.04173845686428,0 -46.28133728958419,-23.04173180188107,0 -46.281247031825,-23.04171882286535,0 -46.2811266719583,-23.04178284919908,0 -46.28097861297255,-23.04184239421107,0 -46.28088907287236,-23.04186095711743,0 -46.28108166088987,-23.041703127897,0 -46.28110727538041,-23.04160263135628,0</coordinates></LinearRing></outerBoundaryIs>
        </Polygon>
      </MultiGeometry>
    </Placemark>
    <Placemark id="ID_00034">
      <name></name>
      <snippet></snippet>
      <description><![CDATA[<html xmlns:fo="http://www.w3.org/1999/XSL/Format" xmlns:msxsl="urn:schemas-microsoft-com:xslt">
<head>
<META http-equiv="Content-Type" content="text/html">
<meta http-equiv="content-type" content="text/html; charset=UTF-8">
</head>
<body style="margin:0px 0px 0px 0px;overflow:auto;background:#FFFFFF;">
<table style="font-family:Arial,Verdana,Times;font-size:12px;text-align:left;width:100%;border-collapse:collapse;padding:3px 3px 3px 3px">
<tr style="text-align:center;font-weight:bold;background:#9CBCE2">
<td></td>
</tr>
<tr>
<td>
<table style="font-family:Arial,Verdana,Times;font-size:12px;text-align:left;width:100%;border-spacing:0px; padding:3px 3px 3px 3px"></table>
</td>
</tr>
</table>
</body><script type="text/javascript">
				function changeImage(attElement, nameElement) {
				document.getElementById('imageAttachment').src = attElement;
				document.getElementById('imageName').innerHTML = nameElement;}
			</script></html>
]]></description>
      <styleUrl>#PolyStyle00</styleUrl>
      <MultiGeometry>
        <Polygon>
          <extrude>0</extrude><altitudeMode>clampToGround</altitudeMode>
          <outerBoundaryIs><LinearRing><coordinates> -46.28244442696872,-23.0418194318213,0 -46.28240897659294,-23.04168701474391,0 -46.28242076400699,-23.04164036870799,0 -46.2824169319958,-23.04149026376459,0 -46.28299118779302,-23.04213537085067,0 -46.28276658840729,-23.04197211242302,0 -46.28261682880355,-23.04187273104168,0 -46.28248895330251,-23.04188070443093,0 -46.28244442696872,-23.0418194318213,0</coordinates></LinearRing></outerBoundaryIs>
        </Polygon>
      </MultiGeometry>
    </Placemark>
    <Placemark id="ID_00035">
      <name></name>
      <snippet></snippet>
      <description><![CDATA[<html xmlns:fo="http://www.w3.org/1999/XSL/Format" xmlns:msxsl="urn:schemas-microsoft-com:xslt">
<head>
<META http-equiv="Content-Type" content="text/html">
<meta http-equiv="content-type" content="text/html; charset=UTF-8">
</head>
<body style="margin:0px 0px 0px 0px;overflow:auto;background:#FFFFFF;">
<table style="font-family:Arial,Verdana,Times;font-size:12px;text-align:left;width:100%;border-collapse:collapse;padding:3px 3px 3px 3px">
<tr style="text-align:center;font-weight:bold;background:#9CBCE2">
<td></td>
</tr>
<tr>
<td>
<table style="font-family:Arial,Verdana,Times;font-size:12px;text-align:left;width:100%;border-spacing:0px; padding:3px 3px 3px 3px"></table>
</td>
</tr>
</table>
</body><script type="text/javascript">
				function changeImage(attElement, nameElement) {
				document.getElementById('imageAttachment').src = attElement;
				document.getElementById('imageName').innerHTML = nameElement;}
			</script></html>
]]></description>
      <styleUrl>#PolyStyle00</styleUrl>
      <MultiGeometry>
        <Polygon>
          <extrude>0</extrude><altitudeMode>clampToGround</altitudeMode>
          <outerBoundaryIs><LinearRing><coordinates> -46.28491736564388,-23.04115622767772,0 -46.28487424405108,-23.04128541888691,0 -46.2847725082446,-23.0414805573818,0 -46.2847325252858,-23.04154754967967,0 -46.28471832139338,-23.04159840634135,0 -46.28466389802043,-23.04172074831383,0 -46.28453487138716,-23.04199794994537,0 -46.28420254491147,-23.04186063875743,0 -46.28378210825765,-23.04216905855517,0 -46.28364351823377,-23.04218415727297,0 -46.28342325268091,-23.0424479823884,0 -46.28343496635058,-23.04257685164032,0 -46.28376015940382,-23.04270339704409,0 -46.28425285028879,-23.04259121831002,0 -46.2845283818793,-23.04244252170498,0 -46.28448707601769,-23.04219139771475,0 -46.28455051779212,-23.04203193712414,0 -46.28462362727851,-23.04260564883156,0 -46.284575837305,-23.04269542185621,0 -46.2845175729276,-23.04285323398949,0 -46.28448846816821,-23.04296275162968,0 -46.28448314687967,-23.04303898985746,0 -46.28437479655957,-23.04304413308023,0 -46.28431291241096,-23.04317158589993,0 -46.2834936372215,-23.04346656982629,0 -46.28310378381254,-23.043152379079,0 -46.28309928000772,-23.04267700194204,0 -46.28301149898147,-23.04266607158189,0 -46.28316083410516,-23.04215596262758,0 -46.28333997905674,-23.04195860640453,0 -46.28351814734457,-23.04151852406057,0 -46.28402560419823,-23.04120566970585,0 -46.28491736564388,-23.04115622767772,0</coordinates></LinearRing></outerBoundaryIs>
        </Polygon>
      </MultiGeometry>
    </Placemark>
    <Placemark id="ID_00036">
      <name></name>
      <snippet></snippet>
      <description><![CDATA[<html xmlns:fo="http://www.w3.org/1999/XSL/Format" xmlns:msxsl="urn:schemas-microsoft-com:xslt">
<head>
<META http-equiv="Content-Type" content="text/html">
<meta http-equiv="content-type" content="text/html; charset=UTF-8">
</head>
<body style="margin:0px 0px 0px 0px;overflow:auto;background:#FFFFFF;">
<table style="font-family:Arial,Verdana,Times;font-size:12px;text-align:left;width:100%;border-collapse:collapse;padding:3px 3px 3px 3px">
<tr style="text-align:center;font-weight:bold;background:#9CBCE2">
<td></td>
</tr>
<tr>
<td>
<table style="font-family:Arial,Verdana,Times;font-size:12px;text-align:left;width:100%;border-spacing:0px; padding:3px 3px 3px 3px"></table>
</td>
</tr>
</table>
</body><script type="text/javascript">
				function changeImage(attElement, nameElement) {
				document.getElementById('imageAttachment').src = attElement;
				document.getElementById('imageName').innerHTML = nameElement;}
			</script></html>
]]></description>
      <styleUrl>#PolyStyle00</styleUrl>
      <MultiGeometry>
        <Polygon>
          <extrude>0</extrude><altitudeMode>clampToGround</altitudeMode>
          <outerBoundaryIs><LinearRing><coordinates> -46.28423017927929,-23.04371667758255,0 -46.2844041369413,-23.04362184856939,0 -46.28436667028558,-23.04346221800697,0 -46.28467677901011,-23.04361531679337,0 -46.28479997533857,-23.04372696133014,0 -46.28512878996162,-23.04347653791183,0 -46.28512731777148,-23.04379447793276,0 -46.28503931731058,-23.04378298189906,0 -46.28484051497776,-23.04379277191885,0 -46.28465265199827,-23.04381162080962,0 -46.28459634634425,-23.04386260157776,0 -46.28445732014917,-23.04394750207552,0 -46.28437478217042,-23.04391112359947,0 -46.28424891305684,-23.04400751293633,0 -46.28422700737048,-23.04391012894922,0 -46.28424545966022,-23.04386050256011,0 -46.28417607966229,-23.04384911714296,0 -46.28423017927929,-23.04371667758255,0</coordinates></LinearRing></outerBoundaryIs>
        </Polygon>
      </MultiGeometry>
    </Placemark>
    <Placemark id="ID_00037">
      <name></name>
      <snippet></snippet>
      <description><![CDATA[<html xmlns:fo="http://www.w3.org/1999/XSL/Format" xmlns:msxsl="urn:schemas-microsoft-com:xslt">
<head>
<META http-equiv="Content-Type" content="text/html">
<meta http-equiv="content-type" content="text/html; charset=UTF-8">
</head>
<body style="margin:0px 0px 0px 0px;overflow:auto;background:#FFFFFF;">
<table style="font-family:Arial,Verdana,Times;font-size:12px;text-align:left;width:100%;border-collapse:collapse;padding:3px 3px 3px 3px">
<tr style="text-align:center;font-weight:bold;background:#9CBCE2">
<td></td>
</tr>
<tr>
<td>
<table style="font-family:Arial,Verdana,Times;font-size:12px;text-align:left;width:100%;border-spacing:0px; padding:3px 3px 3px 3px"></table>
</td>
</tr>
</table>
</body><script type="text/javascript">
				function changeImage(attElement, nameElement) {
				document.getElementById('imageAttachment').src = attElement;
				document.getElementById('imageName').innerHTML = nameElement;}
			</script></html>
]]></description>
      <styleUrl>#PolyStyle00</styleUrl>
      <MultiGeometry>
        <Polygon>
          <extrude>0</extrude><altitudeMode>clampToGround</altitudeMode>
          <outerBoundaryIs><LinearRing><coordinates> -46.29547271569323,-23.0459274144186,0 -46.29530468006686,-23.04569759986429,0 -46.29534131844707,-23.04564501110832,0 -46.29534264404777,-23.04564322415542,0 -46.29573069161808,-23.04600953960854,0 -46.29597998998452,-23.04599772521482,0 -46.29604457479724,-23.04609528007308,0 -46.29612360901729,-23.04600171370805,0 -46.29612482310205,-23.0458981091104,0 -46.29614027165616,-23.04591645168284,0 -46.2964456679332,-23.04616046203564,0 -46.29640443221871,-23.04640495622369,0 -46.29716594934905,-23.04632615942467,0 -46.29708098320076,-23.04684475618051,0 -46.29788043913089,-23.04677743023417,0 -46.29794096800123,-23.04701983439782,0 -46.2977416530548,-23.04706185971703,0 -46.29777341890809,-23.04712590583585,0 -46.29808669864218,-23.04715238907152,0 -46.2982384169693,-23.04696681396725,0 -46.29894132887921,-23.04716465402549,0 -46.29893312076689,-23.04697846828163,0 -46.29932461813655,-23.0473482002592,0 -46.29954959973418,-23.04759896991648,0 -46.29884417691721,-23.04736615342516,0 -46.29797721967293,-23.04726933601103,0 -46.29739779906913,-23.04719270298081,0 -46.29708890532868,-23.04723821407226,0 -46.29709663500164,-23.04718486359054,0 -46.29706828207555,-23.04706375818585,0 -46.29689839114781,-23.04690980144613,0 -46.29619890385631,-23.04678993170992,0 -46.29603314981,-23.04673136785829,0 -46.29589702123052,-23.04660916977729,0 -46.29547271569323,-23.0459274144186,0</coordinates></LinearRing></outerBoundaryIs>
        </Polygon>
      </MultiGeometry>
    </Placemark>
    <Placemark id="ID_00038">
      <name></name>
      <snippet></snippet>
      <description><![CDATA[<html xmlns:fo="http://www.w3.org/1999/XSL/Format" xmlns:msxsl="urn:schemas-microsoft-com:xslt">
<head>
<META http-equiv="Content-Type" content="text/html">
<meta http-equiv="content-type" content="text/html; charset=UTF-8">
</head>
<body style="margin:0px 0px 0px 0px;overflow:auto;background:#FFFFFF;">
<table style="font-family:Arial,Verdana,Times;font-size:12px;text-align:left;width:100%;border-collapse:collapse;padding:3px 3px 3px 3px">
<tr style="text-align:center;font-weight:bold;background:#9CBCE2">
<td></td>
</tr>
<tr>
<td>
<table style="font-family:Arial,Verdana,Times;font-size:12px;text-align:left;width:100%;border-spacing:0px; padding:3px 3px 3px 3px"></table>
</td>
</tr>
</table>
</body><script type="text/javascript">
				function changeImage(attElement, nameElement) {
				document.getElementById('imageAttachment').src = attElement;
				document.getElementById('imageName').innerHTML = nameElement;}
			</script></html>
]]></description>
      <styleUrl>#PolyStyle00</styleUrl>
      <MultiGeometry>
        <Polygon>
          <extrude>0</extrude><altitudeMode>clampToGround</altitudeMode>
          <outerBoundaryIs><LinearRing><coordinates> -46.29971521888226,-23.04313874895406,0 -46.29981113067907,-23.04300431739529,0 -46.29995035202711,-23.042944718424,0 -46.29984237402631,-23.04299916607863,0 -46.29957505144745,-23.04360458967999,0 -46.29948078630918,-23.04370003832605,0 -46.29943851007915,-23.0436975247209,0 -46.29924441389853,-23.04368699006251,0 -46.29908167977568,-23.04372981937564,0 -46.29912391193892,-23.04394088756186,0 -46.29895577199125,-23.04396250906251,0 -46.29887677374409,-23.04385293386579,0 -46.29881301271035,-23.04372532366473,0 -46.29863955507135,-23.04359123564693,0 -46.29855815833231,-23.04353070497802,0 -46.29839522905655,-23.04371717580698,0 -46.29833949627067,-23.04398408919435,0 -46.29811112872557,-23.0442050391312,0 -46.29782419822811,-23.04441601019069,0 -46.29782963732788,-23.04463125572783,0 -46.29786906810295,-23.04481794419275,0 -46.29798021531462,-23.04515172217418,0 -46.2981194564477,-23.04522038631171,0 -46.29817496170506,-23.04521577638696,0 -46.29826775465312,-23.04506418306557,0 -46.29823144002887,-23.04499693266229,0 -46.29839655105997,-23.04497377422024,0 -46.29849699364132,-23.04505119235858,0 -46.2987968006318,-23.04500535930983,0 -46.29879579429041,-23.04510793238513,0 -46.29886994429244,-23.04511392456793,0 -46.29881440935748,-23.04529556783618,0 -46.2988368996032,-23.04531444910249,0 -46.2989204691043,-23.04534597933343,0 -46.29894909362572,-23.04531755626017,0 -46.29904035592762,-23.04527505160229,0 -46.29908693181642,-23.04519919108976,0 -46.29924144433716,-23.04523707413164,0 -46.29932407944267,-23.04530743888719,0 -46.29946541959338,-23.0453742063545,0 -46.29942018909042,-23.04548143342134,0 -46.29926851213207,-23.04547659057215,0 -46.29915373615597,-23.0456245362433,0 -46.29901043728182,-23.04566700762627,0 -46.29871036678998,-23.04544565839035,0 -46.29776589967651,-23.0454427257012,0 -46.29731886827113,-23.04505608197258,0 -46.29732219936001,-23.04503142705866,0 -46.29722446283864,-23.04493297018041,0 -46.29664638941927,-23.04531644020153,0 -46.29640497271129,-23.04493833463641,0 -46.29694698421589,-23.04438248256548,0 -46.29774718298609,-23.04402044518736,0 -46.2977166312175,-23.04388433369502,0 -46.2979632756846,-23.04371927662327,0 -46.29814519234668,-23.04385199587284,0 -46.29817891962141,-23.04381534760019,0 -46.29802335219592,-23.04357658838879,0 -46.29774426918266,-23.04342703562913,0 -46.2977002887373,-23.0435477723118,0 -46.29758618005816,-23.04352324869894,0 -46.29772171958167,-23.04327639558915,0 -46.29777866015701,-23.04313440073196,0 -46.29823319190825,-23.04298154925904,0 -46.29843810513439,-23.04343649559778,0 -46.29907610577761,-23.04332976585595,0 -46.29945000071694,-23.04345899123939,0 -46.29971521888226,-23.04313874895406,0</coordinates></LinearRing></outerBoundaryIs>
        </Polygon>
      </MultiGeometry>
    </Placemark>
    <Placemark id="ID_00039">
      <name></name>
      <snippet></snippet>
      <description><![CDATA[<html xmlns:fo="http://www.w3.org/1999/XSL/Format" xmlns:msxsl="urn:schemas-microsoft-com:xslt">
<head>
<META http-equiv="Content-Type" content="text/html">
<meta http-equiv="content-type" content="text/html; charset=UTF-8">
</head>
<body style="margin:0px 0px 0px 0px;overflow:auto;background:#FFFFFF;">
<table style="font-family:Arial,Verdana,Times;font-size:12px;text-align:left;width:100%;border-collapse:collapse;padding:3px 3px 3px 3px">
<tr style="text-align:center;font-weight:bold;background:#9CBCE2">
<td></td>
</tr>
<tr>
<td>
<table style="font-family:Arial,Verdana,Times;font-size:12px;text-align:left;width:100%;border-spacing:0px; padding:3px 3px 3px 3px"></table>
</td>
</tr>
</table>
</body><script type="text/javascript">
				function changeImage(attElement, nameElement) {
				document.getElementById('imageAttachment').src = attElement;
				document.getElementById('imageName').innerHTML = nameElement;}
			</script></html>
]]></description>
      <styleUrl>#PolyStyle00</styleUrl>
      <MultiGeometry>
        <Polygon>
          <extrude>0</extrude><altitudeMode>clampToGround</altitudeMode>
          <outerBoundaryIs><LinearRing><coordinates> -46.30007683717628,-23.04258365501164,0 -46.30017575001079,-23.04200253199123,0 -46.30042978870375,-23.04150836531876,0 -46.30030231160237,-23.04117240198475,0 -46.3007307693095,-23.04175378221122,0 -46.30150172842201,-23.04213185719943,0 -46.30116720040593,-23.04256846456291,0 -46.3008301443956,-23.04268698891337,0 -46.3005844900821,-23.04275139206306,0 -46.3005362558435,-23.04278532798048,0 -46.3003568249075,-23.04273975123848,0 -46.30007829407799,-23.04288994701343,0 -46.30007683717628,-23.04258365501164,0</coordinates></LinearRing></outerBoundaryIs>
        </Polygon>
      </MultiGeometry>
    </Placemark>
    <Placemark id="ID_00040">
      <name></name>
      <snippet></snippet>
      <description><![CDATA[<html xmlns:fo="http://www.w3.org/1999/XSL/Format" xmlns:msxsl="urn:schemas-microsoft-com:xslt">
<head>
<META http-equiv="Content-Type" content="text/html">
<meta http-equiv="content-type" content="text/html; charset=UTF-8">
</head>
<body style="margin:0px 0px 0px 0px;overflow:auto;background:#FFFFFF;">
<table style="font-family:Arial,Verdana,Times;font-size:12px;text-align:left;width:100%;border-collapse:collapse;padding:3px 3px 3px 3px">
<tr style="text-align:center;font-weight:bold;background:#9CBCE2">
<td></td>
</tr>
<tr>
<td>
<table style="font-family:Arial,Verdana,Times;font-size:12px;text-align:left;width:100%;border-spacing:0px; padding:3px 3px 3px 3px"></table>
</td>
</tr>
</table>
</body><script type="text/javascript">
				function changeImage(attElement, nameElement) {
				document.getElementById('imageAttachment').src = attElement;
				document.getElementById('imageName').innerHTML = nameElement;}
			</script></html>
]]></description>
      <styleUrl>#PolyStyle00</styleUrl>
      <MultiGeometry>
        <Polygon>
          <extrude>0</extrude><altitudeMode>clampToGround</altitudeMode>
          <outerBoundaryIs><LinearRing><coordinates> -46.29597212271523,-23.04180675317906,0 -46.2958904867565,-23.04174267198671,0 -46.29516199542969,-23.04004460627352,0 -46.29527868426385,-23.03963728892968,0 -46.2945400710674,-23.0386650993148,0 -46.29494327131489,-23.03897626294412,0 -46.29544233839318,-23.03982387397258,0 -46.2954861398734,-23.04048752328055,0 -46.29585499591128,-23.04100205869801,0 -46.29616158468935,-23.04128953868121,0 -46.29652307887693,-23.04139634756336,0 -46.29685327485874,-23.04184780093522,0 -46.29711332731821,-23.04220334790616,0 -46.29728992628901,-23.04260353362611,0 -46.29727809930478,-23.04273609999098,0 -46.29727038761825,-23.04271763870805,0 -46.29714272885383,-23.0424904708585,0 -46.29700209197291,-23.04249277222363,0 -46.29691495126394,-23.04250177713525,0 -46.29683960156633,-23.04268845930488,0 -46.29683258505572,-23.04274755735384,0 -46.29677525777191,-23.04275963255094,0 -46.29671133665881,-23.04272620744847,0 -46.29666238026459,-23.04254324487486,0 -46.29646478662058,-23.04221093278831,0 -46.29621418693512,-23.04246646435581,0 -46.29597212271523,-23.04180675317906,0</coordinates></LinearRing></outerBoundaryIs>
        </Polygon>
      </MultiGeometry>
    </Placemark>
    <Placemark id="ID_00041">
      <name></name>
      <snippet></snippet>
      <description><![CDATA[<html xmlns:fo="http://www.w3.org/1999/XSL/Format" xmlns:msxsl="urn:schemas-microsoft-com:xslt">
<head>
<META http-equiv="Content-Type" content="text/html">
<meta http-equiv="content-type" content="text/html; charset=UTF-8">
</head>
<body style="margin:0px 0px 0px 0px;overflow:auto;background:#FFFFFF;">
<table style="font-family:Arial,Verdana,Times;font-size:12px;text-align:left;width:100%;border-collapse:collapse;padding:3px 3px 3px 3px">
<tr style="text-align:center;font-weight:bold;background:#9CBCE2">
<td></td>
</tr>
<tr>
<td>
<table style="font-family:Arial,Verdana,Times;font-size:12px;text-align:left;width:100%;border-spacing:0px; padding:3px 3px 3px 3px"></table>
</td>
</tr>
</table>
</body><script type="text/javascript">
				function changeImage(attElement, nameElement) {
				document.getElementById('imageAttachment').src = attElement;
				document.getElementById('imageName').innerHTML = nameElement;}
			</script></html>
]]></description>
      <styleUrl>#PolyStyle00</styleUrl>
      <MultiGeometry>
        <Polygon>
          <extrude>0</extrude><altitudeMode>clampToGround</altitudeMode>
          <outerBoundaryIs><LinearRing><coordinates> -46.29628679909644,-23.04279916944608,0 -46.29634197879927,-23.04282287737387,0 -46.29641791485483,-23.04291259913709,0 -46.29662884184751,-23.04304730408979,0 -46.29676616202869,-23.04313679382796,0 -46.29676891665213,-23.04326649495272,0 -46.29697179830981,-23.04343333717872,0 -46.29708653471578,-23.04334948439118,0 -46.29722403476138,-23.04324068800728,0 -46.29733401735097,-23.04334524138972,0 -46.29754092437413,-23.04348605363845,0 -46.29758555502929,-23.04330885661843,0 -46.29747132674032,-23.04315957725265,0 -46.29772765061057,-23.04291385998658,0 -46.2978006971444,-23.04307944496039,0 -46.29772171958167,-23.04327639558915,0 -46.29758618005816,-23.04352324869894,0 -46.29720442324549,-23.04375905813395,0 -46.29686277259884,-23.04398481494718,0 -46.29679508062844,-23.0439595961584,0 -46.29637603522583,-23.04390128141898,0 -46.29649655157454,-23.04383494922352,0 -46.29630652662485,-23.04352373613149,0 -46.29598379501607,-23.04345912074178,0 -46.29628679909644,-23.04279916944608,0</coordinates></LinearRing></outerBoundaryIs>
        </Polygon>
      </MultiGeometry>
    </Placemark>
    <Placemark id="ID_00042">
      <name></name>
      <snippet></snippet>
      <description><![CDATA[<html xmlns:fo="http://www.w3.org/1999/XSL/Format" xmlns:msxsl="urn:schemas-microsoft-com:xslt">
<head>
<META http-equiv="Content-Type" content="text/html">
<meta http-equiv="content-type" content="text/html; charset=UTF-8">
</head>
<body style="margin:0px 0px 0px 0px;overflow:auto;background:#FFFFFF;">
<table style="font-family:Arial,Verdana,Times;font-size:12px;text-align:left;width:100%;border-collapse:collapse;padding:3px 3px 3px 3px">
<tr style="text-align:center;font-weight:bold;background:#9CBCE2">
<td></td>
</tr>
<tr>
<td>
<table style="font-family:Arial,Verdana,Times;font-size:12px;text-align:left;width:100%;border-spacing:0px; padding:3px 3px 3px 3px"></table>
</td>
</tr>
</table>
</body><script type="text/javascript">
				function changeImage(attElement, nameElement) {
				document.getElementById('imageAttachment').src = attElement;
				document.getElementById('imageName').innerHTML = nameElement;}
			</script></html>
]]></description>
      <styleUrl>#PolyStyle00</styleUrl>
      <MultiGeometry>
        <Polygon>
          <extrude>0</extrude><altitudeMode>clampToGround</altitudeMode>
          <outerBoundaryIs><LinearRing><coordinates> -46.29733401735097,-23.04334524138972,0 -46.29722403476138,-23.04324068800728,0 -46.29743127273503,-23.04294127402051,0 -46.29734975458746,-23.04290972580316,0 -46.29736379660189,-23.04278227208414,0 -46.29727809930478,-23.04273609999098,0 -46.29728992628901,-23.04260353362611,0 -46.29753314793641,-23.04272819135294,0 -46.29772765061057,-23.04291385998658,0 -46.29747132674032,-23.04315957725265,0 -46.29758555502929,-23.04330885661843,0 -46.29754092437413,-23.04348605363845,0 -46.29733401735097,-23.04334524138972,0</coordinates></LinearRing></outerBoundaryIs>
        </Polygon>
      </MultiGeometry>
    </Placemark>
    <Placemark id="ID_00043">
      <name></name>
      <snippet></snippet>
      <description><![CDATA[<html xmlns:fo="http://www.w3.org/1999/XSL/Format" xmlns:msxsl="urn:schemas-microsoft-com:xslt">
<head>
<META http-equiv="Content-Type" content="text/html">
<meta http-equiv="content-type" content="text/html; charset=UTF-8">
</head>
<body style="margin:0px 0px 0px 0px;overflow:auto;background:#FFFFFF;">
<table style="font-family:Arial,Verdana,Times;font-size:12px;text-align:left;width:100%;border-collapse:collapse;padding:3px 3px 3px 3px">
<tr style="text-align:center;font-weight:bold;background:#9CBCE2">
<td></td>
</tr>
<tr>
<td>
<table style="font-family:Arial,Verdana,Times;font-size:12px;text-align:left;width:100%;border-spacing:0px; padding:3px 3px 3px 3px"></table>
</td>
</tr>
</table>
</body><script type="text/javascript">
				function changeImage(attElement, nameElement) {
				document.getElementById('imageAttachment').src = attElement;
				document.getElementById('imageName').innerHTML = nameElement;}
			</script></html>
]]></description>
      <styleUrl>#PolyStyle00</styleUrl>
      <MultiGeometry>
        <Polygon>
          <extrude>0</extrude><altitudeMode>clampToGround</altitudeMode>
          <outerBoundaryIs><LinearRing><coordinates> -46.29800321277799,-23.03997511835704,0 -46.29820663043161,-23.04004574391592,0 -46.29918363681537,-23.04002408104646,0 -46.29896093859639,-23.04015918979474,0 -46.29870626318348,-23.04046327216225,0 -46.29890308790715,-23.04078346858218,0 -46.29878321367431,-23.04114923095223,0 -46.29876453655407,-23.04114398790465,0 -46.29881885110906,-23.04130434422003,0 -46.29873222661092,-23.04154632120572,0 -46.29902969896142,-23.04197723226345,0 -46.29898891290798,-23.04216319677408,0 -46.29800398889295,-23.04197355133832,0 -46.29749787023049,-23.04132244037828,0 -46.29793413495229,-23.04014553179081,0 -46.29800321277799,-23.03997511835704,0</coordinates></LinearRing></outerBoundaryIs>
        </Polygon>
      </MultiGeometry>
    </Placemark>
    <Placemark id="ID_00044">
      <name></name>
      <snippet></snippet>
      <description><![CDATA[<html xmlns:fo="http://www.w3.org/1999/XSL/Format" xmlns:msxsl="urn:schemas-microsoft-com:xslt">
<head>
<META http-equiv="Content-Type" content="text/html">
<meta http-equiv="content-type" content="text/html; charset=UTF-8">
</head>
<body style="margin:0px 0px 0px 0px;overflow:auto;background:#FFFFFF;">
<table style="font-family:Arial,Verdana,Times;font-size:12px;text-align:left;width:100%;border-collapse:collapse;padding:3px 3px 3px 3px">
<tr style="text-align:center;font-weight:bold;background:#9CBCE2">
<td></td>
</tr>
<tr>
<td>
<table style="font-family:Arial,Verdana,Times;font-size:12px;text-align:left;width:100%;border-spacing:0px; padding:3px 3px 3px 3px"></table>
</td>
</tr>
</table>
</body><script type="text/javascript">
				function changeImage(attElement, nameElement) {
				document.getElementById('imageAttachment').src = attElement;
				document.getElementById('imageName').innerHTML = nameElement;}
			</script></html>
]]></description>
      <styleUrl>#PolyStyle00</styleUrl>
      <MultiGeometry>
        <Polygon>
          <extrude>0</extrude><altitudeMode>clampToGround</altitudeMode>
          <outerBoundaryIs><LinearRing><coordinates> -46.29411904355896,-23.04672934168571,0 -46.29382885931437,-23.04670002558569,0 -46.29352277055938,-23.0464018310796,0 -46.29331007370092,-23.04645805579459,0 -46.29308792676635,-23.04634951301955,0 -46.29295700885883,-23.04616624287777,0 -46.29292232200748,-23.04602838759996,0 -46.29295105444756,-23.04596425334758,0 -46.29304191025591,-23.04591812801915,0 -46.29311834633456,-23.04587545968464,0 -46.29322998637474,-23.04580006412164,0 -46.29325599027169,-23.04574917508432,0 -46.29328586844805,-23.04570099210709,0 -46.29332939473574,-23.04565325429423,0 -46.29334840640377,-23.04564085983776,0 -46.2932838485707,-23.04548952372248,0 -46.29325876737818,-23.04540442987048,0 -46.29362147565053,-23.04473965191335,0 -46.29371682806914,-23.04460386687493,0 -46.29382370260175,-23.04438118664239,0 -46.29424093766909,-23.04367861737427,0 -46.29424609528105,-23.04382591823153,0 -46.29436330032597,-23.04399007777983,0 -46.29455867444323,-23.04416169540588,0 -46.2948143427077,-23.04430405268982,0 -46.29488043028761,-23.04434085114934,0 -46.29508205289438,-23.04433084978883,0 -46.29541137293648,-23.04438897656998,0 -46.29564079358772,-23.0444508903962,0 -46.29536562172603,-23.04477061467209,0 -46.29526448037143,-23.04518261208784,0 -46.29516507021179,-23.04515438236882,0 -46.29494824996176,-23.04493709537059,0 -46.29487539138614,-23.04492604090406,0 -46.29498879679551,-23.04518765908321,0 -46.29486307517072,-23.04543057496101,0 -46.29504050061853,-23.04543036721764,0 -46.29506115534798,-23.04549399874902,0 -46.29527218576273,-23.04555378837659,0 -46.29520798316184,-23.04567754678128,0 -46.29497772883906,-23.04590102111518,0 -46.29411904355896,-23.04672934168571,0</coordinates></LinearRing></outerBoundaryIs>
        </Polygon>
      </MultiGeometry>
    </Placemark>
    <Placemark id="ID_00045">
      <name></name>
      <snippet></snippet>
      <description><![CDATA[<html xmlns:fo="http://www.w3.org/1999/XSL/Format" xmlns:msxsl="urn:schemas-microsoft-com:xslt">
<head>
<META http-equiv="Content-Type" content="text/html">
<meta http-equiv="content-type" content="text/html; charset=UTF-8">
</head>
<body style="margin:0px 0px 0px 0px;overflow:auto;background:#FFFFFF;">
<table style="font-family:Arial,Verdana,Times;font-size:12px;text-align:left;width:100%;border-collapse:collapse;padding:3px 3px 3px 3px">
<tr style="text-align:center;font-weight:bold;background:#9CBCE2">
<td></td>
</tr>
<tr>
<td>
<table style="font-family:Arial,Verdana,Times;font-size:12px;text-align:left;width:100%;border-spacing:0px; padding:3px 3px 3px 3px"></table>
</td>
</tr>
</table>
</body><script type="text/javascript">
				function changeImage(attElement, nameElement) {
				document.getElementById('imageAttachment').src = attElement;
				document.getElementById('imageName').innerHTML = nameElement;}
			</script></html>
]]></description>
      <styleUrl>#PolyStyle00</styleUrl>
      <MultiGeometry>
        <Polygon>
          <extrude>0</extrude><altitudeMode>clampToGround</altitudeMode>
          <outerBoundaryIs><LinearRing><coordinates> -46.29075062743948,-23.04530787505841,0 -46.29048696240335,-23.04518174514141,0 -46.29039681076415,-23.04491028298316,0 -46.2903470773557,-23.04444641716839,0 -46.29027976310057,-23.04444933187111,0 -46.29022025406141,-23.04443904992218,0 -46.29035369996325,-23.04354113261713,0 -46.29036403407287,-23.042482837413,0 -46.2905293312636,-23.04200691978348,0 -46.29068537532977,-23.04153346000114,0 -46.29079449097294,-23.04118513638491,0 -46.29105671439584,-23.04125381311295,0 -46.2911164824397,-23.04112545557532,0 -46.29135950983346,-23.04103788229244,0 -46.29132056289365,-23.04159392591889,0 -46.29150042460487,-23.04153570291035,0 -46.2918359211908,-23.04278796569202,0 -46.29170684689342,-23.04284509782298,0 -46.29085457288016,-23.04317969328816,0 -46.29086830013188,-23.04345332191319,0 -46.29052527172388,-23.04358614368556,0 -46.29053883260099,-23.0441760638742,0 -46.29052108537974,-23.04451567575782,0 -46.29055689818228,-23.04461758243543,0 -46.29065931567482,-23.04503708019707,0 -46.29075062743948,-23.04530787505841,0</coordinates></LinearRing></outerBoundaryIs>
        </Polygon>
      </MultiGeometry>
    </Placemark>
    <Placemark id="ID_00046">
      <name></name>
      <snippet></snippet>
      <description><![CDATA[<html xmlns:fo="http://www.w3.org/1999/XSL/Format" xmlns:msxsl="urn:schemas-microsoft-com:xslt">
<head>
<META http-equiv="Content-Type" content="text/html">
<meta http-equiv="content-type" content="text/html; charset=UTF-8">
</head>
<body style="margin:0px 0px 0px 0px;overflow:auto;background:#FFFFFF;">
<table style="font-family:Arial,Verdana,Times;font-size:12px;text-align:left;width:100%;border-collapse:collapse;padding:3px 3px 3px 3px">
<tr style="text-align:center;font-weight:bold;background:#9CBCE2">
<td></td>
</tr>
<tr>
<td>
<table style="font-family:Arial,Verdana,Times;font-size:12px;text-align:left;width:100%;border-spacing:0px; padding:3px 3px 3px 3px"></table>
</td>
</tr>
</table>
</body><script type="text/javascript">
				function changeImage(attElement, nameElement) {
				document.getElementById('imageAttachment').src = attElement;
				document.getElementById('imageName').innerHTML = nameElement;}
			</script></html>
]]></description>
      <styleUrl>#PolyStyle00</styleUrl>
      <MultiGeometry>
        <Polygon>
          <extrude>0</extrude><altitudeMode>clampToGround</altitudeMode>
          <outerBoundaryIs><LinearRing><coordinates> -46.28749585235163,-23.04481218133711,0 -46.28743910243259,-23.04471367229808,0 -46.28752670719172,-23.04466903714633,0 -46.2875373272858,-23.04473082776546,0 -46.28771242259019,-23.04485230728814,0 -46.28778181068196,-23.04498363258855,0 -46.28791422865869,-23.04505367089013,0 -46.28802715742733,-23.04488771269774,0 -46.28814434898248,-23.04496887561305,0 -46.28822796255037,-23.04508641160857,0 -46.28834225379194,-23.04505352609931,0 -46.28845701358029,-23.04502883791048,0 -46.28867321599609,-23.04501171302009,0 -46.28882069222113,-23.04505293344607,0 -46.28895986770367,-23.0451490170135,0 -46.28908131485077,-23.04531420268827,0 -46.28922030237498,-23.04542023185816,0 -46.28934106333936,-23.04548564944311,0 -46.28947305593675,-23.04549047970177,0 -46.28966930059774,-23.04550206566774,0 -46.28981513466068,-23.04552583115215,0 -46.28953139136059,-23.04578489165937,0 -46.28939949319204,-23.04592437111279,0 -46.28930747006364,-23.04600458794137,0 -46.28906422503396,-23.04588825883604,0 -46.28896532658848,-23.04574520727543,0 -46.28897268394218,-23.04563011833522,0 -46.28886922143738,-23.04547697818001,0 -46.28863309094435,-23.04520611497019,0 -46.28839598019027,-23.04527920916815,0 -46.28810158981645,-23.04542616108843,0 -46.28781317184037,-23.04546130479533,0 -46.28780092936933,-23.04529653820467,0 -46.28773671237934,-23.04514862670772,0 -46.28773667101053,-23.04514853317824,0 -46.28748654616714,-23.04504468126697,0 -46.2872910488428,-23.04494022141405,0 -46.28721219178919,-23.0448528567739,0 -46.28734426892282,-23.04475050762976,0 -46.28741340070786,-23.044837472971,0 -46.28749585235163,-23.04481218133711,0</coordinates></LinearRing></outerBoundaryIs>
        </Polygon>
      </MultiGeometry>
    </Placemark>
    <Placemark id="ID_00047">
      <name></name>
      <snippet></snippet>
      <description><![CDATA[<html xmlns:fo="http://www.w3.org/1999/XSL/Format" xmlns:msxsl="urn:schemas-microsoft-com:xslt">
<head>
<META http-equiv="Content-Type" content="text/html">
<meta http-equiv="content-type" content="text/html; charset=UTF-8">
</head>
<body style="margin:0px 0px 0px 0px;overflow:auto;background:#FFFFFF;">
<table style="font-family:Arial,Verdana,Times;font-size:12px;text-align:left;width:100%;border-collapse:collapse;padding:3px 3px 3px 3px">
<tr style="text-align:center;font-weight:bold;background:#9CBCE2">
<td></td>
</tr>
<tr>
<td>
<table style="font-family:Arial,Verdana,Times;font-size:12px;text-align:left;width:100%;border-spacing:0px; padding:3px 3px 3px 3px"></table>
</td>
</tr>
</table>
</body><script type="text/javascript">
				function changeImage(attElement, nameElement) {
				document.getElementById('imageAttachment').src = attElement;
				document.getElementById('imageName').innerHTML = nameElement;}
			</script></html>
]]></description>
      <styleUrl>#PolyStyle00</styleUrl>
      <MultiGeometry>
        <Polygon>
          <extrude>0</extrude><altitudeMode>clampToGround</altitudeMode>
          <outerBoundaryIs><LinearRing><coordinates> -46.28489949341684,-23.04512206433173,0 -46.28499226568051,-23.0449163956751,0 -46.28513891362991,-23.04478205764583,0 -46.28525767090474,-23.04453788361639,0 -46.28537303233951,-23.04460731307701,0 -46.28542471367956,-23.04485059767689,0 -46.28537601988734,-23.0450712796158,0 -46.28539944812599,-23.04512428655653,0 -46.2854550810871,-23.04511752995001,0 -46.28560188102193,-23.04499105739131,0 -46.28572758915686,-23.04470909115162,0 -46.28559296963982,-23.04542010415446,0 -46.28558967542314,-23.04543750783468,0 -46.28551846080831,-23.04577475719923,0 -46.28557840511928,-23.04651721679608,0 -46.2853799975888,-23.04649801986766,0 -46.28508548490715,-23.04648042822913,0 -46.28459788508428,-23.04649730400739,0 -46.28448194538544,-23.04646430428415,0 -46.2844948839317,-23.04642537173347,0 -46.28459681309243,-23.04635442061999,0 -46.28462790085688,-23.04633327755869,0 -46.28464285838118,-23.04625977326986,0 -46.28468265607967,-23.04616605132219,0 -46.28470987586001,-23.04602002120697,0 -46.28466787662114,-23.04590023870504,0 -46.28484354119643,-23.0456578606217,0 -46.28499595739748,-23.04549570296428,0 -46.28488337037119,-23.04532473285007,0 -46.28489949341684,-23.04512206433173,0</coordinates></LinearRing></outerBoundaryIs>
        </Polygon>
      </MultiGeometry>
    </Placemark>
    <Placemark id="ID_00048">
      <name></name>
      <snippet></snippet>
      <description><![CDATA[<html xmlns:fo="http://www.w3.org/1999/XSL/Format" xmlns:msxsl="urn:schemas-microsoft-com:xslt">
<head>
<META http-equiv="Content-Type" content="text/html">
<meta http-equiv="content-type" content="text/html; charset=UTF-8">
</head>
<body style="margin:0px 0px 0px 0px;overflow:auto;background:#FFFFFF;">
<table style="font-family:Arial,Verdana,Times;font-size:12px;text-align:left;width:100%;border-collapse:collapse;padding:3px 3px 3px 3px">
<tr style="text-align:center;font-weight:bold;background:#9CBCE2">
<td></td>
</tr>
<tr>
<td>
<table style="font-family:Arial,Verdana,Times;font-size:12px;text-align:left;width:100%;border-spacing:0px; padding:3px 3px 3px 3px"></table>
</td>
</tr>
</table>
</body><script type="text/javascript">
				function changeImage(attElement, nameElement) {
				document.getElementById('imageAttachment').src = attElement;
				document.getElementById('imageName').innerHTML = nameElement;}
			</script></html>
]]></description>
      <styleUrl>#PolyStyle00</styleUrl>
      <MultiGeometry>
        <Polygon>
          <extrude>0</extrude><altitudeMode>clampToGround</altitudeMode>
          <outerBoundaryIs><LinearRing><coordinates> -46.28195740900719,-23.04000676819778,0 -46.28209499898498,-23.0398695127678,0 -46.28288551205668,-23.04038204359637,0 -46.28299978531181,-23.04015057069222,0 -46.28361514732114,-23.03993295094488,0 -46.28379571679887,-23.03992734457127,0 -46.28384491421139,-23.04011163094697,0 -46.28407953204471,-23.04038156425775,0 -46.28448162342813,-23.04029648299626,0 -46.2847231471555,-23.04019123803518,0 -46.28493272876238,-23.04078220413538,0 -46.28491847270931,-23.04115654423907,0 -46.28402560419823,-23.04120566970585,0 -46.28351814734457,-23.04151852406057,0 -46.28333975782351,-23.04195915319232,0 -46.28316083410516,-23.04215596262758,0 -46.28288148669122,-23.04310911719197,0 -46.28261951777648,-23.04299039589,0 -46.28300307593118,-23.04214872578301,0 -46.2824169319958,-23.04149026376459,0 -46.28232356168297,-23.04110011537797,0 -46.28234296905277,-23.04109819262745,0 -46.28230107863181,-23.04073600776053,0 -46.28195740900719,-23.04000676819778,0</coordinates></LinearRing></outerBoundaryIs>
        </Polygon>
      </MultiGeometry>
    </Placemark>
    <Placemark id="ID_00049">
      <name></name>
      <snippet></snippet>
      <description><![CDATA[<html xmlns:fo="http://www.w3.org/1999/XSL/Format" xmlns:msxsl="urn:schemas-microsoft-com:xslt">
<head>
<META http-equiv="Content-Type" content="text/html">
<meta http-equiv="content-type" content="text/html; charset=UTF-8">
</head>
<body style="margin:0px 0px 0px 0px;overflow:auto;background:#FFFFFF;">
<table style="font-family:Arial,Verdana,Times;font-size:12px;text-align:left;width:100%;border-collapse:collapse;padding:3px 3px 3px 3px">
<tr style="text-align:center;font-weight:bold;background:#9CBCE2">
<td></td>
</tr>
<tr>
<td>
<table style="font-family:Arial,Verdana,Times;font-size:12px;text-align:left;width:100%;border-spacing:0px; padding:3px 3px 3px 3px"></table>
</td>
</tr>
</table>
</body><script type="text/javascript">
				function changeImage(attElement, nameElement) {
				document.getElementById('imageAttachment').src = attElement;
				document.getElementById('imageName').innerHTML = nameElement;}
			</script></html>
]]></description>
      <styleUrl>#PolyStyle00</styleUrl>
      <MultiGeometry>
        <Polygon>
          <extrude>0</extrude><altitudeMode>clampToGround</altitudeMode>
          <outerBoundaryIs><LinearRing><coordinates> -46.28301133980147,-23.0426660517968,0 -46.28309928000772,-23.04267700194204,0 -46.28310378291321,-23.043152379079,0 -46.2834936372215,-23.04346656982629,0 -46.28431291241096,-23.04317158589993,0 -46.28437479655957,-23.04304413308023,0 -46.28479809935278,-23.04302403862846,0 -46.28535988515053,-23.04351203325372,0 -46.28533301160916,-23.04370678773804,0 -46.28512731777148,-23.04379447793276,0 -46.28512878996162,-23.04347653791183,0 -46.28479997533857,-23.04372696133014,0 -46.28467677901011,-23.04361531679337,0 -46.28436667028558,-23.04346221800697,0 -46.2844041369413,-23.04362184856939,0 -46.28423017927929,-23.04371667758255,0 -46.28417607966229,-23.04384911714296,0 -46.28396646567978,-23.04380034870706,0 -46.2839045545515,-23.04422780367014,0 -46.2836165565588,-23.04433379956513,0 -46.28342049266155,-23.04429996886841,0 -46.28324604756699,-23.04431668366795,0 -46.28336917464764,-23.04408327812076,0 -46.28337662193354,-23.0437866951998,0 -46.28324208785204,-23.04361658843479,0 -46.28299011670049,-23.04346864995819,0 -46.28275484326139,-23.04337512855931,0 -46.28256660166726,-23.04334172144324,0 -46.2822609994455,-23.04337149260024,0 -46.2819193218192,-23.04348343481264,0 -46.28203073073361,-23.04325931476552,0 -46.28261951777648,-23.04299039589,0 -46.28288148669122,-23.04310911719197,0 -46.28301133980147,-23.0426660517968,0</coordinates></LinearRing></outerBoundaryIs>
        </Polygon>
      </MultiGeometry>
    </Placemark>
    <Placemark id="ID_00050">
      <name></name>
      <snippet></snippet>
      <description><![CDATA[<html xmlns:fo="http://www.w3.org/1999/XSL/Format" xmlns:msxsl="urn:schemas-microsoft-com:xslt">
<head>
<META http-equiv="Content-Type" content="text/html">
<meta http-equiv="content-type" content="text/html; charset=UTF-8">
</head>
<body style="margin:0px 0px 0px 0px;overflow:auto;background:#FFFFFF;">
<table style="font-family:Arial,Verdana,Times;font-size:12px;text-align:left;width:100%;border-collapse:collapse;padding:3px 3px 3px 3px">
<tr style="text-align:center;font-weight:bold;background:#9CBCE2">
<td></td>
</tr>
<tr>
<td>
<table style="font-family:Arial,Verdana,Times;font-size:12px;text-align:left;width:100%;border-spacing:0px; padding:3px 3px 3px 3px"></table>
</td>
</tr>
</table>
</body><script type="text/javascript">
				function changeImage(attElement, nameElement) {
				document.getElementById('imageAttachment').src = attElement;
				document.getElementById('imageName').innerHTML = nameElement;}
			</script></html>
]]></description>
      <styleUrl>#PolyStyle00</styleUrl>
      <MultiGeometry>
        <Polygon>
          <extrude>0</extrude><altitudeMode>clampToGround</altitudeMode>
          <outerBoundaryIs><LinearRing><coordinates> -46.28455983117124,-23.04200855025436,0 -46.28448633227839,-23.04219142379515,0 -46.2845283818793,-23.04244252170498,0 -46.28425482070338,-23.04259075515915,0 -46.2837600937533,-23.04270337186306,0 -46.28343493937092,-23.04257656025997,0 -46.28342325268091,-23.0424479823884,0 -46.28364327901409,-23.04218418335337,0 -46.28378293923123,-23.04216896862294,0 -46.28420269419895,-23.04186052904015,0 -46.28455983117124,-23.04200855025436,0</coordinates></LinearRing></outerBoundaryIs>
        </Polygon>
      </MultiGeometry>
    </Placemark>
    <Placemark id="ID_00051">
      <name></name>
      <snippet></snippet>
      <description><![CDATA[<html xmlns:fo="http://www.w3.org/1999/XSL/Format" xmlns:msxsl="urn:schemas-microsoft-com:xslt">
<head>
<META http-equiv="Content-Type" content="text/html">
<meta http-equiv="content-type" content="text/html; charset=UTF-8">
</head>
<body style="margin:0px 0px 0px 0px;overflow:auto;background:#FFFFFF;">
<table style="font-family:Arial,Verdana,Times;font-size:12px;text-align:left;width:100%;border-collapse:collapse;padding:3px 3px 3px 3px">
<tr style="text-align:center;font-weight:bold;background:#9CBCE2">
<td></td>
</tr>
<tr>
<td>
<table style="font-family:Arial,Verdana,Times;font-size:12px;text-align:left;width:100%;border-spacing:0px; padding:3px 3px 3px 3px"></table>
</td>
</tr>
</table>
</body><script type="text/javascript">
				function changeImage(attElement, nameElement) {
				document.getElementById('imageAttachment').src = attElement;
				document.getElementById('imageName').innerHTML = nameElement;}
			</script></html>
]]></description>
      <styleUrl>#PolyStyle00</styleUrl>
      <MultiGeometry>
        <Polygon>
          <extrude>0</extrude><altitudeMode>clampToGround</altitudeMode>
          <outerBoundaryIs><LinearRing><coordinates> -46.2954861398734,-23.04048752328055,0 -46.29547081002983,-23.04011215165446,0 -46.29544233839318,-23.03982387397258,0 -46.29522752992654,-23.03942136980029,0 -46.29494327131489,-23.03897626294412,0 -46.29461627512098,-23.03872260016783,0 -46.29424077758978,-23.03843926605925,0 -46.29395261771906,-23.03822567257669,0 -46.29435389971263,-23.038118217082,0 -46.29458318906291,-23.03785106807236,0 -46.29490308061264,-23.03762105566717,0 -46.29516412592365,-23.03746550442946,0 -46.29518479234423,-23.03699867085192,0 -46.29557105476033,-23.03653816130707,0 -46.29638823003273,-23.03693232067003,0 -46.29620285008144,-23.03736034400464,0 -46.29626509395887,-23.03858155319609,0 -46.29659426111624,-23.03890609064354,0 -46.29637050619385,-23.03933920414092,0 -46.2963881140202,-23.03934699496776,0 -46.29664024075447,-23.04004389760777,0 -46.29642054627118,-23.0404568258218,0 -46.29659201101247,-23.04052501062067,0 -46.29660808819268,-23.04053525120082,0 -46.29708829289036,-23.03988953887107,0 -46.29756220233372,-23.03998374465402,0 -46.29793413495229,-23.04014553179081,0 -46.29749787023049,-23.04132244037828,0 -46.29800398889295,-23.04197355133832,0 -46.29898891290798,-23.04216319677408,0 -46.29902969896142,-23.04197723226345,0 -46.29873222661092,-23.04154632120572,0 -46.29881885110906,-23.04130434422003,0 -46.29876453655407,-23.04114398790465,0 -46.29878321367431,-23.04114923095223,0 -46.29890308790715,-23.04078346858218,0 -46.29870626318348,-23.04046327216225,0 -46.29896093859639,-23.04015918979474,0 -46.2997348780621,-23.03968964655992,0 -46.30008013409089,-23.0390775059221,0 -46.30062205656264,-23.03897588432955,0 -46.3010511357013,-23.03918087669603,0 -46.30083946766723,-23.03987423780581,0 -46.30085825000815,-23.03987914900346,0 -46.30056244500083,-23.0402531581567,0 -46.30025052684027,-23.04103592356898,0 -46.30042978870375,-23.04150836531876,0 -46.30017575001079,-23.04200253199123,0 -46.30007683717628,-23.04258365501164,0 -46.29991516155542,-23.04279563241246,0 -46.29895546172514,-23.04283109178141,0 -46.298051894879,-23.04277785371495,0 -46.29772765061057,-23.04291385998658,0 -46.29753314793641,-23.04272819135294,0 -46.29728992628901,-23.04260353362611,0 -46.29711332731821,-23.04220334790616,0 -46.29679377031619,-23.04176980633145,0 -46.29652307887693,-23.04139634756336,0 -46.29616158468935,-23.04128953868121,0 -46.29585499591128,-23.04100205869801,0 -46.2954861398734,-23.04048752328055,0</coordinates></LinearRing></outerBoundaryIs>
        </Polygon>
      </MultiGeometry>
    </Placemark>
    <Placemark id="ID_00052">
      <name></name>
      <snippet></snippet>
      <description><![CDATA[<html xmlns:fo="http://www.w3.org/1999/XSL/Format" xmlns:msxsl="urn:schemas-microsoft-com:xslt">
<head>
<META http-equiv="Content-Type" content="text/html">
<meta http-equiv="content-type" content="text/html; charset=UTF-8">
</head>
<body style="margin:0px 0px 0px 0px;overflow:auto;background:#FFFFFF;">
<table style="font-family:Arial,Verdana,Times;font-size:12px;text-align:left;width:100%;border-collapse:collapse;padding:3px 3px 3px 3px">
<tr style="text-align:center;font-weight:bold;background:#9CBCE2">
<td></td>
</tr>
<tr>
<td>
<table style="font-family:Arial,Verdana,Times;font-size:12px;text-align:left;width:100%;border-spacing:0px; padding:3px 3px 3px 3px"></table>
</td>
</tr>
</table>
</body><script type="text/javascript">
				function changeImage(attElement, nameElement) {
				document.getElementById('imageAttachment').src = attElement;
				document.getElementById('imageName').innerHTML = nameElement;}
			</script></html>
]]></description>
      <styleUrl>#PolyStyle00</styleUrl>
      <MultiGeometry>
        <Polygon>
          <extrude>0</extrude><altitudeMode>clampToGround</altitudeMode>
          <outerBoundaryIs><LinearRing><coordinates> -46.29991516155542,-23.04279563241246,0 -46.30007683717628,-23.04258365501164,0 -46.30007829407799,-23.04288994701343,0 -46.29981113067907,-23.04300431739529,0 -46.29971521888226,-23.04313874895406,0 -46.29945000071694,-23.04345899123939,0 -46.29907610577761,-23.04332976585595,0 -46.29843810513439,-23.04343649559778,0 -46.29823319190825,-23.04298154925904,0 -46.29777866015701,-23.04313440073196,0 -46.2978006971444,-23.04307944496039,0 -46.29772765061057,-23.04291385998658,0 -46.298051894879,-23.04277785371495,0 -46.29869528425991,-23.04281576283718,0 -46.29895546172514,-23.04283109178141,0 -46.29991516155542,-23.04279563241246,0</coordinates></LinearRing></outerBoundaryIs>
        </Polygon>
      </MultiGeometry>
    </Placemark>
    <Placemark id="ID_00053">
      <name></name>
      <snippet></snippet>
      <description><![CDATA[<html xmlns:fo="http://www.w3.org/1999/XSL/Format" xmlns:msxsl="urn:schemas-microsoft-com:xslt">
<head>
<META http-equiv="Content-Type" content="text/html">
<meta http-equiv="content-type" content="text/html; charset=UTF-8">
</head>
<body style="margin:0px 0px 0px 0px;overflow:auto;background:#FFFFFF;">
<table style="font-family:Arial,Verdana,Times;font-size:12px;text-align:left;width:100%;border-collapse:collapse;padding:3px 3px 3px 3px">
<tr style="text-align:center;font-weight:bold;background:#9CBCE2">
<td></td>
</tr>
<tr>
<td>
<table style="font-family:Arial,Verdana,Times;font-size:12px;text-align:left;width:100%;border-spacing:0px; padding:3px 3px 3px 3px"></table>
</td>
</tr>
</table>
</body><script type="text/javascript">
				function changeImage(attElement, nameElement) {
				document.getElementById('imageAttachment').src = attElement;
				document.getElementById('imageName').innerHTML = nameElement;}
			</script></html>
]]></description>
      <styleUrl>#PolyStyle00</styleUrl>
      <MultiGeometry>
        <Polygon>
          <extrude>0</extrude><altitudeMode>clampToGround</altitudeMode>
          <outerBoundaryIs><LinearRing><coordinates> -46.29413328432356,-23.04673101082746,0 -46.29386944212104,-23.04697266405712,0 -46.29369543589559,-23.04713177121425,0 -46.2934587622121,-23.04730253808162,0 -46.29312997636725,-23.047361441877,0 -46.29284438136307,-23.04725083156059,0 -46.29296356311789,-23.04707883891723,0 -46.29327168524003,-23.04718444900303,0 -46.29334558163322,-23.04715703676777,0 -46.29303997581417,-23.04691187528278,0 -46.29279748981224,-23.04677676473585,0 -46.29258004363408,-23.04629322355341,0 -46.29248948909861,-23.04596881560835,0 -46.29268136665172,-23.04591056292207,0 -46.29280158442555,-23.0457926743924,0 -46.29290481490523,-23.04571247555027,0 -46.29303815198909,-23.04561445034654,0 -46.29326235207583,-23.04539751678193,0 -46.29334844777259,-23.04564069526185,0 -46.29328212816762,-23.04569474991276,0 -46.29323230302833,-23.04579849930125,0 -46.29309636240714,-23.045890308391,0 -46.29296941410712,-23.04595493187458,0 -46.29292229592715,-23.04606729856695,0 -46.29296265660128,-23.04617536020465,0 -46.29307261670783,-23.04634115112317,0 -46.29331666123488,-23.0464565062627,0 -46.29353456157072,-23.04641544501676,0 -46.2938233410743,-23.04669468990794,0 -46.29413328432356,-23.04673101082746,0</coordinates></LinearRing></outerBoundaryIs>
        </Polygon>
      </MultiGeometry>
    </Placemark>
    <Placemark id="ID_00054">
      <name></name>
      <snippet></snippet>
      <description><![CDATA[<html xmlns:fo="http://www.w3.org/1999/XSL/Format" xmlns:msxsl="urn:schemas-microsoft-com:xslt">
<head>
<META http-equiv="Content-Type" content="text/html">
<meta http-equiv="content-type" content="text/html; charset=UTF-8">
</head>
<body style="margin:0px 0px 0px 0px;overflow:auto;background:#FFFFFF;">
<table style="font-family:Arial,Verdana,Times;font-size:12px;text-align:left;width:100%;border-collapse:collapse;padding:3px 3px 3px 3px">
<tr style="text-align:center;font-weight:bold;background:#9CBCE2">
<td></td>
</tr>
<tr>
<td>
<table style="font-family:Arial,Verdana,Times;font-size:12px;text-align:left;width:100%;border-spacing:0px; padding:3px 3px 3px 3px"></table>
</td>
</tr>
</table>
</body><script type="text/javascript">
				function changeImage(attElement, nameElement) {
				document.getElementById('imageAttachment').src = attElement;
				document.getElementById('imageName').innerHTML = nameElement;}
			</script></html>
]]></description>
      <styleUrl>#PolyStyle00</styleUrl>
      <MultiGeometry>
        <Polygon>
          <extrude>0</extrude><altitudeMode>clampToGround</altitudeMode>
          <outerBoundaryIs><LinearRing><coordinates> -46.2964456679332,-23.04616046203564,0 -46.29614027165616,-23.04591645168284,0 -46.29731886827113,-23.04505608197258,0 -46.29776589967651,-23.0454427257012,0 -46.29871036678998,-23.04544565839035,0 -46.29901043728182,-23.04566700762627,0 -46.300280059677,-23.04590767070239,0 -46.30028029529934,-23.04590780560069,0 -46.29986190280454,-23.04692059061271,0 -46.30047639786745,-23.04746319836789,0 -46.30096728920898,-23.04738463898986,0 -46.30146441734894,-23.04656700236522,0 -46.30141035460412,-23.04732207765169,0 -46.30105452524612,-23.04755180317311,0 -46.30101067430314,-23.04802908687282,0 -46.30130671493287,-23.04810880277898,0 -46.30250651576308,-23.04686278309094,0 -46.30315247360772,-23.04723277497255,0 -46.30365948979358,-23.04774477879846,0 -46.30408346977629,-23.04846090624578,0 -46.30337237403581,-23.04869177840284,0 -46.30270899272579,-23.04770348912467,0 -46.30260658962238,-23.04793725260212,0 -46.30169644873206,-23.04854081820417,0 -46.30139931362738,-23.04893436602811,0 -46.3009054886973,-23.04862268888592,0 -46.30032715267589,-23.04821500192076,0 -46.29955325997491,-23.04760304924127,0 -46.29932461813655,-23.0473482002592,0 -46.29893312076689,-23.04697846828163,0 -46.29898861343372,-23.04686137565195,0 -46.29788043913089,-23.04677743023417,0 -46.29708098320076,-23.04684475618051,0 -46.29716594934905,-23.04632615942467,0 -46.29640443221871,-23.04640495622369,0 -46.2964456679332,-23.04616046203564,0</coordinates></LinearRing></outerBoundaryIs>
        </Polygon>
      </MultiGeometry>
    </Placemark>
    <Placemark id="ID_00055">
      <name></name>
      <snippet></snippet>
      <description><![CDATA[<html xmlns:fo="http://www.w3.org/1999/XSL/Format" xmlns:msxsl="urn:schemas-microsoft-com:xslt">
<head>
<META http-equiv="Content-Type" content="text/html">
<meta http-equiv="content-type" content="text/html; charset=UTF-8">
</head>
<body style="margin:0px 0px 0px 0px;overflow:auto;background:#FFFFFF;">
<table style="font-family:Arial,Verdana,Times;font-size:12px;text-align:left;width:100%;border-collapse:collapse;padding:3px 3px 3px 3px">
<tr style="text-align:center;font-weight:bold;background:#9CBCE2">
<td></td>
</tr>
<tr>
<td>
<table style="font-family:Arial,Verdana,Times;font-size:12px;text-align:left;width:100%;border-spacing:0px; padding:3px 3px 3px 3px"></table>
</td>
</tr>
</table>
</body><script type="text/javascript">
				function changeImage(attElement, nameElement) {
				document.getElementById('imageAttachment').src = attElement;
				document.getElementById('imageName').innerHTML = nameElement;}
			</script></html>
]]></description>
      <styleUrl>#PolyStyle00</styleUrl>
      <MultiGeometry>
        <Polygon>
          <extrude>0</extrude><altitudeMode>clampToGround</altitudeMode>
          <outerBoundaryIs><LinearRing><coordinates> -46.29774426918266,-23.04342703562913,0 -46.29802335219592,-23.04357658838879,0 -46.29817891962141,-23.04381534760019,0 -46.29814519234668,-23.04385199587284,0 -46.2979632756846,-23.04371927662327,0 -46.2977166312175,-23.04388433369502,0 -46.29774718298609,-23.04402044518736,0 -46.29694698421589,-23.04438248256548,0 -46.29640497271129,-23.04493833463641,0 -46.29664638941927,-23.04531644020153,0 -46.29722446283864,-23.04493297018041,0 -46.29732219936001,-23.04503142705866,0 -46.29612482310205,-23.0458981091104,0 -46.29612360901729,-23.04600171370805,0 -46.29604457479724,-23.04609528007308,0 -46.29597998998452,-23.04599772521482,0 -46.29573069161808,-23.04600953960854,0 -46.29534264404777,-23.04564322415542,0 -46.29591119184801,-23.04487705663081,0 -46.29609329826707,-23.04476192542244,0 -46.29629849298101,-23.04465404814581,0 -46.29660349175771,-23.04431192265709,0 -46.29686277259884,-23.04398481494718,0 -46.29720442324549,-23.04375905813395,0 -46.29758618005816,-23.04352324869894,0 -46.2977002887373,-23.0435477723118,0 -46.29774426918266,-23.04342703562913,0</coordinates></LinearRing></outerBoundaryIs>
        </Polygon>
      </MultiGeometry>
    </Placemark>
    <Placemark id="ID_00056">
      <name></name>
      <snippet></snippet>
      <description><![CDATA[<html xmlns:fo="http://www.w3.org/1999/XSL/Format" xmlns:msxsl="urn:schemas-microsoft-com:xslt">
<head>
<META http-equiv="Content-Type" content="text/html">
<meta http-equiv="content-type" content="text/html; charset=UTF-8">
</head>
<body style="margin:0px 0px 0px 0px;overflow:auto;background:#FFFFFF;">
<table style="font-family:Arial,Verdana,Times;font-size:12px;text-align:left;width:100%;border-collapse:collapse;padding:3px 3px 3px 3px">
<tr style="text-align:center;font-weight:bold;background:#9CBCE2">
<td></td>
</tr>
<tr>
<td>
<table style="font-family:Arial,Verdana,Times;font-size:12px;text-align:left;width:100%;border-spacing:0px; padding:3px 3px 3px 3px"></table>
</td>
</tr>
</table>
</body><script type="text/javascript">
				function changeImage(attElement, nameElement) {
				document.getElementById('imageAttachment').src = attElement;
				document.getElementById('imageName').innerHTML = nameElement;}
			</script></html>
]]></description>
      <styleUrl>#PolyStyle00</styleUrl>
      <MultiGeometry>
        <Polygon>
          <extrude>0</extrude><altitudeMode>clampToGround</altitudeMode>
          <outerBoundaryIs><LinearRing><coordinates> -46.30141035460412,-23.04732207765169,0 -46.30146309624485,-23.04658544656106,0 -46.30250597886778,-23.04686333977131,0 -46.30132855676744,-23.04808612097763,0 -46.30141035460412,-23.04732207765169,0</coordinates></LinearRing></outerBoundaryIs>
        </Polygon>
      </MultiGeometry>
    </Placemark>
    <Placemark id="ID_00057">
      <name></name>
      <snippet></snippet>
      <description><![CDATA[<html xmlns:fo="http://www.w3.org/1999/XSL/Format" xmlns:msxsl="urn:schemas-microsoft-com:xslt">
<head>
<META http-equiv="Content-Type" content="text/html">
<meta http-equiv="content-type" content="text/html; charset=UTF-8">
</head>
<body style="margin:0px 0px 0px 0px;overflow:auto;background:#FFFFFF;">
<table style="font-family:Arial,Verdana,Times;font-size:12px;text-align:left;width:100%;border-collapse:collapse;padding:3px 3px 3px 3px">
<tr style="text-align:center;font-weight:bold;background:#9CBCE2">
<td></td>
</tr>
<tr>
<td>
<table style="font-family:Arial,Verdana,Times;font-size:12px;text-align:left;width:100%;border-spacing:0px; padding:3px 3px 3px 3px"></table>
</td>
</tr>
</table>
</body><script type="text/javascript">
				function changeImage(attElement, nameElement) {
				document.getElementById('imageAttachment').src = attElement;
				document.getElementById('imageName').innerHTML = nameElement;}
			</script></html>
]]></description>
      <styleUrl>#PolyStyle00</styleUrl>
      <MultiGeometry>
        <Polygon>
          <extrude>0</extrude><altitudeMode>clampToGround</altitudeMode>
          <outerBoundaryIs><LinearRing><coordinates> -46.29893461184282,-23.04697532335245,0 -46.29894030185341,-23.04716436534309,0 -46.29823969580525,-23.04696717369609,0 -46.29808669864218,-23.04715238907152,0 -46.29777341890809,-23.04712590583585,0 -46.2977416530548,-23.04706185971703,0 -46.29794096800123,-23.04701983439782,0 -46.29787603155359,-23.04677780075485,0 -46.29898861343372,-23.04686137565195,0 -46.29893461184282,-23.04697532335245,0</coordinates></LinearRing></outerBoundaryIs>
        </Polygon>
      </MultiGeometry>
    </Placemark>
    <Placemark id="ID_00058">
      <name></name>
      <snippet></snippet>
      <description><![CDATA[<html xmlns:fo="http://www.w3.org/1999/XSL/Format" xmlns:msxsl="urn:schemas-microsoft-com:xslt">
<head>
<META http-equiv="Content-Type" content="text/html">
<meta http-equiv="content-type" content="text/html; charset=UTF-8">
</head>
<body style="margin:0px 0px 0px 0px;overflow:auto;background:#FFFFFF;">
<table style="font-family:Arial,Verdana,Times;font-size:12px;text-align:left;width:100%;border-collapse:collapse;padding:3px 3px 3px 3px">
<tr style="text-align:center;font-weight:bold;background:#9CBCE2">
<td></td>
</tr>
<tr>
<td>
<table style="font-family:Arial,Verdana,Times;font-size:12px;text-align:left;width:100%;border-spacing:0px; padding:3px 3px 3px 3px"></table>
</td>
</tr>
</table>
</body><script type="text/javascript">
				function changeImage(attElement, nameElement) {
				document.getElementById('imageAttachment').src = attElement;
				document.getElementById('imageName').innerHTML = nameElement;}
			</script></html>
]]></description>
      <styleUrl>#PolyStyle00</styleUrl>
      <MultiGeometry>
        <Polygon>
          <extrude>0</extrude><altitudeMode>clampToGround</altitudeMode>
          <outerBoundaryIs><LinearRing><coordinates> -46.2897340176108,-23.04338911841305,0 -46.28938110835144,-23.04295891062523,0 -46.28915778690231,-23.04320329059937,0 -46.28875880087794,-23.04303430079233,0 -46.28780867343147,-23.0430475244237,0 -46.28759671131911,-23.04334766955924,0 -46.28741939828656,-23.04315207061155,0 -46.28764193642616,-23.04297889266173,0 -46.28774186999123,-23.04298149889703,0 -46.28782032504791,-23.04293772979233,0 -46.28786659516721,-23.04288705389437,0 -46.2879605338515,-23.04278906016696,0 -46.28799331234143,-23.04268241586078,0 -46.28804454941639,-23.04256443829815,0 -46.288001953927,-23.04243500876865,0 -46.28809169277735,-23.04236527443783,0 -46.28793935211934,-23.04156714230969,0 -46.28798246112166,-23.04144070302597,0 -46.28806861977096,-23.04148447033204,0 -46.28821902958454,-23.04156754610529,0 -46.28826474032547,-23.04160651013228,0 -46.28835361133008,-23.04167966188686,0 -46.28843593167289,-23.04174916329321,0 -46.28847208711711,-23.04180720373945,0 -46.2884721356805,-23.04186323330151,0 -46.28847721235343,-23.04198301670282,0 -46.28990503628836,-23.04289112422595,0 -46.2897340176108,-23.04338911841305,0</coordinates></LinearRing></outerBoundaryIs>
        </Polygon>
      </MultiGeometry>
    </Placemark>
    <Placemark id="ID_00059">
      <name></name>
      <snippet></snippet>
      <description><![CDATA[<html xmlns:fo="http://www.w3.org/1999/XSL/Format" xmlns:msxsl="urn:schemas-microsoft-com:xslt">
<head>
<META http-equiv="Content-Type" content="text/html">
<meta http-equiv="content-type" content="text/html; charset=UTF-8">
</head>
<body style="margin:0px 0px 0px 0px;overflow:auto;background:#FFFFFF;">
<table style="font-family:Arial,Verdana,Times;font-size:12px;text-align:left;width:100%;border-collapse:collapse;padding:3px 3px 3px 3px">
<tr style="text-align:center;font-weight:bold;background:#9CBCE2">
<td></td>
</tr>
<tr>
<td>
<table style="font-family:Arial,Verdana,Times;font-size:12px;text-align:left;width:100%;border-spacing:0px; padding:3px 3px 3px 3px"></table>
</td>
</tr>
</table>
</body><script type="text/javascript">
				function changeImage(attElement, nameElement) {
				document.getElementById('imageAttachment').src = attElement;
				document.getElementById('imageName').innerHTML = nameElement;}
			</script></html>
]]></description>
      <styleUrl>#PolyStyle00</styleUrl>
      <MultiGeometry>
        <Polygon>
          <extrude>0</extrude><altitudeMode>clampToGround</altitudeMode>
          <outerBoundaryIs><LinearRing><coordinates> -46.28772617682154,-23.04676888757407,0 -46.28781240741665,-23.04652205964527,0 -46.28782802324463,-23.04637132697517,0 -46.2876955504093,-23.04591374382421,0 -46.28785839784672,-23.04570361183218,0 -46.28781317184037,-23.04546130479533,0 -46.28810158981645,-23.04542616108843,0 -46.28839598019027,-23.04527920916815,0 -46.28863309094435,-23.04520611497019,0 -46.28886922143738,-23.04547697818001,0 -46.28897268394218,-23.04563011833522,0 -46.28896532658848,-23.04574520727543,0 -46.28906422503396,-23.04588825883604,0 -46.28930747006364,-23.04600458794137,0 -46.2891085589128,-23.04617798172842,0 -46.28873756788443,-23.04641757461133,0 -46.288356588086,-23.04653355927627,0 -46.28776379096615,-23.04681721804014,0 -46.28772617682154,-23.04676888757407,0</coordinates></LinearRing></outerBoundaryIs>
        </Polygon>
      </MultiGeometry>
    </Placemark>
    <Placemark id="ID_00060">
      <name></name>
      <snippet></snippet>
      <description><![CDATA[<html xmlns:fo="http://www.w3.org/1999/XSL/Format" xmlns:msxsl="urn:schemas-microsoft-com:xslt">
<head>
<META http-equiv="Content-Type" content="text/html">
<meta http-equiv="content-type" content="text/html; charset=UTF-8">
</head>
<body style="margin:0px 0px 0px 0px;overflow:auto;background:#FFFFFF;">
<table style="font-family:Arial,Verdana,Times;font-size:12px;text-align:left;width:100%;border-collapse:collapse;padding:3px 3px 3px 3px">
<tr style="text-align:center;font-weight:bold;background:#9CBCE2">
<td></td>
</tr>
<tr>
<td>
<table style="font-family:Arial,Verdana,Times;font-size:12px;text-align:left;width:100%;border-spacing:0px; padding:3px 3px 3px 3px"></table>
</td>
</tr>
</table>
</body><script type="text/javascript">
				function changeImage(attElement, nameElement) {
				document.getElementById('imageAttachment').src = attElement;
				document.getElementById('imageName').innerHTML = nameElement;}
			</script></html>
]]></description>
      <styleUrl>#PolyStyle00</styleUrl>
      <MultiGeometry>
        <Polygon>
          <extrude>0</extrude><altitudeMode>clampToGround</altitudeMode>
          <outerBoundaryIs><LinearRing><coordinates> -46.28551846080831,-23.04577475719923,0 -46.28558967542314,-23.04543750783468,0 -46.28572758915686,-23.04470909115162,0 -46.28628771570551,-23.04443348311877,0 -46.28654179666655,-23.0443940874172,0 -46.28678504889086,-23.04445785024956,0 -46.28687005281062,-23.04487184505959,0 -46.28663576862579,-23.04532994801865,0 -46.28649343472419,-23.04587308637378,0 -46.28653107404978,-23.04601656691097,0 -46.28680086077105,-23.04604705662631,0 -46.28692793227822,-23.04576701313709,0 -46.28701831144588,-23.04577177774531,0 -46.28695665302706,-23.04612436414806,0 -46.28683633812648,-23.04681237698958,0 -46.28557840511928,-23.04651721679608,0 -46.28551846080831,-23.04577475719923,0</coordinates></LinearRing></outerBoundaryIs>
        </Polygon>
      </MultiGeometry>
    </Placemark>
    <Placemark id="ID_00061">
      <name></name>
      <snippet></snippet>
      <description><![CDATA[<html xmlns:fo="http://www.w3.org/1999/XSL/Format" xmlns:msxsl="urn:schemas-microsoft-com:xslt">
<head>
<META http-equiv="Content-Type" content="text/html">
<meta http-equiv="content-type" content="text/html; charset=UTF-8">
</head>
<body style="margin:0px 0px 0px 0px;overflow:auto;background:#FFFFFF;">
<table style="font-family:Arial,Verdana,Times;font-size:12px;text-align:left;width:100%;border-collapse:collapse;padding:3px 3px 3px 3px">
<tr style="text-align:center;font-weight:bold;background:#9CBCE2">
<td></td>
</tr>
<tr>
<td>
<table style="font-family:Arial,Verdana,Times;font-size:12px;text-align:left;width:100%;border-spacing:0px; padding:3px 3px 3px 3px"></table>
</td>
</tr>
</table>
</body><script type="text/javascript">
				function changeImage(attElement, nameElement) {
				document.getElementById('imageAttachment').src = attElement;
				document.getElementById('imageName').innerHTML = nameElement;}
			</script></html>
]]></description>
      <styleUrl>#PolyStyle00</styleUrl>
      <MultiGeometry>
        <Polygon>
          <extrude>0</extrude><altitudeMode>clampToGround</altitudeMode>
          <outerBoundaryIs><LinearRing><coordinates> -46.28659811221308,-23.0370612888474,0 -46.28657700962129,-23.03696645533761,0 -46.28663982276959,-23.03687139879599,0 -46.28690322880095,-23.0367652733986,0 -46.28695662964469,-23.03666984183968,0 -46.28715718925287,-23.03631819972511,0 -46.28729996921818,-23.03590423908927,0 -46.28722101683645,-23.03558641957756,0 -46.28725057485411,-23.03531197436809,0 -46.28740107819715,-23.03523757255589,0 -46.28758505880338,-23.03524173012167,0 -46.28759715378555,-23.03531608876642,0 -46.28749915016562,-23.0356028609832,0 -46.28754809127133,-23.03574157061696,0 -46.28751281266615,-23.03592439109775,0 -46.28752326728494,-23.03621522105555,0 -46.28760272058906,-23.0363177707485,0 -46.28750220965918,-23.0365205408902,0 -46.28739958532258,-23.03664868888584,0 -46.2874172003435,-23.03677401480889,0 -46.28752819107314,-23.03703434785683,0 -46.28788344576435,-23.03710053975806,0 -46.28813770119393,-23.03686545787452,0 -46.28825992355662,-23.03672119132991,0 -46.28834673871097,-23.03674382186982,0 -46.2884112695644,-23.03663666674871,0 -46.28847885991145,-23.0366501520828,0 -46.28845682562196,-23.03698687534398,0 -46.2886415292831,-23.03680304492451,0 -46.28872909267346,-23.03669105864537,0 -46.28885863371892,-23.03662259955327,0 -46.28920853294738,-23.03653318715681,0 -46.28935878178231,-23.03650383778183,0 -46.28954664386249,-23.03666234958774,0 -46.28962996515072,-23.0367956300143,0 -46.28971700873291,-23.03688035244627,0 -46.28970446229107,-23.03699435500545,0 -46.28962702526696,-23.03704453537694,0 -46.28958095839448,-23.03715778970021,0 -46.28939973690832,-23.03719672225087,0 -46.28925641824907,-23.03731250366906,0 -46.28911656917428,-23.03734576059834,0 -46.28876808997535,-23.03735079500313,0 -46.28864597643064,-23.03724386021594,0 -46.28856101477896,-23.03733097844184,0 -46.28850371537413,-23.03745350927199,0 -46.28830079324695,-23.03761192664906,0 -46.28818932677598,-23.03768467370867,0 -46.28800617084806,-23.03787438029838,0 -46.28789705970149,-23.03797017518339,0 -46.28782050401299,-23.0382023729411,0 -46.28781864781228,-23.03846087856668,0 -46.2878242083205,-23.03866695821354,0 -46.28791445888515,-23.03879538679762,0 -46.28788963759667,-23.03889348484643,0 -46.28785544267446,-23.03896129372869,0 -46.28798728328644,-23.03906661513212,0 -46.28810230477752,-23.03931327578697,0 -46.28810273555273,-23.03950952494454,0 -46.28801650675632,-23.03968204818798,0 -46.28789627729134,-23.03979811109388,0 -46.28777422130321,-23.03990285333396,0 -46.28780073871308,-23.03998523303207,0 -46.28774755820319,-23.04002069959556,0 -46.2876731402032,-23.04003966809614,0 -46.28756104690473,-23.03994823042643,0 -46.28743612118,-23.03972532176613,0 -46.28739572633168,-23.03958943330565,0 -46.28740448572842,-23.03947613041901,0 -46.28748612708307,-23.0393988390851,0 -46.28749895141544,-23.03937218138099,0 -46.28744262507706,-23.03918462417102,0 -46.28744052066344,-23.03893444177097,0 -46.28747821214971,-23.03884014155927,0 -46.28744827102083,-23.03876825694948,0 -46.28751617702988,-23.03869365278977,0 -46.28756222591596,-23.03854436982678,0 -46.28751195291425,-23.03832007710982,0 -46.28742028232011,-23.03811609917859,0 -46.28734159973499,-23.03796446268974,0 -46.28710414993651,-23.03770285710112,0 -46.28695024355886,-23.03749135634098,0 -46.28682628730326,-23.03730937133036,0 -46.28674394267875,-23.03711635343694,0 -46.28659811221308,-23.0370612888474,0</coordinates></LinearRing></outerBoundaryIs>
        </Polygon>
      </MultiGeometry>
    </Placemark>
    <Placemark id="ID_00062">
      <name></name>
      <snippet></snippet>
      <description><![CDATA[<html xmlns:fo="http://www.w3.org/1999/XSL/Format" xmlns:msxsl="urn:schemas-microsoft-com:xslt">
<head>
<META http-equiv="Content-Type" content="text/html">
<meta http-equiv="content-type" content="text/html; charset=UTF-8">
</head>
<body style="margin:0px 0px 0px 0px;overflow:auto;background:#FFFFFF;">
<table style="font-family:Arial,Verdana,Times;font-size:12px;text-align:left;width:100%;border-collapse:collapse;padding:3px 3px 3px 3px">
<tr style="text-align:center;font-weight:bold;background:#9CBCE2">
<td></td>
</tr>
<tr>
<td>
<table style="font-family:Arial,Verdana,Times;font-size:12px;text-align:left;width:100%;border-spacing:0px; padding:3px 3px 3px 3px"></table>
</td>
</tr>
</table>
</body><script type="text/javascript">
				function changeImage(attElement, nameElement) {
				document.getElementById('imageAttachment').src = attElement;
				document.getElementById('imageName').innerHTML = nameElement;}
			</script></html>
]]></description>
      <styleUrl>#PolyStyle00</styleUrl>
      <MultiGeometry>
        <Polygon>
          <extrude>0</extrude><altitudeMode>clampToGround</altitudeMode>
          <outerBoundaryIs><LinearRing><coordinates> -46.28798150064568,-23.04143814355544,0 -46.28784458336077,-23.04112847370004,0 -46.28779641027612,-23.04098242469911,0 -46.2877086463369,-23.0408314501113,0 -46.28777394790932,-23.04078361876896,0 -46.28788022978875,-23.04073811757001,0 -46.28796459159259,-23.04071799523923,0 -46.28799397514177,-23.04088211611673,0 -46.28803670822748,-23.0411106977005,0 -46.28805231056567,-23.04125010340948,0 -46.28831907286689,-23.04146325712355,0 -46.28843687416236,-23.0414415151138,0 -46.28857230486796,-23.04134859536134,0 -46.28883767591799,-23.04133125913023,0 -46.28894143070245,-23.0412591074218,0 -46.28891994320078,-23.04115266186579,0 -46.28887603470123,-23.04110730995437,0 -46.28896221583359,-23.04111222474937,0 -46.28903432617319,-23.04116763467858,0 -46.28911026492677,-23.04127979632551,0 -46.28896329232202,-23.04133710832089,0 -46.28847343610016,-23.04179600538129,0 -46.28841750636281,-23.04172614784341,0 -46.28830678273181,-23.04164559197046,0 -46.28822011686486,-23.04156502980226,0 -46.28798150064568,-23.04143814355544,0</coordinates></LinearRing></outerBoundaryIs>
        </Polygon>
      </MultiGeometry>
    </Placemark>
    <Placemark id="ID_00063">
      <name></name>
      <snippet></snippet>
      <description><![CDATA[<html xmlns:fo="http://www.w3.org/1999/XSL/Format" xmlns:msxsl="urn:schemas-microsoft-com:xslt">
<head>
<META http-equiv="Content-Type" content="text/html">
<meta http-equiv="content-type" content="text/html; charset=UTF-8">
</head>
<body style="margin:0px 0px 0px 0px;overflow:auto;background:#FFFFFF;">
<table style="font-family:Arial,Verdana,Times;font-size:12px;text-align:left;width:100%;border-collapse:collapse;padding:3px 3px 3px 3px">
<tr style="text-align:center;font-weight:bold;background:#9CBCE2">
<td></td>
</tr>
<tr>
<td>
<table style="font-family:Arial,Verdana,Times;font-size:12px;text-align:left;width:100%;border-spacing:0px; padding:3px 3px 3px 3px"></table>
</td>
</tr>
</table>
</body><script type="text/javascript">
				function changeImage(attElement, nameElement) {
				document.getElementById('imageAttachment').src = attElement;
				document.getElementById('imageName').innerHTML = nameElement;}
			</script></html>
]]></description>
      <styleUrl>#PolyStyle00</styleUrl>
      <MultiGeometry>
        <Polygon>
          <extrude>0</extrude><altitudeMode>clampToGround</altitudeMode>
          <outerBoundaryIs><LinearRing><coordinates> -46.3059800527372,-23.04113308722212,0 -46.3061380807078,-23.04131316656936,0 -46.30631095019015,-23.04159421639991,0 -46.30685124219104,-23.04192300584203,0 -46.30708316295755,-23.04229271893377,0 -46.30737395604319,-23.04272745300949,0 -46.3078559737741,-23.04300584534344,0 -46.30815135969745,-23.04328422598624,0 -46.30772797776393,-23.04378061758137,0 -46.30733632930809,-23.04410903470416,0 -46.30717538123883,-23.04423457106855,0 -46.30718304436199,-23.04435514407459,0 -46.30719287664989,-23.04463985234728,0 -46.30707167591709,-23.04464381655885,0 -46.30648370006264,-23.04423634003503,0 -46.30598559795691,-23.04383571364726,0 -46.30595750133757,-23.04381446896252,0 -46.30576191857762,-23.04370036028337,0 -46.30554941597271,-23.04366433434149,0 -46.3055637907363,-23.04372303129281,0 -46.30550112597615,-23.04388899218322,0 -46.30528696771933,-23.04406500929269,0 -46.30498523438104,-23.04429016895608,0 -46.30451104524851,-23.04445785384686,0 -46.30434313642655,-23.04447603813861,0 -46.3041597700573,-23.04425220767319,0 -46.30373724517767,-23.04409639922939,0 -46.30358810430756,-23.0440893008805,0 -46.30329646495983,-23.0441903855778,0 -46.30296916839234,-23.04423193785363,0 -46.30304910013581,-23.04408928199473,0 -46.30319335319064,-23.04397579204915,0 -46.30331213294854,-23.04388053136136,0 -46.30358240800166,-23.04390303239899,0 -46.303829379822,-23.04383462097094,0 -46.3039512982138,-23.04376118143335,0 -46.30425013393648,-23.04375180779964,0 -46.30458894632277,-23.04372662318509,0 -46.3050190416954,-23.04374847221423,0 -46.30522073894587,-23.04369921005052,0 -46.30540238491211,-23.04364323984362,0 -46.30544772962895,-23.04361623140392,0 -46.30526466992853,-23.04345157632913,0 -46.30506443857292,-23.04329552506839,0 -46.3049826686152,-23.04307089330707,0 -46.30481667984583,-23.04281403613879,0 -46.30482854640024,-23.04271164382726,0 -46.30488179975523,-23.04235593138111,0 -46.30493365106707,-23.04193157008587,0 -46.30495376710263,-23.04150935007642,0 -46.30497999043416,-23.04136759713685,0 -46.30500279184531,-23.04114929210613,0 -46.30521139678848,-23.04117619172778,0 -46.30583983673905,-23.04139042193037,0 -46.3059800527372,-23.04113308722212,0</coordinates></LinearRing></outerBoundaryIs>
        </Polygon>
      </MultiGeometry>
    </Placemark>
    <Placemark id="ID_00064">
      <name></name>
      <snippet></snippet>
      <description><![CDATA[<html xmlns:fo="http://www.w3.org/1999/XSL/Format" xmlns:msxsl="urn:schemas-microsoft-com:xslt">
<head>
<META http-equiv="Content-Type" content="text/html">
<meta http-equiv="content-type" content="text/html; charset=UTF-8">
</head>
<body style="margin:0px 0px 0px 0px;overflow:auto;background:#FFFFFF;">
<table style="font-family:Arial,Verdana,Times;font-size:12px;text-align:left;width:100%;border-collapse:collapse;padding:3px 3px 3px 3px">
<tr style="text-align:center;font-weight:bold;background:#9CBCE2">
<td></td>
</tr>
<tr>
<td>
<table style="font-family:Arial,Verdana,Times;font-size:12px;text-align:left;width:100%;border-spacing:0px; padding:3px 3px 3px 3px"></table>
</td>
</tr>
</table>
</body><script type="text/javascript">
				function changeImage(attElement, nameElement) {
				document.getElementById('imageAttachment').src = attElement;
				document.getElementById('imageName').innerHTML = nameElement;}
			</script></html>
]]></description>
      <styleUrl>#PolyStyle00</styleUrl>
      <MultiGeometry>
        <Polygon>
          <extrude>0</extrude><altitudeMode>clampToGround</altitudeMode>
          <outerBoundaryIs><LinearRing><coordinates> -46.30297377202192,-23.04312802903524,0 -46.3027996299989,-23.04303683328316,0 -46.30254671725714,-23.04296945427681,0 -46.30262365695614,-23.04279374833277,0 -46.30264370194527,-23.04260600226513,0 -46.30273285803492,-23.04239559508062,0 -46.3029129742543,-23.04248601022114,0 -46.3029138349055,-23.04255829323063,0 -46.30298372212104,-23.04261426523612,0 -46.30321334062313,-23.04276587744326,0 -46.30346301220823,-23.04293148490007,0 -46.30340259395451,-23.04299742678978,0 -46.30337437232936,-23.04306757390936,0 -46.303489241835,-23.04309445374599,0 -46.30360251414464,-23.04315699619842,0 -46.30357260179409,-23.04322893656619,0 -46.3034789490942,-23.04326509470832,0 -46.30337325267345,-23.04319877870068,0 -46.30326853921168,-23.04316150090249,0 -46.30306903720629,-23.04318435987029,0 -46.30297377202192,-23.04312802903524,0</coordinates></LinearRing></outerBoundaryIs>
        </Polygon>
      </MultiGeometry>
    </Placemark>
    <Placemark id="ID_00065">
      <name></name>
      <snippet></snippet>
      <description><![CDATA[<html xmlns:fo="http://www.w3.org/1999/XSL/Format" xmlns:msxsl="urn:schemas-microsoft-com:xslt">
<head>
<META http-equiv="Content-Type" content="text/html">
<meta http-equiv="content-type" content="text/html; charset=UTF-8">
</head>
<body style="margin:0px 0px 0px 0px;overflow:auto;background:#FFFFFF;">
<table style="font-family:Arial,Verdana,Times;font-size:12px;text-align:left;width:100%;border-collapse:collapse;padding:3px 3px 3px 3px">
<tr style="text-align:center;font-weight:bold;background:#9CBCE2">
<td></td>
</tr>
<tr>
<td>
<table style="font-family:Arial,Verdana,Times;font-size:12px;text-align:left;width:100%;border-spacing:0px; padding:3px 3px 3px 3px"></table>
</td>
</tr>
</table>
</body><script type="text/javascript">
				function changeImage(attElement, nameElement) {
				document.getElementById('imageAttachment').src = attElement;
				document.getElementById('imageName').innerHTML = nameElement;}
			</script></html>
]]></description>
      <styleUrl>#PolyStyle00</styleUrl>
      <MultiGeometry>
        <Polygon>
          <extrude>0</extrude><altitudeMode>clampToGround</altitudeMode>
          <outerBoundaryIs><LinearRing><coordinates> -46.30055406691663,-23.04288616986083,0 -46.30048879592113,-23.04287484829558,0 -46.30049824509791,-23.04281207201944,0 -46.3005844900821,-23.04275139206306,0 -46.3008301443956,-23.04268698891337,0 -46.30101577885506,-23.04261951188091,0 -46.30116720040593,-23.04256846456291,0 -46.30121992675817,-23.04256926765756,0 -46.30104346898088,-23.04269907939898,0 -46.30088473144514,-23.04280319391221,0 -46.30075423801764,-23.0428893021995,0 -46.30055406691663,-23.04288616986083,0</coordinates></LinearRing></outerBoundaryIs>
        </Polygon>
      </MultiGeometry>
    </Placemark>
    <Placemark id="ID_00066">
      <name></name>
      <snippet></snippet>
      <description><![CDATA[<html xmlns:fo="http://www.w3.org/1999/XSL/Format" xmlns:msxsl="urn:schemas-microsoft-com:xslt">
<head>
<META http-equiv="Content-Type" content="text/html">
<meta http-equiv="content-type" content="text/html; charset=UTF-8">
</head>
<body style="margin:0px 0px 0px 0px;overflow:auto;background:#FFFFFF;">
<table style="font-family:Arial,Verdana,Times;font-size:12px;text-align:left;width:100%;border-collapse:collapse;padding:3px 3px 3px 3px">
<tr style="text-align:center;font-weight:bold;background:#9CBCE2">
<td></td>
</tr>
<tr>
<td>
<table style="font-family:Arial,Verdana,Times;font-size:12px;text-align:left;width:100%;border-spacing:0px; padding:3px 3px 3px 3px"></table>
</td>
</tr>
</table>
</body><script type="text/javascript">
				function changeImage(attElement, nameElement) {
				document.getElementById('imageAttachment').src = attElement;
				document.getElementById('imageName').innerHTML = nameElement;}
			</script></html>
]]></description>
      <styleUrl>#PolyStyle00</styleUrl>
      <MultiGeometry>
        <Polygon>
          <extrude>0</extrude><altitudeMode>clampToGround</altitudeMode>
          <outerBoundaryIs><LinearRing><coordinates> -46.29521361741445,-23.04233772190826,0 -46.29550385381975,-23.04198156070046,0 -46.29560142126854,-23.04168103335297,0 -46.29597212271523,-23.04180675317906,0 -46.29621418693512,-23.04246646435581,0 -46.29646478662058,-23.04221093278831,0 -46.29666238026459,-23.04254324487486,0 -46.29631744709246,-23.04273241726721,0 -46.29598379501607,-23.04345912074178,0 -46.29630652662485,-23.04352373613149,0 -46.29649655157454,-23.04383494922352,0 -46.29637603522583,-23.04390128141898,0 -46.29679508062844,-23.0439595961584,0 -46.29627800192821,-23.04459859774705,0 -46.29589923266343,-23.04480457487119,0 -46.29524571601695,-23.0456809363261,0 -46.29541166881344,-23.04591092624819,0 -46.29527496017126,-23.04588809515939,0 -46.29515503197911,-23.04588291776244,0 -46.29504722125222,-23.04591580776826,0 -46.29524168255757,-23.04562760023351,0 -46.2953343127283,-23.04540344871015,0 -46.29524968382583,-23.04524377408085,0 -46.29536356317784,-23.04477300776805,0 -46.29564365612981,-23.04444756470331,0 -46.29535767171916,-23.04437543188061,0 -46.295077380017,-23.04433009435834,0 -46.29488400419342,-23.04434284134902,0 -46.294539226604,-23.04415086576978,0 -46.29435898987543,-23.04398613874922,0 -46.29424070294608,-23.04381826679952,0 -46.2942409943264,-23.04364544138394,0 -46.29453129278488,-23.04322885832508,0 -46.29477115456506,-23.04296849470024,0 -46.29495917312727,-23.04268034112482,0 -46.29521361741445,-23.04233772190826,0</coordinates></LinearRing></outerBoundaryIs>
        </Polygon>
      </MultiGeometry>
    </Placemark>
    <Placemark id="ID_00067">
      <name></name>
      <snippet></snippet>
      <description><![CDATA[<html xmlns:fo="http://www.w3.org/1999/XSL/Format" xmlns:msxsl="urn:schemas-microsoft-com:xslt">
<head>
<META http-equiv="Content-Type" content="text/html">
<meta http-equiv="content-type" content="text/html; charset=UTF-8">
</head>
<body style="margin:0px 0px 0px 0px;overflow:auto;background:#FFFFFF;">
<table style="font-family:Arial,Verdana,Times;font-size:12px;text-align:left;width:100%;border-collapse:collapse;padding:3px 3px 3px 3px">
<tr style="text-align:center;font-weight:bold;background:#9CBCE2">
<td></td>
</tr>
<tr>
<td>
<table style="font-family:Arial,Verdana,Times;font-size:12px;text-align:left;width:100%;border-spacing:0px; padding:3px 3px 3px 3px"></table>
</td>
</tr>
</table>
</body><script type="text/javascript">
				function changeImage(attElement, nameElement) {
				document.getElementById('imageAttachment').src = attElement;
				document.getElementById('imageName').innerHTML = nameElement;}
			</script></html>
]]></description>
      <styleUrl>#PolyStyle00</styleUrl>
      <MultiGeometry>
        <Polygon>
          <extrude>0</extrude><altitudeMode>clampToGround</altitudeMode>
          <outerBoundaryIs><LinearRing><coordinates> -46.29526210076529,-23.04519244527508,0 -46.29525190335261,-23.04524796132434,0 -46.29533004004929,-23.04539538808666,0 -46.29528201175537,-23.04537397612808,0 -46.2951338592402,-23.04520183059998,0 -46.2950111953104,-23.04532752344643,0 -46.29524676012983,-23.04552271769921,0 -46.29526449655924,-23.04555362290129,0 -46.2950610654158,-23.04549368758359,0 -46.29504275431964,-23.04543026829219,0 -46.29485906239574,-23.04543832981501,0 -46.29499169171316,-23.04518206709866,0 -46.29487986191605,-23.04492671899285,0 -46.29494817441867,-23.04493708278012,0 -46.29515875337377,-23.04515184807926,0 -46.29526210076529,-23.04519244527508,0</coordinates></LinearRing></outerBoundaryIs>
        </Polygon>
      </MultiGeometry>
    </Placemark>
    <Placemark id="ID_00068">
      <name></name>
      <snippet></snippet>
      <description><![CDATA[<html xmlns:fo="http://www.w3.org/1999/XSL/Format" xmlns:msxsl="urn:schemas-microsoft-com:xslt">
<head>
<META http-equiv="Content-Type" content="text/html">
<meta http-equiv="content-type" content="text/html; charset=UTF-8">
</head>
<body style="margin:0px 0px 0px 0px;overflow:auto;background:#FFFFFF;">
<table style="font-family:Arial,Verdana,Times;font-size:12px;text-align:left;width:100%;border-collapse:collapse;padding:3px 3px 3px 3px">
<tr style="text-align:center;font-weight:bold;background:#9CBCE2">
<td></td>
</tr>
<tr>
<td>
<table style="font-family:Arial,Verdana,Times;font-size:12px;text-align:left;width:100%;border-spacing:0px; padding:3px 3px 3px 3px"></table>
</td>
</tr>
</table>
</body><script type="text/javascript">
				function changeImage(attElement, nameElement) {
				document.getElementById('imageAttachment').src = attElement;
				document.getElementById('imageName').innerHTML = nameElement;}
			</script></html>
]]></description>
      <styleUrl>#PolyStyle00</styleUrl>
      <MultiGeometry>
        <Polygon>
          <extrude>0</extrude><altitudeMode>clampToGround</altitudeMode>
          <outerBoundaryIs><LinearRing><coordinates> -46.2917012162381,-23.04285650482382,0 -46.29177579611604,-23.04308699476895,0 -46.29180863935715,-23.0432129897876,0 -46.29184818434617,-23.04337332092199,0 -46.29178733171994,-23.0433700123162,0 -46.2918033621354,-23.04350435933866,0 -46.29176442778606,-23.04355315475425,0 -46.2916261489276,-23.04364686501078,0 -46.29154489967731,-23.04367613794337,0 -46.29151553141662,-23.0438772308495,0 -46.29136417911355,-23.04390886899903,0 -46.29125481885478,-23.04395342680913,0 -46.29120363843714,-23.04399163810359,0 -46.29114986797197,-23.04399883267997,0 -46.29098985699626,-23.04402131303311,0 -46.29086774704882,-23.04404547601787,0 -46.29085640659787,-23.0440708090206,0 -46.29087567187469,-23.04421346667812,0 -46.29071393959657,-23.04428447804617,0 -46.29055374965578,-23.04442882732849,0 -46.29054924585097,-23.04459437003414,0 -46.29051918421293,-23.04450194400949,0 -46.2905369161457,-23.04409265804967,0 -46.29053594307925,-23.04358201220005,0 -46.29088735856471,-23.04344935320507,0 -46.29085559001345,-23.04316832495818,0 -46.2917012162381,-23.04285650482382,0</coordinates></LinearRing></outerBoundaryIs>
        </Polygon>
      </MultiGeometry>
    </Placemark>
    <Placemark id="ID_00069">
      <name></name>
      <snippet></snippet>
      <description><![CDATA[<html xmlns:fo="http://www.w3.org/1999/XSL/Format" xmlns:msxsl="urn:schemas-microsoft-com:xslt">
<head>
<META http-equiv="Content-Type" content="text/html">
<meta http-equiv="content-type" content="text/html; charset=UTF-8">
</head>
<body style="margin:0px 0px 0px 0px;overflow:auto;background:#FFFFFF;">
<table style="font-family:Arial,Verdana,Times;font-size:12px;text-align:left;width:100%;border-collapse:collapse;padding:3px 3px 3px 3px">
<tr style="text-align:center;font-weight:bold;background:#9CBCE2">
<td></td>
</tr>
<tr>
<td>
<table style="font-family:Arial,Verdana,Times;font-size:12px;text-align:left;width:100%;border-spacing:0px; padding:3px 3px 3px 3px"></table>
</td>
</tr>
</table>
</body><script type="text/javascript">
				function changeImage(attElement, nameElement) {
				document.getElementById('imageAttachment').src = attElement;
				document.getElementById('imageName').innerHTML = nameElement;}
			</script></html>
]]></description>
      <styleUrl>#PolyStyle00</styleUrl>
      <MultiGeometry>
        <Polygon>
          <extrude>0</extrude><altitudeMode>clampToGround</altitudeMode>
          <outerBoundaryIs><LinearRing><coordinates> -46.29055910062198,-23.04462660803149,0 -46.29066005132029,-23.04457557240471,0 -46.29097211696956,-23.04449586009583,0 -46.29104333158443,-23.04454507369615,0 -46.29123056234056,-23.0444877527076,0 -46.29133173607072,-23.04442370928672,0 -46.29142020687698,-23.0443500763949,0 -46.29156150296097,-23.04431079220927,0 -46.29164375315661,-23.04430357964645,0 -46.29175734292699,-23.04440806198243,0 -46.29163646684941,-23.04454737775921,0 -46.29146479166678,-23.04472223923991,0 -46.29136622057455,-23.04496713092826,0 -46.29142331043738,-23.04518999642113,0 -46.29109189857224,-23.04540115274096,0 -46.29083118421175,-23.04549556267007,0 -46.29067879678901,-23.04565121463177,0 -46.29063289539176,-23.04559449439035,0 -46.29054178417597,-23.04556302171603,0 -46.2903182819631,-23.04544226524832,0 -46.29010961136941,-23.0454179188019,0 -46.28990045783979,-23.04547737478101,0 -46.28987202667264,-23.04542172833002,0 -46.28987800986221,-23.04529657417747,0 -46.29008576674471,-23.04510012626975,0 -46.2901363221335,-23.04494440775819,0 -46.28998580530066,-23.04489527060019,0 -46.29012431708355,-23.04441395164254,0 -46.29027323941842,-23.04444793702265,0 -46.29034766641161,-23.04445273670439,0 -46.29039642765299,-23.04490670907739,0 -46.29048656670163,-23.04518055533836,0 -46.29075062743948,-23.04530787505841,0 -46.29066123662671,-23.04504432423613,0 -46.29055910062198,-23.04462660803149,0</coordinates></LinearRing></outerBoundaryIs>
        </Polygon>
      </MultiGeometry>
    </Placemark>
    <Placemark id="ID_00070">
      <name></name>
      <snippet></snippet>
      <description><![CDATA[<html xmlns:fo="http://www.w3.org/1999/XSL/Format" xmlns:msxsl="urn:schemas-microsoft-com:xslt">
<head>
<META http-equiv="Content-Type" content="text/html">
<meta http-equiv="content-type" content="text/html; charset=UTF-8">
</head>
<body style="margin:0px 0px 0px 0px;overflow:auto;background:#FFFFFF;">
<table style="font-family:Arial,Verdana,Times;font-size:12px;text-align:left;width:100%;border-collapse:collapse;padding:3px 3px 3px 3px">
<tr style="text-align:center;font-weight:bold;background:#9CBCE2">
<td></td>
</tr>
<tr>
<td>
<table style="font-family:Arial,Verdana,Times;font-size:12px;text-align:left;width:100%;border-spacing:0px; padding:3px 3px 3px 3px"></table>
</td>
</tr>
</table>
</body><script type="text/javascript">
				function changeImage(attElement, nameElement) {
				document.getElementById('imageAttachment').src = attElement;
				document.getElementById('imageName').innerHTML = nameElement;}
			</script></html>
]]></description>
      <styleUrl>#PolyStyle00</styleUrl>
      <MultiGeometry>
        <Polygon>
          <extrude>0</extrude><altitudeMode>clampToGround</altitudeMode>
          <outerBoundaryIs><LinearRing><coordinates> -46.29042571587404,-23.04129129505722,0 -46.29007007087705,-23.04105319235088,0 -46.28967446000826,-23.04082486077868,0 -46.28975122613814,-23.04061282761984,0 -46.28987946856257,-23.04055534205536,0 -46.29040845698466,-23.04032068015521,0 -46.29088508238061,-23.04036610401243,0 -46.29113534482025,-23.04049845364069,0 -46.29117198859639,-23.04070406204277,0 -46.29113310281043,-23.04107109785287,0 -46.29107641134726,-23.04125650208584,0 -46.29073913860032,-23.04117135967045,0 -46.29059977156214,-23.04165538828551,0 -46.29031357671016,-23.04248054773904,0 -46.29030295301885,-23.04355117984301,0 -46.29017204140655,-23.04443204510278,0 -46.29012529194863,-23.04441630067168,0 -46.28998987833018,-23.04409012915607,0 -46.2893243521371,-23.04415678420817,0 -46.28925243874904,-23.04452619332911,0 -46.28876293326271,-23.04476846888972,0 -46.28765875824508,-23.04438446287264,0 -46.2877888442797,-23.04401639643948,0 -46.28760136441139,-23.04335280288948,0 -46.28779698584219,-23.04304768720095,0 -46.28876415274342,-23.04303422614857,0 -46.289158260845,-23.04320349384615,0 -46.28938912400883,-23.04295011255761,0 -46.2897340176108,-23.04338911841305,0 -46.28990600755616,-23.04288829316016,0 -46.28847223820323,-23.04197986637769,0 -46.28847207722453,-23.04179677520096,0 -46.28896329232202,-23.04133710832089,0 -46.289282452723,-23.04165996763334,0 -46.28964623118856,-23.041872916302,0 -46.2898493017039,-23.04176245437372,0 -46.29019378971157,-23.04138239368245,0 -46.29043130605987,-23.04149184567212,0 -46.29042571587404,-23.04129129505722,0</coordinates></LinearRing></outerBoundaryIs>
        </Polygon>
      </MultiGeometry>
    </Placemark>
    <Placemark id="ID_00071">
      <name></name>
      <snippet></snippet>
      <description><![CDATA[<html xmlns:fo="http://www.w3.org/1999/XSL/Format" xmlns:msxsl="urn:schemas-microsoft-com:xslt">
<head>
<META http-equiv="Content-Type" content="text/html">
<meta http-equiv="content-type" content="text/html; charset=UTF-8">
</head>
<body style="margin:0px 0px 0px 0px;overflow:auto;background:#FFFFFF;">
<table style="font-family:Arial,Verdana,Times;font-size:12px;text-align:left;width:100%;border-collapse:collapse;padding:3px 3px 3px 3px">
<tr style="text-align:center;font-weight:bold;background:#9CBCE2">
<td></td>
</tr>
<tr>
<td>
<table style="font-family:Arial,Verdana,Times;font-size:12px;text-align:left;width:100%;border-spacing:0px; padding:3px 3px 3px 3px"></table>
</td>
</tr>
</table>
</body><script type="text/javascript">
				function changeImage(attElement, nameElement) {
				document.getElementById('imageAttachment').src = attElement;
				document.getElementById('imageName').innerHTML = nameElement;}
			</script></html>
]]></description>
      <styleUrl>#PolyStyle00</styleUrl>
      <MultiGeometry>
        <Polygon>
          <extrude>0</extrude><altitudeMode>clampToGround</altitudeMode>
          <outerBoundaryIs><LinearRing><coordinates> -49.08334894277027,-21.0508694900506,0 -49.08288013539129,-21.05128760235584,0 -49.08206677177202,-21.05152708506114,0 -49.08135695215282,-21.05169810067065,0 -49.08067852282674,-21.05039274611057,0 -49.08040450747735,-21.04873499971768,0 -49.08042285543303,-21.04731181780778,0 -49.08198651723051,-21.04593199550755,0 -49.08254410598329,-21.04750238170743,0 -49.08258293209224,-21.04892418508728,0 -49.08178205076445,-21.04891661311617,0 -49.08181353877023,-21.05111707365768,0 -49.08334894277027,-21.0508694900506,0</coordinates></LinearRing></outerBoundaryIs>
        </Polygon>
      </MultiGeometry>
    </Placemark>
    <Placemark id="ID_00072">
      <name></name>
      <snippet></snippet>
      <description><![CDATA[<html xmlns:fo="http://www.w3.org/1999/XSL/Format" xmlns:msxsl="urn:schemas-microsoft-com:xslt">
<head>
<META http-equiv="Content-Type" content="text/html">
<meta http-equiv="content-type" content="text/html; charset=UTF-8">
</head>
<body style="margin:0px 0px 0px 0px;overflow:auto;background:#FFFFFF;">
<table style="font-family:Arial,Verdana,Times;font-size:12px;text-align:left;width:100%;border-collapse:collapse;padding:3px 3px 3px 3px">
<tr style="text-align:center;font-weight:bold;background:#9CBCE2">
<td></td>
</tr>
<tr>
<td>
<table style="font-family:Arial,Verdana,Times;font-size:12px;text-align:left;width:100%;border-spacing:0px; padding:3px 3px 3px 3px"></table>
</td>
</tr>
</table>
</body><script type="text/javascript">
				function changeImage(attElement, nameElement) {
				document.getElementById('imageAttachment').src = attElement;
				document.getElementById('imageName').innerHTML = nameElement;}
			</script></html>
]]></description>
      <styleUrl>#PolyStyle00</styleUrl>
      <MultiGeometry>
        <Polygon>
          <extrude>0</extrude><altitudeMode>clampToGround</altitudeMode>
          <outerBoundaryIs><LinearRing><coordinates> -49.06582365309248,-21.05515194764308,0 -49.06528212054673,-21.05521861781368,0 -49.06479082137577,-21.05187482551432,0 -49.07396433997974,-21.05060781924862,0 -49.07394739797052,-21.05208466363603,0 -49.0734454287724,-21.05255307273001,0 -49.07253240210748,-21.05262868563558,0 -49.07204731027065,-21.05266717637192,0 -49.07143694545437,-21.05230600711423,0 -49.06914560770003,-21.05217308013017,0 -49.06854839387017,-21.05229478378424,0 -49.06585684256055,-21.05321834692673,0 -49.06582365309248,-21.05515194764308,0</coordinates></LinearRing></outerBoundaryIs>
        </Polygon>
      </MultiGeometry>
    </Placemark>
    <Placemark id="ID_00073">
      <name></name>
      <snippet></snippet>
      <description><![CDATA[<html xmlns:fo="http://www.w3.org/1999/XSL/Format" xmlns:msxsl="urn:schemas-microsoft-com:xslt">
<head>
<META http-equiv="Content-Type" content="text/html">
<meta http-equiv="content-type" content="text/html; charset=UTF-8">
</head>
<body style="margin:0px 0px 0px 0px;overflow:auto;background:#FFFFFF;">
<table style="font-family:Arial,Verdana,Times;font-size:12px;text-align:left;width:100%;border-collapse:collapse;padding:3px 3px 3px 3px">
<tr style="text-align:center;font-weight:bold;background:#9CBCE2">
<td></td>
</tr>
<tr>
<td>
<table style="font-family:Arial,Verdana,Times;font-size:12px;text-align:left;width:100%;border-spacing:0px; padding:3px 3px 3px 3px"></table>
</td>
</tr>
</table>
</body><script type="text/javascript">
				function changeImage(attElement, nameElement) {
				document.getElementById('imageAttachment').src = attElement;
				document.getElementById('imageName').innerHTML = nameElement;}
			</script></html>
]]></description>
      <styleUrl>#PolyStyle00</styleUrl>
      <MultiGeometry>
        <Polygon>
          <extrude>0</extrude><altitudeMode>clampToGround</altitudeMode>
          <outerBoundaryIs><LinearRing><coordinates> -47.93389229668625,-21.51955439606808,0 -47.93390700606389,-21.51898543790196,0 -47.93398137029072,-21.51845823565218,0 -47.93341179352856,-21.51678050044025,0 -47.93386947559672,-21.51646669818648,0 -47.93407970193444,-21.51717234587086,0 -47.93419361254476,-21.51861349309995,0 -47.934077204133,-21.51932488643489,0 -47.93419452628491,-21.51963468975445,0 -47.93389229668625,-21.51955439606808,0</coordinates></LinearRing></outerBoundaryIs>
        </Polygon>
      </MultiGeometry>
    </Placemark>
    <Placemark id="ID_00074">
      <name></name>
      <snippet></snippet>
      <description><![CDATA[<html xmlns:fo="http://www.w3.org/1999/XSL/Format" xmlns:msxsl="urn:schemas-microsoft-com:xslt">
<head>
<META http-equiv="Content-Type" content="text/html">
<meta http-equiv="content-type" content="text/html; charset=UTF-8">
</head>
<body style="margin:0px 0px 0px 0px;overflow:auto;background:#FFFFFF;">
<table style="font-family:Arial,Verdana,Times;font-size:12px;text-align:left;width:100%;border-collapse:collapse;padding:3px 3px 3px 3px">
<tr style="text-align:center;font-weight:bold;background:#9CBCE2">
<td></td>
</tr>
<tr>
<td>
<table style="font-family:Arial,Verdana,Times;font-size:12px;text-align:left;width:100%;border-spacing:0px; padding:3px 3px 3px 3px"></table>
</td>
</tr>
</table>
</body><script type="text/javascript">
				function changeImage(attElement, nameElement) {
				document.getElementById('imageAttachment').src = attElement;
				document.getElementById('imageName').innerHTML = nameElement;}
			</script></html>
]]></description>
      <styleUrl>#PolyStyle00</styleUrl>
      <MultiGeometry>
        <Polygon>
          <extrude>0</extrude><altitudeMode>clampToGround</altitudeMode>
          <outerBoundaryIs><LinearRing><coordinates> -50.5452937779316,-19.95486334026878,0 -50.54482010908566,-19.95533961350253,0 -50.54408528675742,-19.95468720185942,0 -50.54459381224245,-19.95419646374739,0 -50.5452937779316,-19.95486334026878,0</coordinates></LinearRing></outerBoundaryIs>
        </Polygon>
      </MultiGeometry>
    </Placemark>
    <Placemark id="ID_00075">
      <name></name>
      <snippet></snippet>
      <description><![CDATA[<html xmlns:fo="http://www.w3.org/1999/XSL/Format" xmlns:msxsl="urn:schemas-microsoft-com:xslt">
<head>
<META http-equiv="Content-Type" content="text/html">
<meta http-equiv="content-type" content="text/html; charset=UTF-8">
</head>
<body style="margin:0px 0px 0px 0px;overflow:auto;background:#FFFFFF;">
<table style="font-family:Arial,Verdana,Times;font-size:12px;text-align:left;width:100%;border-collapse:collapse;padding:3px 3px 3px 3px">
<tr style="text-align:center;font-weight:bold;background:#9CBCE2">
<td></td>
</tr>
<tr>
<td>
<table style="font-family:Arial,Verdana,Times;font-size:12px;text-align:left;width:100%;border-spacing:0px; padding:3px 3px 3px 3px"></table>
</td>
</tr>
</table>
</body><script type="text/javascript">
				function changeImage(attElement, nameElement) {
				document.getElementById('imageAttachment').src = attElement;
				document.getElementById('imageName').innerHTML = nameElement;}
			</script></html>
]]></description>
      <styleUrl>#PolyStyle00</styleUrl>
      <MultiGeometry>
        <Polygon>
          <extrude>0</extrude><altitudeMode>clampToGround</altitudeMode>
          <outerBoundaryIs><LinearRing><coordinates> -45.51508071281325,-22.72389487915563,0 -45.51513387285957,-22.72373056628532,0 -45.51517736744296,-22.72360008253531,0 -45.51526918934123,-22.72343576966491,0 -45.51533201485046,-22.72329078772054,0 -45.51545283313749,-22.72307814753525,0 -45.51564130966528,-22.72284617642407,0 -45.51580078980419,-22.72270119447965,0 -45.51591194262819,-22.72254171434071,0 -45.51603276091527,-22.72240639785931,0 -45.51620190651715,-22.72218409221102,0 -45.51635172119315,-22.72192795744251,0 -45.51642904489682,-22.72177331003509,0 -45.51644354309127,-22.72165732447945,0 -45.51651120133198,-22.7214930116092,0 -45.51658369230432,-22.72131420054438,0 -45.51682532887845,-22.7212465423035,0 -45.51683499434137,-22.72133353147025,0 -45.5168639907302,-22.72145434975726,0 -45.51683982707284,-22.72160899716465,0 -45.51666101600801,-22.72180230642402,0 -45.51648703767461,-22.72201011387767,0 -45.51633722299864,-22.72226141591472,0 -45.516400048508,-22.72238706693325,0 -45.5164193794339,-22.72246922336853,0 -45.51632755753564,-22.72259004165557,0 -45.51612941554492,-22.72268669628529,0 -45.51600859725789,-22.72275435452585,0 -45.51584911711905,-22.72285100915552,0 -45.51575729522085,-22.72296699471114,0 -45.5156944697116,-22.72306364934082,0 -45.51553498957264,-22.72336811142417,0 -45.51550116045235,-22.72350342790565,0 -45.51549149498937,-22.72364357711859,0 -45.51548182952632,-22.72380305725757,0 -45.51535617850783,-22.72392870827603,0 -45.51520153110044,-22.72400603197975,0 -45.51508071281325,-22.72389487915563,0</coordinates></LinearRing></outerBoundaryIs>
        </Polygon>
      </MultiGeometry>
    </Placemark>
    <Placemark id="ID_00076">
      <name></name>
      <snippet></snippet>
      <description><![CDATA[<html xmlns:fo="http://www.w3.org/1999/XSL/Format" xmlns:msxsl="urn:schemas-microsoft-com:xslt">
<head>
<META http-equiv="Content-Type" content="text/html">
<meta http-equiv="content-type" content="text/html; charset=UTF-8">
</head>
<body style="margin:0px 0px 0px 0px;overflow:auto;background:#FFFFFF;">
<table style="font-family:Arial,Verdana,Times;font-size:12px;text-align:left;width:100%;border-collapse:collapse;padding:3px 3px 3px 3px">
<tr style="text-align:center;font-weight:bold;background:#9CBCE2">
<td></td>
</tr>
<tr>
<td>
<table style="font-family:Arial,Verdana,Times;font-size:12px;text-align:left;width:100%;border-spacing:0px; padding:3px 3px 3px 3px"></table>
</td>
</tr>
</table>
</body><script type="text/javascript">
				function changeImage(attElement, nameElement) {
				document.getElementById('imageAttachment').src = attElement;
				document.getElementById('imageName').innerHTML = nameElement;}
			</script></html>
]]></description>
      <styleUrl>#PolyStyle00</styleUrl>
      <MultiGeometry>
        <Polygon>
          <extrude>0</extrude><altitudeMode>clampToGround</altitudeMode>
          <outerBoundaryIs><LinearRing><coordinates> -47.18775397841279,-22.76844772903906,0 -47.18815230622248,-22.76852262054956,0 -47.18824900299831,-22.76854080080614,0 -47.18845762968124,-22.76861075358357,0 -47.18912349112378,-22.7688658308835,0 -47.18948681857836,-22.76900023281683,0 -47.18996479807623,-22.76914970359263,0 -47.18994201877689,-22.76926859934771,0 -47.18966948194709,-22.76934099296188,0 -47.18927722877605,-22.76922155136969,0 -47.1887871390199,-22.76901607392597,0 -47.18831964823205,-22.76885605326987,0 -47.1882097107279,-22.76882011381737,0 -47.18802189975633,-22.76878940273685,0 -47.18782363165202,-22.7687359506421,0 -47.18764219039866,-22.76875300130309,0 -47.1873597867604,-22.7687693546182,0 -47.1873840699065,-22.768463202688,0 -47.18747830371616,-22.76846399116796,0 -47.18767155623796,-22.76848422593485,0 -47.18775397841279,-22.76844772903906,0</coordinates></LinearRing></outerBoundaryIs>
        </Polygon>
      </MultiGeometry>
    </Placemark>
    <Placemark id="ID_00077">
      <name></name>
      <snippet></snippet>
      <description><![CDATA[<html xmlns:fo="http://www.w3.org/1999/XSL/Format" xmlns:msxsl="urn:schemas-microsoft-com:xslt">
<head>
<META http-equiv="Content-Type" content="text/html">
<meta http-equiv="content-type" content="text/html; charset=UTF-8">
</head>
<body style="margin:0px 0px 0px 0px;overflow:auto;background:#FFFFFF;">
<table style="font-family:Arial,Verdana,Times;font-size:12px;text-align:left;width:100%;border-collapse:collapse;padding:3px 3px 3px 3px">
<tr style="text-align:center;font-weight:bold;background:#9CBCE2">
<td></td>
</tr>
<tr>
<td>
<table style="font-family:Arial,Verdana,Times;font-size:12px;text-align:left;width:100%;border-spacing:0px; padding:3px 3px 3px 3px"></table>
</td>
</tr>
</table>
</body><script type="text/javascript">
				function changeImage(attElement, nameElement) {
				document.getElementById('imageAttachment').src = attElement;
				document.getElementById('imageName').innerHTML = nameElement;}
			</script></html>
]]></description>
      <styleUrl>#PolyStyle00</styleUrl>
      <MultiGeometry>
        <Polygon>
          <extrude>0</extrude><altitudeMode>clampToGround</altitudeMode>
          <outerBoundaryIs><LinearRing><coordinates> -47.18231640204078,-22.76721854381157,0 -47.18117513280783,-22.76784300257111,0 -47.18100233070327,-22.76793755209206,0 -47.17987616620871,-22.76647470700329,0 -47.17998776009165,-22.76639468174301,0 -47.18081092438957,-22.76670267168736,0 -47.1808913047654,-22.76650165721094,0 -47.18095991866999,-22.76645570400353,0 -47.18150973079224,-22.76658109157569,0 -47.18170786728541,-22.7666855626652,0 -47.1822673735756,-22.76710247900326,0 -47.18230490167349,-22.76716399653696,0 -47.18231640204078,-22.76721854381157,0</coordinates></LinearRing></outerBoundaryIs>
        </Polygon>
      </MultiGeometry>
    </Placemark>
    <Placemark id="ID_00078">
      <name></name>
      <snippet></snippet>
      <description><![CDATA[<html xmlns:fo="http://www.w3.org/1999/XSL/Format" xmlns:msxsl="urn:schemas-microsoft-com:xslt">
<head>
<META http-equiv="Content-Type" content="text/html">
<meta http-equiv="content-type" content="text/html; charset=UTF-8">
</head>
<body style="margin:0px 0px 0px 0px;overflow:auto;background:#FFFFFF;">
<table style="font-family:Arial,Verdana,Times;font-size:12px;text-align:left;width:100%;border-collapse:collapse;padding:3px 3px 3px 3px">
<tr style="text-align:center;font-weight:bold;background:#9CBCE2">
<td></td>
</tr>
<tr>
<td>
<table style="font-family:Arial,Verdana,Times;font-size:12px;text-align:left;width:100%;border-spacing:0px; padding:3px 3px 3px 3px"></table>
</td>
</tr>
</table>
</body><script type="text/javascript">
				function changeImage(attElement, nameElement) {
				document.getElementById('imageAttachment').src = attElement;
				document.getElementById('imageName').innerHTML = nameElement;}
			</script></html>
]]></description>
      <styleUrl>#PolyStyle00</styleUrl>
      <MultiGeometry>
        <Polygon>
          <extrude>0</extrude><altitudeMode>clampToGround</altitudeMode>
          <outerBoundaryIs><LinearRing><coordinates> -45.90226619030039,-23.58875879225343,0 -45.9023086377004,-23.58888078835338,0 -45.90231088870048,-23.58888701335338,0 -45.9023115274004,-23.58888866805336,0 -45.90231851190043,-23.58890545315337,0 -45.90231975760042,-23.58890817615339,0 -45.90232780770037,-23.58892428005339,0 -45.90232919210036,-23.58892683375342,0 -45.90233770870037,-23.58894137555342,0 -45.90233843840041,-23.58894257735342,0 -45.90238565170034,-23.58901762295339,0 -45.90238636580034,-23.58901875215343,0 -45.90238722620035,-23.58902005825342,0 -45.90239748830044,-23.58903505595339,0 -45.90239928650039,-23.58903750265342,0 -45.90241059080039,-23.58905184975333,0 -45.90241255880045,-23.58905418275345,0 -45.90242502910036,-23.5890680062534,0 -45.90242698640037,-23.58907002715347,0 -45.90244022600035,-23.58908289155342,0 -45.90244250750045,-23.58908496795335,0 -45.90245663170037,-23.58909700675344,0 -45.90245870530043,-23.58909867695342,0 -45.90247018870042,-23.58910738515346,0 -45.90247115020037,-23.58910809575338,0 -45.90256510480037,-23.58917576255346,0 -45.9025687793004,-23.58917836875342,0 -45.90257022520041,-23.58917935555343,0 -45.90258418250045,-23.58918852025345,0 -45.90258535760036,-23.58918926835344,0 -45.90265762500042,-23.58923385285341,0 -45.90266787050041,-23.58924457445346,0 -45.90268450660039,-23.58928243835338,0 -45.90268251820044,-23.58929993585339,0 -45.90266122300045,-23.58936519485344,0 -45.90265817980036,-23.58937516545342,0 -45.90265756480039,-23.58937740095343,0 -45.90265331430039,-23.58939469365338,0 -45.90265275510041,-23.58939733405344,0 -45.90264976160034,-23.58941462645339,0 -45.90264954010036,-23.58941605245344,0 -45.90263469510041,-23.58952384875341,0 -45.9026344746004,-23.58952566315344,0 -45.90263270960037,-23.58954331925338,0 -45.90263252010038,-23.58954626915344,0 -45.90263201190044,-23.58956399375337,0 -45.90263199580038,-23.58956547145345,0 -45.90263203210043,-23.58956694885336,0 -45.90263278280037,-23.58958466605344,0 -45.90263293190042,-23.58958683985339,0 -45.90263376290039,-23.58959556235346,0 -45.9026462644004,-23.5897072736534,0 -45.90264729850042,-23.58971540185338,0 -45.90265552210042,-23.58977309325349,0 -45.90265578960044,-23.58977492395343,0 -45.90265605650041,-23.58977653075345,0 -45.90265935670043,-23.58979424865339,0 -45.9026599554004,-23.58979690075335,0 -45.90266444210045,-23.58981414265345,0 -45.9026652915004,-23.58981699225336,0 -45.90267099220041,-23.58983392675337,0 -45.90267194760042,-23.58983648855343,0 -45.90267893220033,-23.58985327365339,0 -45.90268003820034,-23.58985571455344,0 -45.9026863052004,-23.58986848105337,0 -45.90268684240038,-23.58986953875343,0 -45.90272429310033,-23.58994085895347,0 -45.90272796150043,-23.58994833845344,0 -45.90272810950034,-23.58996997075337,0 -45.9027281439004,-23.58997140205342,0 -45.90272885220037,-23.58998856715347,0 -45.90272893580044,-23.58998999675346,0 -45.90274603980043,-23.59021574905341,0 -45.90274610640041,-23.59021659285338,0 -45.90274668230035,-23.59022300105344,0 -45.90277237610042,-23.5904753092534,0 -45.90274982990041,-23.59050472555338,0 -45.90274767740038,-23.59055336935347,0 -45.90270081100033,-23.5906462149534,0 -45.90265816220039,-23.59072005975344,0 -45.90261245130034,-23.59076152845347,0 -45.90258864760034,-23.5907724724534,0 -45.90254266160036,-23.59078677005339,0 -45.90249435980041,-23.59078989835342,0 -45.90244472750033,-23.5907709736535,0 -45.90242646470035,-23.59070336845337,0 -45.90234951900044,-23.59063737495335,0 -45.90227678820037,-23.59064481335342,0 -45.90216412080042,-23.59063630205339,0 -45.9020896801004,-23.59065841455338,0 -45.90204322040035,-23.59064662015347,0 -45.90203913700043,-23.59063903785341,0 -45.90201002260034,-23.59060462415345,0 -45.90197219640044,-23.59056214185347,0 -45.90192580550041,-23.59055446065344,0 -45.90189776070043,-23.59063035435344,0 -45.90187940900041,-23.59072802315342,0 -45.90186448810033,-23.5907662061535,0 -45.90182795510044,-23.59081941135339,0 -45.90177397310043,-23.59089317675347,0 -45.90173547710043,-23.59086266725349,0 -45.90168906370036,-23.59095213385347,0 -45.90159865700036,-23.59098057825352,0 -45.90146776020038,-23.59101796895346,0 -45.90140159120045,-23.59094819165342,0 -45.90132077840042,-23.59085802495343,0 -45.90135583610044,-23.59075460385352,0 -45.90132316220041,-23.59070127595345,0 -45.90132053260044,-23.59068447845342,0 -45.90131413180035,-23.59064359435348,0 -45.90131251170038,-23.59063324535345,0 -45.90132094100039,-23.59059488905342,0 -45.90133694500037,-23.59058074705348,0 -45.90136998330047,-23.59055561875346,0 -45.90137907400043,-23.59054106575337,0 -45.90138576150037,-23.59050791835348,0 -45.90137419440038,-23.59047812755341,0 -45.90136142920039,-23.59044034125344,0 -45.90137073570043,-23.5904248244534,0 -45.90138518180038,-23.59038947515347,0 -45.90138610920042,-23.59036955955337,0 -45.90140765750033,-23.59032853255348,0 -45.90144128680038,-23.59037235215339,0 -45.90144680130038,-23.59038424955343,0 -45.90146185860039,-23.59041162725338,0 -45.90151720660043,-23.5904146056534,0 -45.90153773290041,-23.59038238435347,0 -45.90154361840047,-23.59036201045348,0 -45.90154834660034,-23.59011120275346,0 -45.90158022780042,-23.59008167355347,0 -45.90160738670044,-23.59004194625346,0 -45.90160914780034,-23.59000813045339,0 -45.90156145320044,-23.58986224095338,0 -45.90154773100045,-23.58981102605339,0 -45.90156465720042,-23.58967928975342,0 -45.90154572600034,-23.5896292386534,0 -45.90145878710035,-23.58954135275343,0 -45.90131631880036,-23.58952942775347,0 -45.9012129015004,-23.58950931265343,0 -45.90127017390034,-23.58941519535348,0 -45.90123055520041,-23.58934869435336,0 -45.90131928530036,-23.58922786255339,0 -45.90133225120036,-23.58910642235338,0 -45.90119744620041,-23.58887188275339,0 -45.90134525660045,-23.58884895225339,0 -45.90172881090047,-23.58880788835341,0 -45.90198049420036,-23.58880170525341,0 -45.90209026180043,-23.58880628895338,0 -45.90226619030039,-23.58875879225343,0</coordinates></LinearRing></outerBoundaryIs>
        </Polygon>
      </MultiGeometry>
    </Placemark>
    <Placemark id="ID_00079">
      <name></name>
      <snippet></snippet>
      <description><![CDATA[<html xmlns:fo="http://www.w3.org/1999/XSL/Format" xmlns:msxsl="urn:schemas-microsoft-com:xslt">
<head>
<META http-equiv="Content-Type" content="text/html">
<meta http-equiv="content-type" content="text/html; charset=UTF-8">
</head>
<body style="margin:0px 0px 0px 0px;overflow:auto;background:#FFFFFF;">
<table style="font-family:Arial,Verdana,Times;font-size:12px;text-align:left;width:100%;border-collapse:collapse;padding:3px 3px 3px 3px">
<tr style="text-align:center;font-weight:bold;background:#9CBCE2">
<td></td>
</tr>
<tr>
<td>
<table style="font-family:Arial,Verdana,Times;font-size:12px;text-align:left;width:100%;border-spacing:0px; padding:3px 3px 3px 3px"></table>
</td>
</tr>
</table>
</body><script type="text/javascript">
				function changeImage(attElement, nameElement) {
				document.getElementById('imageAttachment').src = attElement;
				document.getElementById('imageName').innerHTML = nameElement;}
			</script></html>
]]></description>
      <styleUrl>#PolyStyle00</styleUrl>
      <MultiGeometry>
        <Polygon>
          <extrude>0</extrude><altitudeMode>clampToGround</altitudeMode>
          <outerBoundaryIs><LinearRing><coordinates> -45.90333075610044,-23.58950863925345,0 -45.90334886740038,-23.58945313685343,0 -45.90335191060035,-23.58944316615345,0 -45.90335252560044,-23.5894409306534,0 -45.90335677590041,-23.58942363805341,0 -45.90335733830035,-23.58942097915338,0 -45.90336039560044,-23.58940322425342,0 -45.90336068000039,-23.58940130735341,0 -45.90336138680044,-23.58939563145344,0 -45.90336938410042,-23.58932526015338,0 -45.90341429110043,-23.58926752885345,0 -45.90342738480041,-23.58922806855344,0 -45.90345431500043,-23.58905874115345,0 -45.90342258380036,-23.58897337295338,0 -45.90326613320042,-23.58891895265345,0 -45.90325982900043,-23.58891625295342,0 -45.90325899310045,-23.58891499605334,0 -45.90324873100042,-23.58889999845337,0 -45.90324693280041,-23.58889755175342,0 -45.90323562840041,-23.58888320475336,0 -45.90323372620043,-23.58888094475345,0 -45.90322204190038,-23.58886793825338,0 -45.90322127240046,-23.58886711175336,0 -45.90314288910044,-23.58878508625344,0 -45.90314203600037,-23.58878419725335,0 -45.90314088340046,-23.58878303755341,0 -45.90312764380042,-23.58877017325347,0 -45.90312536230044,-23.58876809685343,0 -45.9031112381004,-23.58875605805344,0 -45.90310902080035,-23.5887542797534,0 -45.90309386580044,-23.5887429620534,0 -45.90309145260039,-23.58874127145339,0 -45.90307749530034,-23.58873210675347,0 -45.90307632020046,-23.58873135865338,0 -45.90297742620044,-23.58867034725336,0 -45.9029485849004,-23.58864957535343,0 -45.90289820880042,-23.58850479415344,0 -45.90289595780042,-23.58849856925337,0 -45.90289531910037,-23.5884969144534,0 -45.90288833460045,-23.58848012945344,0 -45.90288761900036,-23.58847850515338,0 -45.90288614700041,-23.58847534255341,0 -45.90286734060044,-23.58843559355342,0 -45.90287940430039,-23.58841994435335,0 -45.90291834660036,-23.58832307065347,0 -45.90295420250038,-23.58824660665334,0 -45.90299046070039,-23.58816940715337,0 -45.90306495880043,-23.58806838635336,0 -45.90318227270036,-23.5879880990534,0 -45.9032342027004,-23.58795727075343,0 -45.90327964390036,-23.58794105235343,0 -45.90337334880036,-23.58790614445338,0 -45.90346990680035,-23.58788279515341,0 -45.90341020700043,-23.58799636325335,0 -45.90370748280043,-23.58831225065336,0 -45.90385378960043,-23.5883359131534,0 -45.9038301645004,-23.58848872765337,0 -45.90382947500041,-23.58849346915338,0 -45.90382924840043,-23.58849531785343,0 -45.90382748360038,-23.58851297385338,0 -45.90382729410038,-23.58851592375345,0 -45.90382678610035,-23.58853364835335,0 -45.90382677000041,-23.58853512605344,0 -45.9038276539004,-23.58866416585348,0 -45.90382768860036,-23.58866560475338,0 -45.90382840390038,-23.58868286075348,0 -45.90382848840045,-23.58868429795343,0 -45.9038413239004,-23.58885287805345,0 -45.90384149270039,-23.58885470885338,0 -45.90384349930042,-23.58887234285345,0 -45.90384393780034,-23.58887527025336,0 -45.90384723810035,-23.58889298815341,0 -45.90384774240033,-23.58889527055346,0 -45.90385095940042,-23.58890810765336,0 -45.90385124160036,-23.58890917435341,0 -45.90387920590041,-23.58900956395343,0 -45.90388052790041,-23.58901415245338,0 -45.90388108540043,-23.58901593755337,0 -45.90388678620036,-23.58903287195341,0 -45.90388774160039,-23.58903543375339,0 -45.90389472630039,-23.58905221875341,0 -45.90389597200039,-23.58905494175343,0 -45.90390402240036,-23.58907104555341,0 -45.90390515560041,-23.58907316475343,0 -45.90391074530038,-23.58908295345345,0 -45.90398393640044,-23.58920537165336,0 -45.90404914320039,-23.58932024145343,0 -45.90404969970037,-23.58932119375346,0 -45.90405652460038,-23.58933254615347,0 -45.90405710560044,-23.58933348595345,0 -45.90405793860043,-23.58933474865344,0 -45.90406820090044,-23.58934974615348,0 -45.9040697675004,-23.58935189645338,0 -45.9040781832004,-23.58936276085343,0 -45.90407889660037,-23.58936365825344,0 -45.90416923090044,-23.58947440075348,0 -45.90417223940035,-23.58947802875343,0 -45.90417348610043,-23.58947946975336,0 -45.90418595660037,-23.5894932930534,0 -45.90418791400038,-23.58949531395337,0 -45.90420115380038,-23.58950817815337,0 -45.90420343540035,-23.58951025455343,0 -45.90421755970038,-23.58952229315343,0 -45.90421901000046,-23.5895234810534,0 -45.90422221240043,-23.58952600065339,0 -45.9043554402004,-23.58962939665343,0 -45.90435626780033,-23.5896300202534,0 -45.90436814230043,-23.58963876255347,0 -45.90436949460036,-23.58963972305344,0 -45.90437391690039,-23.58964275135343,0 -45.90446396530041,-23.58970328635342,0 -45.90446491280039,-23.58970390755337,0 -45.90447637650039,-23.58971123625344,0 -45.90447869270042,-23.58971262945346,0 -45.90449509410041,-23.58972189715343,0 -45.90449679740038,-23.58972281775346,0 -45.90468057960032,-23.5898187019534,0 -45.90468194080046,-23.58981938605336,0 -45.90469841130044,-23.5898273558534,0 -45.90470124910041,-23.58982862335346,0 -45.90471882270042,-23.58983583875346,0 -45.90472092360039,-23.58983664795345,0 -45.9047287674004,-23.58983947145339,0 -45.90486166740038,-23.58988542045348,0 -45.90486246020043,-23.58988569345342,0 -45.90495372490039,-23.58991698785335,0 -45.90495410990036,-23.58991814785344,0 -45.90496497280043,-23.58993015355344,0 -45.90496981220041,-23.58996289485345,0 -45.90496993940035,-23.58996584155346,0 -45.90498090280045,-23.58998616435343,0 -45.90498837580044,-23.5900062448534,0 -45.90499934540043,-23.59003442895339,0 -45.90500118300043,-23.59008691365346,0 -45.90496953920041,-23.5901067593535,0 -45.90492397190042,-23.5901080253534,0 -45.90489282530041,-23.59013248355341,0 -45.90486795790041,-23.59015012325342,0 -45.90484064520041,-23.59024734945342,0 -45.90484284230041,-23.59027210025346,0 -45.90484088550046,-23.59028571875347,0 -45.90483256620035,-23.59036504515342,0 -45.90477746740044,-23.59037408795342,0 -45.9047491984004,-23.59034869215341,0 -45.90472457800035,-23.59030640035338,0 -45.90471594250032,-23.59029015535345,0 -45.90469132650043,-23.59025429465346,0 -45.90467935300035,-23.59024023935342,0 -45.90466556070043,-23.59021447845351,0 -45.9046583658004,-23.59021160855337,0 -45.90463092330039,-23.59018823495343,0 -45.90460235480038,-23.59018232565348,0 -45.90457451890041,-23.59018234085345,0 -45.9044629727004,-23.59022427355337,0 -45.9044648464004,-23.59023309735347,0 -45.90448004710039,-23.59030468385345,0 -45.90448182300037,-23.59031304745344,0 -45.90448933280044,-23.59033231715347,0 -45.90450572480034,-23.59036195595343,0 -45.90450628170044,-23.59036463755343,0 -45.90451070030037,-23.59038591285344,0 -45.9045173225004,-23.59042839815345,0 -45.90446140570043,-23.59045399145344,0 -45.90440776320037,-23.59047430905338,0 -45.90437747040039,-23.59051904445341,0 -45.90435346690038,-23.59055760925337,0 -45.9043251196004,-23.59056096975343,0 -45.90428025950041,-23.59060741435343,0 -45.90421465020041,-23.5906252413534,0 -45.90413290920037,-23.59054311845346,0 -45.90410244500043,-23.59047819015348,0 -45.90409709170041,-23.59040705415344,0 -45.90408919340041,-23.5903621596534,0 -45.90407227130044,-23.59034240175339,0 -45.90404010060035,-23.59031082115337,0 -45.90400545720041,-23.59029943155342,0 -45.90397541290036,-23.59030875465346,0 -45.90395575470041,-23.59030902315341,0 -45.90389976970039,-23.5903067899534,0 -45.90379303590036,-23.59027144025339,0 -45.90375168010035,-23.59027183685339,0 -45.90369260580042,-23.59030033595338,0 -45.90367887230041,-23.59032502575339,0 -45.90366888870039,-23.59036438255339,0 -45.9036692885004,-23.59040282805342,0 -45.90366940060034,-23.59041455825343,0 -45.9036731507004,-23.59045492075348,0 -45.90367993450042,-23.59046612685342,0 -45.90369338930043,-23.59049666195347,0 -45.90370985830037,-23.59053199245342,0 -45.90367209130044,-23.59056877285349,0 -45.90359367520035,-23.59053078695343,0 -45.90352320700043,-23.59046067665339,0 -45.90352006650039,-23.59045131115346,0 -45.90346649350044,-23.59040998765346,0 -45.90345370560044,-23.59039987035338,0 -45.90343768290041,-23.59024254195338,0 -45.90346439580038,-23.59023575055341,0 -45.90346802930037,-23.59022876345347,0 -45.90347912690044,-23.59019691785341,0 -45.9034467523004,-23.59016400325338,0 -45.90342995900046,-23.59016627905339,0 -45.90341836680039,-23.59001328715344,0 -45.90342073030035,-23.59001210365341,0 -45.90346255690044,-23.58998521245338,0 -45.90346266770041,-23.58996922695341,0 -45.90346686860045,-23.58992060595341,0 -45.90347467180044,-23.58991255525337,0 -45.90349063510042,-23.58987551855347,0 -45.90350672020043,-23.5898463738534,0 -45.9035231003004,-23.58981254775341,0 -45.90355271970037,-23.58973879655344,0 -45.90351380700037,-23.58965847025349,0 -45.90353959010044,-23.5895841293534,0 -45.90345711530035,-23.58950858665339,0 -45.90345289940035,-23.58951302825346,0 -45.90338576580034,-23.58953807005338,0 -45.90338156400038,-23.58953791995344,0 -45.90333911400041,-23.58951345595345,0 -45.90333075610044,-23.58950863925345,0</coordinates></LinearRing></outerBoundaryIs>
        </Polygon>
      </MultiGeometry>
    </Placemark>
    <Placemark id="ID_00080">
      <name></name>
      <snippet></snippet>
      <description><![CDATA[<html xmlns:fo="http://www.w3.org/1999/XSL/Format" xmlns:msxsl="urn:schemas-microsoft-com:xslt">
<head>
<META http-equiv="Content-Type" content="text/html">
<meta http-equiv="content-type" content="text/html; charset=UTF-8">
</head>
<body style="margin:0px 0px 0px 0px;overflow:auto;background:#FFFFFF;">
<table style="font-family:Arial,Verdana,Times;font-size:12px;text-align:left;width:100%;border-collapse:collapse;padding:3px 3px 3px 3px">
<tr style="text-align:center;font-weight:bold;background:#9CBCE2">
<td></td>
</tr>
<tr>
<td>
<table style="font-family:Arial,Verdana,Times;font-size:12px;text-align:left;width:100%;border-spacing:0px; padding:3px 3px 3px 3px"></table>
</td>
</tr>
</table>
</body><script type="text/javascript">
				function changeImage(attElement, nameElement) {
				document.getElementById('imageAttachment').src = attElement;
				document.getElementById('imageName').innerHTML = nameElement;}
			</script></html>
]]></description>
      <styleUrl>#PolyStyle00</styleUrl>
      <MultiGeometry>
        <Polygon>
          <extrude>0</extrude><altitudeMode>clampToGround</altitudeMode>
          <outerBoundaryIs><LinearRing><coordinates> -45.90046393190045,-23.58608737905331,0 -45.90051932880039,-23.58617241985332,0 -45.90055863760034,-23.58624312655339,0 -45.90056410380038,-23.58625911045335,0 -45.90057585610037,-23.58627878895333,0 -45.90058394340036,-23.58630379595337,0 -45.90059316460037,-23.58632144925338,0 -45.9006055204004,-23.5863410122534,0 -45.9006817723004,-23.58639108565335,0 -45.90069020680034,-23.58639211895332,0 -45.90085835710033,-23.58637913015333,0 -45.90100866150044,-23.5863349304534,0 -45.90101964390043,-23.5863992732534,0 -45.9009670538004,-23.58642535405341,0 -45.90095212240038,-23.58644494915341,0 -45.90097580320037,-23.58651167385341,0 -45.90098868570045,-23.58651927715335,0 -45.90101354110039,-23.58657875945334,0 -45.9009696754004,-23.58665474275335,0 -45.90096861730041,-23.58666228375335,0 -45.90093646870037,-23.58669214395343,0 -45.90093218600038,-23.5866977604533,0 -45.90090758180037,-23.58674848495337,0 -45.90091193150045,-23.58680438705341,0 -45.90098086790039,-23.5868500343534,0 -45.90105532040042,-23.58688917805343,0 -45.90082183790042,-23.58706354175342,0 -45.90080951090044,-23.5870729548534,0 -45.90051594500041,-23.58731123795343,0 -45.90039595800046,-23.5874041081534,0 -45.90034906770034,-23.58732047365334,0 -45.9003465614004,-23.58727939035338,0 -45.90042398700036,-23.5872694508534,0 -45.90042476190041,-23.5872620060534,0 -45.90043142320036,-23.58721469755341,0 -45.90043874420041,-23.58721108715333,0 -45.90047306500043,-23.5871668092534,0 -45.90047522000043,-23.58716403885343,0 -45.90053835180038,-23.58705206295337,0 -45.90058690220042,-23.58700451915337,0 -45.90058041370037,-23.58698126135341,0 -45.90057741560042,-23.58695991925344,0 -45.9005594382004,-23.58690482625337,0 -45.90055739640042,-23.58689549945341,0 -45.90053700600038,-23.58680236335335,0 -45.9005303426004,-23.5867046325534,0 -45.90052440590041,-23.58662372565334,0 -45.90047748220036,-23.58654585015336,0 -45.90042484630044,-23.58651733095336,0 -45.90039072100046,-23.58654773055338,0 -45.90038427370041,-23.58658478695341,0 -45.90038298490042,-23.58659219465341,0 -45.90037683410038,-23.58661722065336,0 -45.90037882990044,-23.58662640595333,0 -45.90037795990042,-23.5866623900534,0 -45.9003718129004,-23.58668738045344,0 -45.90037152310038,-23.58669936905335,0 -45.90037293790039,-23.58673254065338,0 -45.90037564030035,-23.58675832885341,0 -45.90038620290039,-23.58678036905338,0 -45.90038920010039,-23.58679418705339,0 -45.90038604080041,-23.58683296675338,0 -45.90038217420044,-23.58685512715334,0 -45.90037502650046,-23.58687544045335,0 -45.90033343010042,-23.58694911735342,0 -45.9003310663004,-23.58696379425339,0 -45.90026873940042,-23.58705014815342,0 -45.90024506840042,-23.58706352685335,0 -45.90022011080043,-23.58707232325339,0 -45.90014781590043,-23.58710522425343,0 -45.90013271800041,-23.58711233845332,0 -45.90010994080035,-23.58714211405339,0 -45.90010580010039,-23.58714752725341,0 -45.90006125710045,-23.58718057785341,0 -45.90005169350042,-23.58718679805335,0 -45.90000448840038,-23.5872296968534,0 -45.89996705840041,-23.5872974543534,0 -45.89988872720039,-23.58738050235344,0 -45.89986619950042,-23.58739071905342,0 -45.89982697630034,-23.58742227315338,0 -45.89980579120039,-23.58743702065341,0 -45.89979091770044,-23.58744374675343,0 -45.89974811470034,-23.58743743185335,0 -45.8997310908004,-23.58743492035336,0 -45.89971298890038,-23.58742782755344,0 -45.8996803494004,-23.58742743415337,0 -45.89965311010042,-23.58742634745339,0 -45.89963544330044,-23.58743105735334,0 -45.89958501570044,-23.58746592465343,0 -45.89957278210044,-23.58748161335345,0 -45.89956066780042,-23.58750903375342,0 -45.89955358990046,-23.5875240544534,0 -45.89956326690044,-23.58756533155344,0 -45.89957492940039,-23.58759235495341,0 -45.89959732090034,-23.5876421231534,0 -45.89960052280043,-23.58766790245341,0 -45.89956610490043,-23.58769312325342,0 -45.89947949790037,-23.58768400835341,0 -45.89945246580044,-23.58768186795333,0 -45.89941631520036,-23.58767355335339,0 -45.89939788130039,-23.58767301245336,0 -45.89938154980041,-23.5876699194534,0 -45.89931792040044,-23.58766223955337,0 -45.89928400420035,-23.58765869885337,0 -45.89926024030034,-23.58765417555344,0 -45.89922774760038,-23.58766673785334,0 -45.89920913700036,-23.5876732357534,0 -45.89918479060037,-23.58767569675336,0 -45.8991691603004,-23.58769564355339,0 -45.89916619330042,-23.58770513155337,0 -45.89922939560041,-23.58776873455338,0 -45.89924319060032,-23.5877862321534,0 -45.89925607150042,-23.58779920325339,0 -45.89926203880038,-23.58780339825342,0 -45.89928000770044,-23.58782785775345,0 -45.89928502250041,-23.58783929265337,0 -45.89925796460045,-23.58786752995344,0 -45.89923799710045,-23.58788092525334,0 -45.89915148760036,-23.58786180635343,0 -45.89909526710039,-23.58787558595339,0 -45.89907025010036,-23.5878845119534,0 -45.89898174360037,-23.58792451135338,0 -45.89881357760038,-23.58795214045336,0 -45.89838635250038,-23.58741464305335,0 -45.89816871210036,-23.58714380645335,0 -45.89804352320039,-23.58697236255341,0 -45.89783085260035,-23.58674812635342,0 -45.89778989380045,-23.5867053172534,0 -45.89779763500037,-23.58666245065335,0 -45.89779705200044,-23.58665258185335,0 -45.89781465780032,-23.58660587205332,0 -45.89781312220043,-23.58656991545332,0 -45.89780708840039,-23.58655671755337,0 -45.89777584450042,-23.58650268125336,0 -45.89776546150035,-23.5864900078534,0 -45.8977500556004,-23.58646783085335,0 -45.89771554950039,-23.5864341576534,0 -45.89769959260042,-23.58641807255341,0 -45.89769296410043,-23.58641083365342,0 -45.89766171260038,-23.58638881905329,0 -45.89765075660046,-23.58638224625344,0 -45.89763156020041,-23.58637072995339,0 -45.89759307820044,-23.58634764365343,0 -45.89758206140043,-23.58634103445333,0 -45.89756551770036,-23.58633110965338,0 -45.89753972310036,-23.58630576365334,0 -45.89752616740043,-23.58629103145341,0 -45.89750857040042,-23.5862705373533,0 -45.89747591500044,-23.5862375061534,0 -45.89744646210039,-23.58619295105337,0 -45.89743409740038,-23.5861451191534,0 -45.89742463110042,-23.58612926655338,0 -45.89742235490041,-23.58611433405333,0 -45.89744161760046,-23.58607144705337,0 -45.8974494195004,-23.58605905175336,0 -45.8974280932004,-23.5860116483534,0 -45.89741823440045,-23.58600219555336,0 -45.89739691030036,-23.58598576285335,0 -45.89738437800037,-23.5859294131534,0 -45.89735930750038,-23.58584726125338,0 -45.89735265390034,-23.58582545815342,0 -45.89735726900034,-23.5857783933534,0 -45.89727173770036,-23.58569328935335,0 -45.89724240520036,-23.58566794425338,0 -45.89722917920034,-23.5856561515534,0 -45.89720907310044,-23.58561464015339,0 -45.89720798370041,-23.58559571225333,0 -45.89723286870043,-23.58555179425338,0 -45.89725386470042,-23.58553883745339,0 -45.89732660660035,-23.5855097257533,0 -45.8973519096004,-23.5855144732534,0 -45.89743279050044,-23.58547574885338,0 -45.89745320410044,-23.58547363855331,0 -45.89746643620044,-23.58547070695336,0 -45.89753489450039,-23.58547251825338,0 -45.89755464430039,-23.58548512235337,0 -45.89756028730039,-23.58548872385336,0 -45.89758712330042,-23.58552872995335,0 -45.89759511110043,-23.58554143815337,0 -45.89760027610038,-23.58555233655341,0 -45.89763521480035,-23.58557843495338,0 -45.8976493275004,-23.58558743685336,0 -45.89766673120039,-23.58559847545332,0 -45.89775219070042,-23.58564891455336,0 -45.8977781671004,-23.5856653929534,0 -45.8979199689004,-23.58570630915336,0 -45.89801448010041,-23.58567458855333,0 -45.89803182560036,-23.58564169415332,0 -45.89802710360033,-23.58562777555336,0 -45.89801761000035,-23.58561827205341,0 -45.89801206240038,-23.58561302635337,0 -45.89799217550036,-23.58559157665332,0 -45.89798526390035,-23.58558155205338,0 -45.89797150570035,-23.58555522675334,0 -45.89796775040037,-23.58555087175341,0 -45.89795495230044,-23.58551918465339,0 -45.8979496367004,-23.58551381865334,0 -45.89794208680041,-23.58550505525341,0 -45.89794071080041,-23.58550023865336,0 -45.89794620410044,-23.58548401145334,0 -45.8979479263004,-23.58548115265341,0 -45.89796886720035,-23.58546071515344,0 -45.89797790580035,-23.58545648795338,0 -45.89798384550046,-23.58545025185333,0 -45.89798716320036,-23.58544835245334,0 -45.8980314232004,-23.5854323190534,0 -45.89804192280042,-23.58543295175332,0 -45.89810055310038,-23.58544807085338,0 -45.89816537130037,-23.58544408425332,0 -45.89825218310045,-23.58550538065339,0 -45.89833624320044,-23.58558341235339,0 -45.89849688810045,-23.58563480085338,0 -45.89853301960045,-23.58564924805329,0 -45.89854448990035,-23.58565242955335,0 -45.89858878760037,-23.58566416275334,0 -45.89859538140041,-23.58566820735331,0 -45.8986217785004,-23.58569595175334,0 -45.89864637310036,-23.58571486295342,0 -45.8986752207004,-23.58568813615335,0 -45.89868277280033,-23.58567128225339,0 -45.89868613460037,-23.58566549265338,0 -45.89869119430034,-23.58565677935338,0 -45.89870559770043,-23.58563587005335,0 -45.89870816240034,-23.58563145735338,0 -45.89874092830042,-23.58563364475333,0 -45.8987484685004,-23.58563629405331,0 -45.89878404360041,-23.58563406305332,0 -45.89880197110034,-23.58563094215333,0 -45.89884279150038,-23.58563180595338,0 -45.89885202880037,-23.58563551835334,0 -45.89886475970036,-23.58563729995329,0 -45.89891096120039,-23.58562813955331,0 -45.89892802890041,-23.58562391995332,0 -45.89901928030042,-23.58563381775332,0 -45.89902871390035,-23.58563755295329,0 -45.89910144240037,-23.58560530675339,0 -45.89972621400034,-23.58592731115339,0 -45.90044946290038,-23.5860022880533,0 -45.90046393190045,-23.58608737905331,0</coordinates></LinearRing></outerBoundaryIs>
        </Polygon>
      </MultiGeometry>
    </Placemark>
    <Placemark id="ID_00081">
      <name></name>
      <snippet></snippet>
      <description><![CDATA[<html xmlns:fo="http://www.w3.org/1999/XSL/Format" xmlns:msxsl="urn:schemas-microsoft-com:xslt">
<head>
<META http-equiv="Content-Type" content="text/html">
<meta http-equiv="content-type" content="text/html; charset=UTF-8">
</head>
<body style="margin:0px 0px 0px 0px;overflow:auto;background:#FFFFFF;">
<table style="font-family:Arial,Verdana,Times;font-size:12px;text-align:left;width:100%;border-collapse:collapse;padding:3px 3px 3px 3px">
<tr style="text-align:center;font-weight:bold;background:#9CBCE2">
<td></td>
</tr>
<tr>
<td>
<table style="font-family:Arial,Verdana,Times;font-size:12px;text-align:left;width:100%;border-spacing:0px; padding:3px 3px 3px 3px"></table>
</td>
</tr>
</table>
</body><script type="text/javascript">
				function changeImage(attElement, nameElement) {
				document.getElementById('imageAttachment').src = attElement;
				document.getElementById('imageName').innerHTML = nameElement;}
			</script></html>
]]></description>
      <styleUrl>#PolyStyle00</styleUrl>
      <MultiGeometry>
        <Polygon>
          <extrude>0</extrude><altitudeMode>clampToGround</altitudeMode>
          <outerBoundaryIs><LinearRing><coordinates> -45.90556553944486,-23.58317885542579,0 -45.90557353545199,-23.5831844168643,0 -45.90559491904043,-23.58318855693789,0 -45.90561108675081,-23.58319231067168,0 -45.90567135998554,-23.5832096706772,0 -45.90568796473377,-23.5832109220006,0 -45.90570715618264,-23.58321180020129,0 -45.90576226020578,-23.58320664771339,0 -45.90577611355383,-23.58320471064554,0 -45.90579006594038,-23.58320533365117,0 -45.90580399394509,-23.58320338942167,0 -45.90581514857092,-23.58320131628455,0 -45.90582632544005,-23.58319923907949,0 -45.90594914293729,-23.58320983091347,0 -45.90596071849569,-23.58321034459367,0 -45.90605484016277,-23.58322506787669,0 -45.90606384578825,-23.58322811933113,0 -45.90608320763067,-23.58326085642523,0 -45.90607452099721,-23.58326574914349,0 -45.90605543321851,-23.58330208209191,0 -45.90605307161513,-23.58331531864572,0 -45.90604919236631,-23.58336072660921,0 -45.90604669488988,-23.58337135554285,0 -45.90604132947242,-23.58338451915467,0 -45.90602818841342,-23.58342428275022,0 -45.90602315320461,-23.58344568286311,0 -45.90602225415449,-23.58358201805033,0 -45.90598210973451,-23.58364673947728,0 -45.90597640995617,-23.58365715249317,0 -45.90597363279818,-23.58366509761993,0 -45.90595267909117,-23.58378001872801,0 -45.90565374157836,-23.58406784772922,0 -45.90523257764715,-23.58429360392472,0 -45.90515427646432,-23.58429031858101,0 -45.90510180657942,-23.58419821253909,0 -45.90509725554846,-23.58418390084165,0 -45.90502644875107,-23.58411468457553,0 -45.90496726259243,-23.58411086741944,0 -45.90494814446083,-23.58411075446294,0 -45.90493449416704,-23.58411067335987,0 -45.90490258517622,-23.58410230241373,0 -45.90485146300131,-23.58407222148186,0 -45.90484636117577,-23.58404538700631,0 -45.90484725984481,-23.58403739859698,0 -45.9048457704352,-23.58402676900566,0 -45.90483150737185,-23.58401084452942,0 -45.90481011279036,-23.58401074567865,0 -45.90477439940697,-23.58403969615649,0 -45.90476533411431,-23.58404764285064,0 -45.90475051832459,-23.58405825625492,0 -45.90473423887272,-23.58407966601795,0 -45.90472199719716,-23.58409040548344,0 -45.90462975360112,-23.58414723045751,0 -45.90462401392512,-23.58418606789718,0 -45.90462827040266,-23.58419449655299,0 -45.90463282582733,-23.58427246022098,0 -45.90464928334984,-23.58430065091038,0 -45.90483552194519,-23.58435047023569,0 -45.9048889499573,-23.58435380313524,0 -45.90491860425846,-23.58437416031297,0 -45.90458922237457,-23.58464829668093,0 -45.90448913380219,-23.58469196060526,0 -45.90432336753003,-23.58460810328006,0 -45.90434071289462,-23.58450988728339,0 -45.90433503704338,-23.58449929982664,0 -45.90423532577092,-23.58447061227776,0 -45.90422961748203,-23.58446800798816,0 -45.90421816821447,-23.58446542697127,0 -45.90418948791785,-23.58446028064088,0 -45.9041693991303,-23.58445509266983,0 -45.90414991164306,-23.5844131617751,0 -45.90414424313207,-23.58440793791651,0 -45.90413281384581,-23.58440271999848,0 -45.9041213804171,-23.58439750029181,0 -45.90408988984689,-23.58438444273765,0 -45.9040640916586,-23.58437398526558,0 -45.9040294892987,-23.58436611828688,0 -45.9040005538069,-23.58436085541417,0 -45.90397147255891,-23.58435819788599,0 -45.90394249517777,-23.58435029594876,0 -45.90393691184364,-23.58434243482014,0 -45.90391111208697,-23.58432668278387,0 -45.90388622509693,-23.58428749783264,0 -45.90388087853273,-23.58427448586178,0 -45.90385242693054,-23.58425357114567,0 -45.90384373893966,-23.58425092132858,0 -45.90380906377612,-23.58423772159752,0 -45.90379459055794,-23.58423243142211,0 -45.90375984242558,-23.58421920388889,0 -45.90370903281877,-23.58418532322219,0 -45.90368761717946,-23.58415700156428,0 -45.9036806163586,-23.58413405467889,0 -45.90366545218649,-23.58410353726117,0 -45.90366168259533,-23.58407837205738,0 -45.90364772484128,-23.58403576974355,0 -45.90364338530179,-23.58401835805273,0 -45.90363431934378,-23.58398862243922,0 -45.90362755566866,-23.58396643804856,0 -45.90362102318563,-23.58394191619965,0 -45.90361653272493,-23.58392724386022,0 -45.90360246449712,-23.58389067020039,0 -45.90360024228755,-23.58388340269101,0 -45.90359291259756,-23.58386881504396,0 -45.90357299369112,-23.58383483476443,0 -45.9035674455858,-23.58383228655276,0 -45.90462681044703,-23.58360541591032,0 -45.90542296538991,-23.58305979764606,0 -45.90545508270407,-23.58315014726406,0 -45.90556553944486,-23.58317885542579,0</coordinates></LinearRing></outerBoundaryIs>
        </Polygon>
      </MultiGeometry>
    </Placemark>
    <Placemark id="ID_00082">
      <name></name>
      <snippet></snippet>
      <description><![CDATA[<html xmlns:fo="http://www.w3.org/1999/XSL/Format" xmlns:msxsl="urn:schemas-microsoft-com:xslt">
<head>
<META http-equiv="Content-Type" content="text/html">
<meta http-equiv="content-type" content="text/html; charset=UTF-8">
</head>
<body style="margin:0px 0px 0px 0px;overflow:auto;background:#FFFFFF;">
<table style="font-family:Arial,Verdana,Times;font-size:12px;text-align:left;width:100%;border-collapse:collapse;padding:3px 3px 3px 3px">
<tr style="text-align:center;font-weight:bold;background:#9CBCE2">
<td></td>
</tr>
<tr>
<td>
<table style="font-family:Arial,Verdana,Times;font-size:12px;text-align:left;width:100%;border-spacing:0px; padding:3px 3px 3px 3px"></table>
</td>
</tr>
</table>
</body><script type="text/javascript">
				function changeImage(attElement, nameElement) {
				document.getElementById('imageAttachment').src = attElement;
				document.getElementById('imageName').innerHTML = nameElement;}
			</script></html>
]]></description>
      <styleUrl>#PolyStyle00</styleUrl>
      <MultiGeometry>
        <Polygon>
          <extrude>0</extrude><altitudeMode>clampToGround</altitudeMode>
          <outerBoundaryIs><LinearRing><coordinates> -45.90017497583176,-23.57631362039468,0 -45.90030220455088,-23.57600420503979,0 -45.90040946322625,-23.57613605626853,0 -45.90049840681928,-23.57624050201184,0 -45.90063953811284,-23.57633163914642,0 -45.90079339206875,-23.57642180823069,0 -45.90100025065635,-23.5765293364816,0 -45.90122318774876,-23.57659634388996,0 -45.90142126205961,-23.57664288412746,0 -45.9016722207258,-23.57669776994487,0 -45.90187685386218,-23.5767146103933,0 -45.90187483732575,-23.57689422375535,0 -45.90187327821769,-23.57699017991922,0 -45.90174778156933,-23.57729022020255,0 -45.90158848685537,-23.57747403378626,0 -45.90132806003777,-23.57777643713091,0 -45.9012387457085,-23.57786769981999,0 -45.90118449259387,-23.57788426305735,0 -45.90120682849999,-23.57794792665891,0 -45.90120888487479,-23.57801948443454,0 -45.90134759403333,-23.57813154401145,0 -45.90126917290934,-23.57824815059649,0 -45.90113103781032,-23.57849869599415,0 -45.90099320089502,-23.57829910190185,0 -45.90089675271741,-23.57816357568975,0 -45.90078589300673,-23.57807731228639,0 -45.90045405189574,-23.57785476278765,0 -45.90015856344104,-23.57775097172623,0 -45.89993795030905,-23.5776872821914,0 -45.89968446141779,-23.57762365622965,0 -45.89951591715908,-23.57758661616656,0 -45.89963492938734,-23.57740696677406,0 -45.89964409657762,-23.57738036859563,0 -45.89964924033951,-23.5771746164906,0 -45.89962246605751,-23.57700162765798,0 -45.89968657461026,-23.57690418939059,0 -45.89997810144763,-23.57670460073734,0 -45.89996509587479,-23.57657060474395,0 -45.90017497583176,-23.57631362039468,0</coordinates></LinearRing></outerBoundaryIs>
        </Polygon>
      </MultiGeometry>
    </Placemark>
    <Placemark id="ID_00083">
      <name></name>
      <snippet></snippet>
      <description><![CDATA[<html xmlns:fo="http://www.w3.org/1999/XSL/Format" xmlns:msxsl="urn:schemas-microsoft-com:xslt">
<head>
<META http-equiv="Content-Type" content="text/html">
<meta http-equiv="content-type" content="text/html; charset=UTF-8">
</head>
<body style="margin:0px 0px 0px 0px;overflow:auto;background:#FFFFFF;">
<table style="font-family:Arial,Verdana,Times;font-size:12px;text-align:left;width:100%;border-collapse:collapse;padding:3px 3px 3px 3px">
<tr style="text-align:center;font-weight:bold;background:#9CBCE2">
<td></td>
</tr>
<tr>
<td>
<table style="font-family:Arial,Verdana,Times;font-size:12px;text-align:left;width:100%;border-spacing:0px; padding:3px 3px 3px 3px"></table>
</td>
</tr>
</table>
</body><script type="text/javascript">
				function changeImage(attElement, nameElement) {
				document.getElementById('imageAttachment').src = attElement;
				document.getElementById('imageName').innerHTML = nameElement;}
			</script></html>
]]></description>
      <styleUrl>#PolyStyle00</styleUrl>
      <MultiGeometry>
        <Polygon>
          <extrude>0</extrude><altitudeMode>clampToGround</altitudeMode>
          <outerBoundaryIs><LinearRing><coordinates> -45.89877614648692,-23.57416387593987,0 -45.89901756115496,-23.57413616030873,0 -45.89901535593725,-23.57433326087864,0 -45.89895377585089,-23.57451700331592,0 -45.89887789783138,-23.57475097422656,0 -45.89883111133314,-23.57489691331625,0 -45.89907334898612,-23.57505030295148,0 -45.89904175693431,-23.57536258729135,0 -45.89902120925126,-23.57555268573947,0 -45.89909851614772,-23.57576450911137,0 -45.8991367343238,-23.57598491321649,0 -45.89920007185691,-23.57608793630937,0 -45.89928043985094,-23.57621821881816,0 -45.89914599527663,-23.57642819645202,0 -45.89900287067979,-23.57660687404001,0 -45.89892547194307,-23.57678602936386,0 -45.89888145982644,-23.576923597779,0 -45.89885765235738,-23.57714015176345,0 -45.8986084837431,-23.57717402678941,0 -45.8983760998148,-23.57720340579106,0 -45.89812581797991,-23.57723501041449,0 -45.89795363604492,-23.57719751999002,0 -45.89776895183877,-23.57717896949772,0 -45.89767773818096,-23.57748840969793,0 -45.89765688490985,-23.57750130143955,0 -45.89751387325907,-23.57739436640708,0 -45.89742914421965,-23.57737344081381,0 -45.89721611323535,-23.5773033540621,0 -45.89700918899996,-23.57725802467036,0 -45.89655194235286,-23.57710706473296,0 -45.89642963518794,-23.57697089899261,0 -45.89627699505842,-23.57693073789647,0 -45.89628286917651,-23.5767538479068,0 -45.89624856162471,-23.57669167962861,0 -45.89613865523506,-23.57655179317684,0 -45.89608524293652,-23.57645548557798,0 -45.89609117443383,-23.57638951757662,0 -45.89607541199439,-23.57633529888506,0 -45.89605280909376,-23.57624632826305,0 -45.89612653787026,-23.57612940803837,0 -45.89606639295823,-23.57609650795287,0 -45.89606950805324,-23.57604004884996,0 -45.89610422177987,-23.57580404953547,0 -45.8961475600168,-23.57573139889661,0 -45.89618297062714,-23.57557933017978,0 -45.8962180914187,-23.57540045606561,0 -45.89626462741523,-23.57515942091425,0 -45.89631320636659,-23.57496963072544,0 -45.89636416817291,-23.57483495827967,0 -45.89636443547244,-23.57464338740881,0 -45.89633112749215,-23.5745176369025,0 -45.89636152328166,-23.5744092759503,0 -45.89647996655668,-23.57439815174649,0 -45.89663418224893,-23.57438648688845,0 -45.89714407582584,-23.57432349937732,0 -45.89741264942984,-23.57430664851791,0 -45.89757689001728,-23.57429077010862,0 -45.89786806916908,-23.57425654576838,0 -45.89810600943331,-23.57423515597185,0 -45.89843980255704,-23.57419927530736,0 -45.89877614648692,-23.57416387593987,0</coordinates></LinearRing></outerBoundaryIs>
        </Polygon>
      </MultiGeometry>
    </Placemark>
    <Placemark id="ID_00084">
      <name></name>
      <snippet></snippet>
      <description><![CDATA[<html xmlns:fo="http://www.w3.org/1999/XSL/Format" xmlns:msxsl="urn:schemas-microsoft-com:xslt">
<head>
<META http-equiv="Content-Type" content="text/html">
<meta http-equiv="content-type" content="text/html; charset=UTF-8">
</head>
<body style="margin:0px 0px 0px 0px;overflow:auto;background:#FFFFFF;">
<table style="font-family:Arial,Verdana,Times;font-size:12px;text-align:left;width:100%;border-collapse:collapse;padding:3px 3px 3px 3px">
<tr style="text-align:center;font-weight:bold;background:#9CBCE2">
<td></td>
</tr>
<tr>
<td>
<table style="font-family:Arial,Verdana,Times;font-size:12px;text-align:left;width:100%;border-spacing:0px; padding:3px 3px 3px 3px"></table>
</td>
</tr>
</table>
</body><script type="text/javascript">
				function changeImage(attElement, nameElement) {
				document.getElementById('imageAttachment').src = attElement;
				document.getElementById('imageName').innerHTML = nameElement;}
			</script></html>
]]></description>
      <styleUrl>#PolyStyle00</styleUrl>
      <MultiGeometry>
        <Polygon>
          <extrude>0</extrude><altitudeMode>clampToGround</altitudeMode>
          <outerBoundaryIs><LinearRing><coordinates> -45.88913576920419,-23.57382233474214,0 -45.88913899273683,-23.57381084011469,0 -45.8891787303337,-23.57373646422246,0 -45.8892744098589,-23.57367383956312,0 -45.88930142441961,-23.57366375391661,0 -45.88938137976641,-23.57365605252595,0 -45.88943567546306,-23.57365049557792,0 -45.88948172989757,-23.57364196385525,0 -45.8895294734623,-23.57362639791899,0 -45.88959769512712,-23.57359868141576,0 -45.88961496234475,-23.57359155434974,0 -45.88967962177242,-23.57362742695011,0 -45.89005018544907,-23.57384735614335,0 -45.89005292633487,-23.57384880205183,0 -45.89007362292762,-23.57387204697914,0 -45.89009219769367,-23.57388809680407,0 -45.89013177439932,-23.57391704265046,0 -45.89017159503778,-23.57394364866154,0 -45.89022934982012,-23.57399882424108,0 -45.89028458354499,-23.57406449231893,0 -45.89030803083563,-23.57412397488214,0 -45.89035314541071,-23.57424183744502,0 -45.89045203451383,-23.57435593677129,0 -45.89046069547146,-23.57437106771788,0 -45.8904118579302,-23.57442229630771,0 -45.89037717219992,-23.57445743276299,0 -45.89041157431109,-23.57449939090207,0 -45.8904699824522,-23.57451365473644,0 -45.89048776262904,-23.57452078939968,0 -45.8904826917792,-23.57455695702106,0 -45.89048249865891,-23.57461932002257,0 -45.89048468719245,-23.57463566309765,0 -45.89032405012473,-23.5745737337677,0 -45.8901216722815,-23.5744898997151,0 -45.88984979513883,-23.57446856945238,0 -45.8896502956764,-23.57448086074952,0 -45.88941085512215,-23.57445179685903,0 -45.88919590955255,-23.5743162690686,0 -45.88908089687584,-23.57426753625145,0 -45.88893899697416,-23.57420950962302,0 -45.88897935120929,-23.57413921725168,0 -45.88904819309391,-23.5740583154507,0 -45.88906072812972,-23.57403089375068,0 -45.88907649764821,-23.57401060992032,0 -45.88908556299168,-23.57399497738436,0 -45.88909614462955,-23.57397345124259,0 -45.8891120735849,-23.57392974128862,0 -45.88912560301765,-23.57388755974291,0 -45.88913414651529,-23.57384698018717,0 -45.88913576920419,-23.57382233474214,0</coordinates></LinearRing></outerBoundaryIs>
        </Polygon>
      </MultiGeometry>
    </Placemark>
    <Placemark id="ID_00085">
      <name></name>
      <snippet></snippet>
      <description><![CDATA[<html xmlns:fo="http://www.w3.org/1999/XSL/Format" xmlns:msxsl="urn:schemas-microsoft-com:xslt">
<head>
<META http-equiv="Content-Type" content="text/html">
<meta http-equiv="content-type" content="text/html; charset=UTF-8">
</head>
<body style="margin:0px 0px 0px 0px;overflow:auto;background:#FFFFFF;">
<table style="font-family:Arial,Verdana,Times;font-size:12px;text-align:left;width:100%;border-collapse:collapse;padding:3px 3px 3px 3px">
<tr style="text-align:center;font-weight:bold;background:#9CBCE2">
<td></td>
</tr>
<tr>
<td>
<table style="font-family:Arial,Verdana,Times;font-size:12px;text-align:left;width:100%;border-spacing:0px; padding:3px 3px 3px 3px"></table>
</td>
</tr>
</table>
</body><script type="text/javascript">
				function changeImage(attElement, nameElement) {
				document.getElementById('imageAttachment').src = attElement;
				document.getElementById('imageName').innerHTML = nameElement;}
			</script></html>
]]></description>
      <styleUrl>#PolyStyle00</styleUrl>
      <MultiGeometry>
        <Polygon>
          <extrude>0</extrude><altitudeMode>clampToGround</altitudeMode>
          <outerBoundaryIs><LinearRing><coordinates> -45.89218202675085,-23.57285947850596,0 -45.89224542604342,-23.57281010310488,0 -45.89225963292949,-23.5728929762962,0 -45.89227174404498,-23.57297370285978,0 -45.89229680727238,-23.5730864630512,0 -45.8923270102685,-23.57319214693102,0 -45.89233973654904,-23.57327747177556,0 -45.89234616739299,-23.57338532343908,0 -45.8923340050356,-23.57348813810962,0 -45.89232383274981,-23.57354048116883,0 -45.89225639803954,-23.57349227777462,0 -45.89216955312634,-23.57342441645068,0 -45.89209652915611,-23.57337069126823,0 -45.89202960995011,-23.57332174960344,0 -45.89191005967394,-23.57333545359455,0 -45.89181218134031,-23.5733958299345,0 -45.89174250380819,-23.57344105303293,0 -45.89166719864068,-23.57352472074245,0 -45.89161207604377,-23.57359007217351,0 -45.89155987874256,-23.57365925084002,0 -45.89151671270798,-23.57372764879857,0 -45.89146851283562,-23.57381374318943,0 -45.89142854510561,-23.57388432117705,0 -45.89142039916089,-23.57391595293683,0 -45.89140132198072,-23.57400542714691,0 -45.89141108195157,-23.57408485129399,0 -45.89149646863854,-23.574193028674,0 -45.89143370136823,-23.57423658984915,0 -45.89135157107404,-23.57419782212994,0 -45.89126934129519,-23.57416013245852,0 -45.89118416793962,-23.57411953775705,0 -45.89110902894453,-23.57407388443379,0 -45.8910378327858,-23.57402832859344,0 -45.89100563184581,-23.57394678499902,0 -45.89097570261185,-23.57386992774252,0 -45.89093018526518,-23.57378407089805,0 -45.89088232548681,-23.57372630897799,0 -45.89091787243115,-23.57361103703312,0 -45.89097163364699,-23.57354863628267,0 -45.89103535010894,-23.57347426608352,0 -45.89108944775023,-23.57340829932258,0 -45.8911642146337,-23.5733177137194,0 -45.8912361017014,-23.57325677239335,0 -45.89130121444396,-23.5731891130165,0 -45.89136607988434,-23.57309876384016,0 -45.89141724826198,-23.57302741802965,0 -45.89148085691471,-23.57293903958112,0 -45.89152965169609,-23.57287361701294,0 -45.89161477092183,-23.57290528549511,0 -45.89170102343502,-23.57293601170812,0 -45.89178862147753,-23.5729684941088,0 -45.89187623977148,-23.57300048680628,0 -45.89196893836419,-23.57303023383486,0 -45.89204174088854,-23.57297230810974,0 -45.89211690924412,-23.57291227243582,0 -45.89218202675085,-23.57285947850596,0</coordinates></LinearRing></outerBoundaryIs>
        </Polygon>
      </MultiGeometry>
    </Placemark>
    <Placemark id="ID_00086">
      <name></name>
      <snippet></snippet>
      <description><![CDATA[<html xmlns:fo="http://www.w3.org/1999/XSL/Format" xmlns:msxsl="urn:schemas-microsoft-com:xslt">
<head>
<META http-equiv="Content-Type" content="text/html">
<meta http-equiv="content-type" content="text/html; charset=UTF-8">
</head>
<body style="margin:0px 0px 0px 0px;overflow:auto;background:#FFFFFF;">
<table style="font-family:Arial,Verdana,Times;font-size:12px;text-align:left;width:100%;border-collapse:collapse;padding:3px 3px 3px 3px">
<tr style="text-align:center;font-weight:bold;background:#9CBCE2">
<td></td>
</tr>
<tr>
<td>
<table style="font-family:Arial,Verdana,Times;font-size:12px;text-align:left;width:100%;border-spacing:0px; padding:3px 3px 3px 3px"></table>
</td>
</tr>
</table>
</body><script type="text/javascript">
				function changeImage(attElement, nameElement) {
				document.getElementById('imageAttachment').src = attElement;
				document.getElementById('imageName').innerHTML = nameElement;}
			</script></html>
]]></description>
      <styleUrl>#PolyStyle00</styleUrl>
      <MultiGeometry>
        <Polygon>
          <extrude>0</extrude><altitudeMode>clampToGround</altitudeMode>
          <outerBoundaryIs><LinearRing><coordinates> -45.89317065467304,-23.57354055494239,0 -45.89314398085264,-23.57349118134357,0 -45.89301833391375,-23.57318789509128,0 -45.89299690947144,-23.57303326064504,0 -45.8930317861362,-23.57282735731076,0 -45.89300569891003,-23.57259398508625,0 -45.89301997196344,-23.57235516634449,0 -45.89303460030902,-23.57216425716992,0 -45.89300799391436,-23.57198106064892,0 -45.89282594391079,-23.57165073008934,0 -45.89255372168532,-23.57130743120416,0 -45.89252782391713,-23.57114058453385,0 -45.89259208724122,-23.57105633508712,0 -45.8926445505756,-23.57101352675284,0 -45.89293118668609,-23.57091709175921,0 -45.89342263001907,-23.57073108119668,0 -45.89399237390945,-23.5708540834222,0 -45.89428127724131,-23.57098369564671,0 -45.89470722780561,-23.57105870953042,0 -45.89512551058176,-23.57094016398203,0 -45.89537716380971,-23.5709372657153,0 -45.89526702889793,-23.5712220986847,0 -45.89457288620633,-23.57121514248331,0 -45.89426750809668,-23.57131157767588,0 -45.89415500037205,-23.57148301801818,0 -45.89402106260468,-23.57187947380965,0 -45.89382283470889,-23.57230271715463,0 -45.89347995402443,-23.57306348367348,0 -45.89330851368214,-23.57339564933653,0 -45.89317065467304,-23.57354055494239,0</coordinates></LinearRing></outerBoundaryIs>
        </Polygon>
      </MultiGeometry>
    </Placemark>
    <Placemark id="ID_00087">
      <name></name>
      <snippet></snippet>
      <description><![CDATA[<html xmlns:fo="http://www.w3.org/1999/XSL/Format" xmlns:msxsl="urn:schemas-microsoft-com:xslt">
<head>
<META http-equiv="Content-Type" content="text/html">
<meta http-equiv="content-type" content="text/html; charset=UTF-8">
</head>
<body style="margin:0px 0px 0px 0px;overflow:auto;background:#FFFFFF;">
<table style="font-family:Arial,Verdana,Times;font-size:12px;text-align:left;width:100%;border-collapse:collapse;padding:3px 3px 3px 3px">
<tr style="text-align:center;font-weight:bold;background:#9CBCE2">
<td></td>
</tr>
<tr>
<td>
<table style="font-family:Arial,Verdana,Times;font-size:12px;text-align:left;width:100%;border-spacing:0px; padding:3px 3px 3px 3px"></table>
</td>
</tr>
</table>
</body><script type="text/javascript">
				function changeImage(attElement, nameElement) {
				document.getElementById('imageAttachment').src = attElement;
				document.getElementById('imageName').innerHTML = nameElement;}
			</script></html>
]]></description>
      <styleUrl>#PolyStyle00</styleUrl>
      <MultiGeometry>
        <Polygon>
          <extrude>0</extrude><altitudeMode>clampToGround</altitudeMode>
          <outerBoundaryIs><LinearRing><coordinates> -45.88950975598129,-23.57216274175484,0 -45.88954754117344,-23.57207234419462,0 -45.88951539610924,-23.57182589870263,0 -45.88936538580975,-23.5713865828256,0 -45.88921537551028,-23.57100619956623,0 -45.88909751027501,-23.57080797167043,0 -45.88901096787912,-23.57069151165138,0 -45.88928012460588,-23.57059042977658,0 -45.88956174153725,-23.57048594330911,0 -45.88972528957471,-23.57042597377488,0 -45.88988883745844,-23.57036600407234,0 -45.8899846491629,-23.57080074583906,0 -45.89006643316407,-23.57107026337951,0 -45.89022595893192,-23.57125952847822,0 -45.89032128922736,-23.5714627182296,0 -45.89035415825811,-23.57162316482174,0 -45.89024994866304,-23.5719720914887,0 -45.88988612175213,-23.57219651678997,0 -45.88986053876305,-23.57220550563331,0 -45.88950975598129,-23.57216274175484,0</coordinates></LinearRing></outerBoundaryIs>
        </Polygon>
      </MultiGeometry>
    </Placemark>
    <Placemark id="ID_00088">
      <name></name>
      <snippet></snippet>
      <description><![CDATA[<html xmlns:fo="http://www.w3.org/1999/XSL/Format" xmlns:msxsl="urn:schemas-microsoft-com:xslt">
<head>
<META http-equiv="Content-Type" content="text/html">
<meta http-equiv="content-type" content="text/html; charset=UTF-8">
</head>
<body style="margin:0px 0px 0px 0px;overflow:auto;background:#FFFFFF;">
<table style="font-family:Arial,Verdana,Times;font-size:12px;text-align:left;width:100%;border-collapse:collapse;padding:3px 3px 3px 3px">
<tr style="text-align:center;font-weight:bold;background:#9CBCE2">
<td></td>
</tr>
<tr>
<td>
<table style="font-family:Arial,Verdana,Times;font-size:12px;text-align:left;width:100%;border-spacing:0px; padding:3px 3px 3px 3px"></table>
</td>
</tr>
</table>
</body><script type="text/javascript">
				function changeImage(attElement, nameElement) {
				document.getElementById('imageAttachment').src = attElement;
				document.getElementById('imageName').innerHTML = nameElement;}
			</script></html>
]]></description>
      <styleUrl>#PolyStyle00</styleUrl>
      <MultiGeometry>
        <Polygon>
          <extrude>0</extrude><altitudeMode>clampToGround</altitudeMode>
          <outerBoundaryIs><LinearRing><coordinates> -45.88876562780064,-23.56809602288359,0 -45.88917330614123,-23.5680474501135,0 -45.88955205057766,-23.56810763177726,0 -45.88996391391834,-23.56824654622432,0 -45.89033114447477,-23.56852208900141,0 -45.89048735502366,-23.56881873678031,0 -45.89052282502632,-23.56912535344065,0 -45.89044633058166,-23.56946454177404,0 -45.89040962225267,-23.56962681900205,0 -45.89030378669469,-23.56997926066299,0 -45.88988904502862,-23.57036619955669,0 -45.88985913280379,-23.57028495788716,0 -45.88978121169271,-23.57008559455376,0 -45.88972112502598,-23.56992374677606,0 -45.88964560335938,-23.56973164455377,0 -45.88972358224822,-23.56950711677598,0 -45.88977959947044,-23.56925224955371,0 -45.88971970724833,-23.56906838010935,0 -45.88958623447047,-23.56889522566484,0 -45.88922948891486,-23.56884963733149,0 -45.8889362722482,-23.56883733733144,0 -45.88861569280379,-23.56886240344262,0 -45.88845857947042,-23.56899380066483,0 -45.88842066947046,-23.5692252373316,0 -45.88840424335934,-23.56936992177589,0 -45.88825018391492,-23.56941743233165,0 -45.88812784447049,-23.56945899510929,0 -45.88803031391484,-23.56951103955372,0 -45.88797529391791,-23.56927838566355,0 -45.88793259169513,-23.56910828010524,0 -45.88782920224804,-23.56871764566818,0 -45.8879064644716,-23.56853864566056,0 -45.88805710558154,-23.56844121400052,0 -45.88830901891527,-23.56833481066234,0 -45.88876562780064,-23.56809602288359,0</coordinates></LinearRing></outerBoundaryIs>
        </Polygon>
      </MultiGeometry>
    </Placemark>
    <Placemark id="ID_00089">
      <name></name>
      <snippet></snippet>
      <description><![CDATA[<html xmlns:fo="http://www.w3.org/1999/XSL/Format" xmlns:msxsl="urn:schemas-microsoft-com:xslt">
<head>
<META http-equiv="Content-Type" content="text/html">
<meta http-equiv="content-type" content="text/html; charset=UTF-8">
</head>
<body style="margin:0px 0px 0px 0px;overflow:auto;background:#FFFFFF;">
<table style="font-family:Arial,Verdana,Times;font-size:12px;text-align:left;width:100%;border-collapse:collapse;padding:3px 3px 3px 3px">
<tr style="text-align:center;font-weight:bold;background:#9CBCE2">
<td></td>
</tr>
<tr>
<td>
<table style="font-family:Arial,Verdana,Times;font-size:12px;text-align:left;width:100%;border-spacing:0px; padding:3px 3px 3px 3px"></table>
</td>
</tr>
</table>
</body><script type="text/javascript">
				function changeImage(attElement, nameElement) {
				document.getElementById('imageAttachment').src = attElement;
				document.getElementById('imageName').innerHTML = nameElement;}
			</script></html>
]]></description>
      <styleUrl>#PolyStyle00</styleUrl>
      <MultiGeometry>
        <Polygon>
          <extrude>0</extrude><altitudeMode>clampToGround</altitudeMode>
          <outerBoundaryIs><LinearRing><coordinates> -45.88642063619039,-23.56966245388018,0 -45.88644554248043,-23.56964271309407,0 -45.88657948024786,-23.56983022596836,0 -45.88679110192032,-23.57011417403526,0 -45.88687414333612,-23.57024007553667,0 -45.88700004483741,-23.57053205986955,0 -45.88679110192032,-23.57093789130476,0 -45.88662501908874,-23.57063519195048,0 -45.88655805020505,-23.57053607800258,0 -45.88638125235207,-23.57035660139434,0 -45.88618570321166,-23.57023337864831,0 -45.88595533025176,-23.57010479839155,0 -45.88571869623127,-23.5700337184345,0 -45.88569412706938,-23.56993955089781,0 -45.88563745629278,-23.56953243891947,0 -45.88564943071304,-23.56898345911463,0 -45.88564929057492,-23.56890538544173,0 -45.88562741822159,-23.56857372649994,0 -45.88562648784251,-23.56856448336376,0 -45.88560978209421,-23.56839852078649,0 -45.88560673801931,-23.56836827964321,0 -45.88549238152705,-23.5682288134779,0 -45.8854074795109,-23.56812463523232,0 -45.88532495413006,-23.56802337299852,0 -45.88525707452879,-23.56796120597921,0 -45.88513817168968,-23.56780833342379,0 -45.88500303002683,-23.56764863008652,0 -45.88498809725058,-23.5676146995304,0 -45.88495571113572,-23.56742524675794,0 -45.88493229113425,-23.56723687620052,0 -45.88485290036027,-23.56695744456341,0 -45.88485223613009,-23.56685829286989,0 -45.88484702224139,-23.56676664620256,0 -45.88484390724904,-23.56672043786505,0 -45.884829198913,-23.56661977897619,0 -45.88481848891297,-23.56650345342326,0 -45.8848262011394,-23.56642241063992,0 -45.88484432391709,-23.56631949897995,0 -45.88486840947127,-23.56624466342522,0 -45.88490945169401,-23.56613948675777,0 -45.88495776335396,-23.56603795397563,0 -45.88502640947002,-23.5659128150917,0 -45.88507705279864,-23.56584486342216,0 -45.88512111169108,-23.56580588120176,0 -45.88528922446903,-23.56568830286244,0 -45.8853430494728,-23.56566275897684,0 -45.88539854946384,-23.56564471398196,0 -45.88552117002229,-23.5656284706452,0 -45.88557922335588,-23.56563314342061,0 -45.88569010169164,-23.56565996286498,0 -45.88576483279848,-23.56568744842123,0 -45.8859365011349,-23.56577625619736,0 -45.88606667447198,-23.5658268834195,0 -45.88619363447288,-23.56588821064486,0 -45.88647576001893,-23.56604144842048,0 -45.88662396557572,-23.56613311342524,0 -45.88671690613143,-23.56620089564827,0 -45.88680381835275,-23.56627307230889,0 -45.88689992057789,-23.56637940231231,0 -45.88692892502047,-23.5664280950877,0 -45.8869525111366,-23.56650631953694,0 -45.88694214557535,-23.5666168850891,0 -45.88688018502387,-23.56671281620423,0 -45.88679761446576,-23.56679780786583,0 -45.88670768224682,-23.56686924453276,0 -45.88659129280387,-23.56697975286484,0 -45.88639379391259,-23.56713687786754,0 -45.88616365502207,-23.56742361231135,0 -45.88608558891008,-23.56756882731361,0 -45.88603914558053,-23.56778202342263,0 -45.88602858113824,-23.56789248898214,0 -45.88600804891541,-23.56797496064054,0 -45.88596847280537,-23.56807882175718,0 -45.88593561057581,-23.56829182120016,0 -45.88592815724257,-23.56839437675495,0 -45.88591919502591,-23.56848608120061,0 -45.8859076805789,-23.5685830395313,0 -45.88594566557425,-23.5687190478709,0 -45.88610102724942,-23.56927087509064,0 -45.88616338836113,-23.56936554619761,0 -45.88618563391197,-23.56939372731415,0 -45.88625978835927,-23.56948139786773,0 -45.88637024057863,-23.56960417397708,0 -45.88642063619039,-23.56966245388018,0</coordinates></LinearRing></outerBoundaryIs>
        </Polygon>
      </MultiGeometry>
    </Placemark>
    <Placemark id="ID_00090">
      <name></name>
      <snippet></snippet>
      <description><![CDATA[<html xmlns:fo="http://www.w3.org/1999/XSL/Format" xmlns:msxsl="urn:schemas-microsoft-com:xslt">
<head>
<META http-equiv="Content-Type" content="text/html">
<meta http-equiv="content-type" content="text/html; charset=UTF-8">
</head>
<body style="margin:0px 0px 0px 0px;overflow:auto;background:#FFFFFF;">
<table style="font-family:Arial,Verdana,Times;font-size:12px;text-align:left;width:100%;border-collapse:collapse;padding:3px 3px 3px 3px">
<tr style="text-align:center;font-weight:bold;background:#9CBCE2">
<td></td>
</tr>
<tr>
<td>
<table style="font-family:Arial,Verdana,Times;font-size:12px;text-align:left;width:100%;border-spacing:0px; padding:3px 3px 3px 3px"></table>
</td>
</tr>
</table>
</body><script type="text/javascript">
				function changeImage(attElement, nameElement) {
				document.getElementById('imageAttachment').src = attElement;
				document.getElementById('imageName').innerHTML = nameElement;}
			</script></html>
]]></description>
      <styleUrl>#PolyStyle00</styleUrl>
      <MultiGeometry>
        <Polygon>
          <extrude>0</extrude><altitudeMode>clampToGround</altitudeMode>
          <outerBoundaryIs><LinearRing><coordinates> -45.89388285974326,-23.57315568891977,0 -45.89365703374261,-23.57332407065519,0 -45.89344250010544,-23.57348403151236,0 -45.89323728168409,-23.57360159108962,0 -45.89353888664204,-23.57321349397296,0 -45.89393802118889,-23.57230807466533,0 -45.8940532076689,-23.57204019913053,0 -45.89415232161679,-23.57196251522544,0 -45.89435054951247,-23.5714749817521,0 -45.89456484994037,-23.5713196139419,0 -45.8950255958602,-23.57130889892051,0 -45.89519703620249,-23.57133568647401,0 -45.8950148808388,-23.57179643239385,0 -45.89483808298581,-23.57206966543938,0 -45.89481129543242,-23.57226789333508,0 -45.89474164779335,-23.57238040105971,0 -45.89477379285751,-23.57270185170147,0 -45.89477379285751,-23.57283043195821,0 -45.89467200015424,-23.57297508474698,0 -45.89446305723715,-23.57330457165478,0 -45.89388285974326,-23.57315568891977,0</coordinates></LinearRing></outerBoundaryIs>
        </Polygon>
      </MultiGeometry>
    </Placemark>
    <Placemark id="ID_00091">
      <name></name>
      <snippet></snippet>
      <description><![CDATA[<html xmlns:fo="http://www.w3.org/1999/XSL/Format" xmlns:msxsl="urn:schemas-microsoft-com:xslt">
<head>
<META http-equiv="Content-Type" content="text/html">
<meta http-equiv="content-type" content="text/html; charset=UTF-8">
</head>
<body style="margin:0px 0px 0px 0px;overflow:auto;background:#FFFFFF;">
<table style="font-family:Arial,Verdana,Times;font-size:12px;text-align:left;width:100%;border-collapse:collapse;padding:3px 3px 3px 3px">
<tr style="text-align:center;font-weight:bold;background:#9CBCE2">
<td></td>
</tr>
<tr>
<td>
<table style="font-family:Arial,Verdana,Times;font-size:12px;text-align:left;width:100%;border-spacing:0px; padding:3px 3px 3px 3px"></table>
</td>
</tr>
</table>
</body><script type="text/javascript">
				function changeImage(attElement, nameElement) {
				document.getElementById('imageAttachment').src = attElement;
				document.getElementById('imageName').innerHTML = nameElement;}
			</script></html>
]]></description>
      <styleUrl>#PolyStyle00</styleUrl>
      <MultiGeometry>
        <Polygon>
          <extrude>0</extrude><altitudeMode>clampToGround</altitudeMode>
          <outerBoundaryIs><LinearRing><coordinates> -45.88872816576901,-23.57041376274595,0 -45.88849211156634,-23.57064322821656,0 -45.88829388367056,-23.57073296652073,0 -45.88808226199802,-23.5709419094378,0 -45.88746080364069,-23.57144611003304,0 -45.88746287304077,-23.57142593520092,0 -45.88746306635267,-23.57142310382386,0 -45.8874640680952,-23.57139475630686,0 -45.88746404903043,-23.57139191944066,0 -45.88746306757934,-23.57136357217383,0 -45.88746287437817,-23.57136074079068,0 -45.88745997935012,-23.5713325052837,0 -45.88745959365696,-23.57132969066128,0 -45.88745478091296,-23.57130167842905,0 -45.88745458601971,-23.57130062488768,0 -45.88745420424305,-23.57129889168597,0 -45.88744749279238,-23.57127121327137,0 -45.88744672742433,-23.57126846540479,0 -45.88743814374374,-23.57124123005257,0 -45.88743719270013,-23.57123853190166,0 -45.88742668905667,-23.57121164128995,0 -45.8874256376991,-23.57120920931723,0 -45.88741341844218,-23.57118318035731,0 -45.88741174002087,-23.57117994757947,0 -45.8874615953394,-23.57109365865738,0 -45.88756809154648,-23.57094224419166,0 -45.88774432668754,-23.57071181185479,0 -45.88775629462084,-23.57069501927254,0 -45.88782344505159,-23.57059364023553,0 -45.88782835789442,-23.57058592812272,0 -45.88784186178851,-23.57056182519927,0 -45.88791894133102,-23.5704077718122,0 -45.88792475095499,-23.57039538819323,0 -45.88793466561151,-23.5703700459756,0 -45.887938145026,-23.57034940122049,0 -45.88808033058154,-23.57036847010936,0 -45.88828805613707,-23.5704056612205,0 -45.8884722994705,-23.57039430399822,0 -45.88870929113705,-23.57041387066494,0 -45.88872816576901,-23.57041376274595,0</coordinates></LinearRing></outerBoundaryIs>
        </Polygon>
      </MultiGeometry>
    </Placemark>
    <Placemark id="ID_00092">
      <name></name>
      <snippet></snippet>
      <description><![CDATA[<html xmlns:fo="http://www.w3.org/1999/XSL/Format" xmlns:msxsl="urn:schemas-microsoft-com:xslt">
<head>
<META http-equiv="Content-Type" content="text/html">
<meta http-equiv="content-type" content="text/html; charset=UTF-8">
</head>
<body style="margin:0px 0px 0px 0px;overflow:auto;background:#FFFFFF;">
<table style="font-family:Arial,Verdana,Times;font-size:12px;text-align:left;width:100%;border-collapse:collapse;padding:3px 3px 3px 3px">
<tr style="text-align:center;font-weight:bold;background:#9CBCE2">
<td></td>
</tr>
<tr>
<td>
<table style="font-family:Arial,Verdana,Times;font-size:12px;text-align:left;width:100%;border-spacing:0px; padding:3px 3px 3px 3px"></table>
</td>
</tr>
</table>
</body><script type="text/javascript">
				function changeImage(attElement, nameElement) {
				document.getElementById('imageAttachment').src = attElement;
				document.getElementById('imageName').innerHTML = nameElement;}
			</script></html>
]]></description>
      <styleUrl>#PolyStyle00</styleUrl>
      <MultiGeometry>
        <Polygon>
          <extrude>0</extrude><altitudeMode>clampToGround</altitudeMode>
          <outerBoundaryIs><LinearRing><coordinates> -45.88666717637761,-23.5709595903748,0 -45.88655001393904,-23.57102093272057,0 -45.88648036629997,-23.57110665289179,0 -45.88639464612874,-23.57125130568057,0 -45.88638393110745,-23.57137988593724,0 -45.88641607617155,-23.57157811383303,0 -45.88647500878927,-23.57168526404696,0 -45.88661430406734,-23.5717897355055,0 -45.88676431436681,-23.5718647406552,0 -45.88689289462349,-23.5718754556766,0 -45.88697861479471,-23.57189152820872,0 -45.88712862509419,-23.5718540256338,0 -45.88726792037227,-23.5717950930162,0 -45.8873804280969,-23.57166651275953,0 -45.8874393607145,-23.57155936254556,0 -45.88805547444463,-23.57111468915775,0 -45.88850550534301,-23.57076109345189,0 -45.88865551564248,-23.57072359087698,0 -45.88884302851688,-23.57076645096259,0 -45.88896625126289,-23.57087360117647,0 -45.88910554654097,-23.57111468915777,0 -45.88933591950099,-23.57170937284504,0 -45.88935199203308,-23.57205225352959,0 -45.88894482122009,-23.57208439859378,0 -45.88855372293933,-23.57218619129696,0 -45.88830191993662,-23.57225048142527,0 -45.88802332938042,-23.57232548657511,0 -45.88756794097129,-23.57253978700293,0 -45.88733756801128,-23.57258800459914,0 -45.8871822002011,-23.57264157970616,0 -45.88706433496584,-23.57271658485593,0 -45.88682860449524,-23.57305410802974,0 -45.88635178604324,-23.57320947583992,0 -45.88624999333996,-23.5730916106046,0 -45.88615355814744,-23.57292552777301,0 -45.88610534055119,-23.57270051232383,0 -45.88606783797638,-23.57218887005229,0 -45.8858910401234,-23.57155132627952,0 -45.88584818003778,-23.57116022799873,0 -45.88578388990948,-23.570661979504,0 -45.88571309667997,-23.57023040124609,0 -45.88584041710908,-23.57025611611142,0 -45.88604302565022,-23.57032618804307,0 -45.8862228115683,-23.57044332668948,0 -45.88637121072811,-23.57055961896998,0 -45.88648270914422,-23.57066642926969,0 -45.88658850774476,-23.57081292901574,0 -45.88666717637761,-23.5709595903748,0</coordinates></LinearRing></outerBoundaryIs>
        </Polygon>
      </MultiGeometry>
    </Placemark>
    <Placemark id="ID_00093">
      <name></name>
      <snippet></snippet>
      <description><![CDATA[<html xmlns:fo="http://www.w3.org/1999/XSL/Format" xmlns:msxsl="urn:schemas-microsoft-com:xslt">
<head>
<META http-equiv="Content-Type" content="text/html">
<meta http-equiv="content-type" content="text/html; charset=UTF-8">
</head>
<body style="margin:0px 0px 0px 0px;overflow:auto;background:#FFFFFF;">
<table style="font-family:Arial,Verdana,Times;font-size:12px;text-align:left;width:100%;border-collapse:collapse;padding:3px 3px 3px 3px">
<tr style="text-align:center;font-weight:bold;background:#9CBCE2">
<td></td>
</tr>
<tr>
<td>
<table style="font-family:Arial,Verdana,Times;font-size:12px;text-align:left;width:100%;border-spacing:0px; padding:3px 3px 3px 3px"></table>
</td>
</tr>
</table>
</body><script type="text/javascript">
				function changeImage(attElement, nameElement) {
				document.getElementById('imageAttachment').src = attElement;
				document.getElementById('imageName').innerHTML = nameElement;}
			</script></html>
]]></description>
      <styleUrl>#PolyStyle00</styleUrl>
      <MultiGeometry>
        <Polygon>
          <extrude>0</extrude><altitudeMode>clampToGround</altitudeMode>
          <outerBoundaryIs><LinearRing><coordinates> -45.88570798120986,-23.57003907594522,0 -45.88571738597619,-23.57004128771957,0 -45.88591028911583,-23.57009566439939,0 -45.88570798120986,-23.57003907594522,0</coordinates></LinearRing></outerBoundaryIs>
        </Polygon>
      </MultiGeometry>
    </Placemark>
    <Placemark id="ID_00094">
      <name></name>
      <snippet></snippet>
      <description><![CDATA[<html xmlns:fo="http://www.w3.org/1999/XSL/Format" xmlns:msxsl="urn:schemas-microsoft-com:xslt">
<head>
<META http-equiv="Content-Type" content="text/html">
<meta http-equiv="content-type" content="text/html; charset=UTF-8">
</head>
<body style="margin:0px 0px 0px 0px;overflow:auto;background:#FFFFFF;">
<table style="font-family:Arial,Verdana,Times;font-size:12px;text-align:left;width:100%;border-collapse:collapse;padding:3px 3px 3px 3px">
<tr style="text-align:center;font-weight:bold;background:#9CBCE2">
<td></td>
</tr>
<tr>
<td>
<table style="font-family:Arial,Verdana,Times;font-size:12px;text-align:left;width:100%;border-spacing:0px; padding:3px 3px 3px 3px"></table>
</td>
</tr>
</table>
</body><script type="text/javascript">
				function changeImage(attElement, nameElement) {
				document.getElementById('imageAttachment').src = attElement;
				document.getElementById('imageName').innerHTML = nameElement;}
			</script></html>
]]></description>
      <styleUrl>#PolyStyle00</styleUrl>
      <MultiGeometry>
        <Polygon>
          <extrude>0</extrude><altitudeMode>clampToGround</altitudeMode>
          <outerBoundaryIs><LinearRing><coordinates> -47.87806789551695,-24.39588646307886,0 -47.8780746377343,-24.39589241389274,0 -47.87808200677915,-24.39590045652982,0 -47.87808830653007,-24.39590922851709,0 -47.87809345155149,-24.39591861024468,0 -47.87809737259556,-24.39592847670691,0 -47.87810001660245,-24.39593869210592,0 -47.878101347599,-24.39594911974512,0 -47.878101347599,-24.39595961932998,0 -47.87810001660245,-24.39597004696907,0 -47.87809737259556,-24.39598026236821,0 -47.87809345155149,-24.39599012883029,0 -47.87808830653007,-24.39599951055788,0 -47.87808200677916,-24.39600828254522,0 -47.87807463773429,-24.39601632518224,0 -47.87806629922022,-24.3960235296512,0 -47.8780571036524,-24.39602979882517,0 -47.87804717513695,-24.39603504816792,0 -47.87803664857245,-24.39603920663313,0 -47.8780256660516,-24.39604221846259,0 -47.87801437686198,-24.3960440413884,0 -47.87800293208961,-24.39604465202808,0 -47.87799148731716,-24.3960440413884,0 -47.87798019722828,-24.39604221846258,0 -47.87796921470743,-24.39603920663313,0 -47.87795868814283,-24.39603504816791,0 -47.87794875962743,-24.39602979882516,0 -47.87793956405955,-24.3960235296512,0 -47.87793796776293,-24.39602227599624,0 -47.87778814610601,-24.39590206541698,0 -47.87778140388867,-24.39589611460297,0 -47.87777403484381,-24.39588807196594,0 -47.87777398717969,-24.39588801440931,0 -47.87755608324659,-24.39561951461792,0 -47.8772600606032,-24.39533292496355,0 -47.87686267087548,-24.39498634513274,0 -47.87624401285087,-24.39454157012644,0 -47.87564934514114,-24.39425243988715,0 -47.87564139963086,-24.39424812853737,0 -47.87563220496224,-24.39424185846406,0 -47.8756238655489,-24.39423465399505,0 -47.87561649740337,-24.39422661135809,0 -47.87561444155313,-24.3942239853377,0 -47.87545546929437,-24.39401306913686,0 -47.87521801320065,-24.39391088366938,0 -47.87521569384911,-24.39390985214703,0 -47.87520576623303,-24.39390460280423,0 -47.87520332727166,-24.39390308474862,0 -47.8746716345882,-24.39356153122872,0 -47.874663948982,-24.39355605615606,0 -47.8742047713331,-24.39319423371602,0 -47.87419804890077,-24.39318841240436,0 -47.87379269477702,-24.39280280019819,0 -47.87379200769487,-24.39280214099512,0 -47.87378503704974,-24.39279458399199,0 -47.8733284692334,-24.39224073920781,0 -47.87332807173306,-24.39224025357396,0 -47.87332177288141,-24.39223148248601,0 -47.87331662786,-24.39222209985906,0 -47.87331313309455,-24.39221350503836,0 -47.87321655759797,-24.3919331593769,0 -47.87321613041997,-24.39193188863486,0 -47.87321360332511,-24.39192226588899,0 -47.87311134591187,-24.39141111282164,0 -47.87311007696844,-24.39140239389444,0 -47.87305246999545,-24.39077376238833,0 -47.87305229192964,-24.39077146192257,0 -47.87305229192964,-24.39076096323698,0 -47.87305314808424,-24.3907532362619,0 -47.87309886512042,-24.39046495678144,0 -47.87309933906317,-24.39046225611731,0 -47.87310053156421,-24.39045698698954,0 -47.87323519694672,-24.38993991368518,0 -47.87323664845246,-24.38993496651466,0 -47.87324055780539,-24.38992512523344,0 -47.87340596291483,-24.38957365668808,0 -47.87341111333217,-24.38956426236996,0 -47.87341152072503,-24.38956362205266,0 -47.8736104309765,-24.38925398996877,0 -47.87361632243523,-24.38924585919812,0 -47.87362369148013,-24.3892378165611,0 -47.8736286881134,-24.38923329926644,0 -47.87390257124662,-24.38900276615384,0 -47.87391034228841,-24.38899686839994,0 -47.87431316482059,-24.38872171722261,0 -47.87431793032817,-24.38871865772899,0 -47.8743278579442,-24.38871340838626,0 -47.87433334740597,-24.38871107464548,0 -47.87480247335537,-24.3885273926142,0 -47.87523709501591,-24.38837241424459,0 -47.8752391418728,-24.38837170827692,0 -47.87525012439364,-24.3883686973466,0 -47.87526141358325,-24.38836687442079,0 -47.87526147203926,-24.38836686812557,0 -47.87599850512687,-24.38828837799536,0 -47.87621278299349,-24.38822361871424,0 -47.87622093984442,-24.38822150440808,0 -47.87623222903403,-24.38821968148229,0 -47.87624367290715,-24.38821907084264,0 -47.87625511767948,-24.38821968148229,0 -47.87626640686915,-24.38822150440807,0 -47.87627218141597,-24.38822292893416,0 -47.87660518687977,-24.38831506717578,0 -47.87661039395448,-24.38831665357982,0 -47.87662092051897,-24.38832081204492,0 -47.87663084813511,-24.38832606138778,0 -47.87664004280361,-24.38833233146103,0 -47.87664838131768,-24.38833953592996,0 -47.87665574946323,-24.38834757856699,0 -47.87666080994837,-24.38835443949495,0 -47.87675200120383,-24.38849120929104,0 -47.87708676484226,-24.38863794267603,0 -47.87708845107113,-24.38863869990525,0 -47.87709837868715,-24.38864394924797,0 -47.87710471261239,-24.38864810141785,0 -47.87734853140955,-24.38882170025046,0 -47.87735139305227,-24.38882381725456,0 -47.87735973156634,-24.38883102262275,0 -47.87736709971182,-24.38883906436043,0 -47.87737339946273,-24.38884783634774,0 -47.87737854448415,-24.38885721897458,0 -47.87738204914223,-24.38886584527165,0 -47.87747205419187,-24.38912745535691,0 -47.87747246967871,-24.38912869462275,0 -47.87747511368548,-24.38913891002175,0 -47.87747644378277,-24.38914933856023,0 -47.87747661015732,-24.38915421558373,0 -47.87747776578624,-24.38941076518382,0 -47.87747759941158,-24.38941638684588,0 -47.87747626841502,-24.38942681448497,0 -47.87747603728917,-24.38942797191254,0 -47.87736977159761,-24.38994074735677,0 -47.87736735871653,-24.38994980622772,0 -47.87736701877282,-24.38995082515959,0 -47.87724240601216,-24.3903162754649,0 -47.8771407628359,-24.39069954313857,0 -47.87699521835452,-24.39129446715503,0 -47.87686899310944,-24.39205354892124,0 -47.87687942434593,-24.39216923141402,0 -47.87687959161979,-24.39217141226992,0 -47.8768795916198,-24.39218191185476,0 -47.87687922739434,-24.39218601995789,0 -47.87686264569442,-24.39233174430365,0 -47.87688798049578,-24.39250939817925,0 -47.87688864329618,-24.39251584092239,0 -47.8768887044501,-24.39252528020662,0 -47.8768841313975,-24.39261541745667,0 -47.87688407024358,-24.39261647685805,0 -47.87688273924692,-24.39262690449716,0 -47.87688009613942,-24.39263712079553,0 -47.87687617509539,-24.39264698635839,0 -47.87687103007391,-24.39265636898536,0 -47.87686473032296,-24.39266514007318,0 -47.87685736217747,-24.39267318271031,0 -47.87684902366346,-24.39268038717916,0 -47.87683982809557,-24.39268665725251,0 -47.87682990047949,-24.39269190659525,0 -47.87681937391494,-24.39269606506048,0 -47.87680839139409,-24.39269907599066,0 -47.87679710220447,-24.39270089891646,0 -47.87678565743205,-24.39270150955612,0 -47.8767742135591,-24.39270089891648,0 -47.87676292347005,-24.39269907599066,0 -47.87675194094919,-24.39269606506049,0 -47.87674141528407,-24.39269190659526,0 -47.87673148676862,-24.39268665725251,0 -47.87672229120068,-24.39268038717917,0 -47.87671395358598,-24.39267318271033,0 -47.87670658454118,-24.39266514007318,0 -47.87670028479022,-24.39265636898536,0 -47.87669513976886,-24.39264698635838,0 -47.87669121872472,-24.39263712079554,0 -47.87668857561721,-24.39262690449714,0 -47.87668724462054,-24.39261647685806,0 -47.87668718436601,-24.39260703667447,0 -47.87669135272364,-24.39252487011578,0 -47.87666564830101,-24.3923446189981,0 -47.87666498550061,-24.3923381771542,0 -47.8766649855006,-24.39232767756938,0 -47.87666534972607,-24.39232356946628,0 -47.87668217694085,-24.39217569034492,0 -47.87667155145085,-24.39205785487514,0 -47.87667138417692,-24.39205567401921,0 -47.87667138417692,-24.39204517533363,0 -47.87667234105561,-24.39203683232301,0 -47.87680082269969,-24.39126418878037,0 -47.87680208444851,-24.39125804281349,0 -47.87694876477366,-24.39065849358379,0 -47.87705156987398,-24.3902708318226,0 -47.87705326599536,-24.3902652272476,0 -47.87717713321808,-24.38990196679145,0 -47.87728057323977,-24.38940282956612,0 -47.87727951923438,-24.38916865599774,0 -47.8772032504296,-24.38894696951616,0 -47.87699208421725,-24.38879661995713,0 -47.87664054012873,-24.38864253101714,0 -47.87663885479923,-24.38864177378798,0 -47.87662892718322,-24.3886365244452,0 -47.87661973161521,-24.38863025527119,0 -47.87661139400058,-24.38862305080227,0 -47.87660402495572,-24.38861500816523,0 -47.87659896447052,-24.38860814723738,0 -47.87651215561141,-24.38847795058604,0 -47.87624498321929,-24.38840402811259,0 -47.87605075303981,-24.38846272866118,0 -47.87604259528952,-24.38846484296727,0 -47.87603130609983,-24.38846666589308,0 -47.8760312485432,-24.38846667218831,0 -47.87529681989224,-24.38854488442796,0 -47.87487700287137,-24.38869457118665,0 -47.87442163385128,-24.38887287886948,0 -47.87403226157949,-24.38913884347198,0 -47.87377291059126,-24.38935714400616,0 -47.87358457187048,-24.38965032119453,0 -47.87342499166994,-24.38998941326998,0 -47.87329333721772,-24.39049492848728,0 -47.87324988017781,-24.39076896090796,0 -47.873306141765,-24.39138290378708,0 -47.87340642696495,-24.39188419398949,0 -47.87349604890346,-24.39214435077026,0 -47.87393882831419,-24.39268146816425,0 -47.87433687364769,-24.39306012681244,0 -47.87478884592844,-24.39341627003382,0 -47.87530957227892,-24.39375078006344,0 -47.87556340502709,-24.39386001261847,0 -47.87556572347926,-24.39386104414098,0 -47.87557565109535,-24.39386629438298,0 -47.87558484666329,-24.39387256355695,0 -47.87559318517725,-24.39387976802592,0 -47.87560055422211,-24.39388781066294,0 -47.87560261007235,-24.39389043668332,0 -47.87576303923277,-24.3941032855272,0 -47.87634421171589,-24.39438585431276,0 -47.87635215722622,-24.39439016566268,0 -47.87635885897407,-24.39439458133385,0 -47.87698811910634,-24.39484697899395,0 -47.87699523094511,-24.3948526141458,0 -47.87739973341093,-24.39520543886898,0 -47.87770333464113,-24.39549932022652,0 -47.87770342367401,-24.39549940656138,0 -47.87771079271886,-24.39550744919842,0 -47.87771084038292,-24.39550750765443,0 -47.87792596990755,-24.39577258822339,0 -47.87806789551695,-24.39588646307886,0</coordinates></LinearRing></outerBoundaryIs>
        </Polygon>
      </MultiGeometry>
    </Placemark>
    <Placemark id="ID_00095">
      <name></name>
      <snippet></snippet>
      <description><![CDATA[<html xmlns:fo="http://www.w3.org/1999/XSL/Format" xmlns:msxsl="urn:schemas-microsoft-com:xslt">
<head>
<META http-equiv="Content-Type" content="text/html">
<meta http-equiv="content-type" content="text/html; charset=UTF-8">
</head>
<body style="margin:0px 0px 0px 0px;overflow:auto;background:#FFFFFF;">
<table style="font-family:Arial,Verdana,Times;font-size:12px;text-align:left;width:100%;border-collapse:collapse;padding:3px 3px 3px 3px">
<tr style="text-align:center;font-weight:bold;background:#9CBCE2">
<td></td>
</tr>
<tr>
<td>
<table style="font-family:Arial,Verdana,Times;font-size:12px;text-align:left;width:100%;border-spacing:0px; padding:3px 3px 3px 3px"></table>
</td>
</tr>
</table>
</body><script type="text/javascript">
				function changeImage(attElement, nameElement) {
				document.getElementById('imageAttachment').src = attElement;
				document.getElementById('imageName').innerHTML = nameElement;}
			</script></html>
]]></description>
      <styleUrl>#PolyStyle00</styleUrl>
      <MultiGeometry>
        <Polygon>
          <extrude>0</extrude><altitudeMode>clampToGround</altitudeMode>
          <outerBoundaryIs><LinearRing><coordinates> -47.87866512719376,-24.38954061649537,0 -47.87866759763148,-24.38953483115665,0 -47.87867274265285,-24.38952544942914,0 -47.87867904150454,-24.38951667744186,0 -47.8786864105494,-24.38950863480481,0 -47.87869474906335,-24.38950143033587,0 -47.87870394373192,-24.3894951611619,0 -47.87871387134805,-24.38948991181912,0 -47.87872439791256,-24.38948575335395,0 -47.87873537953408,-24.38948274152445,0 -47.87874666872374,-24.38948091859861,0 -47.87875811259675,-24.38948030795899,0 -47.87876955736908,-24.38948091859863,0 -47.8787808465587,-24.38948274152444,0 -47.8787918281803,-24.38948575335395,0 -47.87880235474483,-24.38948991181911,0 -47.87881228236091,-24.38949516116188,0 -47.87882147702943,-24.38950143033589,0 -47.87882981554344,-24.38950863480483,0 -47.87883718368904,-24.38951667744188,0 -47.87884348343999,-24.38952544942913,0 -47.87884862846136,-24.38953483115667,0 -47.87885254860618,-24.38954469761882,0 -47.878855192613,-24.389554913018,0 -47.87885652360961,-24.3895653406571,0 -47.87885652360961,-24.38957584024194,0 -47.878855192613,-24.38958626788105,0 -47.87885254950551,-24.38959648328018,0 -47.87885109889908,-24.38960056440369,0 -47.87872388439962,-24.38993158686236,0 -47.87856497869075,-24.39037447688969,0 -47.87856184275478,-24.39038205187932,0 -47.87855780659743,-24.3903896277683,0 -47.87829565871766,-24.39082842947751,0 -47.87823437711477,-24.39120488208869,0 -47.87819922531395,-24.3916702776503,0 -47.87819309193753,-24.39227116507124,0 -47.87837742507804,-24.39280111037204,0 -47.87871482732737,-24.39356906125227,0 -47.87908868899177,-24.39413715399553,0 -47.87961371320227,-24.39480747267574,0 -47.88006558925542,-24.39524287764574,0 -47.88042671202306,-24.39552260547288,0 -47.88113974939984,-24.39575478974075,0 -47.88167497641899,-24.39583542385476,0 -47.88228124178579,-24.39584511315041,0 -47.88292739838067,-24.39570036187121,0 -47.88368515094885,-24.39541904224405,0 -47.88368847034656,-24.39541787312538,0 -47.88369945286741,-24.39541486219519,0 -47.88371074295639,-24.39541303837001,0 -47.88372218772872,-24.39541242862964,0 -47.8837336325011,-24.39541303837002,0 -47.88374492258998,-24.39541486219518,0 -47.88375590421156,-24.39541787312539,0 -47.88376643077607,-24.3954220315905,0 -47.88377635929151,-24.39542728093324,0 -47.88378555485934,-24.39543355010733,0 -47.88379389337342,-24.39544075547554,0 -47.88380126241827,-24.39544879811256,0 -47.88380756216917,-24.39545756920054,0 -47.88381270719066,-24.39546695182736,0 -47.88381662823468,-24.3954768173902,0 -47.88381927224157,-24.39548703278939,0 -47.88382060323823,-24.3954974613277,0 -47.88382060323823,-24.39550796001333,0 -47.88381927224157,-24.39551838765254,0 -47.88381662823468,-24.39552860395095,0 -47.88381270719066,-24.39553846951378,0 -47.88380756216917,-24.39554785124137,0 -47.88380126241827,-24.39555662322858,0 -47.88379389337342,-24.39556466586568,0 -47.88378555485934,-24.39557187033455,0 -47.88377635929152,-24.39557814040791,0 -47.88376643077606,-24.39558338975064,0 -47.88375922450847,-24.39558637909709,0 -47.88299482505107,-24.39587016646397,0 -47.88299150565341,-24.39587133558275,0 -47.88298121291264,-24.39587419452745,0 -47.88231569930998,-24.39602328233763,0 -47.88231501042929,-24.39602343432302,0 -47.88230372034036,-24.39602525724889,0 -47.88229227556803,-24.39602586788851,0 -47.88229055606428,-24.39602585439872,0 -47.88166434733171,-24.39601584584363,0 -47.88165462296246,-24.3960152495931,0 -47.88165006609763,-24.39601466233587,0 -47.88109903619147,-24.39593164681702,0 -47.88109230386664,-24.3959304102492,0 -47.88108201202522,-24.39592762684753,0 -47.88034373517519,-24.39568722457477,0 -47.88034304449582,-24.39568699704629,0 -47.88033251793132,-24.39568283858115,0 -47.88032259031525,-24.39567758923835,0 -47.8803133947473,-24.39567132006438,0 -47.880313097971,-24.39567109163659,0 -47.87993416592901,-24.39537756820926,0 -47.87992637420274,-24.39537083408579,0 -47.87946611646806,-24.39492735230454,0 -47.87946586645654,-24.39492711038691,0 -47.87945849741164,-24.39491906774981,0 -47.87945746768793,-24.39491777722271,0 -47.87892618509528,-24.39423946716671,0 -47.87892185755765,-24.39423344890353,0 -47.87854188859716,-24.39365607425743,0 -47.87854094700708,-24.39365461195983,0 -47.8785358019856,-24.39364523023222,0 -47.87853486579138,-24.39364317258338,0 -47.87819315219218,-24.39286540560313,0 -47.87819067725786,-24.39285910765074,0 -47.87800044006815,-24.39231218854571,0 -47.87799993105193,-24.39231067858406,0 -47.87799728704505,-24.39230046318493,0 -47.87799595694776,-24.39229003464647,0 -47.87799579417055,-24.39228394173961,0 -47.87800210291464,-24.3916658934553,0 -47.87800233404039,-24.39166050651625,0 -47.87803795798527,-24.39118886516315,0 -47.87803880065007,-24.39118178210259,0 -47.87810324696722,-24.3907858942427,0 -47.87810366695055,-24.39078352902566,0 -47.87810631095743,-24.39077331362662,0 -47.87811023110219,-24.39076344806381,0 -47.87811426725955,-24.39075587217486,0 -47.87838050255806,-24.39031023112137,0 -47.87853723190767,-24.38987342410832,0 -47.87866512719376,-24.38954061649537,0</coordinates></LinearRing></outerBoundaryIs>
        </Polygon>
      </MultiGeometry>
    </Placemark>
    <Placemark id="ID_00096">
      <name></name>
      <snippet></snippet>
      <description><![CDATA[<html xmlns:fo="http://www.w3.org/1999/XSL/Format" xmlns:msxsl="urn:schemas-microsoft-com:xslt">
<head>
<META http-equiv="Content-Type" content="text/html">
<meta http-equiv="content-type" content="text/html; charset=UTF-8">
</head>
<body style="margin:0px 0px 0px 0px;overflow:auto;background:#FFFFFF;">
<table style="font-family:Arial,Verdana,Times;font-size:12px;text-align:left;width:100%;border-collapse:collapse;padding:3px 3px 3px 3px">
<tr style="text-align:center;font-weight:bold;background:#9CBCE2">
<td></td>
</tr>
<tr>
<td>
<table style="font-family:Arial,Verdana,Times;font-size:12px;text-align:left;width:100%;border-spacing:0px; padding:3px 3px 3px 3px"></table>
</td>
</tr>
</table>
</body><script type="text/javascript">
				function changeImage(attElement, nameElement) {
				document.getElementById('imageAttachment').src = attElement;
				document.getElementById('imageName').innerHTML = nameElement;}
			</script></html>
]]></description>
      <styleUrl>#PolyStyle00</styleUrl>
      <MultiGeometry>
        <Polygon>
          <extrude>0</extrude><altitudeMode>clampToGround</altitudeMode>
          <outerBoundaryIs><LinearRing><coordinates> -47.89886654075821,-24.39115445170562,0 -47.89886035971773,-24.39115462977146,0 -47.8988489149454,-24.39115401913176,0 -47.89883762575579,-24.39115219620597,0 -47.89882664323495,-24.3911491843764,0 -47.89881611756964,-24.39114502591127,0 -47.89880618995369,-24.39113977656853,0 -47.89879699438569,-24.39113350739455,0 -47.89878865587166,-24.39112630292562,0 -47.89878128682682,-24.39111826028857,0 -47.89877498797523,-24.39110948830137,0 -47.89876984295387,-24.39110010657379,0 -47.89876592190973,-24.39109024011162,0 -47.89876327880222,-24.39108002471243,0 -47.89876194780562,-24.39106959707335,0 -47.89876194780562,-24.39105909748837,0 -47.89876327880223,-24.3910486698493,0 -47.89876592190972,-24.3910384544502,0 -47.89876984295388,-24.39102858798805,0 -47.89877498797523,-24.39101920626047,0 -47.89878128772619,-24.39101043427324,0 -47.89878865587167,-24.3910023916361,0 -47.89879699438569,-24.39099518716729,0 -47.8988061899537,-24.39098891799331,0 -47.89881611756966,-24.39098366865046,0 -47.89882664323495,-24.39097951018534,0 -47.8988376257558,-24.39097649835582,0 -47.8988489149454,-24.39097467543001,0 -47.89885417777804,-24.3909742428561,0 -47.89909275622563,-24.39096051470511,0 -47.89937554444578,-24.39092286998358,0 -47.89937828018344,-24.39092254173096,0 -47.8993897240565,-24.39092193109132,0 -47.89939905182473,-24.39092233668567,0 -47.89961107868828,-24.39094079437127,0 -47.89988778389403,-24.39093932128179,0 -47.90031763375168,-24.39089259880354,0 -47.90031780822022,-24.39089257991774,0 -47.90032925209329,-24.39089197017739,0 -47.90034069596624,-24.39089257991774,0 -47.9003480092532,-24.39089361953405,0 -47.90070354003632,-24.39095672765995,0 -47.90109669665521,-24.39097766297788,0 -47.90144637734841,-24.39097967656,0 -47.90145720158853,-24.39098028450162,0 -47.90146849167746,-24.39098210832669,0 -47.90147356745115,-24.39098334129721,0 -47.90175891694042,-24.39106018656747,0 -47.90187620112574,-24.39107687528668,0 -47.90188380129632,-24.39107823865891,0 -47.90189478291779,-24.39108124958909,0 -47.9019053094824,-24.39108540805433,0 -47.90191523709848,-24.39109065739695,0 -47.90192443266643,-24.39109692657103,0 -47.90193277028101,-24.39110413193924,0 -47.90194013932586,-24.39111217457628,0 -47.90194643907688,-24.39112094566423,0 -47.90195158319898,-24.39113032829119,0 -47.90195550424301,-24.3911401938539,0 -47.90195814824989,-24.39115040925303,0 -47.90195947924645,-24.39116083779152,0 -47.90195947924644,-24.39117133647711,0 -47.90195814824989,-24.39118176411618,0 -47.901955504243,-24.39119198041458,0 -47.90195158409831,-24.39120184597743,0 -47.90194643907688,-24.39121122770501,0 -47.90194013932586,-24.39121999969232,0 -47.90193277028101,-24.39122804232939,0 -47.90192443266642,-24.39123524679832,0 -47.90191523709848,-24.39124151687155,0 -47.9019053094824,-24.39124676621441,0 -47.90189478291779,-24.39125092467954,0 -47.90188380129631,-24.39125393560978,0 -47.90187251120739,-24.39125575853553,0 -47.90186106733432,-24.39125636917523,0 -47.901849622562,-24.39125575853553,0 -47.90184593264365,-24.39125529898195,0 -47.9017222174063,-24.39123769475292,0 -47.90171461723571,-24.3912363313807,0 -47.90170954146214,-24.39123509841017,0 -47.90143125704681,-24.39116015610535,0 -47.90109035193814,-24.39115816410703,0 -47.90068552301841,-24.39113663703528,0 -47.90067980153157,-24.39113617928029,0 -47.90067248824472,-24.39113514056334,0 -47.90032559544983,-24.39107356488217,0 -47.8999055167261,-24.39111922526114,0 -47.89989447125276,-24.39111985298797,0 -47.89960726286478,-24.39112138183543,0 -47.89959736222847,-24.39112097803973,0 -47.8993921846016,-24.39110311660466,0 -47.89911713324903,-24.39113973070313,0 -47.89910913557811,-24.3911404924288,0 -47.89886654075821,-24.39115445170562,0</coordinates></LinearRing></outerBoundaryIs>
        </Polygon>
      </MultiGeometry>
    </Placemark>
    <Placemark id="ID_00097">
      <name></name>
      <snippet></snippet>
      <description><![CDATA[<html xmlns:fo="http://www.w3.org/1999/XSL/Format" xmlns:msxsl="urn:schemas-microsoft-com:xslt">
<head>
<META http-equiv="Content-Type" content="text/html">
<meta http-equiv="content-type" content="text/html; charset=UTF-8">
</head>
<body style="margin:0px 0px 0px 0px;overflow:auto;background:#FFFFFF;">
<table style="font-family:Arial,Verdana,Times;font-size:12px;text-align:left;width:100%;border-collapse:collapse;padding:3px 3px 3px 3px">
<tr style="text-align:center;font-weight:bold;background:#9CBCE2">
<td></td>
</tr>
<tr>
<td>
<table style="font-family:Arial,Verdana,Times;font-size:12px;text-align:left;width:100%;border-spacing:0px; padding:3px 3px 3px 3px"></table>
</td>
</tr>
</table>
</body><script type="text/javascript">
				function changeImage(attElement, nameElement) {
				document.getElementById('imageAttachment').src = attElement;
				document.getElementById('imageName').innerHTML = nameElement;}
			</script></html>
]]></description>
      <styleUrl>#PolyStyle00</styleUrl>
      <MultiGeometry>
        <Polygon>
          <extrude>0</extrude><altitudeMode>clampToGround</altitudeMode>
          <outerBoundaryIs><LinearRing><coordinates> -47.93206219471443,-24.39506695136777,0 -47.9320616425307,-24.39506131531647,0 -47.9320616425307,-24.39505081663093,0 -47.93206297352737,-24.39504038899174,0 -47.93206561753414,-24.39503017269335,0 -47.93206953857827,-24.3950203071305,0 -47.93207468359975,-24.39501092450355,0 -47.93208098245128,-24.39500215341571,0 -47.93208835149613,-24.39499411077855,0 -47.93209669001021,-24.39498690541035,0 -47.9321058855781,-24.39498063623637,0 -47.9321158140935,-24.39497538689363,0 -47.93212634065799,-24.39497122842852,0 -47.93213732317884,-24.39496821749823,0 -47.93214861236845,-24.39496639457254,0 -47.93216005714083,-24.39496578393279,0 -47.93217150191322,-24.39496639457252,0 -47.93218279200215,-24.39496821749821,0 -47.93219377452301,-24.39497122842852,0 -47.93220430108761,-24.39497538689364,0 -47.93221422870357,-24.39498063623637,0 -47.93222342427151,-24.39498690541036,0 -47.93223176278559,-24.39499411077855,0 -47.93223913183039,-24.39500215341571,0 -47.93224543158135,-24.39501092450355,0 -47.93225057660278,-24.3950203071305,0 -47.93225449764686,-24.39503017269333,0 -47.93225714165374,-24.39504038899173,0 -47.93225791956729,-24.39504518057966,0 -47.93230377779702,-24.39539095551721,0 -47.93230443340281,-24.39539860335185,0 -47.93232533544585,-24.39593215133673,0 -47.93232523202381,-24.39594063823887,0 -47.93232390102713,-24.39595106587796,0 -47.9323237040756,-24.39595205513229,0 -47.932197435663,-24.39656768603885,0 -47.93219586364813,-24.39657406582945,0 -47.93186628999717,-24.39771722555843,0 -47.93186541495685,-24.39772007191273,0 -47.93186149391278,-24.39772993747558,0 -47.93186140667854,-24.39773012183663,0 -47.93145567483947,-24.3985862647333,0 -47.93109087654267,-24.39935630923515,0 -47.93108586192296,-24.39936544095122,0 -47.93070158071335,-24.3999763657056,0 -47.93030312438964,-24.40059617216452,0 -47.93029724642076,-24.40060428135145,0 -47.93028987647659,-24.40061232398842,0 -47.93028153796251,-24.4006195284574,0 -47.93027234149531,-24.40062579853072,0 -47.93026241297986,-24.40063104787351,0 -47.93025188641536,-24.40063520633856,0 -47.9302409029952,-24.4006382172688,0 -47.93022961290627,-24.40064004019462,0 -47.93021816813393,-24.40064065083424,0 -47.93020672246223,-24.40064004019462,0 -47.93019543237319,-24.40063821726881,0 -47.93018444985245,-24.40063520633857,0 -47.93017392238858,-24.4006310478735,0 -47.93016399387313,-24.40062579853072,0 -47.93015479830523,-24.4006195284574,0 -47.93014645889183,-24.40061232398842,0 -47.9301390898471,-24.40060428135144,0 -47.93013279009613,-24.40059550936423,0 -47.93012764507466,-24.40058612763664,0 -47.93012372403053,-24.40057626207368,0 -47.93012108002375,-24.40056604577533,0 -47.93011974902709,-24.40055561813613,0 -47.93011974902709,-24.40054511945055,0 -47.93012108002375,-24.4005346909122,0 -47.93012372403052,-24.40052447551306,0 -47.93012764507466,-24.40051460995022,0 -47.93013279009613,-24.40050522732326,0 -47.93013321187811,-24.40050456542225,0 -47.93053119605775,-24.39988549640742,0 -47.93091222082222,-24.39927974905008,0 -47.93127480049162,-24.39851438911672,0 -47.93167756366859,-24.39766451449476,0 -47.93200431794487,-24.39653113579219,0 -47.93212790457908,-24.39592859092081,0 -47.9321075466259,-24.39540891407916,0 -47.93206219471443,-24.39506695136777,0</coordinates></LinearRing></outerBoundaryIs>
        </Polygon>
      </MultiGeometry>
    </Placemark>
    <Placemark id="ID_00098">
      <name></name>
      <snippet></snippet>
      <description><![CDATA[<html xmlns:fo="http://www.w3.org/1999/XSL/Format" xmlns:msxsl="urn:schemas-microsoft-com:xslt">
<head>
<META http-equiv="Content-Type" content="text/html">
<meta http-equiv="content-type" content="text/html; charset=UTF-8">
</head>
<body style="margin:0px 0px 0px 0px;overflow:auto;background:#FFFFFF;">
<table style="font-family:Arial,Verdana,Times;font-size:12px;text-align:left;width:100%;border-collapse:collapse;padding:3px 3px 3px 3px">
<tr style="text-align:center;font-weight:bold;background:#9CBCE2">
<td></td>
</tr>
<tr>
<td>
<table style="font-family:Arial,Verdana,Times;font-size:12px;text-align:left;width:100%;border-spacing:0px; padding:3px 3px 3px 3px"></table>
</td>
</tr>
</table>
</body><script type="text/javascript">
				function changeImage(attElement, nameElement) {
				document.getElementById('imageAttachment').src = attElement;
				document.getElementById('imageName').innerHTML = nameElement;}
			</script></html>
]]></description>
      <styleUrl>#PolyStyle00</styleUrl>
      <MultiGeometry>
        <Polygon>
          <extrude>0</extrude><altitudeMode>clampToGround</altitudeMode>
          <outerBoundaryIs><LinearRing><coordinates> -47.90532733328974,-24.39320125022664,0 -47.9053210344381,-24.39319679408585,0 -47.90531269592412,-24.39318958871764,0 -47.90530532777854,-24.39318154608059,0 -47.90529902802768,-24.39317277499265,0 -47.9052938830062,-24.3931633923657,0 -47.90528996196213,-24.39315352680288,0 -47.90528731885461,-24.39314331140372,0 -47.90528598785796,-24.39313288286535,0 -47.90528598785795,-24.39312238417979,0 -47.90528731885462,-24.39311195654068,0 -47.90528996196213,-24.39310174024218,0 -47.9052938830062,-24.39309187467932,0 -47.90529902802768,-24.39308249295176,0 -47.90530532777854,-24.39307372096455,0 -47.90531269592412,-24.39306567832751,0 -47.90532103443809,-24.39305847385855,0 -47.90533023000603,-24.39305220378521,0 -47.90534015852148,-24.39304695444246,0 -47.90535068418661,-24.39304279597736,0 -47.90536166670745,-24.39303978504717,0 -47.9053729567965,-24.39303796212134,0 -47.90538440066944,-24.39303735148169,0 -47.90539584544189,-24.39303796212134,0 -47.90540713463145,-24.39303978504716,0 -47.90541811715229,-24.39304279597736,0 -47.9054286437169,-24.39304695444248,0 -47.90543857133298,-24.39305220378521,0 -47.90544146804927,-24.39305401771788,0 -47.90577463089448,-24.39327063562042,0 -47.90578285429518,-24.39327660981671,0 -47.90611996606356,-24.39354952977601,0 -47.90612637912903,-24.39355521618928,0 -47.90613309076941,-24.39356245932908,0 -47.9065153071357,-24.39402192296234,0 -47.90707835018566,-24.39467904589034,0 -47.90752205409945,-24.39508809352975,0 -47.9080835008528,-24.39557223276137,0 -47.90843400352639,-24.39581667748671,0 -47.90882619877004,-24.3960358026992,0 -47.90925013738382,-24.39623673282789,0 -47.9098729601689,-24.39645151341563,0 -47.91053320374431,-24.39657814425493,0 -47.91123387544297,-24.3966263748963,0 -47.91176068570701,-24.39664427140491,0 -47.91221064080838,-24.39659397322226,0 -47.9122111408314,-24.39659391836364,0 -47.91222258560379,-24.39659330772389,0 -47.91223403037617,-24.39659391836364,0 -47.91224532046506,-24.39659574128945,0 -47.9122563029859,-24.39659875221962,0 -47.9122668295505,-24.39660291068475,0 -47.91227675806591,-24.39660816002749,0 -47.91228595363378,-24.39661443010084,0 -47.91229429214776,-24.39662163456979,0 -47.9123016611926,-24.39662967720681,0 -47.91230796094363,-24.39663844919402,0 -47.91231310596497,-24.39664783092161,0 -47.91231702700912,-24.39665769648446,0 -47.91231967101589,-24.39666791278289,0 -47.91232100201256,-24.39667834042206,0 -47.91232100201256,-24.39668883910759,0 -47.91231967101589,-24.39669926674674,0 -47.91231702700913,-24.39670948304518,0 -47.91231310596498,-24.39671934860803,0 -47.91230796094363,-24.39672873123488,0 -47.9123016611926,-24.39673750232283,0 -47.91229429214776,-24.39674554495986,0 -47.91228595363378,-24.39675275032819,0 -47.91227675806591,-24.39675901950216,0 -47.9122668295505,-24.3967642688449,0 -47.9122563029859,-24.39676842731001,0 -47.91224532046505,-24.39677143824019,0 -47.91223453039913,-24.39677320630737,0 -47.91177680155806,-24.39682437413456,0 -47.91177630153504,-24.39682442809386,0 -47.91176485676272,-24.39682503873349,0 -47.91176120281722,-24.3968249766803,0 -47.9112228290702,-24.39680667187939,0 -47.91051195636157,-24.39675775505532,0 -47.91050790131852,-24.39675739892374,0 -47.91049913832455,-24.39675609220881,0 -47.90982511533674,-24.39662681826206,0 -47.90982258824175,-24.3966263020512,0 -47.9098116057209,-24.39662329022161,0 -47.90981058229244,-24.3966229439826,0 -47.90917523195134,-24.39640384305187,0 -47.90916572971463,-24.39640003172507,0 -47.90916466132001,-24.39639953350065,0 -47.90873250110393,-24.39619470571013,0 -47.90872647025037,-24.3961915967538,0 -47.90832697790768,-24.39596839581377,0 -47.90831859442756,-24.39596315096771,0 -47.90795994659418,-24.39571302522501,0 -47.90795209371413,-24.39570692962014,0 -47.90738450728906,-24.39521747809318,0 -47.90693441369211,-24.39480255698147,0 -47.90693264652435,-24.39480088514171,0 -47.90692679733372,-24.39479466363185,0 -47.90635933051856,-24.39413237230021,0 -47.90598212787285,-24.39367893862118,0 -47.90565620996603,-24.39341508113012,0 -47.90532733328974,-24.39320125022664,0</coordinates></LinearRing></outerBoundaryIs>
        </Polygon>
      </MultiGeometry>
    </Placemark>
    <Placemark id="ID_00099">
      <name></name>
      <snippet></snippet>
      <description><![CDATA[<html xmlns:fo="http://www.w3.org/1999/XSL/Format" xmlns:msxsl="urn:schemas-microsoft-com:xslt">
<head>
<META http-equiv="Content-Type" content="text/html">
<meta http-equiv="content-type" content="text/html; charset=UTF-8">
</head>
<body style="margin:0px 0px 0px 0px;overflow:auto;background:#FFFFFF;">
<table style="font-family:Arial,Verdana,Times;font-size:12px;text-align:left;width:100%;border-collapse:collapse;padding:3px 3px 3px 3px">
<tr style="text-align:center;font-weight:bold;background:#9CBCE2">
<td></td>
</tr>
<tr>
<td>
<table style="font-family:Arial,Verdana,Times;font-size:12px;text-align:left;width:100%;border-spacing:0px; padding:3px 3px 3px 3px"></table>
</td>
</tr>
</table>
</body><script type="text/javascript">
				function changeImage(attElement, nameElement) {
				document.getElementById('imageAttachment').src = attElement;
				document.getElementById('imageName').innerHTML = nameElement;}
			</script></html>
]]></description>
      <styleUrl>#PolyStyle00</styleUrl>
      <MultiGeometry>
        <Polygon>
          <extrude>0</extrude><altitudeMode>clampToGround</altitudeMode>
          <outerBoundaryIs><LinearRing><coordinates> -47.92971320150292,-24.41048164689915,0 -47.92970576410966,-24.41048798711961,0 -47.9296965676424,-24.41049425629359,0 -47.92968663822774,-24.41049950563637,0 -47.9296761107638,-24.41050366410144,0 -47.92966512644432,-24.41050667503168,0 -47.92965383545612,-24.41050849885687,0 -47.92964238978443,-24.41050910859711,0 -47.92963094321334,-24.41050849885687,0 -47.92961965222509,-24.41050667503168,0 -47.92960866880497,-24.41050366410144,0 -47.92959814044172,-24.41049950563637,0 -47.92958821102701,-24.41049425629358,0 -47.92957901455974,-24.4104879871196,0 -47.92957067514653,-24.41048078265072,0 -47.92956330520229,-24.41047274001362,0 -47.929557004552,-24.41046396802635,0 -47.92955185953059,-24.41045458629879,0 -47.92954793758712,-24.41044471983667,0 -47.92954529358042,-24.41043450443749,0 -47.92954396258369,-24.41042407679839,0 -47.92954396258369,-24.41041357721354,0 -47.92954529358042,-24.41040314957433,0 -47.92954793758713,-24.41039293417521,0 -47.92955185953059,-24.41038306861237,0 -47.92955700455201,-24.41037368598551,0 -47.92956330520229,-24.41036491489756,0 -47.92957067514653,-24.41035687226054,0 -47.92957157716648,-24.41035600801207,0 -47.92982418593738,-24.41011724520342,0 -47.93015471736629,-24.40979725742611,0 -47.93040227284655,-24.40948238229476,0 -47.93076505666198,-24.40886495274407,0 -47.93110716686215,-24.40799851350932,0 -47.93146088551141,-24.40714151625668,0 -47.93146447290701,-24.40713390169697,0 -47.93163181965269,-24.40681928017443,0 -47.93163507339982,-24.40681367290137,0 -47.9316413731508,-24.4068049009142,0 -47.93164874309491,-24.40679685827718,0 -47.93165708250825,-24.40678965380819,0 -47.93166627897558,-24.40678338373494,0 -47.93167620839028,-24.40677813439208,0 -47.93168673495478,-24.40677397592705,0 -47.93169771927421,-24.40677096499677,0 -47.93170900936326,-24.40676914207096,0 -47.93172045503486,-24.40676853143134,0 -47.93173190070656,-24.40676914207095,0 -47.93174319169486,-24.40677096499677,0 -47.93175417511502,-24.40677397592703,0 -47.93176470257891,-24.40677813439208,0 -47.93177463199361,-24.40678338373494,0 -47.93178382846082,-24.40678965380818,0 -47.93179216787416,-24.40679685827718,0 -47.93179953781839,-24.40680490091415,0 -47.9318058375693,-24.40681367290137,0 -47.93181098348998,-24.40682305462906,0 -47.93181490453419,-24.4068329201919,0 -47.93181754854101,-24.4068431364903,0 -47.93181887953762,-24.40685356412944,0 -47.93181887953762,-24.40686406281502,0 -47.93181754854101,-24.40687449045411,0 -47.93181490453418,-24.40688470675253,0 -47.93181098348998,-24.40689457231536,0 -47.93180909131644,-24.40689834677,0 -47.93164373027389,-24.4072092370054,0 -47.9312921160382,-24.4080611324041,0 -47.93094803002754,-24.40893258625858,0 -47.93094584107769,-24.40893764674376,0 -47.93094213497153,-24.40894466505301,0 -47.93057286974209,-24.40957312568793,0 -47.93057143082684,-24.40957548910624,0 -47.93056606097485,-24.40958309737066,0 -47.93031089273348,-24.40990765730121,0 -47.93030996193512,-24.40990882102397,0 -47.93030259199099,-24.40991686366101,0 -47.93030250565608,-24.40991694729792,0 -47.92996662955625,-24.4102421070762,0 -47.92971320150292,-24.41048164689915,0</coordinates></LinearRing></outerBoundaryIs>
        </Polygon>
      </MultiGeometry>
    </Placemark>
    <Placemark id="ID_00100">
      <name></name>
      <snippet></snippet>
      <description><![CDATA[<html xmlns:fo="http://www.w3.org/1999/XSL/Format" xmlns:msxsl="urn:schemas-microsoft-com:xslt">
<head>
<META http-equiv="Content-Type" content="text/html">
<meta http-equiv="content-type" content="text/html; charset=UTF-8">
</head>
<body style="margin:0px 0px 0px 0px;overflow:auto;background:#FFFFFF;">
<table style="font-family:Arial,Verdana,Times;font-size:12px;text-align:left;width:100%;border-collapse:collapse;padding:3px 3px 3px 3px">
<tr style="text-align:center;font-weight:bold;background:#9CBCE2">
<td></td>
</tr>
<tr>
<td>
<table style="font-family:Arial,Verdana,Times;font-size:12px;text-align:left;width:100%;border-spacing:0px; padding:3px 3px 3px 3px"></table>
</td>
</tr>
</table>
</body><script type="text/javascript">
				function changeImage(attElement, nameElement) {
				document.getElementById('imageAttachment').src = attElement;
				document.getElementById('imageName').innerHTML = nameElement;}
			</script></html>
]]></description>
      <styleUrl>#PolyStyle00</styleUrl>
      <MultiGeometry>
        <Polygon>
          <extrude>0</extrude><altitudeMode>clampToGround</altitudeMode>
          <outerBoundaryIs><LinearRing><coordinates> -47.92962652934079,-24.40142277682856,0 -47.9296300762669,-24.40141661377461,0 -47.92963637601792,-24.40140784178733,0 -47.92964374506267,-24.40139979915028,0 -47.929652084476,-24.40139259468133,0 -47.929661280044,-24.40138632550735,0 -47.9296712085594,-24.40138107616463,0 -47.92968173602327,-24.40137691769952,0 -47.92969271854406,-24.40137390586995,0 -47.92970400953238,-24.40137208294415,0 -47.9297154543047,-24.40137147320387,0 -47.9297268999764,-24.40137208294407,0 -47.92973819006534,-24.40137390586995,0 -47.9297491734855,-24.40137691769951,0 -47.92975970005,-24.40138107616463,0 -47.9297696285654,-24.40138632550735,0 -47.92977882503266,-24.40139259468135,0 -47.92978716354673,-24.40139979915028,0 -47.92979453349091,-24.40140784178732,0 -47.92980083324176,-24.40141661377458,0 -47.92980597826323,-24.40142599550222,0 -47.92980989930737,-24.40143586196428,0 -47.92981254331414,-24.40144607736346,0 -47.92981387431081,-24.40145650500257,0 -47.92981387431081,-24.4014670045874,0 -47.92981254331414,-24.40147743222662,0 -47.92980989930737,-24.40148764762562,0 -47.92980597826323,-24.40149751318858,0 -47.92980438016798,-24.40150073276146,0 -47.92959559805837,-24.40190018733268,0 -47.92959205113221,-24.40190635038667,0 -47.9295857513813,-24.40191512147447,0 -47.92957838233645,-24.40192316411163,0 -47.92957578329572,-24.40192559407972,0 -47.92913789979417,-24.4023197633353,0 -47.92912955498491,-24.40232647227776,0 -47.92813779612237,-24.40303734768429,0 -47.92812877592223,-24.40304310064737,0 -47.92696080119999,-24.40370261846988,0 -47.92585800304431,-24.40439908943523,0 -47.92491333088542,-24.40502838554037,0 -47.92398807329091,-24.40566821990125,0 -47.92357635826228,-24.4060932826676,0 -47.92319181534998,-24.40678479477118,0 -47.92288541453023,-24.40748016226841,0 -47.92279084721981,-24.40795569948472,0 -47.9229395968848,-24.40867164167167,0 -47.92332727663245,-24.40921284468572,0 -47.92389401050009,-24.40971615836269,0 -47.9243086015606,-24.40995188236216,0 -47.9248811810216,-24.41015203187941,0 -47.92555717082672,-24.41022515755368,0 -47.92647164285199,-24.41012755413202,0 -47.92715982476602,-24.40995889257754,0 -47.92767275129637,-24.40977398027366,0 -47.9276751479896,-24.40977314930006,0 -47.92768613140982,-24.40977013836989,0 -47.92769742329732,-24.40976831544407,0 -47.92770886896903,-24.40976770480438,0 -47.92772031464074,-24.40976831544407,0 -47.92773160562906,-24.40977013836988,0 -47.92774258994854,-24.40977314930007,0 -47.92775311741236,-24.40977730776518,0 -47.92776304682712,-24.40978255710804,0 -47.92777224329427,-24.40978882628201,0 -47.92778058270761,-24.40979603165022,0 -47.92778795265184,-24.40980407428725,0 -47.92779425330207,-24.40981284537519,0 -47.92779939832354,-24.40982222800204,0 -47.927803320267,-24.40983209356494,0 -47.92780596427372,-24.40984230896402,0 -47.92780729527044,-24.40985273660322,0 -47.92780729527044,-24.40986323618806,0 -47.92780596427372,-24.40987366382717,0 -47.927803320267,-24.40988387922637,0 -47.92779939832354,-24.40989374568852,0 -47.92779425330207,-24.4099031274161,0 -47.92778795265183,-24.40991189940337,0 -47.92778058270761,-24.40991994204035,0 -47.92777224329427,-24.40992714650929,0 -47.92776304682712,-24.40993341568327,0 -47.92775311741236,-24.409938665026,0 -47.9277449866417,-24.4099419925176,0 -47.9272268458422,-24.41012878440455,0 -47.92721621945293,-24.41013199048769,0 -47.92651568445127,-24.41030368005948,0 -47.92651293072709,-24.41030431588013,0 -47.92650163973884,-24.41030613880593,0 -47.92650160826253,-24.4103061424032,0 -47.92556850768045,-24.41040573422594,0 -47.925557093485,-24.41040634126836,0 -47.92554564691402,-24.41040573062861,0 -47.9255455264049,-24.41040571803819,0 -47.92484588982587,-24.41033003379273,0 -47.92483471934673,-24.41032822345739,0 -47.92482373592662,-24.41032521252719,0 -47.9248222943134,-24.41032472059806,0 -47.9242294549253,-24.41011748891965,0 -47.92422036817538,-24.41011382238367,0 -47.92421260972407,-24.41010984288355,0 -47.92378097920875,-24.40986443228638,0 -47.92377880914461,-24.4098631615443,0 -47.92376961267746,-24.40985689237034,0 -47.9237643471468,-24.40985254055095,0 -47.92318217281894,-24.40933551401145,0 -47.92317909983547,-24.40933266136193,0 -47.92317172989135,-24.40932461872491,0 -47.92316837362142,-24.40932022373807,0 -47.92276396648384,-24.40875566712901,0 -47.92276102300275,-24.40875129102802,0 -47.922755877082,-24.40874190840112,0 -47.92275195603787,-24.40873204283821,0 -47.92274955125078,-24.40872302353744,0 -47.92259370773337,-24.40797293499167,0 -47.92259346851365,-24.40797173799409,0 -47.92259213751709,-24.40796131035488,0 -47.92259213751709,-24.40795081166931,0 -47.92259346851365,-24.4079403840302,0 -47.92259356564046,-24.40793988580581,0 -47.92269322491234,-24.40743874848824,0 -47.92269577179236,-24.40742903041416,0 -47.92269879261517,-24.40742114156119,0 -47.92301057317928,-24.40671356666649,0 -47.92301414618578,-24.40670638018405,0 -47.92340637290568,-24.40600105089657,0 -47.92340884694062,-24.40599687804222,0 -47.92341514669158,-24.40598810605502,0 -47.92342047157746,-24.40598211027497,0 -47.92384707128525,-24.40554168169206,0 -47.92384911724286,-24.40553963393574,0 -47.92385745575695,-24.40553242946679,0 -47.9238614154719,-24.4055295417437,0 -47.92479591449985,-24.40488332219639,0 -47.92574402116952,-24.40425174181319,0 -47.92685303184191,-24.40355137588414,0 -47.92802059917119,-24.40289205321454,0 -47.92900364450247,-24.40218742449888,0 -47.92942521879878,-24.40180793487719,0 -47.92962652934079,-24.40142277682856,0</coordinates></LinearRing></outerBoundaryIs>
        </Polygon>
      </MultiGeometry>
    </Placemark>
    <Placemark id="ID_00101">
      <name></name>
      <snippet></snippet>
      <description><![CDATA[<html xmlns:fo="http://www.w3.org/1999/XSL/Format" xmlns:msxsl="urn:schemas-microsoft-com:xslt">
<head>
<META http-equiv="Content-Type" content="text/html">
<meta http-equiv="content-type" content="text/html; charset=UTF-8">
</head>
<body style="margin:0px 0px 0px 0px;overflow:auto;background:#FFFFFF;">
<table style="font-family:Arial,Verdana,Times;font-size:12px;text-align:left;width:100%;border-collapse:collapse;padding:3px 3px 3px 3px">
<tr style="text-align:center;font-weight:bold;background:#9CBCE2">
<td></td>
</tr>
<tr>
<td>
<table style="font-family:Arial,Verdana,Times;font-size:12px;text-align:left;width:100%;border-spacing:0px; padding:3px 3px 3px 3px"></table>
</td>
</tr>
</table>
</body><script type="text/javascript">
				function changeImage(attElement, nameElement) {
				document.getElementById('imageAttachment').src = attElement;
				document.getElementById('imageName').innerHTML = nameElement;}
			</script></html>
]]></description>
      <styleUrl>#PolyStyle00</styleUrl>
      <MultiGeometry>
        <Polygon>
          <extrude>0</extrude><altitudeMode>clampToGround</altitudeMode>
          <outerBoundaryIs><LinearRing><coordinates> -47.93330359098786,-24.40483856024019,0 -47.93330053778954,-24.40484253434425,0 -47.93329316784531,-24.40485057698135,0 -47.93328482843197,-24.40485778234962,0 -47.93327563286415,-24.4048640515236,0 -47.93326570344942,-24.40486930086632,0 -47.93325517598556,-24.4048734593315,0 -47.9332441934647,-24.40487647026173,0 -47.93323290247645,-24.40487829318744,0 -47.93322145680474,-24.40487890382719,0 -47.93321001113304,-24.40487829318744,0 -47.93319872104411,-24.40487647026174,0 -47.93318773762388,-24.40487345933149,0 -47.93317721016002,-24.40486930086632,0 -47.93316728164466,-24.4048640515236,0 -47.93315808517741,-24.4048577823496,0 -47.93314974576407,-24.40485057698134,0 -47.93314237581995,-24.40484253434425,0 -47.93313607606893,-24.40483376325637,0 -47.93313093104757,-24.40482438062946,0 -47.93312700910417,-24.40481451506663,0 -47.93312436509729,-24.40480429966743,0 -47.93312303410062,-24.40479387112907,0 -47.93312303410062,-24.4047833724435,0 -47.93312436509729,-24.40477294480438,0 -47.93312700910418,-24.40476272850589,0 -47.93313093104756,-24.40475286294305,0 -47.93313607606893,-24.40474348121547,0 -47.93313932352095,-24.40473868333231,0 -47.93348233214385,-24.40426560126537,0 -47.93370338640204,-24.40391178459003,0 -47.93370846847102,-24.40390448569235,0 -47.93406047211302,-24.40344877762784,0 -47.93454096189583,-24.40288954050875,0 -47.9345467292481,-24.40288341342767,0 -47.93455261441159,-24.40287815868891,0 -47.93511937076233,-24.40241266510122,0 -47.93512797547561,-24.40240635545775,0 -47.93587014639013,-24.4019219383356,0 -47.9358731923939,-24.40192002817564,0 -47.93588172156416,-24.40191543533789,0 -47.93680546470041,-24.40147355884653,0 -47.93680686494474,-24.40147290234142,0 -47.93681739150935,-24.40146874387631,0 -47.93682051395547,-24.40146775731994,0 -47.93735481017632,-24.40130801973822,0 -47.93736264686862,-24.40130600076013,0 -47.93791037086686,-24.4011869844806,0 -47.9379216744457,-24.40118515795763,0 -47.93793311921802,-24.40118454821723,0 -47.93794365927238,-24.40118506532729,0 -47.93850228215455,-24.40124007146109,0 -47.93850318777186,-24.40124016499054,0 -47.93851447876017,-24.40124198791626,0 -47.93851465952384,-24.40124202748637,0 -47.93875747917423,-24.40129517292269,0 -47.93876828093136,-24.40129814428276,0 -47.93877880749585,-24.40130230274787,0 -47.93878873691057,-24.40130755209077,0 -47.93879793247851,-24.40131382126469,0 -47.93880359191218,-24.40131852471909,0 -47.93903011674644,-24.40152196665425,0 -47.93903279672612,-24.40152446946757,0 -47.93903937706551,-24.40153155432665,0 -47.93923667483261,-24.401767632659,0 -47.93939269461709,-24.40193899937412,0 -47.93939605178628,-24.40194290063319,0 -47.93940235153724,-24.4019516726205,0 -47.93940749745797,-24.40196105434808,0 -47.93941141850213,-24.40197091991092,0 -47.9394140625089,-24.40198113620931,0 -47.93941539350556,-24.40199156384842,0 -47.93941539350555,-24.40200206253402,0 -47.9394140625089,-24.40201249017309,0 -47.93941141850212,-24.40202270647154,0 -47.93940749745798,-24.40203257203445,0 -47.93940235153724,-24.40204195466128,0 -47.93939605178628,-24.4020507257493,0 -47.93938868274142,-24.40205876838627,0 -47.93938034332808,-24.4020659737546,0 -47.93937114776014,-24.40207224292858,0 -47.93936121834543,-24.40207749227131,0 -47.93935069178094,-24.40208165073643,0 -47.93933970836082,-24.40208466166667,0 -47.93932841827176,-24.40208648459248,0 -47.93931697260018,-24.4020870952321,0 -47.93930552782774,-24.40208648459247,0 -47.93929423683949,-24.40208466166667,0 -47.93928325431863,-24.40208165073643,0 -47.93927272685477,-24.40207749227131,0 -47.93926279833943,-24.40207224292858,0 -47.93925360187211,-24.40206597375459,0 -47.93924526335814,-24.40205876838627,0 -47.93924125148248,-24.40205462700827,0 -47.93908261377151,-24.40188035278487,0 -47.93888705799128,-24.40164639145668,0 -47.93868505317261,-24.40146497032105,0 -47.93847494636162,-24.40141898438742,0 -47.93793940997574,-24.40136625174001,0 -47.93741213116482,-24.40148082536865,0 -47.9368894946544,-24.40163707717817,0 -47.93597904529661,-24.40207259366407,0 -47.93524691261485,-24.40255046012451,0 -47.93469063066794,-24.40300735079746,0 -47.93421851807011,-24.40355679160153,0 -47.93387218285494,-24.40400521335873,0 -47.93365185165152,-24.4043578735059,0 -47.93364841174468,-24.40436297805785,0 -47.93330359098786,-24.40483856024019,0</coordinates></LinearRing></outerBoundaryIs>
        </Polygon>
      </MultiGeometry>
    </Placemark>
    <Placemark id="ID_00102">
      <name></name>
      <snippet></snippet>
      <description><![CDATA[<html xmlns:fo="http://www.w3.org/1999/XSL/Format" xmlns:msxsl="urn:schemas-microsoft-com:xslt">
<head>
<META http-equiv="Content-Type" content="text/html">
<meta http-equiv="content-type" content="text/html; charset=UTF-8">
</head>
<body style="margin:0px 0px 0px 0px;overflow:auto;background:#FFFFFF;">
<table style="font-family:Arial,Verdana,Times;font-size:12px;text-align:left;width:100%;border-collapse:collapse;padding:3px 3px 3px 3px">
<tr style="text-align:center;font-weight:bold;background:#9CBCE2">
<td></td>
</tr>
<tr>
<td>
<table style="font-family:Arial,Verdana,Times;font-size:12px;text-align:left;width:100%;border-spacing:0px; padding:3px 3px 3px 3px"></table>
</td>
</tr>
</table>
</body><script type="text/javascript">
				function changeImage(attElement, nameElement) {
				document.getElementById('imageAttachment').src = attElement;
				document.getElementById('imageName').innerHTML = nameElement;}
			</script></html>
]]></description>
      <styleUrl>#PolyStyle00</styleUrl>
      <MultiGeometry>
        <Polygon>
          <extrude>0</extrude><altitudeMode>clampToGround</altitudeMode>
          <outerBoundaryIs><LinearRing><coordinates> -47.93668145628414,-24.41174296675313,0 -47.93667341814363,-24.41173861043712,0 -47.93666422077706,-24.41173234126325,0 -47.93665588136372,-24.41172513679436,0 -47.9366485114196,-24.41171709415728,0 -47.93664221076938,-24.41170832217,0 -47.9366370657479,-24.41169894044236,0 -47.9366331438045,-24.41168907487958,0 -47.93663049979762,-24.41167885858113,0 -47.93662916880106,-24.41166843094192,0 -47.93662916880106,-24.41165793225644,0 -47.93663049979761,-24.41164750371798,0 -47.93663314380451,-24.41163728831884,0 -47.9366370657479,-24.41162742275602,0 -47.93664221076938,-24.41161804012915,0 -47.9366485114196,-24.41160926904119,0 -47.93665588136372,-24.41160122640417,0 -47.93666422077706,-24.41159402103595,0 -47.93667341814364,-24.41158775186198,0 -47.93668334755836,-24.41158250251913,0 -47.93669387502224,-24.41157834405391,0 -47.93670485934167,-24.41157533312384,0 -47.93671615032997,-24.41157351019801,0 -47.93672759690105,-24.41157289955834,0 -47.93673904257264,-24.41157351019803,0 -47.93675033356101,-24.41157533312384,0 -47.9367613178805,-24.41157834405391,0 -47.93677184534437,-24.41158250251913,0 -47.93677373661858,-24.41158339554596,0 -47.93700927895497,-24.41169760854645,0 -47.93741270852962,-24.41185898019643,0 -47.93776410333061,-24.41192473232917,0 -47.93826904567987,-24.41194966243557,0 -47.93870183721992,-24.41197021014568,0 -47.93890859855287,-24.41192823698713,0 -47.93891849199474,-24.4119267072404,0 -47.93892993856571,-24.41192609660067,0 -47.93894138423741,-24.41192670724041,0 -47.93895267612504,-24.4119285301661,0 -47.93896365954516,-24.41193154199568,0 -47.9389741879084,-24.41193569956154,0 -47.93898411732312,-24.41194094980368,0 -47.93899331379038,-24.41194721897761,0 -47.93900165320372,-24.41195442344656,0 -47.93900902314783,-24.41196246608358,0 -47.93901532379812,-24.4119712380708,0 -47.93902046971881,-24.41198061979838,0 -47.939024390763,-24.41199048536124,0 -47.93902703476977,-24.41200070165961,0 -47.9390283666657,-24.41201112929883,0 -47.9390283666657,-24.41202162798434,0 -47.93902703476976,-24.41203205652283,0 -47.939024390763,-24.41204227192197,0 -47.93902046971881,-24.41205213748481,0 -47.93901532379812,-24.41206152011164,0 -47.93900902314783,-24.41207029119971,0 -47.93900165320372,-24.41207833383663,0 -47.93899331379038,-24.41208553830558,0 -47.93898411732312,-24.41209180837889,0 -47.9389741879084,-24.41209705772166,0 -47.93896365954515,-24.4121012161869,0 -47.93895267612504,-24.41210422711697,0 -47.9389512785786,-24.41210452029601,0 -47.9387314447003,-24.41214914735395,0 -47.93872155035922,-24.41215067710067,0 -47.93871010468752,-24.41215128774035,0 -47.93870499923628,-24.41215116633191,0 -47.93825863242988,-24.41212997470716,0 -47.93774620142597,-24.41210467497933,0 -47.93774006445238,-24.41210419564072,0 -47.93773177090446,-24.41210297795867,0 -47.93736303537577,-24.41203398017274,0 -47.93736003793538,-24.41203337492897,0 -47.93734905361584,-24.41203036399866,0 -47.93734330784736,-24.41202825958516,0 -47.93692694602163,-24.41186171593409,0 -47.93692027395144,-24.41185876885578,0 -47.93668145628414,-24.41174296675313,0</coordinates></LinearRing></outerBoundaryIs>
        </Polygon>
      </MultiGeometry>
    </Placemark>
    <Placemark id="ID_00103">
      <name></name>
      <snippet></snippet>
      <description><![CDATA[<html xmlns:fo="http://www.w3.org/1999/XSL/Format" xmlns:msxsl="urn:schemas-microsoft-com:xslt">
<head>
<META http-equiv="Content-Type" content="text/html">
<meta http-equiv="content-type" content="text/html; charset=UTF-8">
</head>
<body style="margin:0px 0px 0px 0px;overflow:auto;background:#FFFFFF;">
<table style="font-family:Arial,Verdana,Times;font-size:12px;text-align:left;width:100%;border-collapse:collapse;padding:3px 3px 3px 3px">
<tr style="text-align:center;font-weight:bold;background:#9CBCE2">
<td></td>
</tr>
<tr>
<td>
<table style="font-family:Arial,Verdana,Times;font-size:12px;text-align:left;width:100%;border-spacing:0px; padding:3px 3px 3px 3px"></table>
</td>
</tr>
</table>
</body><script type="text/javascript">
				function changeImage(attElement, nameElement) {
				document.getElementById('imageAttachment').src = attElement;
				document.getElementById('imageName').innerHTML = nameElement;}
			</script></html>
]]></description>
      <styleUrl>#PolyStyle00</styleUrl>
      <MultiGeometry>
        <Polygon>
          <extrude>0</extrude><altitudeMode>clampToGround</altitudeMode>
          <outerBoundaryIs><LinearRing><coordinates> -47.93818590875259,-24.40296274172601,0 -47.9381881228835,-24.4029627192429,0 -47.93819956855521,-24.40296332988265,0 -47.9382108586442,-24.40296515280836,0 -47.93822184206431,-24.40296816373865,0 -47.9382323686288,-24.40297232220377,0 -47.93824229804352,-24.40297757154655,0 -47.93825149361146,-24.40298384072054,0 -47.9382598330248,-24.40299104608875,0 -47.93826720206965,-24.40299908872583,0 -47.93827350271988,-24.40300785981377,0 -47.93827864774135,-24.40301724244069,0 -47.93828256878544,-24.40302710800349,0 -47.93828521279233,-24.40303732340265,0 -47.93828654378888,-24.40304775194107,0 -47.93828654378888,-24.40305825062659,0 -47.93828521279233,-24.4030686782657,0 -47.93828256878545,-24.4030788945642,0 -47.93827864774136,-24.40308876012705,0 -47.93827350271989,-24.40309814185464,0 -47.93826720296892,-24.40310691384184,0 -47.93825983302481,-24.40311495647888,0 -47.93825149361146,-24.40312216094782,0 -47.93824229804353,-24.4031284301218,0 -47.93823236952819,-24.40313367946453,0 -47.93822184206431,-24.40313783792977,0 -47.9382108586442,-24.40314084975921,0 -47.93819956855521,-24.40314267268501,0 -47.93819033701436,-24.40314325994239,0 -47.93789828128064,-24.40314926831297,0 -47.93743493977058,-24.40327736864448,0 -47.93657025871038,-24.40354823814953,0 -47.93584525225651,-24.4037934949626,0 -47.93535424040584,-24.40407541893427,0 -47.93495769064481,-24.40436403476122,0 -47.93450142590001,-24.40472476182713,0 -47.93410393814617,-24.40512217763519,0 -47.9338426401257,-24.40545806632548,0 -47.93360425323363,-24.40605090391489,0 -47.93348317840594,-24.406543788154,0 -47.9334478134657,-24.40678422909764,0 -47.93344719743016,-24.40678785516418,0 -47.93344455342334,-24.40679807146257,0 -47.93344063237926,-24.4068079370254,0 -47.93343548645851,-24.40681731875297,0 -47.93342918670754,-24.4068260907402,0 -47.93342181676332,-24.40683413337734,0 -47.93341347734997,-24.40684133784617,0 -47.93340428088277,-24.40684760791952,0 -47.93339435236743,-24.40685285726227,0 -47.93338382490357,-24.40685701572739,0 -47.93337284148333,-24.40686002665769,0 -47.93336155049508,-24.40686184958338,0 -47.93335010482338,-24.40686246022312,0 -47.93333865915167,-24.4068618495834,0 -47.93332736816348,-24.40686002665769,0 -47.93331638474325,-24.40685701572739,0 -47.93330585727944,-24.40685285726227,0 -47.93329592786472,-24.40684760791953,0 -47.93328673139751,-24.40684133784617,0 -47.93327839198417,-24.40683413337735,0 -47.93327102293932,-24.4068260907402,0 -47.93326472228904,-24.40681731875297,0 -47.93325957726762,-24.40680793702541,0 -47.93325565532422,-24.40679807146256,0 -47.93325301131734,-24.40678785516418,0 -47.93325168032072,-24.40677742752496,0 -47.93325168032072,-24.40676692883943,0 -47.93325239618104,-24.40676012726675,0 -47.93328833758665,-24.40651577427241,0 -47.93328985834023,-24.40650801132443,0 -47.93341330557956,-24.40600547466174,0 -47.93341504396904,-24.40599939524468,0 -47.9334169748135,-24.40599409194253,0 -47.9336621677748,-24.40538433091092,0 -47.93366415797443,-24.40537976865023,0 -47.93366930299589,-24.40537038692263,0 -47.93367438596408,-24.40536314558153,0 -47.93394685176577,-24.40501290191272,0 -47.9339480685485,-24.40501137126662,0 -47.93395444654044,-24.40500430529329,0 -47.93435992297196,-24.40459890440468,0 -47.93436091402486,-24.40459792684169,0 -47.93436819763416,-24.40459154525244,0 -47.93483188178583,-24.40422497708978,0 -47.93523586534286,-24.40393092845842,0 -47.93524483518097,-24.4039251161401,0 -47.93574914980331,-24.40363555242767,0 -47.93575727517799,-24.40363136428494,0 -47.93576735927616,-24.40362735420787,0 -47.93650417922441,-24.4033781089015,0 -47.9373745206176,-24.40310547492657,0 -47.93785414795047,-24.40297285640104,0 -47.9378599063096,-24.40297143637156,0 -47.93787119639853,-24.4029696134458,0 -47.93788042793933,-24.40296902528917,0 -47.93818590875259,-24.40296274172601,0</coordinates></LinearRing></outerBoundaryIs>
        </Polygon>
      </MultiGeometry>
    </Placemark>
    <Placemark id="ID_00104">
      <name></name>
      <snippet></snippet>
      <description><![CDATA[<html xmlns:fo="http://www.w3.org/1999/XSL/Format" xmlns:msxsl="urn:schemas-microsoft-com:xslt">
<head>
<META http-equiv="Content-Type" content="text/html">
<meta http-equiv="content-type" content="text/html; charset=UTF-8">
</head>
<body style="margin:0px 0px 0px 0px;overflow:auto;background:#FFFFFF;">
<table style="font-family:Arial,Verdana,Times;font-size:12px;text-align:left;width:100%;border-collapse:collapse;padding:3px 3px 3px 3px">
<tr style="text-align:center;font-weight:bold;background:#9CBCE2">
<td></td>
</tr>
<tr>
<td>
<table style="font-family:Arial,Verdana,Times;font-size:12px;text-align:left;width:100%;border-spacing:0px; padding:3px 3px 3px 3px"></table>
</td>
</tr>
</table>
</body><script type="text/javascript">
				function changeImage(attElement, nameElement) {
				document.getElementById('imageAttachment').src = attElement;
				document.getElementById('imageName').innerHTML = nameElement;}
			</script></html>
]]></description>
      <styleUrl>#PolyStyle00</styleUrl>
      <MultiGeometry>
        <Polygon>
          <extrude>0</extrude><altitudeMode>clampToGround</altitudeMode>
          <outerBoundaryIs><LinearRing><coordinates> -47.94687995714428,-24.41269975907522,0 -47.94687170766309,-24.41270007653594,0 -47.94686026109213,-24.41269946589631,0 -47.94684897010382,-24.4126976429705,0 -47.9468379857844,-24.41269463114087,0 -47.94682745742114,-24.41269047267582,0 -47.94681752800642,-24.41268522333304,0 -47.94680833153922,-24.41267895415906,0 -47.94679999212588,-24.41267174969015,0 -47.94679262128238,-24.41266370705308,0 -47.94678632153142,-24.4126549350658,0 -47.9467811756107,-24.41264555333821,0 -47.94677725366729,-24.41263568777538,0 -47.94677460966039,-24.41262547147693,0 -47.94677327866384,-24.41261504383782,0 -47.94677327866385,-24.41260454515225,0 -47.94677460966039,-24.41259411661378,0 -47.94677725366728,-24.41258390121466,0 -47.94678117561069,-24.41257403565178,0 -47.94678632153141,-24.41256465302495,0 -47.94679262218165,-24.41255588193702,0 -47.94679999212588,-24.41254783929997,0 -47.94680833153922,-24.41254063393177,0 -47.94681752800642,-24.41253436475779,0 -47.94682745832051,-24.41252911541494,0 -47.94683798578439,-24.41252495694983,0 -47.94684897010382,-24.41252194601965,0 -47.94686026109213,-24.41252012309383,0 -47.94686345728262,-24.41251982901549,0 -47.94739109222502,-24.41247926779254,0 -47.94797229978178,-24.41244954609829,0 -47.94845108894658,-24.41239007033409,0 -47.94845289748314,-24.41238986079207,0 -47.94846434315485,-24.41238925105177,0 -47.94846437373185,-24.41238925105176,0 -47.94895074508071,-24.41238938505069,0 -47.94896216197418,-24.41238999569033,0 -47.94896867666307,-24.41239089591171,0 -47.94942361850514,-24.41246807662901,0 -47.94990330699193,-24.41254845623489,0 -47.94990829643064,-24.41254941491223,0 -47.94991928075019,-24.41255242674168,0 -47.94992980821405,-24.41255658520691,0 -47.94993973762877,-24.41256183454966,0 -47.94994893499523,-24.41256810372364,0 -47.94995727440858,-24.41257530819258,0 -47.9499646443528,-24.41258335082961,0 -47.94997094500304,-24.41259212281681,0 -47.94997609092378,-24.41260150454441,0 -47.94998001196792,-24.41261137010724,0 -47.94998265687406,-24.41262158640576,0 -47.94998398787072,-24.41263201404484,0 -47.94998398787073,-24.41264251273038,0 -47.94998265687406,-24.4126529412688,0 -47.94998001196791,-24.41266315666796,0 -47.94997609092378,-24.41267302223081,0 -47.94997094500303,-24.41268240485767,0 -47.9499646443528,-24.41269117594563,0 -47.94995727440858,-24.41269921858271,0 -47.94994893499523,-24.41270642395096,0 -47.94993973762877,-24.41271269312494,0 -47.94992980821405,-24.41271794246768,0 -47.94991928075018,-24.4127221009328,0 -47.94990829643064,-24.4127251118631,0 -47.94989700544234,-24.4127269347888,0 -47.94988555887136,-24.41272754542853,0 -47.94987411319966,-24.4127269347888,0 -47.94986781165017,-24.41272607054031,0 -47.9493879091246,-24.41264565496157,0 -47.94894164484094,-24.41256994643448,0 -47.94847098554743,-24.41256981603282,0 -47.94799494471085,-24.41262895095388,0 -47.94798718715889,-24.41262962994205,0 -47.94740484016114,-24.41265940109906,0 -47.94687995714428,-24.41269975907522,0</coordinates></LinearRing></outerBoundaryIs>
        </Polygon>
      </MultiGeometry>
    </Placemark>
    <Placemark id="ID_00105">
      <name></name>
      <snippet></snippet>
      <description><![CDATA[<html xmlns:fo="http://www.w3.org/1999/XSL/Format" xmlns:msxsl="urn:schemas-microsoft-com:xslt">
<head>
<META http-equiv="Content-Type" content="text/html">
<meta http-equiv="content-type" content="text/html; charset=UTF-8">
</head>
<body style="margin:0px 0px 0px 0px;overflow:auto;background:#FFFFFF;">
<table style="font-family:Arial,Verdana,Times;font-size:12px;text-align:left;width:100%;border-collapse:collapse;padding:3px 3px 3px 3px">
<tr style="text-align:center;font-weight:bold;background:#9CBCE2">
<td></td>
</tr>
<tr>
<td>
<table style="font-family:Arial,Verdana,Times;font-size:12px;text-align:left;width:100%;border-spacing:0px; padding:3px 3px 3px 3px"></table>
</td>
</tr>
</table>
</body><script type="text/javascript">
				function changeImage(attElement, nameElement) {
				document.getElementById('imageAttachment').src = attElement;
				document.getElementById('imageName').innerHTML = nameElement;}
			</script></html>
]]></description>
      <styleUrl>#PolyStyle00</styleUrl>
      <MultiGeometry>
        <Polygon>
          <extrude>0</extrude><altitudeMode>clampToGround</altitudeMode>
          <outerBoundaryIs><LinearRing><coordinates> -47.95548529371127,-24.41880977014323,0 -47.95548606892692,-24.41880851828704,0 -47.95549236957709,-24.41879974629978,0 -47.95549973952131,-24.41879170366273,0 -47.95550807983391,-24.4187844991938,0 -47.95551727720056,-24.41877822912044,0 -47.95552720751454,-24.41877297977772,0 -47.95553773587778,-24.41876882131259,0 -47.95554872019722,-24.41876581038236,0 -47.9555600120848,-24.41876398745655,0 -47.95557145865588,-24.41876337681691,0 -47.95558290522683,-24.41876398745656,0 -47.95559419801374,-24.41876581038236,0 -47.95560518233322,-24.41876882131259,0 -47.95561571069646,-24.41877297977772,0 -47.95562564011118,-24.41877822912044,0 -47.9556348374777,-24.4187844991938,0 -47.95564317779031,-24.41879170366276,0 -47.9556505486338,-24.41879974629978,0 -47.95565684928413,-24.41880851828705,0 -47.95566199520488,-24.41881790001457,0 -47.95566591714828,-24.41882776557747,0 -47.95566856115505,-24.41883798187592,0 -47.95566989215172,-24.41884840951501,0 -47.95566989215172,-24.4188589082006,0 -47.95566856115506,-24.4188693358397,0 -47.95566591714828,-24.4188795521381,0 -47.95566199520488,-24.41888941770093,0 -47.95565762449973,-24.41889754757222,0 -47.95533957835875,-24.419420961097,0 -47.95485927113838,-24.42011397596762,0 -47.95485511177395,-24.42011951129483,0 -47.95485177438981,-24.42012338917158,0 -47.95435476316175,-24.42066957712773,0 -47.95367859529092,-24.42153501901436,0 -47.9536774918227,-24.42153640307095,0 -47.95367012097921,-24.42154444570809,0 -47.95366400648862,-24.42154988840503,0 -47.95316548260087,-24.42195671561837,0 -47.95264400261857,-24.4227296757224,0 -47.95194309529757,-24.42381583911804,0 -47.95165957502935,-24.42472742611817,0 -47.9513885364517,-24.4258363099861,0 -47.95127795581294,-24.42643285368159,0 -47.9512520625326,-24.42756774054714,0 -47.9514663430972,-24.42865699041602,0 -47.95176201230692,-24.4292686544132,0 -47.95224966878709,-24.42956727699648,0 -47.95265103351835,-24.42972339300848,0 -47.95333372776924,-24.42991579126902,0 -47.95333844471338,-24.42991724007686,0 -47.95334897397595,-24.42992139854197,0 -47.95335890428993,-24.42992664788482,0 -47.95336810255584,-24.42993291795808,0 -47.9533764437678,-24.429940122427,0 -47.95338381461129,-24.42994816506404,0 -47.9533901161609,-24.42995693705126,0 -47.95339526208164,-24.42996631877885,0 -47.9533991840251,-24.42997618434168,0 -47.9534018289312,-24.42998640064008,0 -47.95340315992787,-24.42999682827928,0 -47.95340315992787,-24.43000732696482,0 -47.95340182893119,-24.43001775460404,0 -47.9533991840251,-24.43002797090243,0 -47.95339526208164,-24.43003783646526,0 -47.9533901161609,-24.43004721819286,0 -47.9533838146113,-24.43005599017999,0 -47.95337644376781,-24.43006403281715,0 -47.95336810255583,-24.43007123728603,0 -47.95335890428993,-24.43007750646003,0 -47.95334897397595,-24.43008275580288,0 -47.95333844471339,-24.43008691426793,0 -47.95332745859525,-24.43008992519816,0 -47.95331616580836,-24.43009174902324,0 -47.95330471833801,-24.43009235876359,0 -47.95329326996841,-24.43009174902324,0 -47.95328197718141,-24.43008992519817,0 -47.95327570800742,-24.43008836397503,0 -47.95258814932356,-24.42989459424843,0 -47.95257860302002,-24.4298914025544,0 -47.95216400836222,-24.42973014062181,0 -47.95215831025774,-24.42972772504278,0 -47.9521483790444,-24.42972247569996,0 -47.95214774412301,-24.42972209079017,0 -47.95162859428416,-24.42940418224552,0 -47.9516200318389,-24.4293982988807,0 -47.95161169062692,-24.42939109441176,0 -47.95160431978343,-24.42938305177473,0 -47.95159801823393,-24.42937427978751,0 -47.95159324373316,-24.42936567687275,0 -47.9512812194526,-24.4287201749844,0 -47.95128084803264,-24.42871939617153,0 -47.95127692608924,-24.42870953060867,0 -47.95127434503497,-24.42869964166346,0 -47.95105622616387,-24.4275908729087,0 -47.95105616231194,-24.4275905464549,0 -47.95105483131539,-24.42758011881568,0 -47.95105468652451,-24.42757298359466,0 -47.95108093863434,-24.42642242604252,0 -47.95108108342521,-24.42641906257796,0 -47.95108230740254,-24.42640920510911,0 -47.95119499695153,-24.42580146845137,0 -47.95146839894733,-24.42468295554231,0 -47.95175690685573,-24.4237552005305,0 -47.95175727917506,-24.42375403410982,0 -47.95176120111847,-24.42374416764763,0 -47.95176634703921,-24.42373478592003,0 -47.95176684706229,-24.42373400171125,0 -47.95247520976301,-24.4226362973157,0 -47.95300525938518,-24.4218506270932,0 -47.95301005546958,-24.42184416096774,0 -47.95301742631307,-24.42183611833066,0 -47.95302354170297,-24.42183067563361,0 -47.95352459538373,-24.42142178447626,0 -47.9541964887769,-24.4205618140649,0 -47.95420093052843,-24.42055655123228,0 -47.95469618717926,-24.42001229232186,0 -47.95517005705244,-24.41932863669571,0 -47.95548529371127,-24.41880977014323,0</coordinates></LinearRing></outerBoundaryIs>
        </Polygon>
      </MultiGeometry>
    </Placemark>
    <Placemark id="ID_00106">
      <name></name>
      <snippet></snippet>
      <description><![CDATA[<html xmlns:fo="http://www.w3.org/1999/XSL/Format" xmlns:msxsl="urn:schemas-microsoft-com:xslt">
<head>
<META http-equiv="Content-Type" content="text/html">
<meta http-equiv="content-type" content="text/html; charset=UTF-8">
</head>
<body style="margin:0px 0px 0px 0px;overflow:auto;background:#FFFFFF;">
<table style="font-family:Arial,Verdana,Times;font-size:12px;text-align:left;width:100%;border-collapse:collapse;padding:3px 3px 3px 3px">
<tr style="text-align:center;font-weight:bold;background:#9CBCE2">
<td></td>
</tr>
<tr>
<td>
<table style="font-family:Arial,Verdana,Times;font-size:12px;text-align:left;width:100%;border-spacing:0px; padding:3px 3px 3px 3px"></table>
</td>
</tr>
</table>
</body><script type="text/javascript">
				function changeImage(attElement, nameElement) {
				document.getElementById('imageAttachment').src = attElement;
				document.getElementById('imageName').innerHTML = nameElement;}
			</script></html>
]]></description>
      <styleUrl>#PolyStyle00</styleUrl>
      <MultiGeometry>
        <Polygon>
          <extrude>0</extrude><altitudeMode>clampToGround</altitudeMode>
          <outerBoundaryIs><LinearRing><coordinates> -47.95659181955671,-24.43029151183203,0 -47.95658817280588,-24.43029786644162,0 -47.95658187125628,-24.43030663752961,0 -47.95657450041278,-24.4303146801666,0 -47.95656615920081,-24.4303218846356,0 -47.95655696093496,-24.43032815470878,0 -47.95654703062093,-24.43033340405169,0 -47.95653650045904,-24.4303375625168,0 -47.95652551524029,-24.43034057344699,0 -47.95651422245328,-24.43034239637267,0 -47.95650277498306,-24.43034300701241,0 -47.9564913266134,-24.43034239637269,0 -47.95648003382643,-24.43034057344697,0 -47.95646904860764,-24.43033756251681,0 -47.95645851844574,-24.43033340405168,0 -47.95644858813176,-24.43032815470878,0 -47.95643938986587,-24.43032188463559,0 -47.95643104865388,-24.4303146801666,0 -47.95642367781041,-24.43030663752955,0 -47.95641737626079,-24.43029786644162,0 -47.95641223034006,-24.43028848381471,0 -47.95640830839664,-24.43027861825187,0 -47.95640566349051,-24.43026840285268,0 -47.95640433249383,-24.43025797431437,0 -47.95640433249383,-24.43024747562872,0 -47.95640566349051,-24.43023704798964,0 -47.95640830839665,-24.43022683169124,0 -47.95641223034005,-24.4302169661284,0 -47.95641372950991,-24.43021393811098,0 -47.95697878344401,-24.42912655793254,0 -47.95698284927897,-24.42911954591863,0 -47.95745404456846,-24.42838666500092,0 -47.95745772639287,-24.42838136889338,0 -47.95794276584593,-24.42773443888149,0 -47.95794869867342,-24.42772731175434,0 -47.95871541748249,-24.42689535252687,0 -47.95935523475623,-24.42622980924666,0 -47.95935752892677,-24.42622750428423,0 -47.95936511290961,-24.42622088707266,0 -47.96026317320679,-24.42551670981664,0 -47.96026393043599,-24.42551612166006,0 -47.96027312870189,-24.42550985248608,0 -47.96028305901587,-24.42550460314323,0 -47.96028339716094,-24.42550444756059,0 -47.96122617444837,-24.42507506984691,0 -47.96123636556575,-24.42507106516587,0 -47.9612473507845,-24.42506805423562,0 -47.96125284384357,-24.42506701282076,0 -47.96240632149448,-24.42487942773169,0 -47.96332424062115,-24.42477500025445,0 -47.96332494838754,-24.42477492201341,0 -47.96333639585788,-24.42477431137377,0 -47.96334784332822,-24.42477492201342,0 -47.96335196492117,-24.42477544451953,0 -47.96441090853654,-24.42493047684844,0 -47.96442166892484,-24.42493262263083,0 -47.96514191616643,-24.42511534238753,0 -47.96514931219094,-24.42511750885432,0 -47.96515984055419,-24.42512166731944,0 -47.96516977176748,-24.4251269166623,0 -47.96517896913406,-24.42513318673552,0 -47.96517906716019,-24.4251332613793,0 -47.96565695430497,-24.42550137277852,0 -47.96627650805436,-24.42594793833507,0 -47.96627889665371,-24.42594971629473,0 -47.96628723786569,-24.42595692076368,0 -47.9662946078098,-24.4259649634007,0 -47.96629763762576,-24.42596890512925,0 -47.96674776719567,-24.42658903624334,0 -47.96705817089776,-24.42702555457407,0 -47.96706093091712,-24.42702967167032,0 -47.96706607683785,-24.42703905429726,0 -47.96706817225822,-24.42704387916001,0 -47.96728003184791,-24.42757572203028,0 -47.96755503913369,-24.42811966258069,0 -47.96755609673637,-24.42812182904748,0 -47.96756001867988,-24.42813169461032,0 -47.96756114822829,-24.42813543848798,0 -47.96774218985014,-24.42879040753952,0 -47.96792598339732,-24.42946678135513,0 -47.96792740252755,-24.42947290034232,0 -47.96792820292411,-24.42947786010348,0 -47.96801170137884,-24.43011726728638,0 -47.96801223197884,-24.43012273606364,0 -47.96801223197884,-24.43013323474929,0 -47.9680109000829,-24.43014366238833,0 -47.96800825607614,-24.4301538777874,0 -47.96800433413267,-24.43016374335037,0 -47.96799918731261,-24.43017312597721,0 -47.96799288666232,-24.43018189796454,0 -47.96798551491953,-24.43018993970219,0 -47.9679771746068,-24.43019714507052,0 -47.96796797634101,-24.43020341424448,0 -47.96795804512766,-24.43020866358721,0 -47.96794751586515,-24.43021282205228,0 -47.96793653064633,-24.43021583298252,0 -47.9679252378594,-24.43021765590833,0 -47.96791378948968,-24.43021826654808,0 -47.96790234201939,-24.43021765590834,0 -47.96789104923244,-24.43021583298252,0 -47.96788006311437,-24.43021282205228,0 -47.96786953385186,-24.43020866358722,0 -47.96785960353777,-24.43020341424448,0 -47.96785040527186,-24.43019714507052,0 -47.96784206405999,-24.4301899397022,0 -47.9678346932165,-24.43018189796454,0 -47.96782839166691,-24.43017312597721,0 -47.96782324574616,-24.43016374335037,0 -47.96781932380266,-24.43015387778741,0 -47.9678166788965,-24.43014366238833,0 -47.96781587849996,-24.43013870262735,0 -47.96773311299273,-24.42950489822073,0 -47.96755090495026,-24.42883435381066,0 -47.96737221235765,-24.4281878851511,0 -47.9670993256733,-24.42764813634075,0 -47.96709826807058,-24.4276459707732,0 -47.9670961726502,-24.42764114591045,0 -47.96688675561921,-24.42711543191997,0 -47.96658300510155,-24.42668826653864,0 -47.96614212326028,-24.42608087701922,0 -47.96553245575814,-24.42564142240207,0 -47.96506855127257,-24.42528409657217,0 -47.964374325015,-24.42510797783923,0 -47.96333465387107,-24.42495576758301,0 -47.96243573831857,-24.42505800251313,0 -47.96130130471136,-24.42524252091398,0 -47.96038217060067,-24.42566113194398,0 -47.95949867482387,-24.42635388960866,0 -47.95886481106214,-24.42701323296268,0 -47.95810258526603,-24.42784032505926,0 -47.95762226005922,-24.42848096880994,0 -47.95715500739762,-24.42920771904931,0 -47.95659181955671,-24.43029151183203,0</coordinates></LinearRing></outerBoundaryIs>
        </Polygon>
      </MultiGeometry>
    </Placemark>
    <Placemark id="ID_00107">
      <name></name>
      <snippet></snippet>
      <description><![CDATA[<html xmlns:fo="http://www.w3.org/1999/XSL/Format" xmlns:msxsl="urn:schemas-microsoft-com:xslt">
<head>
<META http-equiv="Content-Type" content="text/html">
<meta http-equiv="content-type" content="text/html; charset=UTF-8">
</head>
<body style="margin:0px 0px 0px 0px;overflow:auto;background:#FFFFFF;">
<table style="font-family:Arial,Verdana,Times;font-size:12px;text-align:left;width:100%;border-collapse:collapse;padding:3px 3px 3px 3px">
<tr style="text-align:center;font-weight:bold;background:#9CBCE2">
<td></td>
</tr>
<tr>
<td>
<table style="font-family:Arial,Verdana,Times;font-size:12px;text-align:left;width:100%;border-spacing:0px; padding:3px 3px 3px 3px"></table>
</td>
</tr>
</table>
</body><script type="text/javascript">
				function changeImage(attElement, nameElement) {
				document.getElementById('imageAttachment').src = attElement;
				document.getElementById('imageName').innerHTML = nameElement;}
			</script></html>
]]></description>
      <styleUrl>#PolyStyle00</styleUrl>
      <MultiGeometry>
        <Polygon>
          <extrude>0</extrude><altitudeMode>clampToGround</altitudeMode>
          <outerBoundaryIs><LinearRing><coordinates> -47.96931991098501,-24.43110371115559,0 -47.96932121140469,-24.43109374127136,0 -47.96932385631084,-24.43108352587222,0 -47.96932777825424,-24.43107366030939,0 -47.96933292507435,-24.43106427768254,0 -47.96933922572457,-24.43105550659457,0 -47.96934659746745,-24.43104746395756,0 -47.96935493778005,-24.43104025858923,0 -47.96936413604595,-24.43103398941527,0 -47.96937406725932,-24.43102874007251,0 -47.96938459652183,-24.4310245816074,0 -47.96939558264001,-24.43102157067723,0 -47.96940687542683,-24.43101974775142,0 -47.96941832289725,-24.43101913711173,0 -47.96942977126685,-24.4310197477514,0 -47.96944106405374,-24.43102157067722,0 -47.9694520492726,-24.4310245816074,0 -47.96946257943443,-24.43102874007253,0 -47.96947250974846,-24.43103398941526,0 -47.96948170801437,-24.43104025858923,0 -47.96949004922635,-24.43104746395757,0 -47.96949742006984,-24.43105550659459,0 -47.96950372161933,-24.43106427768255,0 -47.96950886843951,-24.43107366030939,0 -47.96951279038286,-24.43108352587223,0 -47.96951543438973,-24.43109374127136,0 -47.96951676628566,-24.43110416891044,0 -47.96951676628566,-24.43111466849542,0 -47.96951673570874,-24.43111512714967,0 -47.96947744972449,-24.43168289164039,0 -47.96947625272685,-24.43169231024013,0 -47.96928841852559,-24.4327041356756,0 -47.96903376739442,-24.43398014145856,0 -47.96884834517494,-24.43504094936844,0 -47.96881853894439,-24.43548663179081,0 -47.96881740399994,-24.43556753390272,0 -47.96881724571921,-24.43557162312004,0 -47.96881591382328,-24.43558205165851,0 -47.96881326981651,-24.43559226705764,0 -47.96880934787304,-24.43560213262049,0 -47.96880420105299,-24.43561151524732,0 -47.96879789950339,-24.43562028633528,0 -47.96879052776063,-24.43562832897233,0 -47.96878218654865,-24.43563553344125,0 -47.96877298828274,-24.43564180351461,0 -47.9687630570694,-24.43564705285735,0 -47.96875252690751,-24.43565121132245,0 -47.96874154078944,-24.43565422225265,0 -47.96873024710316,-24.43565604517846,0 -47.96871879963283,-24.43565665581809,0 -47.96870735126322,-24.43565604517846,0 -47.96869605757694,-24.43565422225265,0 -47.96868507145882,-24.43565121132247,0 -47.96867454129699,-24.43564705285735,0 -47.96866461008364,-24.43564180351461,0 -47.96865541181774,-24.43563553344125,0 -47.96864707060575,-24.43562832897233,0 -47.96863969976226,-24.43562028633529,0 -47.96863339731339,-24.43561151524732,0 -47.96862825139267,-24.43560213262048,0 -47.96862432854988,-24.43559226705764,0 -47.968621684543,-24.43558205165851,0 -47.96862035264706,-24.43557162312004,0 -47.96862019436639,-24.43556521455116,0 -47.96862141924305,-24.43547995162652,0 -47.96865178215399,-24.43502551610282,0 -47.96865283705876,-24.43501676749799,0 -47.96883937084027,-24.43394964544796,0 -47.96909419104406,-24.43267278081244,0 -47.96928095145472,-24.43166673711848,0 -47.96931991098501,-24.43110371115559,0</coordinates></LinearRing></outerBoundaryIs>
        </Polygon>
      </MultiGeometry>
    </Placemark>
    <Placemark id="ID_00108">
      <name></name>
      <snippet></snippet>
      <description><![CDATA[<html xmlns:fo="http://www.w3.org/1999/XSL/Format" xmlns:msxsl="urn:schemas-microsoft-com:xslt">
<head>
<META http-equiv="Content-Type" content="text/html">
<meta http-equiv="content-type" content="text/html; charset=UTF-8">
</head>
<body style="margin:0px 0px 0px 0px;overflow:auto;background:#FFFFFF;">
<table style="font-family:Arial,Verdana,Times;font-size:12px;text-align:left;width:100%;border-collapse:collapse;padding:3px 3px 3px 3px">
<tr style="text-align:center;font-weight:bold;background:#9CBCE2">
<td></td>
</tr>
<tr>
<td>
<table style="font-family:Arial,Verdana,Times;font-size:12px;text-align:left;width:100%;border-spacing:0px; padding:3px 3px 3px 3px"></table>
</td>
</tr>
</table>
</body><script type="text/javascript">
				function changeImage(attElement, nameElement) {
				document.getElementById('imageAttachment').src = attElement;
				document.getElementById('imageName').innerHTML = nameElement;}
			</script></html>
]]></description>
      <styleUrl>#PolyStyle00</styleUrl>
      <MultiGeometry>
        <Polygon>
          <extrude>0</extrude><altitudeMode>clampToGround</altitudeMode>
          <outerBoundaryIs><LinearRing><coordinates> -47.96802270818142,-24.43959561083688,0 -47.96802202919326,-24.43958906017509,0 -47.96802202919327,-24.43957856148949,0 -47.96802336108919,-24.4395681338504,0 -47.96802600509597,-24.43955791845121,0 -47.96802992793874,-24.43954805288843,0 -47.96803507475886,-24.43953867026151,0 -47.96804137630841,-24.43952989917356,0 -47.96804874805116,-24.43952185653648,0 -47.96805708926315,-24.43951465116831,0 -47.96806628842841,-24.4395083819943,0 -47.96807621964177,-24.43950313265148,0 -47.96808674980355,-24.4394989741864,0 -47.96809773592172,-24.43949596325622,0 -47.96810903050731,-24.4394941403304,0 -47.96812047887698,-24.43949352969065,0 -47.9681319272466,-24.43949414033039,0 -47.96814322093287,-24.4394959632562,0 -47.96815420705099,-24.4394989741864,0 -47.96816473721281,-24.43950313265151,0 -47.96817466932544,-24.43950838199429,0 -47.96818386759133,-24.43951465116829,0 -47.96819220970269,-24.43952185653648,0 -47.96819958144545,-24.43952989917358,0 -47.96820588299505,-24.43953867026151,0 -47.96821102981511,-24.43954805288841,0 -47.96821495175858,-24.43955791845122,0 -47.96821759666472,-24.43956813385038,0 -47.96821824867312,-24.43957201172703,0 -47.96832734363198,-24.44032962040376,0 -47.96851304284257,-24.44102083123437,0 -47.96875764944588,-24.44215357411612,0 -47.96875802356386,-24.44215540333717,0 -47.96875935456052,-24.44216583097637,0 -47.96875935456052,-24.44217633056122,0 -47.96875802356385,-24.4421867582003,0 -47.96875537865771,-24.44219697359949,0 -47.96875145581492,-24.44220683916235,0 -47.96874630899493,-24.44221622178918,0 -47.96874000744532,-24.44222499287713,0 -47.96873263570244,-24.44223303551414,0 -47.96872429359121,-24.44224024088243,0 -47.96871509442605,-24.4422465100564,0 -47.96870516321269,-24.44225175939921,0 -47.96869463305087,-24.44225591786427,0 -47.9686836460334,-24.4422589287945,0 -47.96867235234708,-24.4422607517203,0 -47.96866090307816,-24.44226136235994,0 -47.96864945470844,-24.4422607517203,0 -47.96863816012291,-24.4422589287945,0 -47.96862717400478,-24.44225591786426,0 -47.96861664294369,-24.44225175939921,0 -47.96860671173034,-24.4422465100564,0 -47.96859751256505,-24.44224024088243,0 -47.96858917045381,-24.44223303551414,0 -47.96858179961032,-24.44222499287712,0 -47.96857549716134,-24.44221622178918,0 -47.96857035034134,-24.44220683916235,0 -47.96856642749856,-24.44219697359949,0 -47.96856415671044,-24.44218858742141,0 -47.96832045752308,-24.44105991936782,0 -47.96813451999207,-24.44036791623438,0 -47.96813251180594,-24.44035815139559,0 -47.96802270818142,-24.43959561083688,0</coordinates></LinearRing></outerBoundaryIs>
        </Polygon>
      </MultiGeometry>
    </Placemark>
    <Placemark id="ID_00109">
      <name></name>
      <snippet></snippet>
      <description><![CDATA[<html xmlns:fo="http://www.w3.org/1999/XSL/Format" xmlns:msxsl="urn:schemas-microsoft-com:xslt">
<head>
<META http-equiv="Content-Type" content="text/html">
<meta http-equiv="content-type" content="text/html; charset=UTF-8">
</head>
<body style="margin:0px 0px 0px 0px;overflow:auto;background:#FFFFFF;">
<table style="font-family:Arial,Verdana,Times;font-size:12px;text-align:left;width:100%;border-collapse:collapse;padding:3px 3px 3px 3px">
<tr style="text-align:center;font-weight:bold;background:#9CBCE2">
<td></td>
</tr>
<tr>
<td>
<table style="font-family:Arial,Verdana,Times;font-size:12px;text-align:left;width:100%;border-spacing:0px; padding:3px 3px 3px 3px"></table>
</td>
</tr>
</table>
</body><script type="text/javascript">
				function changeImage(attElement, nameElement) {
				document.getElementById('imageAttachment').src = attElement;
				document.getElementById('imageName').innerHTML = nameElement;}
			</script></html>
]]></description>
      <styleUrl>#PolyStyle00</styleUrl>
      <MultiGeometry>
        <Polygon>
          <extrude>0</extrude><altitudeMode>clampToGround</altitudeMode>
          <outerBoundaryIs><LinearRing><coordinates> -47.95858642862066,-24.42485023393959,0 -47.95859367895503,-24.42484542166722,0 -47.95860361016837,-24.42484017232449,0 -47.95861413853157,-24.42483601385936,0 -47.95862512375044,-24.42483300292913,0 -47.95863641653732,-24.42483118000331,0 -47.9586478631083,-24.42483056936368,0 -47.95865931057864,-24.42483118000331,0 -47.95867060336553,-24.42483300292913,0 -47.95868158858441,-24.4248360138593,0 -47.95869211694752,-24.42484017232448,0 -47.95870204816094,-24.42484542166722,0 -47.95871124552753,-24.42485169084133,0 -47.95871958584012,-24.42485889620947,0 -47.95872695668361,-24.4248669388465,0 -47.95873325823322,-24.42487570993451,0 -47.95873840415396,-24.42488509256128,0 -47.95874232609737,-24.42489495812413,0 -47.95874497010424,-24.42490517352332,0 -47.95874630200018,-24.42491560116241,0 -47.95874630200019,-24.42492610074737,0 -47.95874497010426,-24.42493652838647,0 -47.95874232609737,-24.4249467437856,0 -47.95873840415396,-24.42495660934844,0 -47.95873325823322,-24.42496599197541,0 -47.95872695668361,-24.4249747639625,0 -47.95871958584011,-24.42498280570027,0 -47.95871124552753,-24.42499001106848,0 -47.95870929849531,-24.42499146886956,0 -47.95821724253171,-24.42535032354692,0 -47.95821031595324,-24.42535493886767,0 -47.95749323882188,-24.42579046434675,0 -47.95657119810221,-24.42671536670918,0 -47.95608927300152,-24.42755978694288,0 -47.95570898747974,-24.42843466631513,0 -47.95547976917597,-24.4291712398491,0 -47.9554794004539,-24.42917239367932,0 -47.95547547851044,-24.42918225924217,0 -47.95547045669616,-24.42919144401819,0 -47.95506737246121,-24.42983439722797,0 -47.95506724835479,-24.42983459417952,0 -47.95506094680518,-24.42984336616667,0 -47.95505357596169,-24.42985140880371,0 -47.95504523474971,-24.42985861327266,0 -47.95503603648381,-24.42986488244662,0 -47.95502903975835,-24.42986872614903,0 -47.95468139962679,-24.43004219457993,0 -47.95467846603833,-24.43004360111962,0 -47.95466793677582,-24.43004775958468,0 -47.95465695155701,-24.43005077051492,0 -47.95464565877013,-24.43005259344073,0 -47.9546342104004,-24.43005320408038,0 -47.95462276293006,-24.43005259344068,0 -47.95461147014316,-24.43005077051492,0 -47.95460048402504,-24.43004775958467,0 -47.95458995476258,-24.43004360111962,0 -47.9545800244485,-24.43003835177682,0 -47.95457082618265,-24.43003208170353,0 -47.95456248497067,-24.43002487723452,0 -47.95455511412717,-24.4300168345975,0 -47.95454881257758,-24.43000806261023,0 -47.95454366665678,-24.42999868088269,0 -47.95453974471344,-24.4299888153198,0 -47.95453709980722,-24.42997859902136,0 -47.95453576881062,-24.42996817138233,0 -47.95453576881062,-24.42995767269668,0 -47.95453709980722,-24.42994724505758,0 -47.95453974471344,-24.42993702875907,0 -47.95454366665678,-24.42992716319634,0 -47.95454881257757,-24.42991778146877,0 -47.95455511412717,-24.42990900948142,0 -47.95456248497066,-24.4299009668444,0 -47.95457082618265,-24.42989376237546,0 -47.95458002444849,-24.42988749320148,0 -47.954587021174,-24.42988364949907,0 -47.95491019794719,-24.42972238756637,0 -47.95529340716497,-24.42911113815676,0 -47.95552068922836,-24.42838079332729,0 -47.95552390340537,-24.42837214814438,0 -47.95590791122106,-24.42748870722636,0 -47.95591213533669,-24.42748027878021,0 -47.95640234049556,-24.42662135248174,0 -47.95640433968845,-24.42661802319157,0 -47.95641064033868,-24.42660925120436,0 -47.95641690501606,-24.42660230034425,0 -47.95735577295051,-24.4256605195057,0 -47.95735687911656,-24.4256594277287,0 -47.95736522032859,-24.42565222236051,0 -47.95737409483849,-24.42564614833941,0 -47.95809772622903,-24.42520664246087,0 -47.95858642862066,-24.42485023393959,0</coordinates></LinearRing></outerBoundaryIs>
        </Polygon>
      </MultiGeometry>
    </Placemark>
    <Placemark id="ID_00110">
      <name></name>
      <snippet></snippet>
      <description><![CDATA[<html xmlns:fo="http://www.w3.org/1999/XSL/Format" xmlns:msxsl="urn:schemas-microsoft-com:xslt">
<head>
<META http-equiv="Content-Type" content="text/html">
<meta http-equiv="content-type" content="text/html; charset=UTF-8">
</head>
<body style="margin:0px 0px 0px 0px;overflow:auto;background:#FFFFFF;">
<table style="font-family:Arial,Verdana,Times;font-size:12px;text-align:left;width:100%;border-collapse:collapse;padding:3px 3px 3px 3px">
<tr style="text-align:center;font-weight:bold;background:#9CBCE2">
<td></td>
</tr>
<tr>
<td>
<table style="font-family:Arial,Verdana,Times;font-size:12px;text-align:left;width:100%;border-spacing:0px; padding:3px 3px 3px 3px"></table>
</td>
</tr>
</table>
</body><script type="text/javascript">
				function changeImage(attElement, nameElement) {
				document.getElementById('imageAttachment').src = attElement;
				document.getElementById('imageName').innerHTML = nameElement;}
			</script></html>
]]></description>
      <styleUrl>#PolyStyle00</styleUrl>
      <MultiGeometry>
        <Polygon>
          <extrude>0</extrude><altitudeMode>clampToGround</altitudeMode>
          <outerBoundaryIs><LinearRing><coordinates> -47.975045471771,-24.44733017343667,0 -47.975043245949,-24.44733155389601,0 -47.97503331383626,-24.44733680323873,0 -47.97502278277517,-24.44734096170383,0 -47.97501179575767,-24.44734397263407,0 -47.9750005020714,-24.4473457955599,0 -47.97498905190321,-24.44734640619951,0 -47.97497760263423,-24.4473457955599,0 -47.97496630804859,-24.44734397263409,0 -47.97495532193046,-24.44734096170383,0 -47.97494479086936,-24.44733680323874,0 -47.97493485875663,-24.44733155389601,0 -47.97492565869208,-24.44732528382264,0 -47.97491731748012,-24.44731807935381,0 -47.97490994483802,-24.44731003671666,0 -47.97490364328849,-24.44730126562884,0 -47.97489849556905,-24.44729188300187,0 -47.97489457362565,-24.44728201743909,0 -47.9748919287195,-24.44727180203989,0 -47.97489059682358,-24.44726137350142,0 -47.97489059682358,-24.44725087481594,0 -47.9748919287195,-24.44724044717673,0 -47.97489457362565,-24.44723023177767,0 -47.97489849556905,-24.44722036621478,0 -47.97490364328849,-24.44721098358793,0 -47.97490994483803,-24.44720221249998,0 -47.97491731748011,-24.44719416986294,0 -47.97492565959146,-24.44718696449474,0 -47.97493263293461,-24.44718207578006,0 -47.97527406864328,-24.44696407112287,0 -47.97528110403965,-24.44695997291236,0 -47.97598960883334,-24.44658476945938,0 -47.97654806983751,-24.44614151880392,0 -47.97719235404378,-24.44555475163838,0 -47.97720036610394,-24.4455482090706,0 -47.97786866400753,-24.44505961010083,0 -47.97787601506599,-24.44505472588282,0 -47.97788031472464,-24.44505227882758,0 -47.97871947752186,-24.44460172028107,0 -47.97872510997581,-24.44459891709426,0 -47.97873012009887,-24.44459677221123,0 -47.97926821775394,-24.44438306541405,0 -47.97927373779272,-24.44438105093269,0 -47.9792847248101,-24.44437804000245,0 -47.97929315775298,-24.44437656241637,0 -47.98038777657451,-24.44422959610694,0 -47.98039063911666,-24.44422925076719,0 -47.98040208748626,-24.44422864102694,0 -47.98040629991072,-24.4442287228652,0 -47.98149404431461,-24.44427128777762,0 -47.98150128205845,-24.44427181567963,0 -47.98151257664398,-24.44427363950483,0 -47.98151602644346,-24.44427444799526,0 -47.98234133878174,-24.4444825978815,0 -47.98317706526927,-24.44471170916603,0 -47.98442604462622,-24.44505226084106,0 -47.98443162312089,-24.44505394976795,0 -47.98444215418203,-24.44505810823307,0 -47.98444355892309,-24.44505876653675,0 -47.98506606334809,-24.44535647810693,0 -47.98507264818409,-24.4453599288056,0 -47.98586224934331,-24.44581147300903,0 -47.98586419187887,-24.44581261334939,0 -47.98587339104404,-24.44581888252329,0 -47.98587782919844,-24.44582250589184,0 -47.98634127502977,-24.44622447856477,0 -47.98634517898671,-24.44622805966515,0 -47.98635255162883,-24.44623610230219,0 -47.9863575473629,-24.44624286340535,0 -47.98674337180911,-24.4468195671572,0 -47.9867446776247,-24.44682157894056,0 -47.9867462487403,-24.44682416539081,0 -47.98708934909411,-24.44741185436146,0 -47.98709292569794,-24.44741864963885,0 -47.98709533498163,-24.44742427130092,0 -47.98737455199392,-24.44814605098736,0 -47.98737606645221,-24.4481502957874,0 -47.98737864121131,-24.44816015415568,0 -47.98754522083516,-24.44900505732532,0 -47.98754529098228,-24.44900541525555,0 -47.987546621979,-24.44901584289466,0 -47.98754662197899,-24.44902634158024,0 -47.98754649247655,-24.44902808716428,0 -47.98752354447589,-24.44929840718363,0 -47.98752234298172,-24.44930708923857,0 -47.98751969807552,-24.44931730553709,0 -47.98751577523279,-24.44932717109994,0 -47.98751062841274,-24.4493365528275,0 -47.98750432596376,-24.44934532481472,0 -47.98749695332162,-24.44935336655249,0 -47.98748861121039,-24.4493605719207,0 -47.9874794120451,-24.44936684109468,0 -47.98746947993249,-24.44937209043741,0 -47.98745894887128,-24.44937624890264,0 -47.98744796185389,-24.44937925983282,0 -47.98743666636904,-24.44938108275862,0 -47.98742521710006,-24.44938169339827,0 -47.98741376783107,-24.44938108275862,0 -47.98740247324542,-24.44937925983282,0 -47.98739148622809,-24.44937624890263,0 -47.98738095516683,-24.44937209043741,0 -47.98737102215489,-24.44936684109468,0 -47.98736182298967,-24.4493605719207,0 -47.98735348087837,-24.44935336655249,0 -47.98734610913549,-24.44934532481471,0 -47.98733980668663,-24.44933655282749,0 -47.98733465896731,-24.44932717109994,0 -47.98733073702386,-24.44931730553708,0 -47.98732809211771,-24.44930708923858,0 -47.98732676022178,-24.44929666159948,0 -47.98732676022177,-24.44928616291389,0 -47.9873268897241,-24.44928441732986,0 -47.98734885476573,-24.44902568777309,0 -47.98718595157038,-24.4481994266501,0 -47.9869118858748,-24.44749096052726,0 -47.98657365445052,-24.44691161096996,0 -47.98619615143116,-24.44634734304334,0 -47.98574935384949,-24.44595981078452,0 -47.98497136743464,-24.44551490897383,0 -47.98436064232975,-24.44522283075701,0 -47.98312062111967,-24.44488472074122,0 -47.98228684795964,-24.44465613915743,0 -47.98147443459737,-24.4444512484143,0 -47.98040718214571,-24.44440948569714,0 -47.97933471902201,-24.44455347704927,0 -47.9788141059861,-24.44476024018087,0 -47.97798621439216,-24.44520474808858,0 -47.97732765434773,-24.44568622802494,0 -47.97668478567419,-24.44627170826056,0 -47.9766798349064,-24.4462759170878,0 -47.97611172507596,-24.44672682547053,0 -47.97611051278989,-24.44672777245664,0 -47.97610131362461,-24.44673404163064,0 -47.97609650405036,-24.4467367593818,0 -47.97538348465997,-24.44711435413204,0 -47.975045471771,-24.44733017343667,0</coordinates></LinearRing></outerBoundaryIs>
        </Polygon>
      </MultiGeometry>
    </Placemark>
    <Placemark id="ID_00111">
      <name></name>
      <snippet></snippet>
      <description><![CDATA[<html xmlns:fo="http://www.w3.org/1999/XSL/Format" xmlns:msxsl="urn:schemas-microsoft-com:xslt">
<head>
<META http-equiv="Content-Type" content="text/html">
<meta http-equiv="content-type" content="text/html; charset=UTF-8">
</head>
<body style="margin:0px 0px 0px 0px;overflow:auto;background:#FFFFFF;">
<table style="font-family:Arial,Verdana,Times;font-size:12px;text-align:left;width:100%;border-collapse:collapse;padding:3px 3px 3px 3px">
<tr style="text-align:center;font-weight:bold;background:#9CBCE2">
<td></td>
</tr>
<tr>
<td>
<table style="font-family:Arial,Verdana,Times;font-size:12px;text-align:left;width:100%;border-spacing:0px; padding:3px 3px 3px 3px"></table>
</td>
</tr>
</table>
</body><script type="text/javascript">
				function changeImage(attElement, nameElement) {
				document.getElementById('imageAttachment').src = attElement;
				document.getElementById('imageName').innerHTML = nameElement;}
			</script></html>
]]></description>
      <styleUrl>#PolyStyle00</styleUrl>
      <MultiGeometry>
        <Polygon>
          <extrude>0</extrude><altitudeMode>clampToGround</altitudeMode>
          <outerBoundaryIs><LinearRing><coordinates> -47.97723206360882,-24.44402390226918,0 -47.97722531779408,-24.44402731159915,0 -47.97721478763226,-24.44403147006426,0 -47.97720380061487,-24.44403448099444,0 -47.9771925069286,-24.44403630392026,0 -47.97718105765967,-24.44403691455989,0 -47.97716960839068,-24.44403630392026,0 -47.97715831470441,-24.44403448099444,0 -47.97714732768691,-24.44403147006426,0 -47.97713679752508,-24.44402731159915,0 -47.97712686541246,-24.44402206225629,0 -47.97711766624719,-24.44401579218303,0 -47.97710932413594,-24.4440085877141,0 -47.97710195239307,-24.44400054507708,0 -47.97709565084358,-24.44399177398911,0 -47.97709050312415,-24.44398239136217,0 -47.97708658118069,-24.44397252579932,0 -47.9770839362746,-24.44396231040024,0 -47.97708260527799,-24.44395188186184,0 -47.97708260527799,-24.44394138317619,0 -47.9770839362746,-24.44393095553716,0 -47.9770865811807,-24.44392074013797,0 -47.97709050402352,-24.44391087457513,0 -47.97709565084357,-24.44390149194829,0 -47.97710195239307,-24.44389272086032,0 -47.97710932413594,-24.44388467822331,0 -47.97711766624719,-24.44387747285498,0 -47.97712686541246,-24.443871203681,0 -47.97713005260982,-24.44386936366816,0 -47.97766123807565,-24.4435755110889,0 -47.97826964203035,-24.44323466353695,0 -47.9782768590897,-24.44323099160492,0 -47.97828292771487,-24.4432284330337,0 -47.97881860079775,-24.44302244781568,0 -47.97882306323368,-24.44302084792185,0 -47.9788340493518,-24.44301783699161,0 -47.9788383885807,-24.44301698893093,0 -47.97948785917731,-24.442904048471,0 -47.98001245261258,-24.4428151163126,0 -47.98002292162045,-24.44281386805357,0 -47.98089089599796,-24.44275335627038,0 -47.98089838465268,-24.44275309546696,0 -47.98090983302228,-24.4427537061066,0 -47.98092112760793,-24.44275552903241,0 -47.98093211372599,-24.4427585399626,0 -47.98094264478716,-24.44276269842783,0 -47.98095257600051,-24.44276794777061,0 -47.98096177516567,-24.44277421694461,0 -47.98097011727702,-24.44278142231275,0 -47.98097748901978,-24.44278946494989,0 -47.98098379056938,-24.44279823603773,0 -47.98098893738944,-24.44280761866469,0 -47.98099286023228,-24.44281748422753,0 -47.98099550513837,-24.44282769962661,0 -47.98099683613498,-24.44283812726575,0 -47.98099683613498,-24.44284862595129,0 -47.98099550513837,-24.44285905448976,0 -47.98099286023228,-24.44286926988888,0 -47.98098893828882,-24.44287913545173,0 -47.98098379056938,-24.44288851807869,0 -47.98097748901978,-24.44289728916653,0 -47.98097011727702,-24.44290533180357,0 -47.98096177516567,-24.44291253627249,0 -47.9809525760005,-24.44291880634587,0 -47.98094264478716,-24.4429240556886,0 -47.98093211372599,-24.44292821415371,0 -47.98092112760792,-24.44293122508401,0 -47.98090983302229,-24.44293304800971,0 -47.98090587330734,-24.44293339784604,0 -47.98004316895695,-24.44299354180652,0 -47.9795242205663,-24.44308151618701,0 -47.97888540513731,-24.44319260494274,0 -47.97836621303026,-24.44339225263825,0 -47.97776372211797,-24.44372978708798,0 -47.97723206360882,-24.44402390226918,0</coordinates></LinearRing></outerBoundaryIs>
        </Polygon>
      </MultiGeometry>
    </Placemark>
    <Placemark id="ID_00112">
      <name></name>
      <snippet></snippet>
      <description><![CDATA[<html xmlns:fo="http://www.w3.org/1999/XSL/Format" xmlns:msxsl="urn:schemas-microsoft-com:xslt">
<head>
<META http-equiv="Content-Type" content="text/html">
<meta http-equiv="content-type" content="text/html; charset=UTF-8">
</head>
<body style="margin:0px 0px 0px 0px;overflow:auto;background:#FFFFFF;">
<table style="font-family:Arial,Verdana,Times;font-size:12px;text-align:left;width:100%;border-collapse:collapse;padding:3px 3px 3px 3px">
<tr style="text-align:center;font-weight:bold;background:#9CBCE2">
<td></td>
</tr>
<tr>
<td>
<table style="font-family:Arial,Verdana,Times;font-size:12px;text-align:left;width:100%;border-spacing:0px; padding:3px 3px 3px 3px"></table>
</td>
</tr>
</table>
</body><script type="text/javascript">
				function changeImage(attElement, nameElement) {
				document.getElementById('imageAttachment').src = attElement;
				document.getElementById('imageName').innerHTML = nameElement;}
			</script></html>
]]></description>
      <styleUrl>#PolyStyle00</styleUrl>
      <MultiGeometry>
        <Polygon>
          <extrude>0</extrude><altitudeMode>clampToGround</altitudeMode>
          <outerBoundaryIs><LinearRing><coordinates> -48.00114829685634,-24.45244138934641,0 -48.00113867590908,-24.45244395601151,0 -48.00112738132356,-24.45244577893731,0 -48.0011159311552,-24.45244638957695,0 -48.00110448098689,-24.4524457789373,0 -48.00109318640131,-24.45244395601151,0 -48.00108219938397,-24.45244094508132,0 -48.0010716674234,-24.45243678661621,0 -48.00106173531076,-24.45243153727337,0 -48.00105253524623,-24.45242526720011,0 -48.00104419313498,-24.45241806273117,0 -48.0010368204928,-24.45241002009414,0 -48.00103051804393,-24.45240124900618,0 -48.00102537122383,-24.45239186637934,0 -48.00102144838104,-24.4523820008165,0 -48.00101880347489,-24.45237178541738,0 -48.00101747157896,-24.45236135777816,0 -48.00101747157896,-24.45235085819332,0 -48.00101880347489,-24.45234043055422,0 -48.00102144838104,-24.45233021515503,0 -48.00102537122383,-24.45232034959218,0 -48.00103051804393,-24.45231096696534,0 -48.00103682049281,-24.45230219587746,0 -48.00104419313499,-24.45229415324036,0 -48.00105253524623,-24.45228694877147,0 -48.00106173531076,-24.45228067869812,0 -48.0010716674234,-24.45227542935531,0 -48.00108219938397,-24.4522712708902,0 -48.00108356545417,-24.45227082662513,0 -48.00205791793854,-24.45196097061006,0 -48.0020675388858,-24.45195840394497,0 -48.00207883437059,-24.45195658101915,0 -48.00208003766352,-24.45195645961064,0 -48.00298451732152,-24.4518699709102,0 -48.00299476419696,-24.45186948257834,0 -48.00300621436526,-24.45187009321801,0 -48.00301613388734,-24.45187162746146,0 -48.00393128220287,-24.45205754790527,0 -48.00393265906491,-24.45205783748695,0 -48.00394364608231,-24.45206084841715,0 -48.00395110326077,-24.45206365340261,0 -48.00493203338658,-24.45247636488005,0 -48.00494116690123,-24.45248075177307,0 -48.00570110392272,-24.45289344436469,0 -48.00570497820212,-24.45289566119358,0 -48.00571417826666,-24.45290193036754,0 -48.0057225203779,-24.45290913483648,0 -48.00572989302002,-24.45291717747353,0 -48.00573619546901,-24.45292594946073,0 -48.00574134228908,-24.45293533118831,0 -48.00574526513179,-24.45294519675116,0 -48.00574791003794,-24.45295541304967,0 -48.00574924193387,-24.45296584068877,0 -48.00574924193387,-24.45297633937434,0 -48.00574791003794,-24.45298676701349,0 -48.0057452651318,-24.45299698241263,0 -48.00574134228907,-24.45300684887474,0 -48.00573619546901,-24.45301623060233,0 -48.00572989302003,-24.45302500169027,0 -48.00572252037789,-24.45303304432732,0 -48.00571417826666,-24.45304024969552,0 -48.00570497820212,-24.45304651886948,0 -48.00569504608944,-24.45305176821233,0 -48.00568451412891,-24.45305592667744,0 -48.00567352711148,-24.45305893760765,0 -48.00566223162667,-24.45306076053345,0 -48.00565078235769,-24.45306137117308,0 -48.0056393321894,-24.45306076053344,0 -48.00562803760374,-24.45305893760765,0 -48.00561704968698,-24.45305592667745,0 -48.00560651862589,-24.45305176821234,0 -48.00560045989324,-24.45304873569836,0 -48.00484496462338,-24.45263845418907,0 -48.00387827975874,-24.45223173669302,0 -48.00298905619997,-24.45205108267913,0 -48.00211187546257,-24.45213495974831,0 -48.00114829685634,-24.45244138934641,0</coordinates></LinearRing></outerBoundaryIs>
        </Polygon>
      </MultiGeometry>
    </Placemark>
    <Placemark id="ID_00113">
      <name></name>
      <snippet></snippet>
      <description><![CDATA[<html xmlns:fo="http://www.w3.org/1999/XSL/Format" xmlns:msxsl="urn:schemas-microsoft-com:xslt">
<head>
<META http-equiv="Content-Type" content="text/html">
<meta http-equiv="content-type" content="text/html; charset=UTF-8">
</head>
<body style="margin:0px 0px 0px 0px;overflow:auto;background:#FFFFFF;">
<table style="font-family:Arial,Verdana,Times;font-size:12px;text-align:left;width:100%;border-collapse:collapse;padding:3px 3px 3px 3px">
<tr style="text-align:center;font-weight:bold;background:#9CBCE2">
<td></td>
</tr>
<tr>
<td>
<table style="font-family:Arial,Verdana,Times;font-size:12px;text-align:left;width:100%;border-spacing:0px; padding:3px 3px 3px 3px"></table>
</td>
</tr>
</table>
</body><script type="text/javascript">
				function changeImage(attElement, nameElement) {
				document.getElementById('imageAttachment').src = attElement;
				document.getElementById('imageName').innerHTML = nameElement;}
			</script></html>
]]></description>
      <styleUrl>#PolyStyle00</styleUrl>
      <MultiGeometry>
        <Polygon>
          <extrude>0</extrude><altitudeMode>clampToGround</altitudeMode>
          <outerBoundaryIs><LinearRing><coordinates> -47.96829586825964,-24.4369795792323,0 -47.96829645461759,-24.43697615461399,0 -47.96829909862447,-24.43696593831554,0 -47.96830302146726,-24.43695607275263,0 -47.96830816828731,-24.43694669102512,0 -47.9683144698368,-24.43693791903786,0 -47.96832184068028,-24.43692987640084,0 -47.96833018279165,-24.43692267193187,0 -47.96833938105754,-24.43691640275789,0 -47.9683493122709,-24.43691115251573,0 -47.96835984243268,-24.43690699494999,0 -47.96837082855086,-24.43690398312043,0 -47.96838212223707,-24.43690216019461,0 -47.96839357060674,-24.436901549555,0 -47.96840501897634,-24.43690216019464,0 -47.9684163126626,-24.43690398312044,0 -47.96842729878075,-24.43690699495,0 -47.96843782804331,-24.43691115251573,0 -47.96844776015592,-24.43691640275791,0 -47.96845695842182,-24.43692267193187,0 -47.9684652996338,-24.43692987640083,0 -47.96847267137656,-24.43693791903786,0 -47.96847897292616,-24.43694669102512,0 -47.96848411974628,-24.43695607275264,0 -47.96848804168968,-24.43696593831555,0 -47.96849068659583,-24.43697615461401,0 -47.96849201759249,-24.43698658225311,0 -47.9684920175925,-24.43699708093868,0 -47.96849127205445,-24.43700408395943,0 -47.96839995399467,-24.43761440706737,0 -47.9683979134329,-24.43762408287324,0 -47.9682292662676,-24.43824069853749,0 -47.96820315175393,-24.43882658256876,0 -47.96820306721776,-24.43882815098646,0 -47.96820173532171,-24.43883857862556,0 -47.96819909041557,-24.43884879402463,0 -47.96819516847216,-24.43885865958754,0 -47.96819002165216,-24.43886804221443,0 -47.96818372010257,-24.43887681330239,0 -47.96817634835969,-24.43888485593936,0 -47.96816800714771,-24.43889206130768,0 -47.96815880798255,-24.43889833048167,0 -47.9681488767692,-24.43890357982445,0 -47.96813834660736,-24.43890773828957,0 -47.96812736048923,-24.43891074921976,0 -47.96811606680296,-24.43891257214557,0 -47.96810461843337,-24.4389131827852,0 -47.96809316916432,-24.43891257214557,0 -47.96808187547811,-24.43891074921975,0 -47.96807088936004,-24.43890773828958,0 -47.9680603591982,-24.43890357982446,0 -47.96805042798486,-24.43889833048166,0 -47.96804122881963,-24.43889206130768,0 -47.96803288760759,-24.43888485593937,0 -47.96802551586484,-24.43887681330239,0 -47.96801921431523,-24.43886804221444,0 -47.96801406749512,-24.43885865958754,0 -47.96801014555172,-24.43884879402463,0 -47.96800750064557,-24.43883857862557,0 -47.96800616874963,-24.43882815098646,0 -47.96800608421335,-24.43881921981916,0 -47.96803261331439,-24.43822407726748,0 -47.96803269785067,-24.43822250884982,0 -47.96803402884723,-24.43821208121074,0 -47.96803548395031,-24.43820582912378,0 -47.96820528134856,-24.43758501272628,0 -47.96829586825964,-24.4369795792323,0</coordinates></LinearRing></outerBoundaryIs>
        </Polygon>
      </MultiGeometry>
    </Placemark>
    <Placemark id="ID_00114">
      <name></name>
      <snippet></snippet>
      <description><![CDATA[<html xmlns:fo="http://www.w3.org/1999/XSL/Format" xmlns:msxsl="urn:schemas-microsoft-com:xslt">
<head>
<META http-equiv="Content-Type" content="text/html">
<meta http-equiv="content-type" content="text/html; charset=UTF-8">
</head>
<body style="margin:0px 0px 0px 0px;overflow:auto;background:#FFFFFF;">
<table style="font-family:Arial,Verdana,Times;font-size:12px;text-align:left;width:100%;border-collapse:collapse;padding:3px 3px 3px 3px">
<tr style="text-align:center;font-weight:bold;background:#9CBCE2">
<td></td>
</tr>
<tr>
<td>
<table style="font-family:Arial,Verdana,Times;font-size:12px;text-align:left;width:100%;border-spacing:0px; padding:3px 3px 3px 3px"></table>
</td>
</tr>
</table>
</body><script type="text/javascript">
				function changeImage(attElement, nameElement) {
				document.getElementById('imageAttachment').src = attElement;
				document.getElementById('imageName').innerHTML = nameElement;}
			</script></html>
]]></description>
      <styleUrl>#PolyStyle00</styleUrl>
      <MultiGeometry>
        <Polygon>
          <extrude>0</extrude><altitudeMode>clampToGround</altitudeMode>
          <outerBoundaryIs><LinearRing><coordinates> -47.88162666753659,-24.38999574089986,0 -47.88163571651506,-24.38999224793304,0 -47.8816466990359,-24.38998923610349,0 -47.88165798822547,-24.38998741317765,0 -47.88166943209859,-24.38998680253809,0 -47.88168087687092,-24.38998741317765,0 -47.88169216606059,-24.38998923610347,0 -47.881703147682,-24.38999224793304,0 -47.8817136742466,-24.38999640639815,0 -47.88172360186263,-24.39000165574101,0 -47.88173279653131,-24.39000792491499,0 -47.88174113504527,-24.39001512938383,0 -47.88174850409013,-24.39002317202097,0 -47.88175480294172,-24.39003194400816,0 -47.88175994796319,-24.39004132573575,0 -47.88176386900728,-24.39005119219791,0 -47.88176651211473,-24.39006140759699,0 -47.88176784311144,-24.39007183523609,0 -47.88176784311144,-24.39008233482106,0 -47.88176651211473,-24.39009276246014,0 -47.88176386900727,-24.39010297785934,0 -47.8817599479632,-24.3901128443215,0 -47.88175480294173,-24.39012222604908,0 -47.88174850409013,-24.39013099803629,0 -47.88174113504527,-24.39013904067332,0 -47.88173279653131,-24.39014624514227,0 -47.88172360186264,-24.39015251431623,0 -47.88171367424661,-24.39015776455836,0 -47.88171219666043,-24.39015842915728,0 -47.8813725353142,-24.39030820674742,0 -47.88136548912593,-24.39031100993428,0 -47.88101541722762,-24.39043564877529,0 -47.88101341443745,-24.39043633945466,0 -47.88100243281593,-24.3904393503849,0 -47.880991142727,-24.39044117331064,0 -47.88097981486646,-24.39044178395035,0 -47.88049914701794,-24.39044230285907,0 -47.88049903100541,-24.39044230285907,0 -47.88048758713234,-24.39044169221944,0 -47.8804762970434,-24.39043986929363,0 -47.88046715903209,-24.39043745371469,0 -47.8801079320354,-24.3903250483515,0 -47.88009857818679,-24.39032162283371,0 -47.87972042675625,-24.39016216943774,0 -47.87933232162925,-24.3899913674967,0 -47.87933077659397,-24.38999067232078,0 -47.8793208489779,-24.38998542297805,0 -47.87931199155514,-24.3899794119095,0 -47.87903499406963,-24.38976846872896,0 -47.87903465592457,-24.38976820972427,0 -47.87902631830985,-24.38976100525532,0 -47.87902489648172,-24.38975959601771,0 -47.87873640655987,-24.38946734333235,0 -47.87873046024243,-24.38946071083224,0 -47.87872416049157,-24.38945193884509,0 -47.87871901547017,-24.38944255711749,0 -47.87871509532534,-24.38943269065529,0 -47.87871245131845,-24.38942247525621,0 -47.8787111203219,-24.38941204761699,0 -47.87871112032191,-24.38940154803214,0 -47.87871245131846,-24.38939112039305,0 -47.87871509532533,-24.38938090499391,0 -47.87871901547016,-24.38937103853168,0 -47.87872416049157,-24.38936165680411,0 -47.87873046024242,-24.3893528848169,0 -47.87873782838795,-24.38934484217987,0 -47.87874616690204,-24.38933763771093,0 -47.8787553615706,-24.38933136853694,0 -47.87876528918669,-24.38932611919423,0 -47.87877581575117,-24.38932196072908,0 -47.87878679737275,-24.38931894889953,0 -47.87879808656243,-24.38931712597372,0 -47.87880953133475,-24.38931651533409,0 -47.87882097520782,-24.38931712597373,0 -47.87883226439737,-24.38931894889953,0 -47.87884324601896,-24.3893219607291,0 -47.87885377258345,-24.38932611919422,0 -47.87886370019953,-24.38933136853694,0 -47.8788728948681,-24.38933763771092,0 -47.87888123338217,-24.38934484217986,0 -47.87888265521025,-24.38934625231684,0 -47.87916644077853,-24.38963373859525,0 -47.87942868488585,-24.38983344744481,0 -47.87980435418757,-24.38999877880968,0 -47.88017644778473,-24.3901556745339,0 -47.88051535010322,-24.39026172079094,0 -47.88096115573268,-24.39026123965357,0 -47.88129046947955,-24.3901439905419,0 -47.88162666753659,-24.38999574089986,0</coordinates></LinearRing></outerBoundaryIs>
        </Polygon>
      </MultiGeometry>
    </Placemark>
    <Placemark id="ID_00115">
      <name></name>
      <snippet></snippet>
      <description><![CDATA[<html xmlns:fo="http://www.w3.org/1999/XSL/Format" xmlns:msxsl="urn:schemas-microsoft-com:xslt">
<head>
<META http-equiv="Content-Type" content="text/html">
<meta http-equiv="content-type" content="text/html; charset=UTF-8">
</head>
<body style="margin:0px 0px 0px 0px;overflow:auto;background:#FFFFFF;">
<table style="font-family:Arial,Verdana,Times;font-size:12px;text-align:left;width:100%;border-collapse:collapse;padding:3px 3px 3px 3px">
<tr style="text-align:center;font-weight:bold;background:#9CBCE2">
<td></td>
</tr>
<tr>
<td>
<table style="font-family:Arial,Verdana,Times;font-size:12px;text-align:left;width:100%;border-spacing:0px; padding:3px 3px 3px 3px"></table>
</td>
</tr>
</table>
</body><script type="text/javascript">
				function changeImage(attElement, nameElement) {
				document.getElementById('imageAttachment').src = attElement;
				document.getElementById('imageName').innerHTML = nameElement;}
			</script></html>
]]></description>
      <styleUrl>#PolyStyle00</styleUrl>
      <MultiGeometry>
        <Polygon>
          <extrude>0</extrude><altitudeMode>clampToGround</altitudeMode>
          <outerBoundaryIs><LinearRing><coordinates> -48.0100833113956,-24.38775287398516,0 -48.01008401196748,-24.38775372564312,0 -48.01009031171844,-24.38776249763033,0 -48.01009545673992,-24.38777188025728,0 -48.01009937688463,-24.38778174582013,0 -48.01010202089151,-24.38779196121924,0 -48.01010335188807,-24.3878023897576,0 -48.01010335188806,-24.3878128884432,0 -48.0101020208915,-24.38782331608241,0 -48.01009937688463,-24.38783353238085,0 -48.01009545673992,-24.3878433979437,0 -48.01009031171844,-24.38785277967128,0 -48.01008401286687,-24.38786155165845,0 -48.01007664382199,-24.38786959429558,0 -48.01006830620729,-24.38787679876442,0 -48.01005911063936,-24.38788306883777,0 -48.01004918302328,-24.38788831818051,0 -48.01003865735806,-24.38789247664561,0 -48.01002767573658,-24.38789548757587,0 -48.01001638654691,-24.38789731050167,0 -48.01000494267391,-24.38789792114129,0 -48.00999349790158,-24.38789731050167,0 -48.0099822087119,-24.38789548757587,0 -48.00997122709038,-24.38789247664561,0 -48.00996070142514,-24.3878883181805,0 -48.00995077380912,-24.38788306883777,0 -48.00994157914045,-24.38787679876442,0 -48.00993324062654,-24.38786959429558,0 -48.00992657305278,-24.38786240421581,0 -48.00984497396627,-24.38776445725313,0 -48.00984427249511,-24.3877636046958,0 -48.00983797364353,-24.38775483360784,0 -48.00983282862205,-24.38774545098103,0 -48.00982890847724,-24.38773558541816,0 -48.00982626447046,-24.38772537001905,0 -48.0098249334738,-24.38771494148056,0 -48.0098249334738,-24.38770444279499,0 -48.00982568710572,-24.38769738851282,0 -48.00984843185961,-24.38754596426406,0 -48.00981992604864,-24.38741457960837,0 -48.00969936113655,-24.38736562501282,0 -48.00948736664856,-24.38737018907216,0 -48.00940574238103,-24.38747322080172,0 -48.009335599758,-24.38764309284363,0 -48.0093236864389,-24.3878325125496,0 -48.00935432454241,-24.38798375783329,0 -48.0094515007861,-24.38811870290492,0 -48.00969953740367,-24.38830722149033,0 -48.00969994929319,-24.38830753625302,0 -48.00970828690788,-24.38831474072185,0 -48.00971565595272,-24.38832278335889,0 -48.00971753913309,-24.3883251818508,0 -48.00977117020324,-24.38839587485888,0 -48.00977558587453,-24.38840224835428,0 -48.00978072999663,-24.38841163008176,0 -48.00978465104077,-24.38842149564465,0 -48.00978729504754,-24.38843171194309,0 -48.00978862514484,-24.3884421395822,0 -48.00978862514484,-24.38845263826777,0 -48.00978729504754,-24.38846306680626,0 -48.00978465104077,-24.38847328220539,0 -48.00978072999663,-24.38848314776822,0 -48.00977558587454,-24.38849253039513,0 -48.00976928612363,-24.38850130148302,0 -48.00976191797804,-24.38850934412006,0 -48.00975357946407,-24.38851654948824,0 -48.0097443847954,-24.38852281866224,0 -48.00973445717943,-24.3885280680051,0 -48.00972393061483,-24.38853222647021,0 -48.00971294899337,-24.38853523740044,0 -48.00970165980369,-24.38853706122562,0 -48.00969021593062,-24.38853767096591,0 -48.00967877205768,-24.38853706122563,0 -48.00966748286799,-24.38853523740045,0 -48.00965650034715,-24.38853222647021,0 -48.00964597468192,-24.3885280680051,0 -48.00963604706584,-24.38852281866225,0 -48.0096268514979,-24.38851654948826,0 -48.0096185138832,-24.38850934412007,0 -48.0096111448384,-24.38850130148303,0 -48.00960926165801,-24.38849890389048,0 -48.00956329640889,-24.38843831476555,0 -48.0093143235971,-24.38824908481656,0 -48.00931391170764,-24.38824877005391,0 -48.00930557409289,-24.38824156558495,0 -48.00929820504804,-24.38823352294783,0 -48.00929498457578,-24.38822931591932,0 -48.00917875259734,-24.38806790829641,0 -48.00917567331857,-24.38806334243851,0 -48.00917052919654,-24.38805396071087,0 -48.00916660815233,-24.38804409514807,0 -48.00916412062759,-24.38803467025297,0 -48.00912766570912,-24.38785470242182,0 -48.00912750922708,-24.38785391101841,0 -48.00912617823042,-24.3878434833793,0 -48.00912617463314,-24.38783304225025,0 -48.00913964198083,-24.38761890197992,0 -48.0091396455781,-24.38761884442335,0 -48.00914097657477,-24.38760841678417,0 -48.00914362058154,-24.38759820048577,0 -48.00914585179953,-24.38759215884022,0 -48.00922600387696,-24.38739804737123,0 -48.00922769280374,-24.38739422345386,0 -48.0092328378251,-24.38738484172627,0 -48.00923842081642,-24.38737696276575,0 -48.00935646223093,-24.38722796218993,0 -48.00935717809119,-24.38722706916311,0 -48.00936454713605,-24.38721902652606,0 -48.0093728847508,-24.38721182205711,0 -48.00938208031869,-24.38720555288312,0 -48.00939200793476,-24.3872003035404,0 -48.00940253359994,-24.38719614507527,0 -48.00941351522152,-24.38719313324572,0 -48.00942480441113,-24.38719131031992,0 -48.00943393163062,-24.38719072486128,0 -48.00971680708489,-24.38718463465232,0 -48.00971912373853,-24.38718460947132,0 -48.00973056761149,-24.38718522011107,0 -48.00974185680116,-24.38718704303677,0 -48.009752839322,-24.38719005486638,0 -48.00975907701974,-24.3871923571308,0 -48.00994659555891,-24.38726849913114,0 -48.00995088262705,-24.38727035443248,0 -48.00996081024317,-24.38727560377532,0 -48.00997000581106,-24.3872818729493,0 -48.00997834342576,-24.38728907741815,0 -48.00998571247062,-24.38729712005527,0 -48.00999201132215,-24.38730589204249,0 -48.00999715634362,-24.38731527466932,0 -48.01000107648838,-24.38732514023224,0 -48.01000332749152,-24.38733343737742,0 -48.01004502995415,-24.38752564857901,0 -48.01004542295788,-24.38752756683294,0 -48.01004675395443,-24.38753799447204,0 -48.01004675395443,-24.38754849405702,0 -48.01004600032263,-24.38755554833903,0 -48.01002658845617,-24.38768478721233,0 -48.0100833113956,-24.38775287398516,0</coordinates></LinearRing></outerBoundaryIs>
        </Polygon>
      </MultiGeometry>
    </Placemark>
    <Placemark id="ID_00116">
      <name></name>
      <snippet></snippet>
      <description><![CDATA[<html xmlns:fo="http://www.w3.org/1999/XSL/Format" xmlns:msxsl="urn:schemas-microsoft-com:xslt">
<head>
<META http-equiv="Content-Type" content="text/html">
<meta http-equiv="content-type" content="text/html; charset=UTF-8">
</head>
<body style="margin:0px 0px 0px 0px;overflow:auto;background:#FFFFFF;">
<table style="font-family:Arial,Verdana,Times;font-size:12px;text-align:left;width:100%;border-collapse:collapse;padding:3px 3px 3px 3px">
<tr style="text-align:center;font-weight:bold;background:#9CBCE2">
<td></td>
</tr>
<tr>
<td>
<table style="font-family:Arial,Verdana,Times;font-size:12px;text-align:left;width:100%;border-spacing:0px; padding:3px 3px 3px 3px"></table>
</td>
</tr>
</table>
</body><script type="text/javascript">
				function changeImage(attElement, nameElement) {
				document.getElementById('imageAttachment').src = attElement;
				document.getElementById('imageName').innerHTML = nameElement;}
			</script></html>
]]></description>
      <styleUrl>#PolyStyle00</styleUrl>
      <MultiGeometry>
        <Polygon>
          <extrude>0</extrude><altitudeMode>clampToGround</altitudeMode>
          <outerBoundaryIs><LinearRing><coordinates> -48.00988742106756,-24.38906139026005,0 -48.00988711349948,-24.38905779566982,0 -48.00988711349947,-24.38904729698425,0 -48.00988844449603,-24.38903686934513,0 -48.00989108760354,-24.38902665304676,0 -48.00989500864762,-24.38901678748391,0 -48.00990015366904,-24.38900740575634,0 -48.00990645252068,-24.38899863376912,0 -48.00991382156553,-24.38899059113198,0 -48.0099221600795,-24.38898338666315,0 -48.00993135474818,-24.38897711658978,0 -48.00994128236425,-24.38897186724708,0 -48.00995180802948,-24.38896770878183,0 -48.00996279055022,-24.38896469785168,0 -48.0099740797399,-24.38896287492587,0 -48.00998552361295,-24.38896226428625,0 -48.00999696748602,-24.38896287492587,0 -48.01000825757496,-24.38896469785169,0 -48.01001923919643,-24.38896770878182,0 -48.01002976486166,-24.38897186724706,0 -48.01003969247779,-24.38897711658979,0 -48.01004888804569,-24.38898338666315,0 -48.01005722566038,-24.38899059113198,0 -48.01006459470518,-24.38899863376912,0 -48.01007089355687,-24.38900740575633,0 -48.01007603857823,-24.38901678748391,0 -48.01007995962238,-24.38902665304676,0 -48.01008260272988,-24.38903686934514,0 -48.01008362705767,-24.38904370239414,0 -48.01010663171559,-24.38925774913491,0 -48.0101069383844,-24.38926134372514,0 -48.01010693838441,-24.38927184241078,0 -48.01010560828711,-24.38928227004987,0 -48.01010296428035,-24.38929248634827,0 -48.0101027214634,-24.38929321749709,0 -48.01005758628849,-24.38942715802608,0 -48.01005390806137,-24.38943629244012,0 -48.01004876303988,-24.38944567416769,0 -48.01004246328893,-24.3894544461549,0 -48.01003509514344,-24.38946248879194,0 -48.01002675662949,-24.38946969326088,0 -48.01001756196079,-24.38947596243487,0 -48.01000763434479,-24.38948121267697,0 -48.00999710778024,-24.38948537024282,0 -48.00998612615876,-24.38948838207228,0 -48.00998085163496,-24.38948938841368,0 -48.00989437822295,-24.38950363997014,0 -48.00988836265776,-24.38950445655456,0 -48.00988195948474,-24.38950494938309,0 -48.00979156862593,-24.38950918788782,0 -48.00978652792588,-24.38950930569899,0 -48.00977508405276,-24.38950869505937,0 -48.00976379486321,-24.38950687213355,0 -48.00975281324163,-24.3895038612033,0 -48.00974650449751,-24.38950152926128,0 -48.00955129225827,-24.3894220975409,0 -48.00954707443781,-24.38942027101781,0 -48.0095371468218,-24.38941502167506,0 -48.00952795215318,-24.38940875160172,0 -48.00952547901756,-24.38940678658303,0 -48.00937392256839,-24.38928223137894,0 -48.00936805719004,-24.38927699192874,0 -48.00936255243982,-24.38927116971785,0 -48.00920002785898,-24.38908366556781,0 -48.0090599755374,-24.38892824563112,0 -48.00905693403018,-24.3889246915104,0 -48.00905063427933,-24.38891592042257,0 -48.00904735085453,-24.38891025559298,0 -48.00894829143039,-24.38872365885891,0 -48.00890351598446,-24.38864972739219,0 -48.00879152610798,-24.38857162936636,0 -48.00872412641719,-24.38857401436843,0 -48.00868914099095,-24.38862722635451,0 -48.00863832839604,-24.38874127837648,0 -48.00863757206628,-24.38874293043108,0 -48.00863242704479,-24.38875231215867,0 -48.00862612819315,-24.38876108414588,0 -48.00861875914831,-24.38876912678302,0 -48.0086104215336,-24.38877633125184,0 -48.00860122596578,-24.38878260042583,0 -48.0085912983497,-24.38878785066794,0 -48.00858077268446,-24.38879200823369,0 -48.00856979106288,-24.38879502006329,0 -48.00855850097395,-24.38879684298904,0 -48.00854705710089,-24.38879745362875,0 -48.00853561322793,-24.38879684298904,0 -48.00852432403826,-24.38879502006329,0 -48.00851334241679,-24.38879200823368,0 -48.00850281585218,-24.38878785066795,0 -48.00849288823611,-24.38878260042583,0 -48.00848369356754,-24.38877633125184,0 -48.00847535505357,-24.38876912678302,0 -48.00846798690804,-24.38876108414587,0 -48.00846168715707,-24.38875231215865,0 -48.0084565421356,-24.38874293043109,0 -48.00845262199084,-24.38873306396891,0 -48.00844997798407,-24.38872284856973,0 -48.0084486469874,-24.38871242093064,0 -48.0084486469874,-24.38870192134565,0 -48.00844997798408,-24.38869149370659,0 -48.00845262199084,-24.38868127830751,0 -48.00845578580583,-24.38867306389995,0 -48.00850948252651,-24.38855253675928,0 -48.0085102388564,-24.38855088470472,0 -48.00851538387774,-24.38854150297716,0 -48.00851630568286,-24.38854007125645,0 -48.00858268644181,-24.38843910886687,0 -48.00858806438754,-24.38843176860036,0 -48.00859543253307,-24.38842372596333,0 -48.00860377104715,-24.38841652149449,0 -48.00861296571571,-24.38841025232039,0 -48.00862289333178,-24.38840500207841,0 -48.00863341989628,-24.38840084361323,0 -48.00864440151786,-24.388397832683,0 -48.00865569070754,-24.38839600975717,0 -48.00866332864967,-24.38839546656668,0 -48.00881928008567,-24.38838994742725,0 -48.00882308691581,-24.3883898799781,0 -48.00883453078888,-24.38839049061784,0 -48.00884581997853,-24.38839231354354,0 -48.00885680160002,-24.38839532537315,0 -48.00886732726525,-24.38839948383822,0 -48.00887725488138,-24.38840473318112,0 -48.00888280549703,-24.38840833316721,0 -48.00903940714289,-24.38851754323913,0 -48.00904305209514,-24.38852021242701,0 -48.00905138970985,-24.38852741689597,0 -48.00905875875469,-24.38853545953299,0 -48.00906505760622,-24.3885442315202,0 -48.00906589127777,-24.38854558050326,0 -48.00912324374258,-24.38864034476525,0 -48.00921951257033,-24.3888216130162,0 -48.00935327413424,-24.38897005871037,0 -48.00951179133608,-24.38915293315045,0 -48.00964556638968,-24.38926287527061,0 -48.00980501978574,-24.38932775596032,0 -48.00986562419916,-24.38932491410265,0 -48.00988689046756,-24.38932140944463,0 -48.0099084804919,-24.38925734264137,0 -48.00988742106756,-24.38906139026005,0</coordinates></LinearRing></outerBoundaryIs>
        </Polygon>
      </MultiGeometry>
    </Placemark>
    <Placemark id="ID_00117">
      <name></name>
      <snippet></snippet>
      <description><![CDATA[<html xmlns:fo="http://www.w3.org/1999/XSL/Format" xmlns:msxsl="urn:schemas-microsoft-com:xslt">
<head>
<META http-equiv="Content-Type" content="text/html">
<meta http-equiv="content-type" content="text/html; charset=UTF-8">
</head>
<body style="margin:0px 0px 0px 0px;overflow:auto;background:#FFFFFF;">
<table style="font-family:Arial,Verdana,Times;font-size:12px;text-align:left;width:100%;border-collapse:collapse;padding:3px 3px 3px 3px">
<tr style="text-align:center;font-weight:bold;background:#9CBCE2">
<td></td>
</tr>
<tr>
<td>
<table style="font-family:Arial,Verdana,Times;font-size:12px;text-align:left;width:100%;border-spacing:0px; padding:3px 3px 3px 3px"></table>
</td>
</tr>
</table>
</body><script type="text/javascript">
				function changeImage(attElement, nameElement) {
				document.getElementById('imageAttachment').src = attElement;
				document.getElementById('imageName').innerHTML = nameElement;}
			</script></html>
]]></description>
      <styleUrl>#PolyStyle00</styleUrl>
      <MultiGeometry>
        <Polygon>
          <extrude>0</extrude><altitudeMode>clampToGround</altitudeMode>
          <outerBoundaryIs><LinearRing><coordinates> -48.00980643711733,-24.39038942452146,0 -48.00981077274896,-24.39038588838713,0 -48.00981996831678,-24.39037961921316,0 -48.00982989593285,-24.39037436987043,0 -48.00984042159808,-24.39037021140529,0 -48.00985140411894,-24.39036719957575,0 -48.00986269330861,-24.39036537664993,0 -48.00987413718167,-24.39036476601023,0 -48.00988558195399,-24.39036537664993,0 -48.00989687114368,-24.39036719957575,0 -48.00990785276515,-24.3903702114053,0 -48.00991837932963,-24.39037436987044,0 -48.00992830694571,-24.39037961921316,0 -48.00993750251365,-24.39038588838712,0 -48.00994584012835,-24.39039309285608,0 -48.00995320917321,-24.3904011354931,0 -48.00995950892411,-24.39040990748043,0 -48.00996465304627,-24.39041928920801,0 -48.00996857409035,-24.39042915567012,0 -48.00997121809713,-24.39043937106923,0 -48.00997254909378,-24.39044979870834,0 -48.00997254909379,-24.39046029829332,0 -48.00997121809713,-24.39047072593239,0 -48.00996857409035,-24.39048094133146,0 -48.00996465304628,-24.39049080779366,0 -48.00995950892411,-24.39050018952122,0 -48.0099532091732,-24.39050896150855,0 -48.00994584102762,-24.39051700414558,0 -48.00994183814527,-24.39052067248019,0 -48.00966612848902,-24.3907592455318,0 -48.00966179285739,-24.39076278166615,0 -48.00965259728947,-24.39076905084011,0 -48.00964266967338,-24.39077430018283,0 -48.00963339586445,-24.39077803236938,0 -48.00936848706596,-24.39087007977948,0 -48.0093672352097,-24.39087050605809,0 -48.00935625268887,-24.39087351698827,0 -48.0093449634992,-24.39087533991408,0 -48.00933351872686,-24.39087595055372,0 -48.00932207485381,-24.39087533991408,0 -48.00931078566413,-24.39087351698828,0 -48.00929980314327,-24.39087050605808,0 -48.00928927747805,-24.39086634759296,0 -48.00927934986208,-24.39086109825017,0 -48.00927015429414,-24.39085482817689,0 -48.00926903823541,-24.39085395763318,0 -48.00901770200529,-24.39065490079212,0 -48.00868835138624,-24.39061994774151,0 -48.00842303429556,-24.39069321640796,0 -48.00841730921132,-24.39069462654493,0 -48.00840863255229,-24.39069613830525,0 -48.00816453856253,-24.39072834302772,0 -48.00816192693128,-24.39072865509247,0 -48.00815048215895,-24.3907292657322,0 -48.0081390382859,-24.39072865509245,0 -48.00812774909621,-24.39072683216665,0 -48.00811676657548,-24.39072382123648,0 -48.00810624091025,-24.39071966277135,0 -48.00809631239479,-24.39071441342857,0 -48.00808711772623,-24.39070814425462,0 -48.00807877921227,-24.39070093888638,0 -48.0080714101674,-24.39069289624927,0 -48.0080684046331,-24.39068898689635,0 -48.00790604642685,-24.39046545230792,0 -48.00790275310948,-24.39046058967363,0 -48.00789760808811,-24.39045120794607,0 -48.00789368704392,-24.39044134238321,0 -48.00789247835514,-24.39043730352791,0 -48.00782995568778,-24.39020779474305,0 -48.00782852126917,-24.39020161729997,0 -48.00782719117188,-24.39019118966075,0 -48.00782719117188,-24.39018069007591,0 -48.00782852126917,-24.39017026243681,0 -48.00783116527595,-24.39016004703767,0 -48.00783508632009,-24.39015018057546,0 -48.00784023134156,-24.39014079884789,0 -48.00784653019314,-24.39013202686068,0 -48.00785389923799,-24.39012398422364,0 -48.00786223775202,-24.3901167797547,0 -48.00787143242059,-24.39011051058071,0 -48.00788136003667,-24.3901052603386,0 -48.00789188660127,-24.39010110277286,0 -48.00790286822274,-24.39009809094329,0 -48.00791415741242,-24.39009626801749,0 -48.00792560218475,-24.39009565737785,0 -48.00793704605781,-24.39009626801749,0 -48.00794833524736,-24.3900980909433,0 -48.00795931776822,-24.39010110277288,0 -48.00796984343344,-24.3901052603386,0 -48.00797977104952,-24.39011051058071,0 -48.00798896661747,-24.3901167797547,0 -48.00799730513143,-24.39012398422364,0 -48.00800467327701,-24.39013202686067,0 -48.00801097302786,-24.39014079884789,0 -48.00801611804934,-24.39015018057546,0 -48.00802003819416,-24.39016004703767,0 -48.00802124778232,-24.39016408499361,0 -48.00807964346075,-24.39037844559791,0 -48.00819806708711,-24.39054149088629,0 -48.00837319836432,-24.39051838460496,0 -48.00865097016606,-24.39044167693094,0 -48.00865669525024,-24.39044026679398,0 -48.00866798443991,-24.3904384429689,0 -48.00867942921224,-24.39043783322852,0 -48.00869077595843,-24.3904384330764,0 -48.00907056145712,-24.39047873799246,0 -48.00907065858394,-24.3904787487844,0 -48.00908194777355,-24.39048057171011,0 -48.0090929302944,-24.39048358264036,0 -48.00910345595963,-24.39048774110551,0 -48.00911338357576,-24.3904929904483,0 -48.00912257914365,-24.3904992596223,0 -48.00912369520233,-24.39050013106538,0 -48.00935352594445,-24.39068215564613,0 -48.00954504466796,-24.39061560851264,0 -48.00980643711733,-24.39038942452146,0</coordinates></LinearRing></outerBoundaryIs>
        </Polygon>
      </MultiGeometry>
    </Placemark>
    <Placemark id="ID_00118">
      <name></name>
      <snippet></snippet>
      <description><![CDATA[<html xmlns:fo="http://www.w3.org/1999/XSL/Format" xmlns:msxsl="urn:schemas-microsoft-com:xslt">
<head>
<META http-equiv="Content-Type" content="text/html">
<meta http-equiv="content-type" content="text/html; charset=UTF-8">
</head>
<body style="margin:0px 0px 0px 0px;overflow:auto;background:#FFFFFF;">
<table style="font-family:Arial,Verdana,Times;font-size:12px;text-align:left;width:100%;border-collapse:collapse;padding:3px 3px 3px 3px">
<tr style="text-align:center;font-weight:bold;background:#9CBCE2">
<td></td>
</tr>
<tr>
<td>
<table style="font-family:Arial,Verdana,Times;font-size:12px;text-align:left;width:100%;border-spacing:0px; padding:3px 3px 3px 3px"></table>
</td>
</tr>
</table>
</body><script type="text/javascript">
				function changeImage(attElement, nameElement) {
				document.getElementById('imageAttachment').src = attElement;
				document.getElementById('imageName').innerHTML = nameElement;}
			</script></html>
]]></description>
      <styleUrl>#PolyStyle00</styleUrl>
      <MultiGeometry>
        <Polygon>
          <extrude>0</extrude><altitudeMode>clampToGround</altitudeMode>
          <outerBoundaryIs><LinearRing><coordinates> -48.00519062894432,-24.39182404373366,0 -48.00519103184052,-24.39182524342931,0 -48.0051936758474,-24.39183545972782,0 -48.0051950059447,-24.39184588736692,0 -48.0051950059447,-24.39185638605244,0 -48.00519470916839,-24.39185988711313,0 -48.00518414483236,-24.39195924691081,0 -48.00551349994795,-24.39187870722566,0 -48.0055161970148,-24.39187808489483,0 -48.00552748710374,-24.391876261969,0 -48.0055389309768,-24.3918756513293,0 -48.00555037574913,-24.391876261969,0 -48.00555316814417,-24.39187659741606,0 -48.00582543879284,-24.39191299208003,0 -48.00617583894371,-24.39187579342223,0 -48.00629715119248,-24.39180410396532,0 -48.00646405816969,-24.39168149129688,0 -48.00646964026163,-24.39158419544339,0 -48.00635385254816,-24.39140330580705,0 -48.00617393417963,-24.39113964976417,0 -48.00617215801861,-24.39113694280473,0 -48.00616701299714,-24.39112756107727,0 -48.00616309195311,-24.39111769551432,0 -48.00616044884561,-24.3911074792159,0 -48.00615911784899,-24.3910970515767,0 -48.00615907737949,-24.39108723817465,0 -48.00617391529391,-24.39081877525536,0 -48.00617395666267,-24.39081808997197,0 -48.00617528675998,-24.39080766233287,0 -48.00617793076686,-24.39079744603442,0 -48.00618185181099,-24.39078758047162,0 -48.00618699683235,-24.39077819784466,0 -48.00618932877438,-24.39077468599208,0 -48.00639543719961,-24.39047962562337,0 -48.00639940500849,-24.39047436548867,0 -48.00640677405329,-24.39046632285163,0 -48.00641382383878,-24.39046012562341,0 -48.00664334881139,-24.39027751648331,0 -48.00689096094897,-24.39009572302836,0 -48.00689844510714,-24.39009073808626,0 -48.0069083727231,-24.39008548874342,0 -48.00691889838834,-24.39008133027836,0 -48.00692988090918,-24.3900783193481,0 -48.00693799998862,-24.39007688313075,0 -48.00702586285325,-24.39006482052416,0 -48.00707828973123,-24.39000085534435,0 -48.00708542495232,-24.38999309869173,0 -48.00709376346629,-24.38998589332341,0 -48.00710295813496,-24.38997962414942,0 -48.00711288575105,-24.38997437480668,0 -48.00712341231554,-24.38997021634156,0 -48.00713439393702,-24.38996720541139,0 -48.00714568312667,-24.38996538158619,0 -48.00715712789907,-24.38996477184589,0 -48.00716857177207,-24.3899653815862,0 -48.00717986096175,-24.38996720541138,0 -48.00719084348259,-24.38997021634157,0 -48.00720136914783,-24.38997437480669,0 -48.0072112967639,-24.38997962414942,0 -48.00722049233184,-24.38998589332341,0 -48.0072288308458,-24.38999309869173,0 -48.00723619899129,-24.39000114132874,0 -48.00724249874231,-24.3900099124167,0 -48.00724764376371,-24.39001929504356,0 -48.00725156390843,-24.3900291606064,0 -48.00725420791531,-24.39003937600551,0 -48.00725553891198,-24.390049804544,0 -48.00725553891198,-24.39006030322958,0 -48.00725420791531,-24.39007073086866,0 -48.00725156390843,-24.39008094716712,0 -48.00724764376372,-24.39009081272992,0 -48.00724249874231,-24.39010019445756,0 -48.00723619899128,-24.39010896644482,0 -48.00723596606696,-24.39010925242918,0 -48.00715927997675,-24.39020281609625,0 -48.00715214475566,-24.39021057364825,0 -48.00714380624157,-24.39021777811706,0 -48.007134611573,-24.39022404729106,0 -48.00712468395693,-24.39022929663388,0 -48.00711415739232,-24.39023345509902,0 -48.00710317577085,-24.39023646692859,0 -48.00709505669148,-24.39023790224655,0 -48.00699352233311,-24.39025184263761,0 -48.00676969276708,-24.39041615507067,0 -48.00655385727464,-24.39058789500444,0 -48.00636949805386,-24.39085181994465,0 -48.00635754876175,-24.39106802325973,0 -48.00652251680062,-24.39130978530746,0 -48.00665467757119,-24.39151623547498,0 -48.00665500672312,-24.39151675258517,0 -48.00666015174448,-24.39152613521203,0 -48.00666407278867,-24.39153600077488,0 -48.00666671589618,-24.39154621617405,0 -48.00666804689274,-24.39155664471247,0 -48.0066680783691,-24.3915666307845,0 -48.00665862829299,-24.39173135061037,0 -48.00665859681675,-24.3917318623247,0 -48.00665726671946,-24.39174229086307,0 -48.00665462271258,-24.39175250626226,0 -48.00665070166849,-24.39176237182511,0 -48.00664555664702,-24.39177175445201,0 -48.00663925779542,-24.39178052553984,0 -48.00663188875058,-24.39178856817699,0 -48.0066235502366,-24.3917957735452,0 -48.0066218667057,-24.3917970388913,0 -48.00641655058332,-24.39194786688966,0 -48.00640831728997,-24.39195330149277,0 -48.00626344370295,-24.39203891425352,0 -48.00625423824237,-24.39204373282104,0 -48.00624371167788,-24.39204789128627,0 -48.00623273005641,-24.39205090221646,0 -48.00622143996738,-24.39205272604153,0 -48.00622134643795,-24.39205273593405,0 -48.00583532144282,-24.39209371624111,0 -48.00582397109936,-24.39209431608885,0 -48.00581252632691,-24.39209370634859,0 -48.00580973393204,-24.39209337000211,0 -48.00554476487895,-24.39205795200199,0 -48.00518205210999,-24.39214664853807,0 -48.00517935504315,-24.39214727086896,0 -48.00516806585347,-24.39214909379467,0 -48.00515662108114,-24.39214970443442,0 -48.00514517630882,-24.39214909379467,0 -48.00513388711914,-24.39214727086896,0 -48.0051229045983,-24.39214425993874,0 -48.0051187254487,-24.39214276706416,0 -48.00503975418126,-24.39211265056742,0 -48.00503340766551,-24.39210998497692,0 -48.00502348004955,-24.39210473563407,0 -48.00501428448155,-24.39209846556083,0 -48.00500594596753,-24.39209126109188,0 -48.00499857782206,-24.39208321845484,0 -48.00499227807108,-24.39207444646762,0 -48.00498713304972,-24.39206506474004,0 -48.00498321200558,-24.39205519917721,0 -48.00498056889808,-24.3920449828787,0 -48.00497923790147,-24.39203455523961,0 -48.00497923790147,-24.39202405655402,0 -48.00497953557704,-24.39202055549334,0 -48.00499653276369,-24.39186068930842,0 -48.00495381766451,-24.39173634094847,0 -48.00487614142077,-24.39156216025453,0 -48.004640542427,-24.39143815003962,0 -48.0043322845072,-24.39137844135104,0 -48.00406132237209,-24.39138132817482,0 -48.00406017573641,-24.39138133447011,0 -48.00404873096408,-24.39138072383043,0 -48.00403744177441,-24.39137890090467,0 -48.00402645925357,-24.39137588997443,0 -48.00401593358839,-24.39137173150932,0 -48.00400600597237,-24.39136648216648,0 -48.00399681040443,-24.39136021299261,0 -48.00398847189035,-24.39135300762427,0 -48.0039811028455,-24.39134496498725,0 -48.00397686703872,-24.39133931814405,0 -48.00392700322857,-24.39126712866414,0 -48.00392494018376,-24.39126400441939,0 -48.0039197951624,-24.39125462179254,0 -48.00391881040469,-24.39125245352699,0 -48.00385446211362,-24.39110542876166,0 -48.00385152672652,-24.3910977323635,0 -48.00384888271964,-24.39108751606507,0 -48.00384755172308,-24.39107708842603,0 -48.00384755172308,-24.39106658974038,0 -48.00384888271964,-24.3910561612019,0 -48.00385152672652,-24.39104594580288,0 -48.0038554477706,-24.39103608024004,0 -48.00386059189275,-24.3910266976131,0 -48.00386689164366,-24.39101792652525,0 -48.00387426068853,-24.39100988388811,0 -48.00388259920248,-24.39100267851991,0 -48.00389179387116,-24.39099640934594,0 -48.00390172148724,-24.39099116000305,0 -48.00391224805173,-24.39098700153808,0 -48.00392322967321,-24.39098399060777,0 -48.00393451976225,-24.39098216768195,0 -48.0039459636352,-24.39098155704233,0 -48.00395740840764,-24.39098216768197,0 -48.0039686975972,-24.39098399060777,0 -48.00397967921878,-24.39098700153806,0 -48.00399020578328,-24.39099116000305,0 -48.00400013339935,-24.39099640934592,0 -48.0040093289673,-24.39100267851992,0 -48.00401766748128,-24.39100988388823,0 -48.00402503562685,-24.39101792652527,0 -48.00403133537775,-24.3910266976131,0 -48.00403648039923,-24.39103608024006,0 -48.00403746515685,-24.39103824850541,0 -48.00409845088273,-24.39117759126185,0 -48.0041140613148,-24.39120019032555,0 -48.00434088112672,-24.39119777384725,0 -48.00434202776229,-24.39119776755199,0 -48.00435347163534,-24.39119837819164,0 -48.00436242618497,-24.39119972177882,0 -48.00469656659323,-24.39126444328848,0 -48.00469890303191,-24.39126492352649,0 -48.00470988465338,-24.39126793445672,0 -48.004720411218,-24.39127209292178,0 -48.00472529004003,-24.39127449680962,0 -48.00500372734012,-24.39142105482694,0 -48.00500877613398,-24.39142390028188,0 -48.00501797080268,-24.39143016945587,0 -48.00502630931664,-24.39143737482407,0 -48.00503367836149,-24.39144541746113,0 -48.00503997811244,-24.39145418854906,0 -48.00504512223455,-24.39146357117589,0 -48.00504586687322,-24.39146519445229,0 -48.00513788640421,-24.39167153760048,0 -48.00514066081275,-24.39167858019141,0 -48.00519062894432,-24.39182404373366,0</coordinates></LinearRing></outerBoundaryIs>
        </Polygon>
      </MultiGeometry>
    </Placemark>
    <Placemark id="ID_00119">
      <name></name>
      <snippet></snippet>
      <description><![CDATA[<html xmlns:fo="http://www.w3.org/1999/XSL/Format" xmlns:msxsl="urn:schemas-microsoft-com:xslt">
<head>
<META http-equiv="Content-Type" content="text/html">
<meta http-equiv="content-type" content="text/html; charset=UTF-8">
</head>
<body style="margin:0px 0px 0px 0px;overflow:auto;background:#FFFFFF;">
<table style="font-family:Arial,Verdana,Times;font-size:12px;text-align:left;width:100%;border-collapse:collapse;padding:3px 3px 3px 3px">
<tr style="text-align:center;font-weight:bold;background:#9CBCE2">
<td></td>
</tr>
<tr>
<td>
<table style="font-family:Arial,Verdana,Times;font-size:12px;text-align:left;width:100%;border-spacing:0px; padding:3px 3px 3px 3px"></table>
</td>
</tr>
</table>
</body><script type="text/javascript">
				function changeImage(attElement, nameElement) {
				document.getElementById('imageAttachment').src = attElement;
				document.getElementById('imageName').innerHTML = nameElement;}
			</script></html>
]]></description>
      <styleUrl>#PolyStyle00</styleUrl>
      <MultiGeometry>
        <Polygon>
          <extrude>0</extrude><altitudeMode>clampToGround</altitudeMode>
          <outerBoundaryIs><LinearRing><coordinates> -47.95402464811895,-24.4052276798024,0 -47.95403055936271,-24.40523597065237,0 -47.9540357052835,-24.4052453523799,0 -47.95403962632758,-24.4052552179428,0 -47.95404227033448,-24.40526543424126,0 -47.95404360133102,-24.40527586188034,0 -47.95404360133102,-24.40528636056591,0 -47.95404227033448,-24.40529678910429,0 -47.95403962632758,-24.40530700450342,0 -47.9540357052835,-24.40531687006625,0 -47.95403056026208,-24.40532625269322,0 -47.95402425961186,-24.40533502378115,0 -47.95401689056695,-24.40534306641818,0 -47.95400855115361,-24.4053502717864,0 -47.95399935468635,-24.4053565409604,0 -47.95398942527175,-24.4053617903031,0 -47.95397889870713,-24.40536594876834,0 -47.95396791528702,-24.40536895969854,0 -47.95395662429871,-24.40537078262433,0 -47.95394517862701,-24.40537139326403,0 -47.95393373295531,-24.40537078262435,0 -47.95392244196706,-24.40536895969854,0 -47.9539114594462,-24.40536594876836,0 -47.95390093198233,-24.40536179030311,0 -47.95389100256762,-24.4053565409604,0 -47.95388180610041,-24.40535027178641,0 -47.95387346758633,-24.40534306641818,0 -47.95386609764222,-24.40533502378117,0 -47.95386570913513,-24.40533454354317,0 -47.95361969149553,-24.40502770565286,0 -47.9536137793524,-24.40501941480289,0 -47.95360863433092,-24.40501003307537,0 -47.95360471328685,-24.40500016661321,0 -47.95360450554347,-24.40499952269858,0 -47.95354186416564,-24.40480259275428,0 -47.95353942790223,-24.40479302126964,0 -47.95353809690562,-24.40478259363055,0 -47.95353809690562,-24.40477209494497,0 -47.95353942790222,-24.40476166640662,0 -47.95353958078698,-24.40476089119095,0 -47.95360992485808,-24.40441334279035,0 -47.95361241598016,-24.40440390350616,0 -47.95361633702425,-24.40439403704391,0 -47.95362148204572,-24.40438465531634,0 -47.95362778269595,-24.40437588332912,0 -47.95363515174081,-24.4043678406921,0 -47.95364349115414,-24.40436063622314,0 -47.95364533746232,-24.40435925216658,0 -47.95382247422777,-24.40422969942988,0 -47.9538766215088,-24.40412929372076,0 -47.953673538403,-24.40408482944014,0 -47.95318287458998,-24.4041005774685,0 -47.95268173367504,-24.40415313744615,0 -47.9526705901755,-24.40415372380413,0 -47.95221716728838,-24.40415403766752,0 -47.95220889262624,-24.40415372470341,0 -47.95174809529829,-24.4041185045541,0 -47.95174485054442,-24.40411820687855,0 -47.95173355955609,-24.40411638395271,0 -47.95172257613586,-24.40411337302255,0 -47.95172065428466,-24.40411271202089,0 -47.9515291625408,-24.40404471877759,0 -47.95152055782739,-24.40404122131413,0 -47.95151062931205,-24.40403597197133,0 -47.95150143284474,-24.4040297027974,0 -47.9514930934314,-24.40402249742908,0 -47.95148572438666,-24.40401445569143,0 -47.95147942373631,-24.4040056837041,0 -47.95147427871495,-24.40399630107725,0 -47.95147035767082,-24.40398643551443,0 -47.95146771366392,-24.40397622011528,0 -47.95146638266738,-24.40396579157693,0 -47.95146638266738,-24.40395529289135,0 -47.95146771366393,-24.40394486525207,0 -47.95147035767081,-24.40393464985306,0 -47.95147427871496,-24.40392478339083,0 -47.95147942373631,-24.40391540166325,0 -47.95148572438666,-24.40390662967603,0 -47.9514930934314,-24.40389858703902,0 -47.95150143284474,-24.40389138257012,0 -47.95151062931205,-24.40388511339614,0 -47.95152055782739,-24.40387986405334,0 -47.95153108529126,-24.40387570558812,0 -47.95154206781211,-24.40387269465794,0 -47.95155335880037,-24.40387087083287,0 -47.95156480447213,-24.40387026109249,0 -47.95157625014378,-24.40387087083286,0 -47.95158754023271,-24.40387269465794,0 -47.95159852365281,-24.40387570558812,0 -47.95160044550414,-24.40387636658993,0 -47.9517786731472,-24.40393965008359,0 -47.95222116207685,-24.40397347088771,0 -47.95266485160153,-24.40397316331969,0 -47.95316430988486,-24.40392077960917,0 -47.95317207463142,-24.40392024900916,0 -47.95368000003191,-24.40390394789767,0 -47.9536834534286,-24.40390389213968,0 -47.9536948991003,-24.4039045027795,0 -47.95370618918923,-24.40390632570513,0 -47.9537063780469,-24.403906367074,0 -47.95395353063088,-24.40396047928152,0 -47.9539643251934,-24.4039634488429,0 -47.95397485175789,-24.40396760730806,0 -47.95398478117261,-24.40397285665085,0 -47.95399347401957,-24.4039787427136,0 -47.95406421199374,-24.40403236928729,0 -47.95406471561404,-24.40403275239851,0 -47.95407305412812,-24.40403995776665,0 -47.95408042407223,-24.40404800040371,0 -47.9540867238232,-24.40405677149164,0 -47.95409186974393,-24.40406615411861,0 -47.95409579078807,-24.40407601968134,0 -47.95409843479485,-24.40408623508052,0 -47.95409976579152,-24.40409666361894,0 -47.95409976579152,-24.4041071623045,0 -47.95409843479485,-24.40411758994369,0 -47.95409579078807,-24.40412780624208,0 -47.95409186974394,-24.40413767180491,0 -47.95408974104868,-24.40414188962533,0 -47.95398954847877,-24.40432767517086,0 -47.95398653215267,-24.40433283997736,0 -47.9539802324017,-24.40434161106532,0 -47.95397286245759,-24.40434965370232,0 -47.95396452304424,-24.4043568590706,0 -47.95396267673608,-24.40435824312722,0 -47.95379710345343,-24.40447933863932,0 -47.95373772751401,-24.40477269839011,0 -47.95378894300524,-24.40493370491539,0 -47.95402464811895,-24.4052276798024,0</coordinates></LinearRing></outerBoundaryIs>
        </Polygon>
      </MultiGeometry>
    </Placemark>
    <Placemark id="ID_00120">
      <name></name>
      <snippet></snippet>
      <description><![CDATA[<html xmlns:fo="http://www.w3.org/1999/XSL/Format" xmlns:msxsl="urn:schemas-microsoft-com:xslt">
<head>
<META http-equiv="Content-Type" content="text/html">
<meta http-equiv="content-type" content="text/html; charset=UTF-8">
</head>
<body style="margin:0px 0px 0px 0px;overflow:auto;background:#FFFFFF;">
<table style="font-family:Arial,Verdana,Times;font-size:12px;text-align:left;width:100%;border-collapse:collapse;padding:3px 3px 3px 3px">
<tr style="text-align:center;font-weight:bold;background:#9CBCE2">
<td></td>
</tr>
<tr>
<td>
<table style="font-family:Arial,Verdana,Times;font-size:12px;text-align:left;width:100%;border-spacing:0px; padding:3px 3px 3px 3px"></table>
</td>
</tr>
</table>
</body><script type="text/javascript">
				function changeImage(attElement, nameElement) {
				document.getElementById('imageAttachment').src = attElement;
				document.getElementById('imageName').innerHTML = nameElement;}
			</script></html>
]]></description>
      <styleUrl>#PolyStyle00</styleUrl>
      <MultiGeometry>
        <Polygon>
          <extrude>0</extrude><altitudeMode>clampToGround</altitudeMode>
          <outerBoundaryIs><LinearRing><coordinates> -47.95064637902709,-24.40395898280956,0 -47.95064564607964,-24.40395683792655,0 -47.95064300207287,-24.4039466216281,0 -47.9506416710762,-24.4039361939889,0 -47.9506416710762,-24.40392569530349,0 -47.95064300207287,-24.40391526766422,0 -47.95064564607964,-24.40390505136583,0 -47.95064956712378,-24.40389518580299,0 -47.95065471304451,-24.40388580317614,0 -47.95066101279543,-24.40387703208819,0 -47.95066838184028,-24.40386898945106,0 -47.95067672125361,-24.40386178498221,0 -47.95068591772088,-24.40385551490897,0 -47.95069584623627,-24.40385026556612,0 -47.95070637370009,-24.403846107101,0 -47.95071735712032,-24.40384309617082,0 -47.95072864720925,-24.40384127324502,0 -47.95074009288094,-24.40384066260537,0 -47.95075153855254,-24.40384127324501,0 -47.95076282864159,-24.40384309617082,0 -47.95077381206176,-24.403846107101,0 -47.95078433952563,-24.40385026556612,0 -47.95079426804103,-24.40385551490897,0 -47.95080346450816,-24.40386178498221,0 -47.95081180302225,-24.40386898945104,0 -47.95081917296636,-24.40387703208819,0 -47.95082547271733,-24.40388580317614,0 -47.95083061863807,-24.403895185803,0 -47.95083380583544,-24.40390290558344,0 -47.9509382782789,-24.40419571944574,0 -47.95101002619169,-24.40438672195847,0 -47.95101124567236,-24.40439019603952,0 -47.95101388967924,-24.40440041143864,0 -47.9510152206758,-24.40441083907779,0 -47.95101533848698,-24.40441893657345,0 -47.95100778598044,-24.40463809056423,0 -47.95100766816926,-24.40464049175408,0 -47.95100633807193,-24.40465091939326,0 -47.95100369406521,-24.40466113569164,0 -47.95099977212175,-24.40467100125448,0 -47.95099462710033,-24.40468038388144,0 -47.95099394721279,-24.40468144418207,0 -47.95090728224516,-24.40481467964254,0 -47.95090166148248,-24.40482239042972,0 -47.95089837176233,-24.40482621614576,0 -47.95074368926981,-24.40499648478869,0 -47.95065282446819,-24.40513838072048,0 -47.95064685926502,-24.40514662390632,0 -47.95063949022029,-24.40515466654346,0 -47.95063115080695,-24.40516187191167,0 -47.95062195433968,-24.40516814108565,0 -47.95061202582429,-24.40517339042841,0 -47.95060586726686,-24.40517598407326,0 -47.95037252197426,-24.40526548550258,0 -47.95036815396708,-24.40526705032288,0 -47.95036147110489,-24.40526903422733,0 -47.95002341504852,-24.40535731347809,0 -47.95001911449042,-24.40535834050382,0 -47.95000782350223,-24.40536016432894,0 -47.94999637783053,-24.40536077406925,0 -47.94998493215883,-24.40536016432894,0 -47.94997364206989,-24.40535834050381,0 -47.94997258806445,-24.40535810668012,0 -47.9495825520931,-24.40526929682937,0 -47.94957262267837,-24.40526651972289,0 -47.94956209521451,-24.40526236125777,0 -47.9495521657998,-24.40525711191497,0 -47.94954296933247,-24.405250842741,0 -47.9495346308185,-24.40524363827211,0 -47.94953375847615,-24.40524278031888,0 -47.9492075563835,-24.40491780849891,0 -47.94890561710043,-24.40462355302338,0 -47.94889838385325,-24.4046156434859,0 -47.94889208320296,-24.40460687149868,0 -47.94888693818154,-24.40459748977112,0 -47.94888301713746,-24.40458762330901,0 -47.94888037313069,-24.40457740790987,0 -47.94887904213402,-24.40456698027067,0 -47.94887904213402,-24.40455648068582,0 -47.94888037313069,-24.40454605304672,0 -47.94888301713745,-24.40453583764753,0 -47.94888693818154,-24.40452597208468,0 -47.94889208320296,-24.40451658945785,0 -47.94889838385325,-24.40450781747058,0 -47.9489057528981,-24.40449977573285,0 -47.94891409231144,-24.4044925703646,0 -47.94892328877871,-24.40448630119062,0 -47.94893321729409,-24.40448105184787,0 -47.94894374475798,-24.40447689338276,0 -47.94895472817814,-24.40447388245252,0 -47.94896601826706,-24.40447205862744,0 -47.94897746393877,-24.40447144888707,0 -47.94898890961036,-24.40447205862744,0 -47.94900020059868,-24.40447388245252,0 -47.94901118311953,-24.40447689338276,0 -47.94902171058345,-24.40448105184787,0 -47.94903163909886,-24.40448630119062,0 -47.94904083556601,-24.4044925703646,0 -47.94904917497934,-24.40449977573286,0 -47.94904931077701,-24.40449990793321,0 -47.94935199020211,-24.40479488556434,0 -47.94965887845444,-24.40510061369116,0 -47.94999463854163,-24.40517706505836,0 -47.95030175612106,-24.40509686531691,0 -47.95049936415422,-24.40502107135415,0 -47.95057768521197,-24.40489876445526,0 -47.95058365041502,-24.40489052126929,0 -47.95058694013511,-24.40488669465402,0 -47.95074184026362,-24.40471618679139,0 -47.95081150984328,-24.40460908023368,0 -47.95081768818574,-24.4044297940885,0 -47.95075132901059,-24.40425312766855,0 -47.95064637902709,-24.40395898280956,0</coordinates></LinearRing></outerBoundaryIs>
        </Polygon>
      </MultiGeometry>
    </Placemark>
    <Placemark id="ID_00121">
      <name></name>
      <snippet></snippet>
      <description><![CDATA[<html xmlns:fo="http://www.w3.org/1999/XSL/Format" xmlns:msxsl="urn:schemas-microsoft-com:xslt">
<head>
<META http-equiv="Content-Type" content="text/html">
<meta http-equiv="content-type" content="text/html; charset=UTF-8">
</head>
<body style="margin:0px 0px 0px 0px;overflow:auto;background:#FFFFFF;">
<table style="font-family:Arial,Verdana,Times;font-size:12px;text-align:left;width:100%;border-collapse:collapse;padding:3px 3px 3px 3px">
<tr style="text-align:center;font-weight:bold;background:#9CBCE2">
<td></td>
</tr>
<tr>
<td>
<table style="font-family:Arial,Verdana,Times;font-size:12px;text-align:left;width:100%;border-spacing:0px; padding:3px 3px 3px 3px"></table>
</td>
</tr>
</table>
</body><script type="text/javascript">
				function changeImage(attElement, nameElement) {
				document.getElementById('imageAttachment').src = attElement;
				document.getElementById('imageName').innerHTML = nameElement;}
			</script></html>
]]></description>
      <styleUrl>#PolyStyle00</styleUrl>
      <MultiGeometry>
        <Polygon>
          <extrude>0</extrude><altitudeMode>clampToGround</altitudeMode>
          <outerBoundaryIs><LinearRing><coordinates> -47.94356279338808,-24.40624850565279,0 -47.9435665057896,-24.40624924219759,0 -47.94357748920971,-24.40625225312778,0 -47.94358801667358,-24.40625641159289,0 -47.94359794608829,-24.40626166093575,0 -47.94360714255555,-24.40626793010973,0 -47.94361548106957,-24.40627513547793,0 -47.94362285101369,-24.40628317811496,0 -47.94362915166391,-24.40629194920291,0 -47.94363429668533,-24.40630133182975,0 -47.94363821772953,-24.40631119739261,0 -47.94364086173631,-24.40632141279173,0 -47.94364219273296,-24.40633184133021,0 -47.94364219273297,-24.4063423400158,0 -47.94364086173631,-24.40635276765489,0 -47.94363821772952,-24.40636298395331,0 -47.94363429668534,-24.40637284951616,0 -47.94362915166391,-24.40638223124374,0 -47.94362285101369,-24.40639100323103,0 -47.9436154819689,-24.40639904586812,0 -47.94360714255555,-24.40640625033702,0 -47.94359794608829,-24.40641252041023,0 -47.94358801667357,-24.40641776975297,0 -47.9435774892097,-24.40642192821821,0 -47.94356650578959,-24.40642493914846,0 -47.94355521480129,-24.40642676207408,0 -47.94354376912958,-24.4064273727139,0 -47.94353232345794,-24.40642676207408,0 -47.94352474577033,-24.40642567569313,0 -47.94335926961452,-24.40639587665709,0 -47.94335555721318,-24.4063951401124,0 -47.94334457379296,-24.4063921282828,0 -47.9433367550871,-24.40638916951325,0 -47.94308571023731,-24.40628237142311,0 -47.94308300057992,-24.40628117262685,0 -47.94307307206459,-24.40627592328399,0 -47.94306387559726,-24.40626965321077,0 -47.94306008405562,-24.40626658472395,0 -47.94276036969518,-24.4060111781621,0 -47.94275582182366,-24.40600704218002,0 -47.9427484527788,-24.40599899954298,0 -47.94274319084554,-24.40599183554354,0 -47.94247925781143,-24.40559252036735,0 -47.94219283992754,-24.40514458963992,0 -47.94185832720001,-24.40478836458016,0 -47.94136616871367,-24.40445829989937,0 -47.9413610488732,-24.40445462167226,0 -47.94135703340027,-24.40445136162986,0 -47.94087247868186,-24.40403584606621,0 -47.94086815564083,-24.40403190163978,0 -47.9408607856966,-24.40402385900278,0 -47.94085448594569,-24.40401508791479,0 -47.94084934092428,-24.40400570528795,0 -47.94084778329852,-24.40400219883123,0 -47.94068839465361,-24.40362058591012,0 -47.94047496035108,-24.40316950036102,0 -47.94047489649923,-24.40316936456333,0 -47.94047097545513,-24.40315949900048,0 -47.94046833144824,-24.40314928360137,0 -47.94046700045169,-24.40313885506298,0 -47.94046700045169,-24.40312835637739,0 -47.94046833144825,-24.40311792873831,0 -47.94046836832052,-24.40311773808202,0 -47.94062454998289,-24.40231666337217,0 -47.94062715621817,-24.40230663772996,0 -47.94063107816168,-24.40229677216714,0 -47.94063622318305,-24.40228739043953,0 -47.94064252293401,-24.40227861845232,0 -47.94064989287813,-24.40227057581528,0 -47.94065823139221,-24.40226337134635,0 -47.94066742785942,-24.40225710217238,0 -47.94067735637486,-24.40225185282964,0 -47.94068788293936,-24.40224769436441,0 -47.94069886635948,-24.40224468253495,0 -47.94071015734784,-24.40224285960915,0 -47.94072160212023,-24.40224224896952,0 -47.94073304779187,-24.40224285960915,0 -47.9407443378808,-24.40224468253495,0 -47.94075532130091,-24.40224769436441,0 -47.94076584786553,-24.40225185282964,0 -47.94077577638087,-24.40225710217239,0 -47.94078497284818,-24.40226337134635,0 -47.94079331226153,-24.40227057581529,0 -47.94080068130638,-24.40227861845231,0 -47.94080698105722,-24.40228739043953,0 -47.94081212697796,-24.40229677216713,0 -47.94081604802216,-24.40230663772996,0 -47.94081869202898,-24.40231685402845,0 -47.94082002302559,-24.40232728166757,0 -47.94082002302559,-24.40233778035315,0 -47.94081869202899,-24.40234820889162,0 -47.94081865515676,-24.4023483995478,0 -47.94066769765607,-24.40312268525252,0 -47.94087100379375,-24.40355241460107,0 -47.9410238318843,-24.40391826330609,0 -47.94148746837192,-24.40431584099207,0 -47.94198395529519,-24.40464880868434,0 -47.94198907603493,-24.40465248691157,0 -47.94199741544828,-24.4046596913804,0 -47.94200045605611,-24.40466278235026,0 -47.94234816093882,-24.40503305571975,0 -47.94235249027513,-24.4050380073869,0 -47.94235848695456,-24.4050463018342,0 -47.94264868558832,-24.40550014920127,0 -47.94290476034633,-24.40588756994419,0 -47.94318296652062,-24.40612464832265,0 -47.94340901741215,-24.40622081282902,0 -47.94356279338808,-24.40624850565279,0</coordinates></LinearRing></outerBoundaryIs>
        </Polygon>
      </MultiGeometry>
    </Placemark>
    <Placemark id="ID_00122">
      <name></name>
      <snippet></snippet>
      <description><![CDATA[<html xmlns:fo="http://www.w3.org/1999/XSL/Format" xmlns:msxsl="urn:schemas-microsoft-com:xslt">
<head>
<META http-equiv="Content-Type" content="text/html">
<meta http-equiv="content-type" content="text/html; charset=UTF-8">
</head>
<body style="margin:0px 0px 0px 0px;overflow:auto;background:#FFFFFF;">
<table style="font-family:Arial,Verdana,Times;font-size:12px;text-align:left;width:100%;border-collapse:collapse;padding:3px 3px 3px 3px">
<tr style="text-align:center;font-weight:bold;background:#9CBCE2">
<td></td>
</tr>
<tr>
<td>
<table style="font-family:Arial,Verdana,Times;font-size:12px;text-align:left;width:100%;border-spacing:0px; padding:3px 3px 3px 3px"></table>
</td>
</tr>
</table>
</body><script type="text/javascript">
				function changeImage(attElement, nameElement) {
				document.getElementById('imageAttachment').src = attElement;
				document.getElementById('imageName').innerHTML = nameElement;}
			</script></html>
]]></description>
      <styleUrl>#PolyStyle00</styleUrl>
      <MultiGeometry>
        <Polygon>
          <extrude>0</extrude><altitudeMode>clampToGround</altitudeMode>
          <outerBoundaryIs><LinearRing><coordinates> -47.97995351913953,-24.40441102973404,0 -47.97995414866495,-24.40441081749402,0 -47.97996513208506,-24.40440780656384,0 -47.9799764221741,-24.40440598363802,0 -47.97998786784581,-24.40440537299839,0 -47.97999931351745,-24.40440598363803,0 -47.98001060360639,-24.40440780656384,0 -47.9800215870265,-24.40441081749401,0 -47.98003211449037,-24.40441497595912,0 -47.98004204300582,-24.40442022530199,0 -47.98005123947303,-24.40442649537524,0 -47.98005957888637,-24.40443369984415,0 -47.98006694793121,-24.4044417424812,0 -47.98007324858144,-24.4044505144684,0 -47.98007839360292,-24.40445989619599,0 -47.98008231464706,-24.40446976175895,0 -47.98008495865384,-24.40447997805734,0 -47.98008628965051,-24.40449040569644,0 -47.9800862896505,-24.40450090438208,0 -47.98008495865383,-24.4045113329205,0 -47.98008231464707,-24.40452154831957,0 -47.98007839360292,-24.40453141388247,0 -47.98007324858145,-24.40454079650935,0 -47.98006694883059,-24.40454956759731,0 -47.98005957888637,-24.40455761023431,0 -47.98005123947303,-24.40456481560249,0 -47.98004204300582,-24.40457108477649,0 -47.98003211449037,-24.40457633411932,0 -47.98002221655202,-24.40458028034441,0 -47.97979355312987,-24.40465811127167,0 -47.97979292360453,-24.40465832261231,0 -47.9797819401843,-24.40466133354255,0 -47.97977065009537,-24.40466315736762,0 -47.97976070449289,-24.40466375721537,0 -47.97947614011168,-24.40466772322564,0 -47.97947464004256,-24.40466773401755,0 -47.97946319437085,-24.40466712337781,0 -47.97946096225348,-24.40466686077575,0 -47.97921391668887,-24.40463516866686,0 -47.9792048587172,-24.40463360834315,0 -47.97919387529703,-24.40463059651364,0 -47.97918334783316,-24.40462643804847,0 -47.9791810257836,-24.40462533458033,0 -47.97895741565219,-24.40451559660625,0 -47.97894980918625,-24.40451145163093,0 -47.97894061361832,-24.40450518155769,0 -47.97893227420496,-24.40449797708874,0 -47.97892490426085,-24.4044899344517,0 -47.97892100839773,-24.40448477773913,0 -47.97877966824706,-24.40428305890486,0 -47.97877726435923,-24.40427944452949,0 -47.9787721193378,-24.40427006280191,0 -47.97876882422185,-24.40426204174867,0 -47.97866472409765,-24.40396677093855,0 -47.97866409727015,-24.4039649255297,0 -47.97866145326338,-24.40395471013058,0 -47.97866012226672,-24.40394428249146,0 -47.97866012226672,-24.40393378290662,0 -47.97866145326338,-24.40392335526753,0 -47.97866409727014,-24.4039131398684,0 -47.97866801831429,-24.40390327340618,0 -47.97867316423503,-24.40389389167859,0 -47.97867946398605,-24.40388511969132,0 -47.97868683303086,-24.40387707705435,0 -47.9786951724442,-24.40386987258534,0 -47.9787043689114,-24.40386360341142,0 -47.97871429742685,-24.40385835406869,0 -47.97872482489071,-24.40385419560346,0 -47.97873580831082,-24.40385118467331,0 -47.97874709839977,-24.40384936084821,0 -47.97875854407148,-24.40384875110778,0 -47.97876998974316,-24.40384936084814,0 -47.97878127983216,-24.40385118467331,0 -47.97879226325227,-24.40385419560344,0 -47.97880279071614,-24.4038583540687,0 -47.97881271923148,-24.40386360341144,0 -47.9788219156988,-24.40386987258533,0 -47.97883025511215,-24.40387707705424,0 -47.97883762415699,-24.40388511969132,0 -47.97884392390785,-24.40389389167859,0 -47.97884906982859,-24.40390327340616,0 -47.97885236404534,-24.40391129445942,0 -47.97895253323276,-24.40419541277693,0 -47.97907312962121,-24.40436752592939,0 -47.97925867504779,-24.40445858318587,0 -47.97948076532504,-24.40448707460764,0 -47.97974074943601,-24.40448345033981,0 -47.97995351913953,-24.40441102973404,0</coordinates></LinearRing></outerBoundaryIs>
        </Polygon>
      </MultiGeometry>
    </Placemark>
    <Placemark id="ID_00123">
      <name></name>
      <snippet></snippet>
      <description><![CDATA[<html xmlns:fo="http://www.w3.org/1999/XSL/Format" xmlns:msxsl="urn:schemas-microsoft-com:xslt">
<head>
<META http-equiv="Content-Type" content="text/html">
<meta http-equiv="content-type" content="text/html; charset=UTF-8">
</head>
<body style="margin:0px 0px 0px 0px;overflow:auto;background:#FFFFFF;">
<table style="font-family:Arial,Verdana,Times;font-size:12px;text-align:left;width:100%;border-collapse:collapse;padding:3px 3px 3px 3px">
<tr style="text-align:center;font-weight:bold;background:#9CBCE2">
<td></td>
</tr>
<tr>
<td>
<table style="font-family:Arial,Verdana,Times;font-size:12px;text-align:left;width:100%;border-spacing:0px; padding:3px 3px 3px 3px"></table>
</td>
</tr>
</table>
</body><script type="text/javascript">
				function changeImage(attElement, nameElement) {
				document.getElementById('imageAttachment').src = attElement;
				document.getElementById('imageName').innerHTML = nameElement;}
			</script></html>
]]></description>
      <styleUrl>#PolyStyle00</styleUrl>
      <MultiGeometry>
        <Polygon>
          <extrude>0</extrude><altitudeMode>clampToGround</altitudeMode>
          <outerBoundaryIs><LinearRing><coordinates> -45.92043516074119,-23.18547680667513,0 -45.92045350060699,-23.18574384570662,0 -45.92034646800136,-23.18578772382483,0 -45.91964090880266,-23.18563919266882,0 -45.91976731362774,-23.18520847572903,0 -45.92043516074119,-23.18547680667513,0</coordinates></LinearRing></outerBoundaryIs>
        </Polygon>
      </MultiGeometry>
    </Placemark>
    <Placemark id="ID_00124">
      <name></name>
      <snippet></snippet>
      <description><![CDATA[<html xmlns:fo="http://www.w3.org/1999/XSL/Format" xmlns:msxsl="urn:schemas-microsoft-com:xslt">
<head>
<META http-equiv="Content-Type" content="text/html">
<meta http-equiv="content-type" content="text/html; charset=UTF-8">
</head>
<body style="margin:0px 0px 0px 0px;overflow:auto;background:#FFFFFF;">
<table style="font-family:Arial,Verdana,Times;font-size:12px;text-align:left;width:100%;border-collapse:collapse;padding:3px 3px 3px 3px">
<tr style="text-align:center;font-weight:bold;background:#9CBCE2">
<td></td>
</tr>
<tr>
<td>
<table style="font-family:Arial,Verdana,Times;font-size:12px;text-align:left;width:100%;border-spacing:0px; padding:3px 3px 3px 3px"></table>
</td>
</tr>
</table>
</body><script type="text/javascript">
				function changeImage(attElement, nameElement) {
				document.getElementById('imageAttachment').src = attElement;
				document.getElementById('imageName').innerHTML = nameElement;}
			</script></html>
]]></description>
      <styleUrl>#PolyStyle00</styleUrl>
      <MultiGeometry>
        <Polygon>
          <extrude>0</extrude><altitudeMode>clampToGround</altitudeMode>
          <outerBoundaryIs><LinearRing><coordinates> -48.40240220426931,-23.11029773531353,0 -48.40233933197541,-23.11042237650273,0 -48.40227022740501,-23.11054367328643,0 -48.40219506794856,-23.11066131429753,0 -48.4021140465393,-23.11077499755323,0 -48.40202737115803,-23.11088443123025,0 -48.4019352642992,-23.11098933441391,0 -48.4018379623998,-23.11108943781925,0 -48.40173571523241,-23.11118448448224,0 -48.40162878526404,-23.11127423041949,0 -48.4015174469824,-23.11135844525445,0 -48.40140198619125,-23.11143691280884,0 -48.40128269927679,-23.11150943165759,0 -48.40115989244681,-23.11157581564584,0 -48.40103388094469,-23.11163589436685,0 -48.40090498824014,-23.11168951359941,0 -48.40077354519889,-23.11173653570372,0 -48.40063988923335,-23.1117768399747,0 -48.40050436343645,-23.11181032295187,0 -48.40036731570097,-23.11183689868492,0 -48.40022909782649,-23.1118564989543,0 -48.40009006461631,-23.11186907344642,0 -48.39995057296667,-23.11187458988274,0 -48.39981098095066,-23.11187303410263,0 -48.39967164689897,-23.11186441009977,0 -48.39953292848012,-23.11184874001185,0 -48.39939518178228,-23.11182606406375,0 -48.39925876039928,-23.11179644046432,0 -48.39912401452282,-23.1117599452569,0 -48.39899129004365,-23.11171667212417,0 -48.39886092766361,-23.11166673214764,0 -48.39873326202105,-23.11161025352252,0 -48.39860862083185,-23.11154738122862,0 -48.39848732404815,-23.11147827665823,0 -48.39836968303705,-23.11140311720177,0 -48.39825599978135,-23.11132209579251,0 -48.39814656610433,-23.11123542041123,0 -48.39804166292067,-23.1111433135524,0 -48.39794155951533,-23.11104601165301,0 -48.39784651285233,-23.11094376448562,0 -48.39775676691509,-23.11083683451726,0 -48.39767255208013,-23.11072549623562,0 -48.39759408452574,-23.11061003544446,0 -48.397521565677,-23.11049074853,0 -48.39745518168874,-23.11036794170002,0 -48.39739510296773,-23.1102419301979,0 -48.39734148373517,-23.11011303749335,0 -48.39729446163086,-23.1099815944521,0 -48.39725415735988,-23.10984793848655,0 -48.39722067438271,-23.10971241268965,0 -48.39719409864966,-23.10957536495418,0 -48.39717449838027,-23.1094371470797,0 -48.39716192388816,-23.10929811386951,0 -48.39715640745184,-23.10915862221989,0 -48.39715796323195,-23.10901903020387,0 -48.39716658723481,-23.10887969615218,0 -48.39718225732273,-23.10874097773333,0 -48.39720493327083,-23.1086032310355,0 -48.39723455687027,-23.10846680965248,0 -48.39727105207768,-23.10833206377603,0 -48.39731432521041,-23.10819933929686,0 -48.39736426518694,-23.10806897691682,0 -48.39742074381206,-23.10794131127426,0 -48.39748361610596,-23.10781667008506,0 -48.39755272067636,-23.10769537330136,0 -48.39762788013281,-23.10757773229026,0 -48.39770890154207,-23.10746404903456,0 -48.39779557692334,-23.10735461535754,0 -48.39788768378217,-23.10724971217388,0 -48.39798498568157,-23.10714960876854,0 -48.39808723284896,-23.10705456210555,0 -48.39819416281733,-23.1069648161683,0 -48.39830550109897,-23.10688060133334,0 -48.39842096189012,-23.10680213377895,0 -48.39854024880458,-23.1067296149302,0 -48.39866305563456,-23.10666323094195,0 -48.39878906713668,-23.10660315222094,0 -48.39891795984123,-23.10654953298838,0 -48.39904940288248,-23.10650251088407,0 -48.39918305884802,-23.10646220661309,0 -48.39931858464492,-23.10642872363592,0 -48.3994556323804,-23.10640214790287,0 -48.39959385025488,-23.10638254763349,0 -48.39973288346506,-23.10636997314137,0 -48.3998723751147,-23.10636445670505,0 -48.40001196713071,-23.10636601248516,0 -48.4001513011824,-23.10637463648802,0 -48.40029001960125,-23.10639030657594,0 -48.40042776629909,-23.10641298252404,0 -48.40056418768209,-23.10644260612347,0 -48.40069893355855,-23.10647910133089,0 -48.40083165803772,-23.10652237446362,0 -48.40096202041776,-23.10657231444015,0 -48.40108968606032,-23.10662879306527,0 -48.40121432724952,-23.10669166535917,0 -48.40133562403322,-23.10676076992956,0 -48.40145326504432,-23.10683592938602,0 -48.40156694830002,-23.10691695079528,0 -48.40167638197704,-23.10700362617656,0 -48.4017812851607,-23.10709573303539,0 -48.40188138856604,-23.10719303493478,0 -48.40197643522904,-23.10729528210217,0 -48.40206618116628,-23.10740221207053,0 -48.40215039600124,-23.10751355035217,0 -48.40222886355564,-23.10762901114333,0 -48.40230138240437,-23.10774829805779,0 -48.40236776639263,-23.10787110488777,0 -48.40242784511364,-23.10799711638989,0 -48.4024814643462,-23.10812600909444,0 -48.40252848645051,-23.10825745213569,0 -48.40256879072149,-23.10839110810124,0 -48.40260227369866,-23.10852663389814,0 -48.40262884943171,-23.10866368163361,0 -48.4026484497011,-23.10880189950809,0 -48.40266102419321,-23.10894093271828,0 -48.40266654062953,-23.1090804243679,0 -48.40266498484942,-23.10922001638392,0 -48.40265636084656,-23.10935935043561,0 -48.40264069075864,-23.10949806885446,0 -48.40261801481054,-23.10963581555229,0 -48.4025883912111,-23.10977223693531,0 -48.40255189600369,-23.10990698281176,0 -48.40250862287096,-23.11003970729093,0 -48.40245868289443,-23.11017006967097,0 -48.40240220426931,-23.11029773531353,0</coordinates></LinearRing></outerBoundaryIs>
        </Polygon>
      </MultiGeometry>
    </Placemark>
    <Placemark id="ID_00125">
      <name></name>
      <snippet></snippet>
      <description><![CDATA[<html xmlns:fo="http://www.w3.org/1999/XSL/Format" xmlns:msxsl="urn:schemas-microsoft-com:xslt">
<head>
<META http-equiv="Content-Type" content="text/html">
<meta http-equiv="content-type" content="text/html; charset=UTF-8">
</head>
<body style="margin:0px 0px 0px 0px;overflow:auto;background:#FFFFFF;">
<table style="font-family:Arial,Verdana,Times;font-size:12px;text-align:left;width:100%;border-collapse:collapse;padding:3px 3px 3px 3px">
<tr style="text-align:center;font-weight:bold;background:#9CBCE2">
<td></td>
</tr>
<tr>
<td>
<table style="font-family:Arial,Verdana,Times;font-size:12px;text-align:left;width:100%;border-spacing:0px; padding:3px 3px 3px 3px"></table>
</td>
</tr>
</table>
</body><script type="text/javascript">
				function changeImage(attElement, nameElement) {
				document.getElementById('imageAttachment').src = attElement;
				document.getElementById('imageName').innerHTML = nameElement;}
			</script></html>
]]></description>
      <styleUrl>#PolyStyle00</styleUrl>
      <MultiGeometry>
        <Polygon>
          <extrude>0</extrude><altitudeMode>clampToGround</altitudeMode>
          <outerBoundaryIs><LinearRing><coordinates> -48.42035152766557,-22.99816102200898,0 -48.42015895122694,-22.9980842224491,0 -48.41996912463087,-22.9980008574652,0 -48.41978227163195,-22.9979110253222,0 -48.41959861247972,-22.9978148319081,0 -48.41941836365899,-22.99771239060909,0 -48.41924173763474,-22.99760382217596,0 -48.41906894260161,-22.99748925458175,0 -48.41890018223857,-22.99736882287088,0 -48.41873565546876,-22.99724266900002,0 -48.41857555622508,-22.9971109416707,0 -48.41842007322155,-22.99697379615408,0 -48.41826938973088,-22.9968313941079,0 -48.41812368336846,-22.99668390338593,0 -48.41798312588296,-22.99653149784015,0 -48.41784788295391,-22.99637435711576,0 -48.41771811399644,-22.99621266643949,0 -48.41759397197328,-22.99604661640124,0 -48.41747560321456,-22.99587640272942,0 -48.41736314724525,-22.99570222606025,0 -48.41725673662077,-22.99552429170124,0 -48.41715649677065,-22.99534280938925,0 -48.41706254585078,-22.99515799304319,0 -48.41697499460406,-22.99497006051191,0 -48.4168939462299,-22.9947792333174,0 -48.41681949626258,-22.9945857363937,0 -48.41675173245861,-22.99438979782172,0 -48.41669073469334,-22.99419164856044,0 -48.41663657486674,-22.99399152217462,0 -48.41658931681872,-22.99378965455955,0 -48.41654901625381,-22.99358628366295,0 -48.41651572067558,-22.9933816492045,0 -48.41648946933056,-22.99317599239328,0 -48.41647029316204,-22.99296955564345,0 -48.41645821477357,-22.99276258228853,0 -48.41645324840234,-22.99255531629452,0 -48.41645539990236,-22.99234800197238,0 -48.4164646667376,-22.99214088369003,0 -48.41648103798493,-22.99193420558433,0 -48.41650449434705,-22.99172821127326,0 -48.41653500817522,-22.99152314356881,0 -48.41657254350182,-22.99131924419075,0 -48.41661705608278,-22.9911167534817,0 -48.41666849344972,-22.99091591012383,0 -48.41672679497179,-22.99071695085755,0 -48.41679189192715,-22.9905201102024,0 -48.41686370758396,-22.99032562018067,0 -48.41694215729086,-22.99013371004387,0 -48.4170271485767,-22.98994460600254,0 -48.41711858125957,-22.98975853095956,0 -48.41721634756489,-22.98957570424745,0 -48.41732033225243,-22.98939634136982,0 -48.41743041275218,-22.98922065374733,0 -48.41754645930875,-22.98904884846854,0 -48.41766833513445,-22.98888112804573,0 -48.41779589657038,-22.98871769017625,0 -48.41792899325586,-22.98855872750946,0 -48.41806746830562,-22.98840442741968,0 -48.41821115849478,-22.98825497178527,0 -48.41835989445119,-22.98811053677431,0 -48.41851350085506,-22.98797129263689,0 -48.4186717966457,-22.98783740350446,0 -48.41883459523488,-22.98770902719637,0 -48.41900170472675,-22.98758631503382,0 -48.41917292814412,-22.98746941166148,0 -48.41934806366053,-22.98735845487706,0 -48.41952690483824,-22.98725357546882,0 -48.4197092408715,-22.98715489706141,0 -48.4198948568351,-22.98706253597018,0 -48.42008353393765,-22.98697660106406,0 -48.42027504977951,-22.98689719363724,0 -48.42046917861491,-22.98682440728974,0 -48.42066569161808,-22.98675832781714,0 -48.42086435715296,-22.98669903310938,0 -48.42106494104622,-22.98664659305901,0 -48.4212672068633,-22.98660106947877,0 -48.42147091618711,-22.98656251602873,0 -48.42167582889905,-22.98653097815307,0 -48.42188170346206,-22.98650649302646,0 -48.42208829720528,-22.9864890895103,0 -48.42229536661019,-22.98647878811867,0 -48.42250266759753,-22.98647560099413,0 -48.42270995581511,-22.98647953189345,0 -48.42291698692577,-22.98649057618317,0 -48.42312351689542,-22.98650872084501,0 -48.42332930228067,-22.98653394449131,0 -48.42353410051582,-22.98656621739015,0 -48.42373767019871,-22.98660550150045,0 -48.42393977137537,-22.98665175051679,0 -48.42414016582275,-22.986704909924,0 -48.42433861732961,-22.98676491706141,0 -48.42453489197491,-22.98683170119672,0 -48.42472875840354,-22.98690518360936,0 -48.42491998809903,-22.9869852776833,0 -48.42510835565291,-22.98707188900912,0 -48.42529363903041,-22.98716491549534,0 -48.42547561983218,-22.9872642474887,0 -48.42565408355171,-22.98736976790344,0 -48.4258288198282,-22.98748135235934,0 -48.42599962269448,-22.98759886932827,0 -48.42616629081983,-22.98772218028929,0 -48.4263286277473,-22.98785113989187,0 -48.42648644212521,-22.98798559612727,0 -48.4266395479328,-22.9881253905077,0 -48.42678776469943,-22.9882703582531,0 -48.42693091771731,-22.98842032848544,0 -48.42706883824749,-22.98857512443006,0 -48.42720136371869,-22.98873456362412,0 -48.42732833791894,-22.98889845813161,0 -48.42744961117977,-22.98906661476491,0 -48.42756504055257,-22.9892388353125,0 -48.42767448997709,-22.9894149167726,0 -48.42777783044184,-22.98959465159243,0 -48.42787494013617,-22.98977782791291,0 -48.42796570459382,-22.98996422981833,0 -48.42805001682786,-22.99015363759089,0 -48.42812777745682,-22.99034582796969,0 -48.42819889482176,-22.99054057441387,0 -48.42826328509444,-22.99073764736965,0 -48.42832087237599,-22.99093681454094,0 -48.42837158878648,-22.99113784116312,0 -48.42841537454488,-22.99134049027977,0 -48.42845217803953,-22.99154452302199,0 -48.42848195588899,-22.99174969888996,0 -48.42850467299318,-22.99195577603642,0 -48.42852030257473,-22.99216251155175,0 -48.42852882621055,-22.99236966175027,0 -48.42853023385357,-22.99257698245753,0 -48.42852452384457,-22.99278422929807,0 -48.42851170291409,-22.99299115798351,0 -48.42849178617458,-22.99319752460049,0 -48.42846479710253,-22.99340308589818,0 -48.42843076751081,-22.99360759957499,0 -48.42838973751116,-22.99381082456422,0 -48.42834175546695,-22.99401252131816,0 -48.42828687793612,-22.99421245209049,0 -48.42822516960454,-22.99441038121652,0 -48.42815670320977,-22.99460607539095,0 -48.42808155945531,-22.99479930394288,0 -48.42799982691547,-22.99498983910773,0 -48.42791160193096,-22.99517745629571,0 -48.42781698849536,-22.99536193435652,0 -48.4277160981325,-22.99554305584006,0 -48.42760904976503,-22.99572060725273,0 -48.42749596957425,-22.99589437930908,0 -48.42737699085132,-22.99606416717851,0 -48.42725225384022,-22.99622977072672,0 -48.42712190557241,-22.99639099475159,0 -48.42698609969347,-22.99654764921327,0 -48.42684499628209,-22.99669954945821,0 -48.42669876166131,-22.99684651643681,0 -48.42654756820247,-22.99698837691447,0 -48.42639159412207,-22.99712496367577,0 -48.42623102327168,-22.99725611572158,0 -48.42606604492121,-22.99738167845886,0 -48.42589685353585,-22.99750150388286,0 -48.42572364854681,-22.99761545075157,0 -48.42554663411627,-22.99772338475222,0 -48.42536601889672,-22.99782517865962,0 -48.42518201578501,-22.99792071248607,0 -48.4249948416714,-22.99800987362284,0 -48.42480471718391,-22.99809255697289,0 -48.42461186642828,-22.99816866507475,0 -48.42441651672377,-22.99823810821741,0 -48.42421889833522,-22.99830080454604,0 -48.42401924420165,-22.9983566801585,0 -48.4238177896617,-22.99840566919245,0 -48.42361477217616,-22.99844771390298,0 -48.42341043104815,-22.99848276473065,0 -48.42320500714099,-22.99851078035995,0 -48.42299874259432,-22.99853172776799,0 -48.42279188053866,-22.99854558226337,0 -48.42258466480882,-22.99855232751539,0 -48.42237733965652,-22.99855195557318,0 -48.42217014946245,-22.99854446687519,0 -48.42196333844822,-22.99852987024856,0 -48.42175715038849,-22.99850818289881,0 -48.42155182832361,-22.9984794303895,0 -48.42134761427318,-22.99844364661211,0 -48.42114474895074,-22.99840087374611,0 -48.42094347148002,-22.99835116220922,0 -48.42074401911314,-22.99829457059801,0 -48.42054662695087,-22.99823116561878,0 -48.42035152766557,-22.99816102200898,0</coordinates></LinearRing></outerBoundaryIs>
        </Polygon>
      </MultiGeometry>
    </Placemark>
    <Placemark id="ID_00126">
      <name></name>
      <snippet></snippet>
      <description><![CDATA[<html xmlns:fo="http://www.w3.org/1999/XSL/Format" xmlns:msxsl="urn:schemas-microsoft-com:xslt">
<head>
<META http-equiv="Content-Type" content="text/html">
<meta http-equiv="content-type" content="text/html; charset=UTF-8">
</head>
<body style="margin:0px 0px 0px 0px;overflow:auto;background:#FFFFFF;">
<table style="font-family:Arial,Verdana,Times;font-size:12px;text-align:left;width:100%;border-collapse:collapse;padding:3px 3px 3px 3px">
<tr style="text-align:center;font-weight:bold;background:#9CBCE2">
<td></td>
</tr>
<tr>
<td>
<table style="font-family:Arial,Verdana,Times;font-size:12px;text-align:left;width:100%;border-spacing:0px; padding:3px 3px 3px 3px"></table>
</td>
</tr>
</table>
</body><script type="text/javascript">
				function changeImage(attElement, nameElement) {
				document.getElementById('imageAttachment').src = attElement;
				document.getElementById('imageName').innerHTML = nameElement;}
			</script></html>
]]></description>
      <styleUrl>#PolyStyle00</styleUrl>
      <MultiGeometry>
        <Polygon>
          <extrude>0</extrude><altitudeMode>clampToGround</altitudeMode>
          <outerBoundaryIs><LinearRing><coordinates> -48.2464619060076,-24.84540266079836,0 -48.24649934935991,-24.84540522767315,0 -48.24646183308499,-24.84540453588278,0 -48.2464619060076,-24.84540266079836,0</coordinates></LinearRing></outerBoundaryIs>
        </Polygon>
        <Polygon>
          <extrude>0</extrude><altitudeMode>clampToGround</altitudeMode>
          <outerBoundaryIs><LinearRing><coordinates> -48.24438673143521,-24.84721279940436,0 -48.24438225789225,-24.84721725593357,0 -48.24436036698796,-24.84721660935315,0 -48.24435674802248,-24.84721317083233,0 -48.24435670794691,-24.84720649767866,0 -48.24435084364291,-24.84720318925446,0 -48.24433057494554,-24.84719607172832,0 -48.24431605299878,-24.84719453959673,0 -48.24430286082628,-24.84718974875096,0 -48.24428922082228,-24.84718711284449,0 -48.24427696435464,-24.84718159539648,0 -48.24424741499513,-24.84718105004566,0 -48.24424296955033,-24.84717833575996,0 -48.24423640869446,-24.84717747518357,0 -48.2442327897337,-24.84717403666014,0 -48.24423241150407,-24.84715453877385,0 -48.24422880892928,-24.84715036106172,0 -48.24418523200501,-24.84711583948143,0 -48.24418553084524,-24.84710235806597,0 -48.24418304656615,-24.84709655630814,0 -48.24418210507253,-24.84709020452613,0 -48.24417852987995,-24.84708479169404,0 -48.24417867930021,-24.84707805098634,0 -48.24417574315061,-24.84707241032675,0 -48.24417540294894,-24.84705915673874,0 -48.24416564900827,-24.8470352887357,0 -48.244160979296,-24.84701020380436,0 -48.24415502988592,-24.84700064315467,0 -48.24414729125499,-24.84699375686336,0 -48.24417591116475,-24.84686953096457,0 -48.24416852384394,-24.84686939462404,0 -48.24416867326335,-24.84686265391611,0 -48.24417503156337,-24.84686038708992,0 -48.24418707324861,-24.84684366953798,0 -48.24419744748297,-24.84683413446896,0 -48.24420262271076,-24.84683139469416,0 -48.2442039551982,-24.84682512693325,0 -48.24420673836357,-24.8468195239152,0 -48.2442103526264,-24.84681607530882,0 -48.24421091116272,-24.84679589727261,0 -48.24421838137255,-24.84678727450654,0 -48.24422080482498,-24.84678269445999,0 -48.24422229915444,-24.84677723161303,0 -48.2442237804197,-24.84675725222962,0 -48.24423038496593,-24.84674585608809,0 -48.24423698771335,-24.84674292133423,0 -48.2442456177273,-24.84673229974095,0 -48.24424905507414,-24.84672633163939,0 -48.24425860535126,-24.84671623123353,0 -48.24426074203222,-24.84670995749821,0 -48.24426826980067,-24.8466993659398,0 -48.24428343972784,-24.84668619576081,0 -48.24429463916107,-24.84668105559939,0 -48.24429583444982,-24.84662712992912,0 -48.24429960280878,-24.84662382774127,0 -48.24429975221938,-24.84661708703248,0 -48.24430132229344,-24.8466109142513,0 -48.24430733269742,-24.84660850834842,0 -48.2443074821075,-24.84660176763953,0 -48.24431404966634,-24.84659222653767,0 -48.24431521199358,-24.84658644824606,0 -48.24432084537506,-24.84658389162377,0 -48.24432617463646,-24.84657922162364,0 -48.24433277601685,-24.84657623276132,0 -48.24433642158499,-24.8465724090089,0 -48.24434321859627,-24.84657003797344,0 -48.24434894178665,-24.84656588856143,0 -48.24435561600916,-24.84656299596202,0 -48.2443796209472,-24.84654891137211,0 -48.24439117750387,-24.84654114299235,0 -48.24439526901966,-24.84653579645243,0 -48.24440183017089,-24.84653275442776,0 -48.24440715942706,-24.84652808442428,0 -48.24441024832578,-24.84652319544529,0 -48.24442023165659,-24.84651628676221,0 -48.2444207561324,-24.846509902425,0 -48.24443336603844,-24.84650511967959,0 -48.24444659199287,-24.84649398920368,0 -48.2444467413946,-24.84648724849393,0 -48.24445432185445,-24.84647866980066,0 -48.24445608815506,-24.84647346537571,0 -48.24446567066292,-24.84646678891409,0 -48.24446849435145,-24.84646111728108,0 -48.24447363048751,-24.84645631477332,0 -48.24448042795831,-24.84644548091927,0 -48.24449311757991,-24.84643293022287,0 -48.24449937663746,-24.846430431675,0 -48.24450349391225,-24.84642746101139,0 -48.24450730601728,-24.84642218450887,0 -48.24451484271128,-24.84641558012021,0 -48.24452038206203,-24.84641396063103,0 -48.24453005564726,-24.84640728234757,0 -48.24453672985737,-24.84640438973884,0 -48.24456104696674,-24.84638920764672,0 -48.2445720593459,-24.8463802781788,0 -48.24457829840247,-24.84637714614701,0 -48.24458550136376,-24.8463756435321,0 -48.24459144037428,-24.84637243198409,0 -48.24459566241006,-24.84636689898895,0 -48.24460645321943,-24.84635856608412,0 -48.24461061924814,-24.84635309795993,0 -48.24461605517831,-24.84635046239811,0 -48.24461971683098,-24.84634512575013,0 -48.24462031544999,-24.84632496375934,0 -48.24461674025582,-24.84631955093761,0 -48.24461688964726,-24.84631281022672,0 -48.2446189487502,-24.84630788401171,0 -48.24462331885695,-24.84630335746618,0 -48.24464601610725,-24.84628692728069,0 -48.24466621529677,-24.84628178232936,0 -48.24466939505066,-24.84627792089191,0 -48.24466926548666,-24.84626459218157,0 -48.24465665122278,-24.8462587390199,0 -48.24464782592452,-24.84625076647836,0 -48.24464771683267,-24.846244117921,0 -48.24464440012019,-24.84623861294614,0 -48.24464454950947,-24.84623187223491,0 -48.24464097431644,-24.8462264594138,0 -48.24464071213606,-24.84620649053426,0 -48.24463427210026,-24.84619541163801,0 -48.24463501904756,-24.84616170808238,0 -48.24463676544258,-24.84615648475335,0 -48.24464284685109,-24.84614648176887,0 -48.24465191655293,-24.84613844448558,0 -48.24465414137501,-24.84613253345105,0 -48.24465790970891,-24.84612923125172,0 -48.24466923203971,-24.84611335618132,0 -48.24467832959994,-24.84610538396589,0 -48.24468435742602,-24.84610298502201,0 -48.24468442258961,-24.84610004466231,0 -48.24471871103225,-24.84605347307752,0 -48.24475596305155,-24.8460399116928,0 -48.24475617024854,-24.84603056212796,0 -48.24476941718319,-24.84593302626359,0 -48.24475214406118,-24.84587875980054,0 -48.24467103352828,-24.84587051969191,0 -48.2445595523036,-24.84589880818862,0 -48.24441497773671,-24.84591974243443,0 -48.24431580577192,-24.84605952509526,0 -48.24410642203355,-24.84617029977119,0 -48.24399728926915,-24.84625932235059,0 -48.24397463712438,-24.84644772128689,0 -48.24392717532783,-24.84658845803438,0 -48.24382225873234,-24.84665395614275,0 -48.24366984758132,-24.84669497533667,0 -48.24349337422228,-24.84665462861079,0 -48.24340711792269,-24.84654514084826,0 -48.24339723264842,-24.84649101065247,0 -48.2432755665107,-24.84647864932896,0 -48.24315442355788,-24.84644269544964,0 -48.24305958461548,-24.84638699675037,0 -48.24302940612023,-24.84624819858948,0 -48.24297818696164,-24.84605843597711,0 -48.24285604160548,-24.84590108107506,0 -48.24276941264077,-24.84580844477995,0 -48.2428037764069,-24.8457585033384,0 -48.2430321516419,-24.84562447904523,0 -48.24314747592877,-24.84558951918717,0 -48.24315229053991,-24.84553903210514,0 -48.24308305171309,-24.84532870645347,0 -48.24262535561144,-24.84497296729927,0 -48.24236173381087,-24.84486357556045,0 -48.24209329754035,-24.84480467041294,0 -48.24192201636595,-24.84469698333965,0 -48.24155028015161,-24.84446421110937,0 -48.24134725330737,-24.84428850244905,0 -48.24122962781331,-24.84409414092863,0 -48.24118445309273,-24.84396518067922,0 -48.2412166936769,-24.84384439408279,0 -48.24127057209193,-24.84374760930712,0 -48.24132582592154,-24.84375537350127,0 -48.24149311264364,-24.8438764742761,0 -48.24184634904827,-24.84394369009942,0 -48.24209042347729,-24.8439347110413,0 -48.24247709583926,-24.84382721291115,0 -48.24273633368813,-24.84367723592311,0 -48.24307648482943,-24.84359348110178,0 -48.24324755791906,-24.84350660432028,0 -48.24315263501006,-24.84333764419227,0 -48.24308560681118,-24.84318206113056,0 -48.24342889164473,-24.84295687970706,0 -48.24387165825306,-24.84269494701982,0 -48.24418419658508,-24.84258495551654,0 -48.24459194360611,-24.84263106580812,0 -48.24486946504527,-24.8428291183227,0 -48.24489337151311,-24.84302249162636,0 -48.24493108294735,-24.84322898176492,0 -48.24521202432709,-24.84327275102936,0 -48.24568125974048,-24.84308847398921,0 -48.24613611937531,-24.84291679243262,0 -48.24635031315108,-24.84279212055685,0 -48.24710091340648,-24.84326899708969,0 -48.24673201591304,-24.84337795568632,0 -48.24642346325265,-24.84330795579581,0 -48.24618649900043,-24.84318782679912,0 -48.24612729233621,-24.8433153565702,0 -48.24611007028267,-24.84345652271634,0 -48.24617738726863,-24.84359924784656,0 -48.24652678647948,-24.84373431224168,0 -48.2464619060076,-24.84540266079836,0 -48.24617814130784,-24.84538320741342,0 -48.24598479233623,-24.84547717340155,0 -48.2459688437641,-24.84559836246683,0 -48.24596354627249,-24.84573926383587,0 -48.24589209805163,-24.84579526558906,0 -48.24566928539639,-24.8458451036629,0 -48.24553325311069,-24.84598083558859,0 -48.24550243460436,-24.8460375865987,0 -48.24535733721433,-24.84608211426161,0 -48.24528876073288,-24.84617525775411,0 -48.24530092161683,-24.84629349282739,0 -48.24529453958297,-24.84641475755166,0 -48.24524946898993,-24.84644764342073,0 -48.24514656953284,-24.84642214289477,0 -48.245087023032,-24.84644127470284,0 -48.24508657493152,-24.84646149684312,0 -48.24508280659683,-24.84646479905319,0 -48.24508265722972,-24.84647153976658,0 -48.24507512055925,-24.84647814418628,0 -48.24507497119151,-24.84648488489972,0 -48.24507120285585,-24.84648818710929,0 -48.24506846355592,-24.84649389248079,0 -48.24506724140281,-24.8465002043414,0 -48.24506634519247,-24.84654064862104,0 -48.24506238373681,-24.84655266585281,0 -48.24506193563008,-24.84657288799241,0 -48.24506223812955,-24.84657946760439,0 -48.24506821546879,-24.84658254056006,0 -48.2450688310837,-24.84659522073616,0 -48.24505752606439,-24.84660512736332,0 -48.24505101686321,-24.84660582538879,0 -48.24503971184168,-24.84661573201436,0 -48.24503506539133,-24.8466181999014,0 -48.24502855618954,-24.84661889792579,0 -48.24502014139728,-24.84662466802041,0 -48.24501363219514,-24.84662536604412,0 -48.24501013388897,-24.84662981524502,0 -48.24497940616459,-24.84664464176183,0 -48.24496230859518,-24.84665813644551,0 -48.24495260821254,-24.84666470093589,0 -48.2449462869892,-24.84666705433517,0 -48.24493913948385,-24.84667456763083,0 -48.24492706277442,-24.84668059563023,0 -48.24491757501846,-24.84668765668522,0 -48.24490641935745,-24.84669082258677,0 -48.24490402316326,-24.84669542852106,0 -48.24489927282809,-24.84669833816838,0 -48.24487766285421,-24.84671772616332,0 -48.24487094680802,-24.84673674469769,0 -48.24486312331965,-24.84674397147108,0 -48.24486216814432,-24.84674994656945,0 -48.24485364721448,-24.8467581493212,0 -48.24485077558899,-24.8467638017957,0 -48.24483942678432,-24.84677568271201,0 -48.24483927740187,-24.84678242342375,0 -48.24483412421023,-24.84678517202559,0 -48.24483126090661,-24.84679058784059,0 -48.24482761654019,-24.84679417959291,0 -48.24482411648893,-24.84679958084962,0 -48.24482396710545,-24.84680632156125,0 -48.24482101265943,-24.84681240314387,0 -48.2448163295872,-24.84681747499604,0 -48.24481618020326,-24.84682421570767,0 -48.24481241185003,-24.84682751790911,0 -48.24481136615896,-24.84687470288992,0 -48.24480508208791,-24.84688451334921,0 -48.24479967481471,-24.8469020395334,0 -48.24479952542924,-24.84690878024475,0 -48.24479619672701,-24.8469142500004,0 -48.24479556393305,-24.84692079746566,0 -48.24478694972271,-24.84692896292916,0 -48.24478417135316,-24.84693465268441,0 -48.24477286627979,-24.84694455928491,0 -48.24476654702886,-24.84694684174582,0 -48.24476162308309,-24.84695167379044,0 -48.24475847843917,-24.84695721712478,0 -48.24475027425143,-24.84696355469754,0 -48.24474820239425,-24.84696952688671,0 -48.24474269377748,-24.84697213340445,0 -48.24474135711256,-24.8469777460428,0 -48.24471440182481,-24.84700245108684,0 -48.24470474763586,-24.84701700124037,0 -48.24469792924629,-24.8470174054986,0 -48.24468866983875,-24.84702499990408,0 -48.24468592084969,-24.84703069250253,0 -48.24467924660712,-24.84703358511501,0 -48.24467555729223,-24.8470372230787,0 -48.24467258981724,-24.8470423956428,0 -48.24466157105508,-24.84705125963109,0 -48.24463610301052,-24.84706445412831,0 -48.2446307737369,-24.84706912413827,0 -48.24461702809651,-24.84707125466434,0 -48.24461066979143,-24.847073521509,0 -48.24460534051661,-24.84707819151811,0 -48.24459109337636,-24.84708624046675,0 -48.24458767710979,-24.84709036494615,0 -48.2445813929408,-24.84709280492797,0 -48.24457762457314,-24.84709610712224,0 -48.24456586285135,-24.84710287083402,0 -48.24456053357358,-24.84710754084125,0 -48.24455012792731,-24.84711245837934,0 -48.24453614119363,-24.84712183293124,0 -48.2445292717801,-24.84712218870658,0 -48.24452498548573,-24.84712499879987,0 -48.24452173504005,-24.84712879309188,0 -48.24452106771349,-24.84713504170213,0 -48.24451486036008,-24.84713820966499,0 -48.2445134739055,-24.84714422080879,0 -48.24446206039164,-24.84720044185337,0 -48.24444607253292,-24.84721445186074,0 -48.24444052137449,-24.84721882865597,0 -48.2444339102359,-24.84722180466918,0 -48.24442325165995,-24.84723114467198,0 -48.24441601741597,-24.84723136588747,0 -48.24441188154594,-24.84722644436329,0 -48.24440711163743,-24.8472234161714,0 -48.24439430213511,-24.84721779980322,0 -48.2443907734613,-24.84721404135331,0 -48.24438673143521,-24.84721279940436,0 -48.24439602484711,-24.84720354133594,0 -48.24439763983617,-24.84719720997685,0 -48.24439180984803,-24.84719383008121,0 -48.24438669337076,-24.84719585138612,0 -48.2443865439609,-24.8472025920949,0 -48.24438412368664,-24.84720717516728,0 -48.24437673634441,-24.84720703883528,0 -48.244384278795,-24.84721204580853,0 -48.24438673143521,-24.84721279940436,0</coordinates></LinearRing></outerBoundaryIs>
        </Polygon>
      </MultiGeometry>
    </Placemark>
    <Placemark id="ID_00127">
      <name></name>
      <snippet></snippet>
      <description><![CDATA[<html xmlns:fo="http://www.w3.org/1999/XSL/Format" xmlns:msxsl="urn:schemas-microsoft-com:xslt">
<head>
<META http-equiv="Content-Type" content="text/html">
<meta http-equiv="content-type" content="text/html; charset=UTF-8">
</head>
<body style="margin:0px 0px 0px 0px;overflow:auto;background:#FFFFFF;">
<table style="font-family:Arial,Verdana,Times;font-size:12px;text-align:left;width:100%;border-collapse:collapse;padding:3px 3px 3px 3px">
<tr style="text-align:center;font-weight:bold;background:#9CBCE2">
<td></td>
</tr>
<tr>
<td>
<table style="font-family:Arial,Verdana,Times;font-size:12px;text-align:left;width:100%;border-spacing:0px; padding:3px 3px 3px 3px"></table>
</td>
</tr>
</table>
</body><script type="text/javascript">
				function changeImage(attElement, nameElement) {
				document.getElementById('imageAttachment').src = attElement;
				document.getElementById('imageName').innerHTML = nameElement;}
			</script></html>
]]></description>
      <styleUrl>#PolyStyle00</styleUrl>
      <MultiGeometry>
        <Polygon>
          <extrude>0</extrude><altitudeMode>clampToGround</altitudeMode>
          <outerBoundaryIs><LinearRing><coordinates> -46.18383678190639,-23.92873713073442,0 -46.18363571970275,-23.92879888350029,0 -46.18353427935261,-23.9285187136357,0 -46.18359394545081,-23.92844270414031,0 -46.1837201682211,-23.92848304818403,0 -46.18383678190639,-23.92873713073442,0</coordinates></LinearRing></outerBoundaryIs>
        </Polygon>
      </MultiGeometry>
    </Placemark>
    <Placemark id="ID_00128">
      <name></name>
      <snippet></snippet>
      <description><![CDATA[<html xmlns:fo="http://www.w3.org/1999/XSL/Format" xmlns:msxsl="urn:schemas-microsoft-com:xslt">
<head>
<META http-equiv="Content-Type" content="text/html">
<meta http-equiv="content-type" content="text/html; charset=UTF-8">
</head>
<body style="margin:0px 0px 0px 0px;overflow:auto;background:#FFFFFF;">
<table style="font-family:Arial,Verdana,Times;font-size:12px;text-align:left;width:100%;border-collapse:collapse;padding:3px 3px 3px 3px">
<tr style="text-align:center;font-weight:bold;background:#9CBCE2">
<td></td>
</tr>
<tr>
<td>
<table style="font-family:Arial,Verdana,Times;font-size:12px;text-align:left;width:100%;border-spacing:0px; padding:3px 3px 3px 3px"></table>
</td>
</tr>
</table>
</body><script type="text/javascript">
				function changeImage(attElement, nameElement) {
				document.getElementById('imageAttachment').src = attElement;
				document.getElementById('imageName').innerHTML = nameElement;}
			</script></html>
]]></description>
      <styleUrl>#PolyStyle00</styleUrl>
      <MultiGeometry>
        <Polygon>
          <extrude>0</extrude><altitudeMode>clampToGround</altitudeMode>
          <outerBoundaryIs><LinearRing><coordinates> -46.1339073069999,-23.18504137099995,0 -46.13395617699996,-23.18501364299988,0 -46.13412808799995,-23.18493826099996,0 -46.13418780499995,-23.18492947599992,0 -46.1342314069999,-23.18492814099983,0 -46.13445405499994,-23.18505122299996,0 -46.13465192099994,-23.18517354399995,0 -46.13472979499994,-23.18522539599991,0 -46.13471885999991,-23.18525592099996,0 -46.13471304799998,-23.18525358499994,0 -46.13470848999992,-23.18525196099989,0 -46.13470386799997,-23.18525049899995,0 -46.13469919699997,-23.1852491809999,0 -46.13469448699993,-23.18524798399983,0 -46.13468974999989,-23.1852468809999,0 -46.13468499499993,-23.18524584599993,0 -46.13467745499986,-23.18524426699997,0 -46.13466790799987,-23.18524234699987,0 -46.1346611159999,-23.18524111099998,0 -46.13465630899998,-23.18524030399988,0 -46.13465148799992,-23.18523957799994,0 -46.13464665199996,-23.18523894699996,0 -46.13464179999994,-23.18523842399992,0 -46.13463693499995,-23.18523801699996,0 -46.13463205999983,-23.18523773199996,0 -46.13462717799996,-23.18523757599996,0 -46.13462229399983,-23.18523755699994,0 -46.13461741099997,-23.18523768099993,0 -46.13461253599991,-23.18523795699997,0 -46.13460767399994,-23.18523839199992,0 -46.13460283299997,-23.18523899299987,0 -46.13459801799996,-23.18523975599993,0 -46.13459323199999,-23.18524065599991,0 -46.13458847099997,-23.1852416669999,0 -46.1345837319999,-23.18524276199992,0 -46.13457900899988,-23.18524391499994,0 -46.13457429599993,-23.18524510199995,0 -46.13456958499989,-23.18524629699994,0 -46.13456486999996,-23.18524747599997,0 -46.13456014299993,-23.18524861299994,0 -46.13455539899996,-23.18524968999998,0 -46.13455063899994,-23.18525070399994,0 -46.13454586499989,-23.18525165999995,0 -46.13454107899992,-23.18525256399994,0 -46.13453628199989,-23.18525341799983,0 -46.13453147699994,-23.18525422799996,0 -46.13452666299997,-23.18525499699996,0 -46.13452184299996,-23.18525573199992,0 -46.13451701799988,-23.18525643499981,0 -46.13451218899996,-23.18525711199987,0 -46.13450362999993,-23.18525829099997,0 -46.13449488099985,-23.1852595659999,0 -46.13448504499991,-23.18526124399995,0 -46.13447578199987,-23.18526332299996,0 -46.13446933399996,-23.18526566799994,0 -46.13446499399993,-23.18526773399986,0 -46.13445849799996,-23.18527178899984,0 -46.13445448299996,-23.18527693999982,0 -46.13445304799995,-23.18528122899983,0 -46.13445279899992,-23.18528908699994,0 -46.13445643599994,-23.18529384199996,0 -46.13446002299997,-23.18529690299988,0 -46.13446395599993,-23.1852995779999,0 -46.13446812099994,-23.18530193699985,0 -46.13447243299993,-23.18530405699994,0 -46.13447683799996,-23.18530600899993,0 -46.13448129099999,-23.18530786499997,0 -46.13448575499996,-23.18530969899996,0 -46.13449020099989,-23.18531156999995,0 -46.1344946239999,-23.18531348599993,0 -46.13449902299993,-23.18531544899997,0 -46.13450339799994,-23.18531745799987,0 -46.13450774799992,-23.18531951199998,0 -46.13451207299994,-23.18532161099995,0 -46.13451637199995,-23.18532375499996,0 -46.13452064499995,-23.18532594299995,0 -46.13452489199994,-23.18532817499988,0 -46.13452911099995,-23.18533044999998,0 -46.13453330399983,-23.18533276799991,0 -46.13453747299991,-23.18533511999993,0 -46.13454162499988,-23.18533749899996,0 -46.13454576499998,-23.18533989699995,0 -46.13454989699994,-23.18534230499989,0 -46.13455700799994,-23.18534645799997,0 -46.13456470399996,-23.18535090599988,0 -46.1345706329999,-23.18535423499998,0 -46.13457483199988,-23.18535654299984,0 -46.13457905899998,-23.18535880599995,0 -46.13458331199996,-23.18536102599995,0 -46.13458758399997,-23.18536321699986,0 -46.13459186599988,-23.18536539099995,0 -46.13459614899995,-23.18536756099996,0 -46.13460042599996,-23.18536974199986,0 -46.13460468899996,-23.18537194699996,0 -46.13460892999996,-23.18537418899996,0 -46.13461313799996,-23.18537648199998,0 -46.13461730399996,-23.1853788389999,0 -46.13462142299994,-23.18538126699991,0 -46.13462549499991,-23.18538376199996,0 -46.13462951999998,-23.18538631999991,0 -46.13463350199993,-23.18538893499993,0 -46.13463744299992,-23.18539160299997,0 -46.13464134599997,-23.18539431899995,0 -46.13464521199995,-23.18539707899998,0 -46.13464904599988,-23.18539987799994,0 -46.13465611199996,-23.18540513699986,0 -46.13466075399998,-23.18540800299991,0 -46.13466516599982,-23.18540992899989,0 -46.13466983599994,-23.1854112449999,0 -46.13467459799989,-23.1854122499999,0 -46.13460916299988,-23.18566869799997,0 -46.13439708999994,-23.18553010399989,0 -46.13411409599996,-23.18541208099998,0 -46.13387552599994,-23.18530910999982,0 -46.13383356099985,-23.18528906299991,0 -46.1339073069999,-23.18504137099995,0</coordinates></LinearRing></outerBoundaryIs>
        </Polygon>
        <Polygon>
          <extrude>0</extrude><altitudeMode>clampToGround</altitudeMode>
          <outerBoundaryIs><LinearRing><coordinates> -46.13342326999998,-23.18321876599998,0 -46.13347075199994,-23.18314001699991,0 -46.13376821599996,-23.18319969899989,0 -46.13406629399998,-23.18326596899988,0 -46.13444021999993,-23.18320322999995,0 -46.13477715699992,-23.18323297299997,0 -46.13490068999994,-23.18342458199993,0 -46.13489970999996,-23.18342469699996,0 -46.13489486299989,-23.1834252569999,0 -46.13489001099992,-23.18342577699997,0 -46.13488514999989,-23.18342622499989,0 -46.13488027999995,-23.18342656699991,0 -46.13487539999988,-23.18342677099997,0 -46.13487051599992,-23.18342680399996,0 -46.13486563399988,-23.18342664899995,0 -46.13486076499993,-23.18342629499989,0 -46.13485591899996,-23.18342572699993,0 -46.13485111099993,-23.18342493399996,0 -46.13484635699996,-23.18342390099997,0 -46.13484166899985,-23.18342263399995,0 -46.13483703999998,-23.18342119099992,0 -46.13483245199996,-23.18341964199988,0 -46.13482787999993,-23.18341805199992,0 -46.13482330199992,-23.18341647799997,0 -46.13481871199991,-23.18341493299994,0 -46.13481410999998,-23.18341341899998,0 -46.13480949699994,-23.18341193299995,0 -46.13480487399994,-23.18341047499985,0 -46.13480024099988,-23.18340904499991,0 -46.13479559799993,-23.18340764099997,0 -46.1347909459999,-23.18340626399993,0 -46.13478628699988,-23.1834049069999,0 -46.13478163099995,-23.18340354099996,0 -46.13477699099991,-23.18340212899994,0 -46.13477238199988,-23.18340063299991,0 -46.13476782099997,-23.18339901799988,0 -46.13476332799996,-23.18339724599997,0 -46.13475892699995,-23.18339528799993,0 -46.13475462399992,-23.1833931509999,0 -46.13475041999993,-23.18339085199989,0 -46.13474631299994,-23.18338840899997,0 -46.13474229699989,-23.18338583799994,0 -46.1347383669999,-23.18338315699998,0 -46.13473451499993,-23.18338037999985,0 -46.13473073299991,-23.18337752099995,0 -46.13472701299997,-23.18337459499998,0 -46.13472334399984,-23.1833716139999,0 -46.13471972199989,-23.18336858399994,0 -46.13471620599995,-23.18336544999994,0 -46.13471291099995,-23.18336211799993,0 -46.13470999199996,-23.18335849999988,0 -46.13470765299996,-23.18335454099991,0 -46.13470598499998,-23.18335029999992,0 -46.13470469099997,-23.18334594599992,0 -46.13470341999994,-23.18334158599998,0 -46.13470184199991,-23.18333731399991,0 -46.13469961199991,-23.18333330399986,0 -46.1346964139999,-23.18332990999994,0 -46.13469240599994,-23.18332734299997,0 -46.13468794999994,-23.18332550499991,0 -46.13468325799988,-23.18332425999989,0 -46.13467842199992,-23.18332366299995,0 -46.13467356199988,-23.18332398199988,0 -46.13466901699996,-23.18332558199984,0 -46.1346651049999,-23.18332827199998,0 -46.13466168699995,-23.18333149499995,0 -46.13465847599997,-23.18333489799988,0 -46.13465519699997,-23.18333824399991,0 -46.13465159099985,-23.18334128599997,0 -46.13464754099994,-23.1833438029999,0 -46.13464314899994,-23.18334577099989,0 -46.13463853499991,-23.18334724999994,0 -46.13463380599995,-23.18334837799995,0 -46.13462902699985,-23.18334930899994,0 -46.13462423699997,-23.18335019799991,0 -46.13461946599995,-23.18335116599991,0 -46.13461471099998,-23.1833521989999,0 -46.13460995699995,-23.18335323699989,0 -46.13460519099993,-23.18335422599989,0 -46.13460039999995,-23.18335510699995,0 -46.13459557699991,-23.18335581599996,0 -46.13459071799997,-23.18335627799996,0 -46.13458583699992,-23.1833564129999,0 -46.13458096399995,-23.18335613299996,0 -46.13457615499993,-23.18335535799997,0 -46.13457143299996,-23.18335420199998,0 -46.13456672599995,-23.18335299499995,0 -46.13456194499997,-23.18335208199989,0 -46.13455707999992,-23.18335170499995,0 -46.13455219599996,-23.18335173499997,0 -46.13454731899992,-23.18335197799996,0 -46.13454244199994,-23.18335224499998,0 -46.1345375599999,-23.18335235199993,0 -46.13453268099994,-23.18335214399997,0 -46.1345278259999,-23.18335165599996,0 -46.13452299299996,-23.1833509999999,0 -46.13451816999998,-23.1833502849999,0 -46.13451333899997,-23.18334961899996,0 -46.13450848499991,-23.18334910999994,0 -46.13450361199995,-23.18334880899988,0 -46.1344987299999,-23.18334865399987,0 -46.13449384599994,-23.18334856599995,0 -46.13448896299997,-23.18334847199998,0 -46.13448408199991,-23.18334829299994,0 -46.13447920899995,-23.18334797599994,0 -46.13447434599993,-23.18334755299998,0 -46.13446948799998,-23.18334707999992,0 -46.13446462999991,-23.18334661099988,0 -46.13445976599996,-23.18334619999996,0 -46.13445489199989,-23.18334589799991,0 -46.13445001199995,-23.18334570199988,0 -46.1344451359999,-23.18334544299995,0 -46.13444028499993,-23.18334491699994,0 -46.13443552799998,-23.18334390899992,0 -46.13443098099998,-23.18334226899998,0 -46.13442655999995,-23.1833403469999,0 -46.13442201799995,-23.18333869199995,0 -46.13441731899991,-23.18333746499991,0 -46.13441253099995,-23.18333657499994,0 -46.13440769899989,-23.18333591199996,0 -46.13440284999996,-23.18333536699993,0 -46.13439799999992,-23.18333483499998,0 -46.13439316199998,-23.18333421299991,0 -46.13438835799991,-23.18333339799995,0 -46.13438360099997,-23.18333237399997,0 -46.13437887699985,-23.18333122499996,0 -46.13437416199997,-23.18333004399994,0 -46.13436943099993,-23.18332891999995,0 -46.13436466099989,-23.18332794899993,0 -46.13435983999995,-23.18332722999997,0 -46.13435497499989,-23.18332682699992,0 -46.13435009299997,-23.18332671199994,0 -46.13434521099998,-23.18332683899996,0 -46.13434033899995,-23.18332716299994,0 -46.13433548199998,-23.18332764199994,0 -46.13433063999992,-23.18332823799994,0 -46.13432582099989,-23.18332897499994,0 -46.13432104899994,-23.18332993599995,0 -46.1343163649999,-23.18333121299986,0 -46.13431183899996,-23.18333290599998,0 -46.13430757799989,-23.1833351059999,0 -46.13430365699992,-23.18333779599988,0 -46.13430002999996,-23.18334081899997,0 -46.13429660299994,-23.18334403599994,0 -46.13429327199987,-23.18334733899997,0 -46.13428992999997,-23.18335063299998,0 -46.13428647499984,-23.18335382399994,0 -46.13428287799996,-23.18335687899992,0 -46.13427918499985,-23.18335983499992,0 -46.13427544199988,-23.18336273699998,0 -46.13427169399995,-23.18336563299994,0 -46.13426798499989,-23.18336857099985,0 -46.13426433799998,-23.18337157499991,0 -46.13426071299995,-23.1833746019999,0 -46.13425706299989,-23.18337760299988,0 -46.13425333999993,-23.18338052599995,0 -46.13424949699998,-23.18338331299998,0 -46.13424549299998,-23.18338589899986,0 -46.13424129499998,-23.18338820599996,0 -46.13423689399991,-23.18339016099992,0 -46.13423233599997,-23.18339178199989,0 -46.13422767899993,-23.18339314199994,0 -46.1342229629999,-23.18339431999993,0 -46.13421821799994,-23.18339538999993,0 -46.13421346299992,-23.18339642699993,0 -46.13420871699998,-23.18339749399991,0 -46.13420397899995,-23.18339859199995,0 -46.13419923999982,-23.18339968599992,0 -46.13419448999997,-23.18340073999991,0 -46.13418972099998,-23.18340171799991,0 -46.13418492699998,-23.18340258199981,0 -46.13418010399994,-23.18340329399996,0 -46.13417525199998,-23.18340381699983,0 -46.13417037999989,-23.18340414399995,0 -46.13416549999994,-23.18340432699995,0 -46.13416061599997,-23.18340442299996,0 -46.13415573199995,-23.18340448799995,0 -46.13415084799988,-23.18340457599987,0 -46.13414596699994,-23.18340473899997,0 -46.13414108899997,-23.18340497599991,0 -46.13413621299992,-23.18340524999996,0 -46.13413133699999,-23.18340552399997,0 -46.1341264589999,-23.1834057609999,0 -46.13412157799996,-23.1834059229999,0 -46.13411669399989,-23.18340597899993,0 -46.13411180899993,-23.18340593399989,0 -46.13410692699989,-23.1834058039999,0 -46.13410204699994,-23.18340560399997,0 -46.13409716999996,-23.18340534999993,0 -46.13409229499985,-23.18340505799995,0 -46.13408742199988,-23.18340474099989,0 -46.13408255099995,-23.18340440199995,0 -46.13407768199988,-23.18340404099985,0 -46.13407281499991,-23.18340365799997,0 -46.13406794999997,-23.18340325199995,0 -46.1340630869999,-23.18340282599991,0 -46.13405822499993,-23.18340238899998,0 -46.1340533639999,-23.18340195299993,0 -46.13404850099994,-23.18340152799982,0 -46.1340436349999,-23.18340112299995,0 -46.13403876699994,-23.18340074999992,0 -46.13403389599989,-23.18340041799991,0 -46.13402902099995,-23.18340013899996,0 -46.13402414199987,-23.18339992199986,0 -46.13401925999995,-23.18339976799996,0 -46.13401437599998,-23.18339966099984,0 -46.1340094919999,-23.18339958599984,0 -46.13400460799994,-23.18339952299993,0 -46.13399972399998,-23.1833994559999,0 -46.13399483999996,-23.18339936799998,0 -46.13398995699998,-23.18339924199989,0 -46.13398507599993,-23.18339906099988,0 -46.13398019799996,-23.18339882599986,0 -46.13397532199991,-23.18339855999994,0 -46.13397044599998,-23.18339828599989,0 -46.13396556999993,-23.18339802599996,0 -46.13396069099997,-23.18339780499997,0 -46.13395580899999,-23.18339764499996,0 -46.13395092499997,-23.18339756999995,0 -46.13394604099989,-23.18339759299994,0 -46.13394115699987,-23.18339767299994,0 -46.1339362729999,-23.18339774899994,0 -46.13393138799995,-23.18339776099992,0 -46.13392650499998,-23.18339765199994,0 -46.13392162799994,-23.18339739599992,0 -46.13391676199996,-23.18339700999996,0 -46.13391190699991,-23.18339651099996,0 -46.13390706499996,-23.18339591499995,0 -46.13390223499994,-23.18339524099991,0 -46.13389741499998,-23.18339450599996,0 -46.13389260399993,-23.18339372599996,0 -46.13388779799988,-23.18339291799998,0 -46.13388299399992,-23.18339209899995,0 -46.13387818999996,-23.18339128499986,0 -46.13387338099994,-23.18339049099995,0 -46.13386856499989,-23.18338973499982,0 -46.13386374599992,-23.18338899999992,0 -46.13385893399987,-23.18338822099997,0 -46.13385414699997,-23.18338732299998,0 -46.13384940799989,-23.18338623199998,0 -46.13384474999998,-23.18338487399996,0 -46.13384021799993,-23.18338319199989,0 -46.13383583499996,-23.18338120099997,0 -46.13383160799992,-23.18337893899997,0 -46.13382753999997,-23.18337644099995,0 -46.1338236279999,-23.18337373799983,0 -46.13381984299997,-23.18337088299995,0 -46.1338161139999,-23.18336796599988,0 -46.13381236299995,-23.18336507399982,0 -46.13380850899989,-23.18336229899995,0 -46.13380448399994,-23.18335974299998,0 -46.13380026799985,-23.18335746399998,0 -46.13379590199992,-23.18335544099989,0 -46.13379142399998,-23.18335363799991,0 -46.13378686499988,-23.18335201699989,0 -46.13378224799993,-23.18335054099992,0 -46.13377759299993,-23.18334917299984,0 -46.13377291399996,-23.18334787599997,0 -46.13376822199996,-23.18334662099988,0 -46.13376352099982,-23.18334539599988,0 -46.13375881399998,-23.18334418699993,0 -46.13375410599991,-23.18334298199994,0 -46.13374940099987,-23.18334176899992,0 -46.13374469999997,-23.18334054299993,0 -46.13373999699991,-23.18333932399997,0 -46.13373528299996,-23.18333813899989,0 -46.13373055199992,-23.18333701599988,0 -46.13372579599996,-23.18333598399988,0 -46.13372101199997,-23.18333507299991,0 -46.1337161969999,-23.18333431599996,0 -46.13371135099993,-23.18333374999997,0 -46.13370648099988,-23.18333341399995,0 -46.13370159699991,-23.18333335099993,0 -46.13369672099998,-23.18333360299988,0 -46.13369188099995,-23.18333420199991,0 -46.1336871019999,-23.18333513199991,0 -46.13368240199986,-23.18333635899995,0 -46.13367779099991,-23.18333784699996,0 -46.1336732719999,-23.18333956099991,0 -46.13366884399989,-23.18334146699982,0 -46.13366450199987,-23.18334353499989,0 -46.13366023799989,-23.1833457379999,0 -46.13365604699987,-23.18334805799992,0 -46.13365196399991,-23.18335053499993,0 -46.13364806299995,-23.1833532519999,0 -46.13364446199989,-23.18335629899997,0 -46.13364134999995,-23.18335977299989,0 -46.13363901299982,-23.18336372799996,0 -46.13363768299996,-23.18336806499997,0 -46.13363715399993,-23.18337255099982,0 -46.13363710399994,-23.18337706599993,0 -46.13363726899996,-23.18338157899996,0 -46.13363742999996,-23.18338609299997,0 -46.13363737199995,-23.18339060699998,0 -46.13363685399997,-23.18339509499998,0 -46.13363562199999,-23.18339945899993,0 -46.1336336839999,-23.1834036009999,0 -46.13363123699997,-23.18340750699997,0 -46.13362846099994,-23.1834112219999,0 -46.13362549899995,-23.18341481299996,0 -46.13362246999998,-23.18341835599995,0 -46.13361943599989,-23.18342189499998,0 -46.13361632099998,-23.18342537299992,0 -46.13361301999998,-23.18342869999992,0 -46.13360942999986,-23.18343175899992,0 -46.13360546899997,-23.18343439599994,0 -46.13360114899996,-23.18343649599996,0 -46.13359659599996,-23.18343812699993,0 -46.13359191199999,-23.18343940699992,0 -46.13358715999988,-23.18344044899993,0 -46.13358237599994,-23.18344136199983,0 -46.13357758499995,-23.18344224299989,0 -46.13357280199995,-23.18344316099996,0 -46.13356803599999,-23.18344414799998,0 -46.13356329399994,-23.18344523199988,0 -46.13355858799991,-23.18344644399997,0 -46.13355393399996,-23.18344781199983,0 -46.13354934799997,-23.18344936499994,0 -46.13354485099995,-23.18345112799994,0 -46.13354046099994,-23.18345310699982,0 -46.13353618299993,-23.18345528599991,0 -46.13353201999996,-23.18345764799994,0 -46.13352797299996,-23.18346017599998,0 -46.1335240439999,-23.18346285899992,0 -46.13352023399995,-23.18346568399988,0 -46.13351654299998,-23.18346864199987,0 -46.13351297099996,-23.18347172199992,0 -46.13350951399985,-23.18347491199995,0 -46.13350616699995,-23.18347820099996,0 -46.13350292199993,-23.18348157599996,0 -46.13349977199994,-23.18348502699996,0 -46.13349673299996,-23.18348856199998,0 -46.13349385499998,-23.18349221099993,0 -46.13349119899993,-23.18349599999982,0 -46.13348883799983,-23.18349995199998,0 -46.13348685799991,-23.18350407799994,0 -46.13348535699998,-23.18350837299994,0 -46.13348440399989,-23.18351279999996,0 -46.13348392199987,-23.18351729199998,0 -46.13348379399986,-23.18352180599993,0 -46.13348390899995,-23.18352631999994,0 -46.13348418099997,-23.18353082899995,0 -46.1334845589999,-23.18353533099997,0 -46.13348498999994,-23.18353982999997,0 -46.13348542199998,-23.18354432799998,0 -46.13348580999991,-23.1835488289999,0 -46.13348620199997,-23.18355333099993,0 -46.13348670799991,-23.18355782199995,0 -46.13348744599989,-23.18356228499988,0 -46.13348853699989,-23.18356668499996,0 -46.13349009799992,-23.18357096199998,0 -46.13349211399992,-23.18357507399998,0 -46.13349446899986,-23.18357902899993,0 -46.13349705599995,-23.1835828589999,0 -46.13349978699995,-23.18358660399986,0 -46.13350271199982,-23.18359021899988,0 -46.1335060319999,-23.18359352599998,0 -46.13350993699999,-23.18359622399993,0 -46.13351442699991,-23.18359797699998,0 -46.13351917699993,-23.18359901999997,0 -46.13352398599989,-23.18359980999998,0 -46.13352879399991,-23.18360060999993,0 -46.1335336169999,-23.18360132399994,0 -46.13353847399992,-23.18360178999995,0 -46.1335433559999,-23.18360183999994,0 -46.13354821899986,-23.18360142099993,0 -46.13355305499988,-23.18360078499995,0 -46.13355789999997,-23.18360021899991,0 -46.13356277799988,-23.1836000109999,0 -46.13356765399993,-23.18360024599991,0 -46.13357251399998,-23.18360070499995,0 -46.13357737399997,-23.18360115699988,0 -46.13358224399991,-23.18360150399991,0 -46.13358712099995,-23.18360175399994,0 -46.13359200299993,-23.18360191999994,0 -46.13359688599996,-23.18360201099995,0 -46.13360177099992,-23.18360203999998,0 -46.13360665599998,-23.18360201899998,0 -46.13361153999995,-23.18360195799988,0 -46.13361642399991,-23.18360186999996,0 -46.13362130699994,-23.18360176499993,0 -46.13362619099991,-23.18360165699994,0 -46.13363107399988,-23.18360155099992,0 -46.13363595699991,-23.18360142599994,0 -46.13364083799996,-23.18360125099991,0 -46.13364571499994,-23.18360099299997,0 -46.13365058299996,-23.18360062099993,0 -46.13365543499992,-23.1836001019999,0 -46.13366026399996,-23.18359942499995,0 -46.13366506699992,-23.18359860599998,0 -46.13366984399988,-23.18359765899987,0 -46.13367459299991,-23.18359660299996,0 -46.13367931699997,-23.18359545399994,0 -46.13368401699989,-23.18359422499987,0 -46.13368869799996,-23.18359293399993,0 -46.13369336299996,-23.18359159499983,0 -46.13369801599998,-23.18359022199996,0 -46.13370266299995,-23.18358882999996,0 -46.13370730899987,-23.1835874329999,0 -46.1337119559999,-23.18358604199989,0 -46.13371660499985,-23.18358465699987,0 -46.13372125699988,-23.18358327899995,0 -46.13372591099989,-23.1835819069999,0 -46.13373056599994,-23.18358054099997,0 -46.13373522399996,-23.18357918099997,0 -46.13373988399991,-23.18357782599992,0 -46.13374454599995,-23.18357647699997,0 -46.13374920899997,-23.18357513299998,0 -46.13375387399998,-23.18357379299994,0 -46.13375854099996,-23.18357245899995,0 -46.13376320799995,-23.18357112799998,0 -46.1337678779999,-23.18356980199997,0 -46.13377254799997,-23.18356847899997,0 -46.13377721899997,-23.18356715799985,0 -46.13378188199994,-23.18356581099982,0 -46.13378651599993,-23.18356438299998,0 -46.13379109799996,-23.18356281899992,0 -46.1337955969999,-23.18356106299996,0 -46.13379997599998,-23.18355906299996,0 -46.13380418399998,-23.18355677199997,0 -46.13380817099994,-23.18355416499992,0 -46.13381194499993,-23.18355129899993,0 -46.13381555999996,-23.18354826199987,0 -46.13381907499996,-23.18354512699989,0 -46.13382255199991,-23.18354195499995,0 -46.13382605499993,-23.18353880799998,0 -46.13382964899995,-23.18353574999998,0 -46.1338333999999,-23.18353285899991,0 -46.13383737099997,-23.18353023099996,0 -46.13384160799995,-23.18352798899997,0 -46.13384612099998,-23.18352627099983,0 -46.13385084399994,-23.1835251309999,0 -46.13385567699999,-23.18352448499996,0 -46.13386055299992,-23.18352423299984,0 -46.13386543599989,-23.18352428599985,0 -46.13387031099995,-23.18352456599996,0 -46.13387517299998,-23.1835250069999,0 -46.13388002199997,-23.18352555199994,0 -46.13388486199989,-23.18352615999993,0 -46.13388969199997,-23.18352682999995,0 -46.13389451199998,-23.18352756499996,0 -46.13389931899997,-23.18352836799994,0 -46.13390411099982,-23.18352924099997,0 -46.13390888799995,-23.18353018599987,0 -46.13391364699999,-23.18353120399996,0 -46.13391838699994,-23.18353229299987,0 -46.13392310999996,-23.18353344499997,0 -46.1339278179999,-23.1835346499999,0 -46.13393251399992,-23.18353589299994,0 -46.13393720099998,-23.18353716399992,0 -46.13394188299992,-23.18353845199994,0 -46.13394656399987,-23.18353974399997,0 -46.13395124599998,-23.18354103099989,0 -46.13395593399991,-23.18354229999983,0 -46.13396063099998,-23.18354354099995,0 -46.13396533899999,-23.18354474199992,0 -46.13397006299994,-23.18354589199993,0 -46.13397480399988,-23.18354697999996,0 -46.13397956299991,-23.18354799799994,0 -46.13398433799995,-23.18354894699985,0 -46.13398912899993,-23.18354982999983,0 -46.13399393199995,-23.18355065099996,0 -46.13399874699991,-23.18355141299998,0 -46.13400357199998,-23.18355211699992,0 -46.13400840499992,-23.18355276799997,0 -46.13401324699998,-23.18355336899992,0 -46.13401809499993,-23.18355392299998,0 -46.13402294799988,-23.18355443299993,0 -46.13402780599995,-23.18355490099998,0 -46.13403266999995,-23.18355532399994,0 -46.13403753799992,-23.18355569499994,0 -46.13404241099988,-23.18355600599989,0 -46.13404728899985,-23.18355624999998,0 -46.1340521699999,-23.18355641999995,0 -46.13405705399992,-23.18355650699993,0 -46.13406193799989,-23.18355650299992,0 -46.13406682099998,-23.18355639499993,0 -46.13407169999994,-23.18355616899993,0 -46.13407656899994,-23.18355580799988,0 -46.13408142299994,-23.18355530299993,0 -46.13408625499994,-23.18355464699994,0 -46.13409107599983,-23.18355391599988,0 -46.13409591799996,-23.18355332799996,0 -46.13410079599993,-23.18355314899992,0 -46.13410563199989,-23.18355372299987,0 -46.13411020199982,-23.18355529099995,0 -46.13411434699998,-23.18355766799993,0 -46.13411806299985,-23.1835605949999,0 -46.13412141099997,-23.18356388199993,0 -46.13412446799992,-23.18356740299993,0 -46.1341273029999,-23.18357107899988,0 -46.13412998199993,-23.18357485599995,0 -46.13413261199997,-23.1835786609999,0 -46.13413535599994,-23.18358239599996,0 -46.13413841299985,-23.18358591499998,0 -46.13414200899996,-23.18358896099994,0 -46.13414628099997,-23.18359111999996,0 -46.13415099699989,-23.18359226899997,0 -46.13415585499996,-23.18359271799983,0 -46.13416073799993,-23.1835927699999,0 -46.13416562099997,-23.18359264999998,0 -46.13417050399994,-23.18359252599981,0 -46.13417538899995,-23.18359247599989,0 -46.13418027299991,-23.18359243199995,0 -46.13418515599989,-23.18359229999987,0 -46.13419002699993,-23.18359197799992,0 -46.13419486099997,-23.18359133499996,0 -46.13419958699984,-23.18359020799988,0 -46.13420406299986,-23.18358841499992,0 -46.13420805199991,-23.18358582499997,0 -46.1342113419999,-23.18358249699997,0 -46.13421399799995,-23.18357871099983,0 -46.13421616799997,-23.18357466799995,0 -46.13421795099993,-23.18357046399996,0 -46.13421932999995,-23.18356613399993,0 -46.13422024999994,-23.18356170099992,0 -46.13422064999997,-23.18355720299991,0 -46.13422046299996,-23.18355269299997,0 -46.1342197059999,-23.18354823399994,0 -46.13421854699988,-23.18354384799994,0 -46.13421716199997,-23.18353951699993,0 -46.13421570999992,-23.18353520599993,0 -46.1342143409999,-23.18353087099996,0 -46.13421318899998,-23.18352648299992,0 -46.13421234999998,-23.18352203499984,0 -46.13421191899988,-23.18351753899998,0 -46.13421200099998,-23.18351302599996,0 -46.13421269599996,-23.18350855999995,0 -46.13421398599996,-23.18350420699994,0 -46.13421577899993,-23.18350000799995,0 -46.13421798799993,-23.1834959819999,0 -46.13422053799997,-23.18349213199986,0 -46.13422336999986,-23.18348845299988,0 -46.13422643699994,-23.18348493899998,0 -46.13422972299992,-23.18348159799996,0 -46.13423321999994,-23.18347844699997,0 -46.13423692099991,-23.18347549999987,0 -46.13424081699998,-23.18347277799995,0 -46.13424489899995,-23.18347029899991,0 -46.13424915499996,-23.18346808399997,0 -46.13425356999994,-23.18346615399992,0 -46.13425811999997,-23.18346451499997,0 -46.13426276899992,-23.18346313099994,0 -46.13426748499995,-23.18346195599992,0 -46.13427224499998,-23.18346094199995,0 -46.13427703199994,-23.18346004199987,0 -46.13428183299987,-23.18345920699988,0 -46.13428663699995,-23.18345839299997,0 -46.13429143699989,-23.18345755299993,0 -46.13429622099994,-23.18345664099985,0 -46.13430097699995,-23.18345561299992,0 -46.13430569699983,-23.18345445199992,0 -46.13431038099986,-23.18345316999989,0 -46.13431502699996,-23.18345177599997,0 -46.13431963699992,-23.18345028399995,0 -46.13432421299996,-23.18344870399989,0 -46.13432875799998,-23.18344704799995,0 -46.13433327399997,-23.18344532799989,0 -46.13433776699998,-23.18344355499994,0 -46.13434223899992,-23.18344173999992,0 -46.13434669599991,-23.18343989199997,0 -46.13435114399994,-23.18343802399988,0 -46.13435558499998,-23.18343614499992,0 -46.13436002699996,-23.18343426599995,0 -46.13436447399988,-23.18343239699988,0 -46.13436893099998,-23.18343054899998,0 -46.13437340299993,-23.18342873299991,0 -46.13437789499994,-23.18342695799987,0 -46.13438240999994,-23.1834252349999,0 -46.13438695399998,-23.18342357699993,0 -46.13439152799998,-23.1834219939999,0 -46.13439613699995,-23.18342049799998,0 -46.13440078199994,-23.18341909999992,0 -46.13440546099991,-23.18341780499992,0 -46.13441017399992,-23.1834166189999,0 -46.13441491999998,-23.1834155489999,0 -46.13441969499985,-23.18341459899983,0 -46.13442449699988,-23.18341377299993,0 -46.13442932199985,-23.18341306999997,0 -46.13443416599989,-23.18341248799993,0 -46.13443902499995,-23.18341202399995,0 -46.13444389499989,-23.18341167499995,0 -46.13444877299992,-23.18341143899994,0 -46.13445365599989,-23.18341131299991,0 -46.13445853999997,-23.18341129599992,0 -46.13446342399993,-23.1834113839999,0 -46.13446830399994,-23.18341157599991,0 -46.13447317799989,-23.18341186899994,0 -46.13447804399988,-23.18341226199982,0 -46.13448289999991,-23.18341275299986,0 -46.13448774399996,-23.18341333699982,0 -46.13449257399992,-23.18341400799994,0 -46.13449738999998,-23.18341476199993,0 -46.1345021919999,-23.18341559099991,0 -46.13450697899998,-23.1834164899999,0 -46.13451175099993,-23.18341745399988,0 -46.13451650899987,-23.18341847599987,0 -46.13452125299989,-23.18341955099987,0 -46.13452598499993,-23.18342067299989,0 -46.13453070499997,-23.18342183699997,0 -46.13453541399991,-23.18342303599991,0 -46.13454011399995,-23.18342426599992,0 -46.13454480599989,-23.18342552099995,0 -46.13454949199991,-23.18342679599994,0 -46.13455417399996,-23.18342808399996,0 -46.13455885299982,-23.18342938199982,0 -46.13456352699995,-23.18343069299993,0 -46.13456819399994,-23.18343202599993,0 -46.13457284999998,-23.18343339099988,0 -46.13457749199995,-23.1834347969999,0 -46.13458211599988,-23.18343625499995,0 -46.13458671599989,-23.18343777199988,0 -46.1345912889999,-23.18343935999991,0 -46.13459582899992,-23.18344102499998,0 -46.13460033099994,-23.18344277799986,0 -46.13460478999997,-23.18344462099992,0 -46.13460921999996,-23.18344652399998,0 -46.13461364299991,-23.18344844099988,0 -46.13461808099999,-23.18345032699995,0 -46.13462255599995,-23.18345213799989,0 -46.13462708699996,-23.18345382499996,0 -46.13463168799996,-23.18345533899992,0 -46.13463636899991,-23.18345662799993,0 -46.13464112699995,-23.18345764799994,0 -46.1346459369999,-23.18345843299988,0 -46.13465077299998,-23.18345906899998,0 -46.1346556179999,-23.1834596409999,0 -46.13466046099995,-23.18346023299995,0 -46.13466528599992,-23.18346093099996,0 -46.13467007399987,-23.1834618229999,0 -46.13467478899997,-23.18346300099995,0 -46.13467937299993,-23.18346455599988,0 -46.13468377399994,-23.18346651199994,0 -46.13468799499992,-23.18346878299997,0 -46.13469206399998,-23.18347127999988,0 -46.13469602199996,-23.18347392599992,0 -46.13469991399995,-23.18347665499988,0 -46.13470378799997,-23.18347940599995,0 -46.13470767899997,-23.1834821359999,0 -46.13471159799991,-23.18348483099987,0 -46.13471555099989,-23.1834874839999,0 -46.13471954299996,-23.18349008699994,0 -46.13472357899985,-23.18349262999988,0 -46.13472766399991,-23.1834951059999,0 -46.13473180299991,-23.18349750399994,0 -46.13473599899999,-23.18349981599994,0 -46.13474025399989,-23.18350203299997,0 -46.13474457099989,-23.18350414599996,0 -46.1347489499999,-23.18350614699995,0 -46.13475339399992,-23.1835080219999,0 -46.13475790799993,-23.18350974699996,0 -46.13476249799987,-23.18351128999984,0 -46.13476716699989,-23.18351261699996,0 -46.13477191099986,-23.18351368899994,0 -46.13477672199997,-23.18351446399993,0 -46.13478157899993,-23.18351493699987,0 -46.13478645799989,-23.18351514199998,0 -46.13479134199997,-23.18351512099997,0 -46.13479622199998,-23.18351491699997,0 -46.13480109199998,-23.18351457399984,0 -46.13480595399983,-23.18351413299996,0 -46.13481080799994,-23.18351363199986,0 -46.1348156599999,-23.18351310799989,0 -46.13482051299997,-23.18351259799994,0 -46.13482536899994,-23.18351210799989,0 -46.13483021999997,-23.18351157699993,0 -46.13483505499994,-23.18351093299998,0 -46.13483985399995,-23.18351009599991,0 -46.13484458599999,-23.1835089789999,0 -46.13484919599995,-23.18350749099994,0 -46.13485360099997,-23.18350554599988,0 -46.13485770699992,-23.18350310399995,0 -46.1348614989999,-23.1835002599999,0 -46.13486501599994,-23.18349712799989,0 -46.1348683139999,-23.18349379799997,0 -46.13487145399984,-23.18349033899995,0 -46.1348744959999,-23.18348680599996,0 -46.13487748399996,-23.18348323299989,0 -46.13488039999993,-23.18347960999995,0 -46.13488320999983,-23.18347591699995,0 -46.13488587699987,-23.18347213399989,0 -46.1348883629999,-23.18346824699989,0 -46.1348906259999,-23.18346424599986,0 -46.13489265499987,-23.18346013799987,0 -46.13489454499995,-23.18345597399997,0 -46.13489642399992,-23.18345180599988,0 -46.13489841999984,-23.18344768399982,0 -46.13490062999995,-23.18344365799993,0 -46.13490302599996,-23.18343972199995,0 -46.13490554299989,-23.18343585199989,0 -46.13490811899993,-23.18343201599993,0 -46.13496776199997,-23.18349781699987,0 -46.13449314899998,-23.18370901099996,0 -46.13411246699991,-23.18370072599987,0 -46.13384878299996,-23.18370107199991,0 -46.13337006499995,-23.18370479999993,0 -46.13330824899998,-23.18358848799994,0 -46.13326549399983,-23.18349204499992,0 -46.13328719899994,-23.18344408299998,0 -46.13342326999998,-23.18321876599998,0</coordinates></LinearRing></outerBoundaryIs>
        </Polygon>
        <Polygon>
          <extrude>0</extrude><altitudeMode>clampToGround</altitudeMode>
          <outerBoundaryIs><LinearRing><coordinates> -46.1396536879999,-23.18042755599993,0 -46.13957826299998,-23.18022633699991,0 -46.13950110299993,-23.18004055599988,0 -46.13943340399982,-23.17994178399988,0 -46.13932670499997,-23.1798142209999,0 -46.13925966799991,-23.17974976599993,0 -46.13910321599985,-23.17968237199995,0 -46.1389729629999,-23.1796424179999,0 -46.13890320299998,-23.17963942699993,0 -46.13887057799997,-23.1794900029999,0 -46.13890287499999,-23.17944141199996,0 -46.13907814299989,-23.17937256599987,0 -46.13925327899983,-23.17936661099992,0 -46.13930445899996,-23.17938596699992,0 -46.13952130099989,-23.17949547299992,0 -46.13972444599989,-23.17955641399982,0 -46.13993291899993,-23.1796004979999,0 -46.14002800299988,-23.17969238699987,0 -46.14027440499996,-23.17980376499992,0 -46.14027669299998,-23.17990380499998,0 -46.14027364499998,-23.17999832399994,0 -46.13992437899992,-23.18007197599991,0 -46.13991804899996,-23.18039258499988,0 -46.13978489499993,-23.18063190399988,0 -46.13974264599989,-23.18065320899996,0 -46.1396536879999,-23.18042755599993,0</coordinates></LinearRing></outerBoundaryIs>
        </Polygon>
        <Polygon>
          <extrude>0</extrude><altitudeMode>clampToGround</altitudeMode>
          <outerBoundaryIs><LinearRing><coordinates> -46.14026782699995,-23.17747910199989,0 -46.14024182999998,-23.17726571899982,0 -46.14022371499993,-23.17708670099995,0 -46.14021369699998,-23.17694441999987,0 -46.14021233199998,-23.17689627099998,0 -46.14024218899993,-23.17668549199993,0 -46.14028424199995,-23.1765905499999,0 -46.14033717299998,-23.17655141899996,0 -46.14057440499988,-23.17651396999997,0 -46.14072758999987,-23.17656510199993,0 -46.14086357599984,-23.17668584099988,0 -46.14085098499993,-23.17676787899984,0 -46.14081674199997,-23.17693007099996,0 -46.14070055399992,-23.17723299699998,0 -46.1406487729999,-23.17759799399994,0 -46.14046866199993,-23.17785571799988,0 -46.14036298899998,-23.17814304099994,0 -46.14017029299993,-23.17843991899997,0 -46.14008418099991,-23.17848096099993,0 -46.13973144599987,-23.17858811399998,0 -46.13956521999995,-23.17866549399997,0 -46.13944788899994,-23.17874165199981,0 -46.13943924399996,-23.17872955499996,0 -46.13944049699995,-23.17872847499996,0 -46.13944406699989,-23.17872539299998,0 -46.1394476289999,-23.17872230299997,0 -46.13945117499986,-23.17871919699991,0 -46.13945469899988,-23.17871606999989,0 -46.13945819399999,-23.17871291599994,0 -46.13946165399994,-23.17870972799994,0 -46.13946507199995,-23.17870650199984,0 -46.13946843999997,-23.17870323099993,0 -46.13947175199996,-23.1786999119999,0 -46.13947500099988,-23.17869654099997,0 -46.13947818199995,-23.17869311399988,0 -46.13948128699997,-23.17868962699993,0 -46.13948430799985,-23.17868607899993,0 -46.13948723599998,-23.17868246499989,0 -46.13949006499996,-23.17867878299995,0 -46.13949278199993,-23.1786750309999,0 -46.13949537999997,-23.17867120699992,0 -46.13949784799991,-23.17866730999998,0 -46.13950017399992,-23.17866333899991,0 -46.13950235599992,-23.17865929899995,0 -46.1395044169999,-23.17865520499993,0 -46.13950638499989,-23.17865107199998,0 -46.13950829199996,-23.17864691499994,0 -46.13951016599992,-23.17864274499988,0 -46.13951203899984,-23.17863857399988,0 -46.13951393999997,-23.17863441399993,0 -46.13951589899989,-23.17863027699991,0 -46.13951794399998,-23.17862617699996,0 -46.13952010399998,-23.17862212599994,0 -46.13952240399988,-23.17861814199989,0 -46.13952486599993,-23.17861424299991,0 -46.13952751199997,-23.17861044799997,0 -46.13953036599992,-23.17860678299985,0 -46.1395334479999,-23.17860328099982,0 -46.13953677999984,-23.17859998099982,0 -46.13954037999997,-23.17859692999991,0 -46.13954424099984,-23.17859416499994,0 -46.13954831799998,-23.17859167999984,0 -46.13955256499997,-23.17858945099994,0 -46.1395569419999,-23.17858744799992,0 -46.13956141599994,-23.17858563599998,0 -46.13956595999986,-23.17858398099992,0 -46.13957055499998,-23.17858244899998,0 -46.13957518399991,-23.17858100699993,0 -46.13957983299991,-23.17857962199997,0 -46.13958449099988,-23.17857826299996,0 -46.13958914699998,-23.17857689899995,0 -46.13959379599993,-23.17857551299994,0 -46.13959843599997,-23.17857410099998,0 -46.13960306599989,-23.17857266199997,0 -46.13960768399994,-23.17857119199994,0 -46.13961228999995,-23.17856968799998,0 -46.13961688099988,-23.17856814599992,0 -46.13962145599999,-23.17856656499998,0 -46.13962601399993,-23.17856493999994,0 -46.13963055199997,-23.17856326999987,0 -46.13963506899989,-23.17856155199991,0 -46.13963956399982,-23.17855978399996,0 -46.13964403299991,-23.17855796299989,0 -46.13964847799991,-23.17855608899998,0 -46.13965289799995,-23.17855416799995,0 -46.13965729899996,-23.17855220799993,0 -46.13966168099995,-23.17855021299994,0 -46.13966604899997,-23.17854819199988,0 -46.13967040499995,-23.17854614899989,0 -46.13967475299995,-23.17854409099988,0 -46.13967909499996,-23.17854202399991,0 -46.13968343599998,-23.17853995299993,0 -46.13968777899998,-23.1785378859999,0 -46.13969212599989,-23.17853582699991,0 -46.13969647899989,-23.17853377899985,0 -46.13970083899983,-23.17853174199996,0 -46.13970520499998,-23.17852971799994,0 -46.13970957799984,-23.17852770599995,0 -46.13971395799985,-23.17852570699989,0 -46.13971834599994,-23.17852372199997,0 -46.13972273999997,-23.17852175099989,0 -46.13972714199997,-23.17851979399995,0 -46.13973155199994,-23.17851785199997,0 -46.13973596999989,-23.17851592599987,0 -46.13974039699997,-23.17851401599989,0 -46.13974483099992,-23.1785121229999,0 -46.13974927399994,-23.17851024599992,0 -46.13975372499993,-23.17850838699997,0 -46.13975818499995,-23.17850654599988,0 -46.13976265399998,-23.17850472299995,0 -46.13976713199997,-23.17850291899987,0 -46.13977161899993,-23.17850113499998,0 -46.1397761149999,-23.17849936999994,0 -46.13978062099994,-23.17849762499998,0 -46.13978513299998,-23.17849589499991,0 -46.13978964499989,-23.17849416699994,0 -46.13979415299991,-23.17849242699998,0 -46.13979864899994,-23.17849066199983,0 -46.13980312599995,-23.17848885799992,0 -46.13980757899986,-23.17848700199988,0 -46.13981199899996,-23.17848507999997,0 -46.13981637799998,-23.17848307899993,0 -46.13982070699996,-23.17848098699983,0 -46.13982497399996,-23.17847878999993,0 -46.13982916899994,-23.17847647699989,0 -46.13983327899996,-23.17847403699994,0 -46.13983730199993,-23.17847147599991,0 -46.13984125199988,-23.17846881999998,0 -46.13984514799995,-23.17846609599991,0 -46.1398490069999,-23.17846332799996,0 -46.13985285099994,-23.17846054199998,0 -46.13985669899995,-23.17845775999996,0 -46.13986057099999,-23.17845500699997,0 -46.13986448699995,-23.17845230799992,0 -46.13986846499995,-23.17844968799989,0 -46.13987252299989,-23.17844717399987,0 -46.13987667399988,-23.17844479499996,0 -46.13988092899996,-23.17844257799993,0 -46.13988527299989,-23.17844051399993,0 -46.13988968299998,-23.17843857299994,0 -46.13989413799993,-23.17843672099997,0 -46.13989861999994,-23.17843492499992,0 -46.13990311199996,-23.17843315199997,0 -46.13990759899997,-23.17843136799996,0 -46.13991206599997,-23.17842953999991,0 -46.13991649399998,-23.17842763299996,0 -46.13992086299999,-23.17842561499987,0 -46.1399251499999,-23.17842345199995,0 -46.13992933099991,-23.17842111699991,0 -46.13993340199988,-23.17841862199998,0 -46.13993737499993,-23.17841599499997,0 -46.13994126599982,-23.17841326599989,0 -46.13994509299994,-23.17841045999995,0 -46.1399488749999,-23.17840760199988,0 -46.13995263199996,-23.17840471599993,0 -46.1399563839999,-23.17840182499992,0 -46.13996015199996,-23.17839895099996,0 -46.13996395399994,-23.17839611599993,0 -46.13996780799988,-23.17839334199994,0 -46.13997172599994,-23.17839064599997,0 -46.13997571499993,-23.17838803899997,0 -46.13997977999998,-23.17838553599984,0 -46.13998392699989,-23.17838314999989,0 -46.13998816099996,-23.17838089899988,0 -46.13999248499988,-23.17837879899997,0 -46.13999689999997,-23.17837686799993,0 -46.1400014059999,-23.17837512499995,0 -46.14000599899992,-23.17837358999998,0 -46.14001067299995,-23.17837228099989,0 -46.1400154179999,-23.1783712109999,0 -46.14002021699997,-23.17837037599992,0 -46.14002505699983,-23.17836976699994,0 -46.14002992299999,-23.1783693779999,0 -46.14003480299993,-23.17836920199989,0 -46.14003968699996,-23.17836923499982,0 -46.14004456399994,-23.17836947499984,0 -46.14004942699989,-23.17836990299998,0 -46.14005427399985,-23.17837045699991,0 -46.14005911499999,-23.17837106199988,0 -46.14006395799993,-23.17837164899993,0 -46.14006881199998,-23.17837214899998,0 -46.14007368099993,-23.17837251099991,0 -46.14007856099988,-23.17837268599993,0 -46.14008344499996,-23.1783726189999,0 -46.14008831099989,-23.17837224599998,0 -46.14009312399997,-23.17837148599983,0 -46.1400978179999,-23.17837024699998,0 -46.1401022899999,-23.17836843999993,0 -46.14010644299998,-23.17836606999998,0 -46.14011024099995,-23.17836323399996,0 -46.14011368599995,-23.17836003599996,0 -46.14011680799996,-23.17835656399984,0 -46.14011964699995,-23.17835288999987,0 -46.14012224499987,-23.17834906699994,0 -46.14012464099989,-23.17834513199995,0 -46.14012687199988,-23.17834111499997,0 -46.1401289719999,-23.17833703799982,0 -46.14013096899998,-23.17833291699992,0 -46.14013289399998,-23.17832876599994,0 -46.14013477399993,-23.17832459799996,0 -46.1401366209999,-23.17832041799994,0 -46.14013843699996,-23.17831622599988,0 -46.14014022399994,-23.17831202299988,0 -46.14014198199993,-23.17830780999998,0 -46.14014371399998,-23.17830358699996,0 -46.14014542299992,-23.1782993569999,0 -46.14014711099998,-23.17829511899993,0 -46.14014878199993,-23.17829087599989,0 -46.14015043899997,-23.17828662799991,0 -46.14015208399996,-23.17828237599991,0 -46.14015372299997,-23.17827812199994,0 -46.14015535799996,-23.17827386599993,0 -46.14015699399982,-23.17826961099991,0 -46.14015863699996,-23.17826535899991,0 -46.1401602919999,-23.17826110999994,0 -46.14016196299997,-23.17825686599991,0 -46.14016365599991,-23.17825262999992,0 -46.14016537499998,-23.17824840399993,0 -46.14016712599994,-23.17824418799995,0 -46.1401689139999,-23.17823998499995,0 -46.1401707419999,-23.17823579799995,0 -46.14017261599997,-23.17823162699989,0 -46.14017454099985,-23.17822747699989,0 -46.14017652199993,-23.17822334899989,0 -46.14017856299989,-23.17821924699984,0 -46.14018066999989,-23.17821517199997,0 -46.14018284699989,-23.17821112999997,0 -46.1401850979999,-23.17820712299982,0 -46.14018742599995,-23.17820315199992,0 -46.14018981099997,-23.17819921099988,0 -46.14019223099996,-23.17819528899997,0 -46.14019466499991,-23.17819137399994,0 -46.14019709099995,-23.17818745399995,0 -46.14019948699996,-23.1781835189999,0 -46.14020182999997,-23.17817955599992,0 -46.14020409799997,-23.17817555699997,0 -46.14020626899998,-23.17817151199989,0 -46.14020831999989,-23.17816741399997,0 -46.14021022899988,-23.17816325699994,0 -46.14021198199993,-23.17815904199995,0 -46.14021357599995,-23.17815477399995,0 -46.14021500899992,-23.1781504569999,0 -46.14021627599993,-23.17814609599992,0 -46.14021737599995,-23.1781416959999,0 -46.14021830099983,-23.17813726199989,0 -46.14021904799989,-23.17813279999996,0 -46.14021960899993,-23.17812831399993,0 -46.14021997799995,-23.17812381199985,0 -46.14022014599988,-23.17811929899995,0 -46.14022010599996,-23.1781147829999,0 -46.14021984699997,-23.17811027399989,0 -46.14021935999983,-23.17810578099994,0 -46.14021863599993,-23.17810131599992,0 -46.14021766599996,-23.17809688999995,0 -46.14021643999996,-23.17809251999995,0 -46.1402149569999,-23.17808821799991,0 -46.14021323299994,-23.17808399299992,0 -46.14021129599996,-23.17807984799992,0 -46.14020917099998,-23.17807578199995,0 -46.14020688099993,-23.1780717929999,0 -46.14020444999994,-23.17806787699993,0 -46.14020189899998,-23.17806402599996,0 -46.14019924699994,-23.17806023299994,0 -46.14019651399997,-23.17805649099995,0 -46.14019371599994,-23.17805278999992,0 -46.14019087599996,-23.17804911499996,0 -46.14018802399988,-23.17804544899985,0 -46.14018518799992,-23.1780417729999,0 -46.14018239599994,-23.17803806699993,0 -46.1401796799999,-23.17803431399989,0 -46.14017707199997,-23.17803049599996,0 -46.14017460599996,-23.17802659799997,0 -46.14017232099991,-23.17802260699983,0 -46.14017025299995,-23.17801851699994,0 -46.14016843099995,-23.17801432699986,0 -46.14016685699994,-23.17801005299992,0 -46.14016552399988,-23.17800570899993,0 -46.14016442699989,-23.17800130899991,0 -46.14016355899992,-23.1779968649999,0 -46.14016291599995,-23.17799238899988,0 -46.14016249199983,-23.17798789099987,0 -46.14016228299988,-23.17798337899995,0 -46.14016228499997,-23.17797886399995,0 -46.14016249699984,-23.17797435299991,0 -46.14016291699994,-23.17796985399997,0 -46.14016354599994,-23.17796537599997,0 -46.14016438699997,-23.17796092799995,0 -46.14016544099997,-23.17795651899996,0 -46.14016671199983,-23.17795215899997,0 -46.14016820099994,-23.17794785799992,0 -46.14016991199998,-23.17794362899997,0 -46.14017184599987,-23.17793948299988,0 -46.14017399299996,-23.17793542699997,0 -46.14017632999997,-23.17793146199995,0 -46.14017883599996,-23.17792758599995,0 -46.14018148999997,-23.17792379499991,0 -46.14018426999996,-23.17792008299995,0 -46.14018715799983,-23.17791644099992,0 -46.14019013599989,-23.17791286099998,0 -46.14019318499987,-23.17790933299995,0 -46.14019629099994,-23.17790584799985,0 -46.14019943899996,-23.17790239499993,0 -46.14020261299993,-23.1778989629999,0 -46.14020580199997,-23.17789554199987,0 -46.14020898999996,-23.17789212099996,0 -46.14021216499992,-23.17788868899993,0 -46.14021531299994,-23.1778852359999,0 -46.14021841999994,-23.17788175199996,0 -46.14022148099991,-23.17787823299994,0 -46.14022449999987,-23.17787468199992,0 -46.14022748199994,-23.17787110599988,0 -46.14023043199995,-23.17786750699997,0 -46.14023335799993,-23.17786389099984,0 -46.1402362639999,-23.17786026099998,0 -46.14023915699994,-23.17785662199987,0 -46.14024204299994,-23.17785297899991,0 -46.1402449279999,-23.17784933499996,0 -46.14024781799998,-23.17784569499992,0 -46.14025071999993,-23.17784206199997,0 -46.1402536409999,-23.17783844299987,0 -46.14025658599996,-23.17783483999995,0 -46.14025956099994,-23.17783125899996,0 -46.14026257399996,-23.17782770399987,0 -46.14026562999993,-23.17782418099995,0 -46.1402687339999,-23.17782069499998,0 -46.14027189399991,-23.17781725099996,0 -46.14027511299992,-23.17781385499995,0 -46.1402783989999,-23.17781051299994,0 -46.14028175399994,-23.17780723099986,0 -46.14028518299995,-23.17780401599993,0 -46.14028869099997,-23.17780087299997,0 -46.14029227299989,-23.17779780399997,0 -46.14029592299994,-23.17779480199988,0 -46.14029963199988,-23.17779186399991,0 -46.14030339199996,-23.17778898199992,0 -46.14030719899989,-23.1777861519999,0 -46.14031104399993,-23.17778336799995,0 -46.14031492299983,-23.17778062299988,0 -46.14031882999996,-23.1777779119999,0 -46.14032275899996,-23.17777522899996,0 -46.14032670499989,-23.17777256799991,0 -46.14033066399998,-23.17776992299997,0 -46.14033463199996,-23.17776728999991,0 -46.14033860599994,-23.17776466399988,0 -46.14034258099997,-23.17776203999995,0 -46.14034655399996,-23.17775941399998,0 -46.14035052199995,-23.17775677899994,0 -46.14035447999998,-23.17775413299989,0 -46.14035842399994,-23.17775146899993,0 -46.14036235099985,-23.1777487839999,0 -46.14036625599988,-23.17774607199993,0 -46.14037013699993,-23.1777433289999,0 -46.14037398799991,-23.17774055099994,0 -46.14037780499996,-23.17773773399995,0 -46.14038158499994,-23.1777348739999,0 -46.14038532499995,-23.17773196799993,0 -46.14038901799984,-23.17772901399996,0 -46.14039266299994,-23.17772600799998,0 -46.14039625499998,-23.17772294699989,0 -46.14039979099994,-23.17771983099993,0 -46.14040325999986,-23.17771665299989,0 -46.14040664899994,-23.17771340099989,0 -46.14040994199996,-23.17771006599997,0 -46.14041312099994,-23.17770663699997,0 -46.14041616299994,-23.17770310399993,0 -46.14041904399994,-23.17769945799989,0 -46.14042173499996,-23.17769568999995,0 -46.14042420199991,-23.17769179399988,0 -46.14042640799988,-23.17768776499992,0 -46.14042831099988,-23.17768360699995,0 -46.14042986599992,-23.17767932699985,0 -46.14043102999995,-23.17767494299994,0 -46.1404317979999,-23.17767048499991,0 -46.14043223999994,-23.17766598799989,0 -46.14043244099997,-23.17766147599997,0 -46.14043248199988,-23.17765696099997,0 -46.14043243999998,-23.17765244499992,0 -46.14043238699998,-23.17764792899993,0 -46.14043239399996,-23.17764341399987,0 -46.14043253699998,-23.17763889999998,0 -46.14043289099993,-23.17763439599986,0 -46.14043353599988,-23.17762992099995,0 -46.14043452599998,-23.17762549999992,0 -46.14043581599998,-23.17762114499993,0 -46.14043734399991,-23.17761685599993,0 -46.14043904499988,-23.1776126229999,0 -46.14044086299992,-23.17760843199994,0 -46.1404427409999,-23.17760426299992,0 -46.1404446279999,-23.17760009799997,0 -46.14044646999997,-23.17759591499987,0 -46.14044821499994,-23.17759169699997,0 -46.14044980699998,-23.17758742799998,0 -46.14045118799999,-23.17758309699997,0 -46.14045232099994,-23.17757870499997,0 -46.14045322099997,-23.17757426699995,0 -46.14045390499996,-23.17756979599994,0 -46.14045439499989,-23.17756530299994,0 -46.14045470999991,-23.1775607969999,0 -46.14045486799995,-23.17755628399988,0 -46.14045487399994,-23.17755176799994,0 -46.14045464099985,-23.17754725799995,0 -46.14045405599995,-23.17754277699993,0 -46.14045300799995,-23.17753836799989,0 -46.14045141399993,-23.17753410299991,0 -46.14044923799992,-23.17753006299995,0 -46.14044650699998,-23.17752632299988,0 -46.14044329799998,-23.17752292199998,0 -46.14043962899996,-23.17751994999998,0 -46.14043517599993,-23.17751827999984,0 -46.14043152699998,-23.17752097199997,0 -46.14042942699996,-23.17752504599997,0 -46.14042736799996,-23.17752913999993,0 -46.14042506699997,-23.17753312299993,0 -46.14042258299986,-23.17753701099997,0 -46.14042000299997,-23.17754084499995,0 -46.14041744099995,-23.17754468999988,0 -46.14041504199986,-23.17754862299995,0 -46.14041297199987,-23.17755271099992,0 -46.1404113829999,-23.17755697899992,0 -46.14041022999982,-23.17756136599996,0 -46.14040935899993,-23.17756580899987,0 -46.14040863199995,-23.17757027499988,0 -46.14040792899988,-23.17757474399997,0 -46.14040713999998,-23.17757919999991,0 -46.14040615399983,-23.17758362199993,0 -46.1404048739999,-23.17758797999994,0 -46.14040328399994,-23.17759224899993,0 -46.14040140199995,-23.17759641499998,0 -46.14039924699995,-23.17760046699988,0 -46.14039683799996,-23.17760439499995,0 -46.14039419499989,-23.17760819199998,0 -46.14039133499995,-23.17761185199993,0 -46.14038827399986,-23.17761537099989,0 -46.14038502699992,-23.17761874399997,0 -46.14038160699994,-23.17762196699988,0 -46.14037802599989,-23.17762503799997,0 -46.14037429499996,-23.17762795199997,0 -46.14037042899997,-23.17763071099989,0 -46.14036644599992,-23.17763332399994,0 -46.14036236099992,-23.17763579999996,0 -46.14035819099996,-23.17763815099988,0 -46.14035395099995,-23.17764039199989,0 -46.14034965299993,-23.17764253699983,0 -46.14034530899994,-23.17764460199982,0 -46.14034092999992,-23.17764660299997,0 -46.14033652499995,-23.17764855399997,0 -46.14033210399992,-23.17765047599994,0 -46.14032768199991,-23.17765239199991,0 -46.1403232699999,-23.17765433099993,0 -46.1403188839999,-23.17765631799989,0 -46.14031453799998,-23.17765837899998,0 -46.14031024999997,-23.17766054199996,0 -46.14030604199996,-23.17766283299989,0 -46.14030193799982,-23.17766528199991,0 -46.14029796999995,-23.17766791499997,0 -46.14029417399996,-23.17767075599994,0 -46.14029059299986,-23.17767382499994,0 -46.14028727299996,-23.17767713499995,0 -46.14028425399994,-23.17768068399994,0 -46.14028150599989,-23.17768441699991,0 -46.14027894299994,-23.17768826099996,0 -46.14027647199993,-23.17769215599992,0 -46.14027400599991,-23.17769605399997,0 -46.14027145399996,-23.17769990399995,0 -46.1402687239999,-23.17770364899991,0 -46.14026572899985,-23.17770721499994,0 -46.14026239199984,-23.17771050899995,0 -46.14025872999997,-23.17771349499992,0 -46.14025483599994,-23.17771621999998,0 -46.14025078999993,-23.17771875099993,0 -46.14024665799997,-23.17772115899993,0 -46.14024249199997,-23.17772351599996,0 -46.14023833899989,-23.17772589299994,0 -46.1402342479999,-23.17772835999989,0 -46.14023027499991,-23.17773098599986,0 -46.14022646899997,-23.17773381599983,0 -46.14022284299995,-23.17773683999997,0 -46.14021939599991,-23.1777400389999,0 -46.14021612799991,-23.17774339499982,0 -46.14021303199991,-23.17774688699984,0 -46.14021010299996,-23.17775050099988,0 -46.14020733399997,-23.17775421999983,0 -46.14020471499992,-23.17775803199987,0 -46.14020223799992,-23.17776192399992,0 -46.14019989399998,-23.17776588599997,0 -46.14019767299988,-23.17776990799996,0 -46.14019556699998,-23.17777398199996,0 -46.14019356599994,-23.17777810099994,0 -46.14019165499991,-23.17778225699993,0 -46.14018981499987,-23.17778643999992,0 -46.14018802499982,-23.17779064199982,0 -46.14018626399991,-23.1777948539999,0 -46.14018451199996,-23.17779906999988,0 -46.14018274699998,-23.17780327999998,0 -46.14018094599993,-23.17780747799998,0 -46.14017908799997,-23.17781165399998,0 -46.14017715099988,-23.17781579999996,0 -46.14017511499998,-23.17781990399993,0 -46.14017295799988,-23.17782395599983,0 -46.14017066299988,-23.17782794199996,0 -46.14016821999996,-23.17783185299993,0 -46.14016563699982,-23.17783568499982,0 -46.14016292199994,-23.17783943899997,0 -46.14016008199997,-23.17784311299988,0 -46.14015712399998,-23.17784670599991,0 -46.14015405399994,-23.17785021899994,0 -46.14015087899992,-23.17785364999997,0 -46.14014760599991,-23.17785700199988,0 -46.14014424599992,-23.1778602789999,0 -46.1401408079999,-23.17786348699997,0 -46.14013730199997,-23.17786663099997,0 -46.14013373699993,-23.17786971799995,0 -46.14013012099997,-23.17787275399996,0 -46.14012646199996,-23.17787574599993,0 -46.1401227689999,-23.17787870099983,0 -46.14011904399996,-23.17788162199997,0 -46.14011526999991,-23.17788448899995,0 -46.14011142999993,-23.17788727999982,0 -46.14010750699998,-23.17788996999997,0 -46.14010348499994,-23.17789253099988,0 -46.14009934999996,-23.17789493399994,0 -46.14009509099992,-23.17789714499992,0 -46.14009070299994,-23.17789912699993,0 -46.14008618799983,-23.17790084799998,0 -46.14008157499995,-23.17790233099993,0 -46.14007690399995,-23.17790365099995,0 -46.14007220499991,-23.17790488299994,0 -46.14006750199997,-23.17790610499998,0 -46.14006281899992,-23.17790738899987,0 -46.14005818299989,-23.17790880899992,0 -46.14005361399995,-23.17791040399987,0 -46.14004911799987,-23.17791216999984,0 -46.14004470299994,-23.1779140999999,0 -46.14004037199993,-23.17791618699988,0 -46.14003612899995,-23.17791842499992,0 -46.14003197999995,-23.17792080699991,0 -46.14002792799988,-23.17792332799996,0 -46.14002397699983,-23.17792598299991,0 -46.14002012999987,-23.17792876599998,0 -46.14001639199989,-23.17793167199994,0 -46.14001276599998,-23.17793469699984,0 -46.14000925599993,-23.17793783699983,0 -46.14000586099991,-23.17794108399994,0 -46.14000256999992,-23.17794442099995,0 -46.13999936599993,-23.17794782999994,0 -46.13999623199993,-23.17795129299998,0 -46.13999314899996,-23.17795479499989,0 -46.13999009699995,-23.17795832099995,0 -46.13998705699998,-23.17796185599997,0 -46.13998400999998,-23.17796538599998,0 -46.13998093499998,-23.17796889499994,0 -46.13997781799992,-23.17797237099995,0 -46.13997465799991,-23.17797581499997,0 -46.13997146199983,-23.17797922999995,0 -46.1399682359999,-23.17798261999997,0 -46.1399649839999,-23.17798598999991,0 -46.13996171299993,-23.17798934399991,0 -46.1399584269999,-23.17799268499994,0 -46.13995513099991,-23.17799601799993,0 -46.13995183199989,-23.17799934699997,0 -46.13994853299988,-23.17800267799987,0 -46.13994523999997,-23.17800601299996,0 -46.13994195799995,-23.17800935799988,0 -46.13993869199987,-23.1780127159999,0 -46.13993544699997,-23.17801609199989,0 -46.13993222599998,-23.17801948599993,0 -46.13992900899996,-23.17802288399992,0 -46.13992576599998,-23.17802626099996,0 -46.13992246799995,-23.17802959199997,0 -46.13991908699995,-23.17803285099995,0 -46.13991559499993,-23.17803600799994,0 -46.13991196899997,-23.17803903399994,0 -46.13990818799994,-23.1780418919999,0 -46.13990424099995,-23.17804455099997,0 -46.13990017199995,-23.17804704799988,0 -46.13989606199988,-23.17804948799994,0 -46.13989198699994,-23.17805197799993,0 -46.13988803099994,-23.17805462599989,0 -46.13988429499989,-23.17805753299996,0 -46.13988089499998,-23.17806077199998,0 -46.13987787899998,-23.1780643219999,0 -46.13987523999987,-23.17806811999986,0 -46.13987296799996,-23.17807211599984,0 -46.13987104699999,-23.17807626699994,0 -46.13986946799992,-23.17808053899989,0 -46.1398682219999,-23.17808490499993,0 -46.1398673029999,-23.17808933899994,0 -46.13986667499995,-23.17809381699993,0 -46.13986628599991,-23.17809831799997,0 -46.13986608199991,-23.17810282999989,0 -46.13986600399988,-23.17810734499989,0 -46.1398659969999,-23.17811186099993,0 -46.1398660029999,-23.17811637699992,0 -46.13986596599989,-23.17812089199998,0 -46.13986582699988,-23.17812540599988,0 -46.13986552699993,-23.17812991299991,0 -46.13986500599998,-23.17813440299994,0 -46.13986420899994,-23.17813885799995,0 -46.13986312699984,-23.17814326099995,0 -46.13986179499989,-23.17814760499994,0 -46.13986024999997,-23.17815188899993,0 -46.1398585259999,-23.17815611299994,0 -46.13985665199993,-23.17816028299995,0 -46.13985465599995,-23.1781644049999,0 -46.13985255599994,-23.17816848199982,0 -46.13985036099996,-23.17817251599996,0 -46.13984807999992,-23.17817650899997,0 -46.13984572299989,-23.17818046499991,0 -46.13984329899989,-23.17818438499989,0 -46.13984081699994,-23.17818827399992,0 -46.13983828499994,-23.17819213699983,0 -46.13983571399996,-23.17819597599987,0 -46.13983311199985,-23.17819979799992,0 -46.13983048699998,-23.17820360599995,0 -46.13982784599995,-23.17820740499991,0 -46.13982518699999,-23.17821119299998,0 -46.13982250499993,-23.17821496699992,0 -46.1398197929999,-23.17821872299987,0 -46.13981704399993,-23.17822245599984,0 -46.13981425199995,-23.17822616099988,0 -46.13981141199991,-23.17822983499991,0 -46.13980851699995,-23.17823347299998,0 -46.13980556199988,-23.17823706799987,0 -46.13980254199998,-23.17824061699991,0 -46.13979945599988,-23.17824411699996,0 -46.13979631799998,-23.17824757799997,0 -46.1397931439999,-23.17825101099987,0 -46.13978994799993,-23.17825442599991,0 -46.13978674499998,-23.17825783499984,0 -46.1397835489999,-23.17826124999993,0 -46.13978037499993,-23.17826468299995,0 -46.13977723799991,-23.17826814399996,0 -46.13977415199992,-23.17827164499994,0 -46.13977113399994,-23.17827519499986,0 -46.13976819799996,-23.17827880399989,0 -46.13976535399991,-23.17828247599994,0 -46.13976260999988,-23.17828621099994,0 -46.13975997299991,-23.17829001199993,0 -46.13975744999988,-23.17829387899997,0 -46.13975504999996,-23.17829781199993,0 -46.13975278099997,-23.17830181099993,0 -46.13975065099993,-23.17830587399982,0 -46.13974866699988,-23.17831000099989,0 -46.13974683099997,-23.17831418599997,0 -46.13974511199996,-23.17831841199995,0 -46.13974346899988,-23.17832266499994,0 -46.13974186399992,-23.17832692999997,0 -46.13974025799996,-23.17833119499994,0 -46.13973861199992,-23.17833544699994,0 -46.13973688399994,-23.17833966999996,0 -46.13973503499989,-23.17834384999992,0 -46.13973302299991,-23.17834796399984,0 -46.13973080799991,-23.17835198899991,0 -46.13972835399989,-23.17835589299995,0 -46.13972563399994,-23.17835964299991,0 -46.13972268699996,-23.17836324299992,0 -46.13971958099995,-23.17836672799996,0 -46.13971637999987,-23.17837013899998,0 -46.13971313999997,-23.17837351899982,0 -46.13970991499997,-23.17837691099993,0 -46.13970674299998,-23.17838034399995,0 -46.13970363199996,-23.17838382599996,0 -46.13970059199988,-23.17838736099998,0 -46.13969763199998,-23.17839095299991,0 -46.13969476199992,-23.17839460599998,0 -46.13969199099989,-23.17839832499993,0 -46.13968933199993,-23.17840211299995,0 -46.13968679499982,-23.17840597199995,0 -46.13968439399997,-23.17840990399998,0 -46.13968214199997,-23.17841391099995,0 -46.13968005299995,-23.17841799299993,0 -46.1396781389999,-23.17842214799992,0 -46.13967639999993,-23.17842636699993,0 -46.13967479899998,-23.17843063299995,0 -46.13967329299993,-23.17843492899993,0 -46.13967184099982,-23.17843924099992,0 -46.13967040099988,-23.17844355599993,0 -46.13966892899992,-23.17844786199993,0 -46.13966738699997,-23.17845214699992,0 -46.13966573299996,-23.17845639599994,0 -46.13966392799995,-23.17846059199991,0 -46.13966194599988,-23.17846471899998,0 -46.13965977999987,-23.17846876599998,0 -46.13965742199997,-23.17847271999995,0 -46.13965486699993,-23.17847656899988,0 -46.13965210699996,-23.17848029399994,0 -46.1396491349999,-23.17848387699996,0 -46.13964594599997,-23.17848729699989,0 -46.13964253699999,-23.17849052999998,0 -46.13963892299995,-23.17849356599987,0 -46.13963513199997,-23.17849641399994,0 -46.13963119499994,-23.17849908599982,0 -46.13962713799992,-23.17850159999995,0 -46.13962298299987,-23.17850397399997,0 -46.13961875099994,-23.17850622799995,0 -46.13961445899997,-23.17850838399994,0 -46.13961012099998,-23.17851045999987,0 -46.13960575099986,-23.17851247799996,0 -46.13960136099996,-23.17851445799994,0 -46.13959696199993,-23.17851641999994,0 -46.1395925619999,-23.17851838199988,0 -46.13958816799993,-23.17852035399989,0 -46.1395837849999,-23.17852234699996,0 -46.13957941899997,-23.17852437199997,0 -46.1395750769999,-23.17852643999993,0 -46.13957076499997,-23.17852856099995,0 -46.13956648999988,-23.17853074599986,0 -46.13956226099998,-23.17853300499996,0 -46.13955808599991,-23.17853534899996,0 -46.13955397399991,-23.17853778699998,0 -46.13954993599987,-23.17854032799994,0 -46.13954598199996,-23.17854297899987,0 -46.13954211599992,-23.17854573799997,0 -46.13953832099997,-23.17854858099992,0 -46.13953457699984,-23.17855148199988,0 -46.13953086499998,-23.17855441599994,0 -46.13952716099993,-23.17855736099995,0 -46.13952344599988,-23.17856029199993,0 -46.13951969599992,-23.17856318599996,0 -46.13951589299995,-23.17856601899996,0 -46.13951201499992,-23.17856876499997,0 -46.13950804499996,-23.17857139599994,0 -46.13950396899997,-23.17857388299996,0 -46.13949977399989,-23.17857619499989,0 -46.13949546399988,-23.17857832099997,0 -46.13949107599996,-23.17858030499997,0 -46.13948664599997,-23.17858220499994,0 -46.13948220299994,-23.17858408199993,0 -46.13947777699991,-23.17858599199997,0 -46.13947339899994,-23.17858799399988,0 -46.13946910599992,-23.17859014799996,0 -46.13946494399994,-23.17859250999993,0 -46.13946096599994,-23.17859512899986,0 -46.13945720399994,-23.17859800799994,0 -46.13945365599989,-23.17860111099998,0 -46.13945031299988,-23.17860440299989,0 -46.13944716199995,-23.17860785299985,0 -46.1394441889999,-23.17861143499988,0 -46.13944137999994,-23.17861512899998,0 -46.13943874499989,-23.17861893099996,0 -46.13943630199998,-23.17862284099994,0 -46.13943407399995,-23.17862685899991,0 -46.13943208399996,-23.17863098199996,0 -46.13943035799991,-23.17863520599997,0 -46.13942892599988,-23.17863952299996,0 -46.13942781399987,-23.17864391899997,0 -46.13942700699988,-23.17864837199983,0 -46.13942641699992,-23.17865285499994,0 -46.13942594899999,-23.17865734999992,0 -46.13942550799987,-23.17866184699994,0 -46.1394249999999,-23.17866633899996,0 -46.13942433099993,-23.17867081199989,0 -46.13942340599988,-23.17867524499991,0 -46.13942220199993,-23.1786796209999,0 -46.13942077399992,-23.17868393899994,0 -46.13941918199998,-23.17868820899992,0 -46.13941748399992,-23.17869244299993,0 -46.13941573299996,-23.17869665799998,0 -46.13935188099998,-23.17860731799988,0 -46.13940318899989,-23.17856445999996,0 -46.13947561799995,-23.17848014599991,0 -46.13958702899998,-23.17830950199993,0 -46.13968785899982,-23.17818832099994,0 -46.13975457999993,-23.17805875299996,0 -46.13982555999991,-23.17795792099997,0 -46.13995638099993,-23.17785174199997,0 -46.14026782699995,-23.17747910199989,0</coordinates></LinearRing></outerBoundaryIs>
        </Polygon>
        <Polygon>
          <extrude>0</extrude><altitudeMode>clampToGround</altitudeMode>
          <outerBoundaryIs><LinearRing><coordinates> -46.12569215499997,-23.17238457499997,0 -46.12569741899989,-23.17231897399995,0 -46.12572452199998,-23.17230188999997,0 -46.12601117599991,-23.17220298099988,0 -46.12616734499994,-23.1722579989999,0 -46.12634609799994,-23.17233392599996,0 -46.12640866999993,-23.17254777299996,0 -46.12609585299998,-23.17311834199995,0 -46.12597821599996,-23.17321545599998,0 -46.12575939399994,-23.17339944899993,0 -46.12574874499995,-23.17377198799994,0 -46.12547566699993,-23.17404035899995,0 -46.12530660799996,-23.17422910799991,0 -46.12507686499998,-23.17476990799997,0 -46.12482393599998,-23.17525084699997,0 -46.12479592099993,-23.17556450399991,0 -46.12472299799998,-23.17595551599993,0 -46.12461705399994,-23.1760001479999,0 -46.12461727699997,-23.17599986499988,0 -46.12461995299992,-23.17599608899991,0 -46.12462233799994,-23.17599214899997,0 -46.12462451699992,-23.17598810699997,0 -46.12462655599995,-23.17598400399993,0 -46.12462850999998,-23.17597986499993,0 -46.12463042799988,-23.17597571199991,0 -46.12463236099995,-23.17597156399995,0 -46.12463436599995,-23.17596744599996,0 -46.12463648499994,-23.17596337799989,0 -46.12463870799996,-23.1759593569999,0 -46.12464100999995,-23.17595537399995,0 -46.12464335599998,-23.17595141299995,0 -46.12464569999992,-23.17594745199989,0 -46.12464798799994,-23.17594346199991,0 -46.12465015799995,-23.17593941699994,0 -46.12465214499991,-23.17593529199996,0 -46.12465388899989,-23.17593107399995,0 -46.12465537299994,-23.17592677199997,0 -46.12465663199993,-23.17592240899995,0 -46.12465769999994,-23.17591800299994,0 -46.12465860999998,-23.17591356599996,0 -46.12465938999998,-23.17590910899992,0 -46.12466006699987,-23.17590463599993,0 -46.12466066299999,-23.17590015399998,0 -46.12466120099987,-23.17589566599997,0 -46.1246616919999,-23.17589117299997,0 -46.12466212599992,-23.17588667499996,0 -46.12466248599998,-23.1758821709999,0 -46.1246627569999,-23.17587766199989,0 -46.12466292199991,-23.17587314899998,0 -46.1246629609999,-23.17586863399987,0 -46.12466285499983,-23.17586411899993,0 -46.12466258199998,-23.17585960999992,0 -46.12466211999993,-23.17585511499988,0 -46.12466144399997,-23.17585064299988,0 -46.12466052899998,-23.17584620799994,0 -46.12465935399996,-23.17584182499996,0 -46.12465792699993,-23.17583750699987,0 -46.12465627099988,-23.17583325899994,0 -46.12465441199993,-23.17582908299988,0 -46.12465237599991,-23.17582497799998,0 -46.12465019099994,-23.17582093999994,0 -46.12464787899989,-23.17581696199994,0 -46.12464546599989,-23.17581303599997,0 -46.12464297299994,-23.17580915199983,0 -46.12464042199991,-23.17580530199996,0 -46.12463783199996,-23.17580147299998,0 -46.12463522199994,-23.17579765499994,0 -46.12463377199998,-23.17579572499994,0 -46.12463098899985,-23.17579201399991,0 -46.12462821099996,-23.17578829899998,0 -46.12462544399995,-23.17578457799993,0 -46.12462269199995,-23.17578084699988,0 -46.12461996099989,-23.17577710299992,0 -46.12461725699995,-23.17577334199996,0 -46.12461458799999,-23.17576955999994,0 -46.12461196299995,-23.17576575099997,0 -46.12460939799985,-23.1757619089999,0 -46.12460690899991,-23.17575802299996,0 -46.12460451799996,-23.17575408499988,0 -46.12460224699998,-23.17575008699998,0 -46.12460011899998,-23.17574602299993,0 -46.12459815799997,-23.17574188699996,0 -46.12459638799993,-23.17573767799996,0 -46.12459482599996,-23.17573339999996,0 -46.12459347599986,-23.17572906099997,0 -46.12459232999993,-23.17572467099995,0 -46.12459136599995,-23.17572024399993,0 -46.12459055599987,-23.1757157909999,0 -46.1245898979999,-23.17571131699998,0 -46.12458939899994,-23.17570682499996,0 -46.12458907099995,-23.17570231899998,0 -46.12458892799992,-23.17569780499986,0 -46.12458898499995,-23.17569328999991,0 -46.12458926099987,-23.1756887819999,0 -46.12458977599982,-23.17568429199997,0 -46.12459055299996,-23.17567983399988,0 -46.12459161899989,-23.17567542799998,0 -46.12459297299989,-23.17567108899993,0 -46.12459456099992,-23.17566681899996,0 -46.12459632199983,-23.17566260699994,0 -46.1245981969999,-23.17565843699998,0 -46.12460012599996,-23.17565428899997,0 -46.12460205199994,-23.17565013899997,0 -46.12460391699994,-23.17564596499983,0 -46.12460569399997,-23.17564175799993,0 -46.12460738499993,-23.17563752199993,0 -46.12460899599989,-23.17563325899994,0 -46.12461053199985,-23.17562897199991,0 -46.12461199899997,-23.17562466499993,0 -46.1246134029999,-23.17562033999991,0 -46.12461475099991,-23.17561599899994,0 -46.12461604999993,-23.17561164599994,0 -46.12461730699988,-23.17560728199993,0 -46.12461852799998,-23.1756029099999,0 -46.12461971999988,-23.17559852999989,0 -46.1246208899999,-23.17559414599998,0 -46.12462203999991,-23.17558975699995,0 -46.12462313799989,-23.17558535699987,0 -46.12462413299988,-23.17558093599996,0 -46.12462497299998,-23.17557648699994,0 -46.12462559499994,-23.17557200899984,0 -46.12462592899988,-23.1755675039999,0 -46.12462589099988,-23.17556298999989,0 -46.12462538999984,-23.17555849999997,0 -46.12462433399992,-23.17555409399995,0 -46.12462266599988,-23.17554985299995,0 -46.12462046099995,-23.17554582599996,0 -46.1246178429999,-23.17554201499991,0 -46.12461491899995,-23.17553839899989,0 -46.12461177099993,-23.17553494599997,0 -46.12460846399995,-23.17553162299987,0 -46.12460505099995,-23.17552839199993,0 -46.12460157699991,-23.17552521899995,0 -46.12459806799995,-23.17552207699998,0 -46.12459453399993,-23.17551895999998,0 -46.12459098299991,-23.17551585899997,0 -46.12458742299998,-23.17551276699993,0 -46.12458386299994,-23.17550967499983,0 -46.12458031199992,-23.17550657499993,0 -46.12457677799989,-23.17550345699993,0 -46.12457326999998,-23.17550031499997,0 -46.12456978099993,-23.17549715399997,0 -46.12456627799992,-23.17549400699994,0 -46.12456272699995,-23.17549090699998,0 -46.12455909599993,-23.17548788699997,0 -46.12455535599997,-23.17548498199983,0 -46.12455148599992,-23.17548222699997,0 -46.12454750399996,-23.17547961299994,0 -46.12454344599996,-23.17547709899998,0 -46.12453934699982,-23.17547464299997,0 -46.12453523899984,-23.17547219999994,0 -46.12453115199992,-23.17546972699989,0 -46.12452711899988,-23.17546717999994,0 -46.12452317799989,-23.17546451299989,0 -46.12451937499992,-23.17546167899997,0 -46.12451576899991,-23.17545863499987,0 -46.12451242999998,-23.17545534099997,0 -46.12450943699992,-23.17545177399984,0 -46.12450684199996,-23.17544795099997,0 -46.12450462399988,-23.17544392899998,0 -46.12450274599991,-23.17543976099989,0 -46.12450116999986,-23.1754354869999,0 -46.12449985499984,-23.1754311389999,0 -46.12449876399984,-23.1754267369999,0 -46.12449786499985,-23.17542229899988,0 -46.12449712699998,-23.17541783499996,0 -46.1244965219999,-23.17541335399994,0 -46.12449602399988,-23.17540886199993,0 -46.12449561399995,-23.17540436199982,0 -46.12449527599989,-23.17539985699989,0 -46.12449499499996,-23.17539534799994,0 -46.12449475299996,-23.17539083799994,0 -46.12449453199991,-23.17538632699984,0 -46.1244943129999,-23.17538181499998,0 -46.12449407899987,-23.17537730499987,0 -46.12449381099998,-23.17537279599998,0 -46.12449349399992,-23.17536828899995,0 -46.12449315599997,-23.17536378399984,0 -46.12449291899998,-23.1753592739999,0 -46.12449292499997,-23.17535475899996,0 -46.12449333399991,-23.17535026099995,0 -46.12449432199992,-23.17534584199996,0 -46.12449604399995,-23.17534162199996,0 -46.12449841099988,-23.17533767399988,0 -46.12450114199993,-23.17533393199994,0 -46.12450401299992,-23.17533027799982,0 -46.12450682599996,-23.17532658699997,0 -46.12450935899983,-23.17532272699998,0 -46.12451134599991,-23.17531860599991,0 -46.12451269399992,-23.17531426999983,0 -46.12451342599996,-23.17530980799989,0 -46.12451361099983,-23.17530529699997,0 -46.12451334099995,-23.17530078899995,0 -46.12451270699984,-23.17529631199994,0 -46.12451179199985,-23.17529187699995,0 -46.12451066299991,-23.17528748399991,0 -46.12450938099994,-23.1752831259999,0 -46.1245079929999,-23.17527879699998,0 -46.12450654299994,-23.17527448399989,0 -46.12450506899989,-23.17527017899982,0 -46.12450360699995,-23.17526586999998,0 -46.12450219499993,-23.17526154699982,0 -46.12450086999991,-23.17525720099997,0 -46.12449967299989,-23.17525282299988,0 -46.1244986509999,-23.17524840699997,0 -46.12449785199993,-23.17524395199996,0 -46.12449728799987,-23.17523946699993,0 -46.12449694899993,-23.17523496299992,0 -46.12449682399995,-23.17523044899991,0 -46.12449689599993,-23.17522593299998,0 -46.12449714699989,-23.17522142399997,0 -46.12449755699998,-23.17521692399993,0 -46.12449810699997,-23.17521243699991,0 -46.12449877499995,-23.17520796399998,0 -46.12449953899988,-23.17520350299998,0 -46.12450037999997,-23.17519905499995,0 -46.12450127599993,-23.17519461599994,0 -46.12450220599993,-23.17519018299993,0 -46.12450315499996,-23.17518575299994,0 -46.12450412099992,-23.17518132599992,0 -46.1245051059999,-23.17517690299991,0 -46.12450610999991,-23.17517248399997,0 -46.12450713499993,-23.17516806799989,0 -46.1245081809999,-23.17516365699987,0 -46.12450924799998,-23.17515924999998,0 -46.12451033699989,-23.17515484799998,0 -46.12451142499998,-23.17515044599986,0 -46.12451246099988,-23.17514603199993,0 -46.12451338999989,-23.17514159899991,0 -46.12451415399994,-23.1751371389999,0 -46.12451468799998,-23.1751326509999,0 -46.12451491899992,-23.17512814099996,0 -46.12451476799998,-23.17512362899993,0 -46.12451415299995,-23.17511915099993,0 -46.12451300199996,-23.17511476499993,0 -46.12451127099996,-23.17511054599993,0 -46.12450895999996,-23.17510657099996,0 -46.1245060789999,-23.17510292899993,0 -46.12450260599996,-23.17509976199995,0 -46.12449852999998,-23.17509728999988,0 -46.12449402599998,-23.17509555199996,0 -46.12448936299995,-23.17509420999983,0 -46.1244846969999,-23.17509287599989,0 -46.12448016199988,-23.17509120499994,0 -46.1244759359999,-23.17508895099991,0 -46.12447214199995,-23.17508611299996,0 -46.12446891099995,-23.17508273499993,0 -46.12446646199993,-23.17507883799988,0 -46.12446513999998,-23.17507450699998,0 -46.12446522199997,-23.17507000499995,0 -46.12446630699998,-23.17506560599986,0 -46.12446787099992,-23.17506132899996,0 -46.12446953199998,-23.17505708199997,0 -46.12447091499985,-23.17505275299993,0 -46.12447143899988,-23.17504827599993,0 -46.12447031099998,-23.17504391099993,0 -46.12446770899993,-23.17504010499988,0 -46.1244642929999,-23.17503688499988,0 -46.12446045299987,-23.17503409699998,0 -46.12445637899998,-23.17503160599989,0 -46.1244521729999,-23.17502931199988,0 -46.12444789499989,-23.17502713199997,0 -46.12444358799996,-23.17502500199987,0 -46.12443926399988,-23.17502290199997,0 -46.12443493099988,-23.17502081899988,0 -46.12443059699996,-23.17501873599997,0 -46.12442627399997,-23.17501663399997,0 -46.12442197299998,-23.17501449299988,0 -46.12441770699996,-23.17501229399988,0 -46.12441348799996,-23.17501001899996,0 -46.12440932599998,-23.17500765599993,0 -46.1244052639999,-23.1750051489999,0 -46.12440140899997,-23.17500237799993,0 -46.12439791299994,-23.17499922899998,0 -46.12439498199996,-23.17499562399991,0 -46.12439283199996,-23.17499157699996,0 -46.12439161699996,-23.17498721199996,0 -46.12439156699992,-23.17498270999994,0 -46.12439290499998,-23.17497838199984,0 -46.12439512799995,-23.17497436399992,0 -46.12439757499982,-23.17497045499988,0 -46.12439966599987,-23.1749663789999,0 -46.12440088499989,-23.17496201299997,0 -46.12440137699997,-23.17495752299988,0 -46.12440150599997,-23.17495300899998,0 -46.12440160999995,-23.17494849399992,0 -46.1244019909999,-23.17494399299994,0 -46.12440291799982,-23.17493956399989,0 -46.12440487199996,-23.17493544699994,0 -46.12440860099991,-23.17493261999994,0 -46.12441319499993,-23.1749310969999,0 -46.12441773299997,-23.17492944599996,0 -46.12442134299994,-23.17492646099987,0 -46.12442359599993,-23.1749224699999,0 -46.12442485899993,-23.17491811399998,0 -46.12442526299998,-23.17491361999987,0 -46.12442484499985,-23.17490912499994,0 -46.12442368299992,-23.17490474399995,0 -46.12442158899995,-23.17490067699998,0 -46.12441827199984,-23.17489739299998,0 -46.12441401899991,-23.17489520099997,0 -46.12440931799989,-23.17489400899996,0 -46.12440445099992,-23.17489370899995,0 -46.12439958899989,-23.17489410799988,0 -46.12439479799986,-23.17489498099997,0 -46.12439007299997,-23.17489612399987,0 -46.12438537599996,-23.17489736299996,0 -46.12438065799984,-23.17489853099988,0 -46.12437588999995,-23.17489951099998,0 -46.12437106499993,-23.17490020699995,0 -46.12436619099998,-23.17490044299996,0 -46.12436136999992,-23.17489981299991,0 -46.12435735799994,-23.17489737799997,0 -46.12435563799988,-23.17489319099997,0 -46.12435507399994,-23.17488870799997,0 -46.12435459499989,-23.17488421399986,0 -46.12435348999998,-23.17487982199992,0 -46.12435153099989,-23.17487569199994,0 -46.12434889099995,-23.17487189699989,0 -46.12434580199988,-23.17486839999998,0 -46.12434246999987,-23.17486509899987,0 -46.12433905999995,-23.17486186599996,0 -46.12433571699995,-23.17485857399987,0 -46.12433256499992,-23.17485512499985,0 -46.12432949899994,-23.17485160899992,0 -46.12432627699997,-23.17484821699998,0 -46.12432265799993,-23.17484519099992,0 -46.12431850199994,-23.17484283199997,0 -46.1243139529999,-23.17484120099994,0 -46.12430919499997,-23.17484019399996,0 -46.12430434099991,-23.17483971899998,0 -46.12429945699995,-23.17483967399988,0 -46.12429457399998,-23.17483975899989,0 -46.12428969599995,-23.17483956999996,0 -46.12428491499998,-23.1748386829999,0 -46.12428040299989,-23.17483696899995,0 -46.12427624399982,-23.17483460899984,0 -46.12427246899995,-23.17483174799997,0 -46.12426909799984,-23.17482848299994,0 -46.12426610399996,-23.17482491699991,0 -46.12426340499991,-23.17482115399997,0 -46.12426089799987,-23.17481727899991,0 -46.12425846699995,-23.17481336199995,0 -46.12425599699998,-23.17480946599989,0 -46.12425336699994,-23.17480566199993,0 -46.12425045999998,-23.17480203399998,0 -46.12424717799996,-23.17479869199997,0 -46.12424355699994,-23.17479566399982,0 -46.12423971099997,-23.17479288099992,0 -46.12423573299992,-23.17479026099988,0 -46.12423169799996,-23.17478771699996,0 -46.12422766799995,-23.17478516499995,0 -46.12422367499988,-23.17478256399988,0 -46.12421969399992,-23.17477994699993,0 -46.12421569699995,-23.17477735299997,0 -46.12421165199999,-23.17477481999987,0 -46.12420753399988,-23.17477239299996,0 -46.12420331599998,-23.17477011599993,0 -46.1241989799999,-23.17476803899984,0 -46.12419452399996,-23.17476618999996,0 -46.12418997799995,-23.1747645399999,0 -46.12418536999991,-23.17476304399997,0 -46.12418072199989,-23.17476165499994,0 -46.12417605299987,-23.17476032899998,0 -46.12417137699993,-23.17475902199988,0 -46.12416668899988,-23.17475775399987,0 -46.12416196299995,-23.17475661499998,0 -46.12415717999988,-23.17475570399995,0 -46.12415233799993,-23.17475512099992,0 -46.12414746099989,-23.1747548919999,0 -46.12414257699993,-23.17475480999997,0 -46.12413769699998,-23.17475462399989,0 -46.12413285399992,-23.17475406199992,0 -46.12412815399989,-23.17475284999989,0 -46.12412369099997,-23.17475102099996,0 -46.12411940699997,-23.17474885399992,0 -46.1241151829999,-23.17474658599991,0 -46.12411089499989,-23.17474442399993,0 -46.12410644899995,-23.17474255899987,0 -46.12410183999992,-23.17474106899994,0 -46.12409709899998,-23.17473998999992,0 -46.12409226299997,-23.17473936799996,0 -46.1240873829999,-23.17473925199994,0 -46.12408252099993,-23.17473965799996,0 -46.1240777079999,-23.17474042299995,0 -46.12407292299997,-23.17474133299993,0 -46.12406812799998,-23.17474219099984,0 -46.12406330699997,-23.17474291299987,0 -46.12405847499991,-23.17474357499992,0 -46.12405364799997,-23.17474426299998,0 -46.12405168899988,-23.17474426199993,0 -46.12404680499992,-23.17474424999989,0 -46.12404192099996,-23.17474420399998,0 -46.12403703799998,-23.17474410299997,0 -46.12403215699993,-23.17474392199989,0 -46.12402728299998,-23.17474363699995,0 -46.12402241899997,-23.17474322499993,0 -46.1240175719999,-23.17474266999994,0 -46.12401274899986,-23.17474195499989,0 -46.12400795999997,-23.17474106799983,0 -46.12400321499996,-23.17473999899994,0 -46.12399852499993,-23.17473873899991,0 -46.1239939059999,-23.17473727199996,0 -46.12398938099994,-23.17473557199997,0 -46.12398498099998,-23.17473361399993,0 -46.12398074699996,-23.1747313649999,0 -46.12397673099997,-23.17472879699994,0 -46.12397300399994,-23.17472588099997,0 -46.12396965099992,-23.17472260099981,0 -46.12396676299994,-23.17471896299998,0 -46.12396432699995,-23.17471504999997,0 -46.12396203099991,-23.17471106399984,0 -46.12395950299998,-23.17470720299997,0 -46.1239563929999,-23.17470372899993,0 -46.12395269299986,-23.17470078699995,0 -46.12394861399997,-23.17469830799985,0 -46.12394430899997,-23.17469617499995,0 -46.12393988299993,-23.17469426699995,0 -46.12393540099993,-23.17469247099996,0 -46.1239309149999,-23.17469068599991,0 -46.12392643499993,-23.17468888499997,0 -46.12392196299987,-23.17468706999989,0 -46.12391749499989,-23.17468524399993,0 -46.12391303299995,-23.17468340799996,0 -46.12390857399993,-23.17468156399997,0 -46.12390411999991,-23.17467970999991,0 -46.12389967599989,-23.17467783699993,0 -46.12389524399998,-23.17467593899994,0 -46.12389082899989,-23.17467400799995,0 -46.12388643399999,-23.17467203699988,0 -46.12388206399999,-23.1746700189999,0 -46.12387772399995,-23.17466794799998,0 -46.12387341799996,-23.1746658159999,0 -46.12386915099995,-23.1746636179999,0 -46.12386493099996,-23.17466134499989,0 -46.12386075799998,-23.17465899799987,0 -46.12385661799982,-23.17465660099992,0 -46.12385249199991,-23.17465418399991,0 -46.12384835999995,-23.17465177599991,0 -46.12384420299986,-23.17464940599996,0 -46.12383999999997,-23.17464710499996,0 -46.12383573499994,-23.17464490399993,0 -46.12383140799994,-23.17464280899998,0 -46.12382704299995,-23.17464078399996,0 -46.12382265999992,-23.17463878999996,0 -46.12381828099996,-23.17463678899998,0 -46.12381391699995,-23.17463475999989,0 -46.12380956499993,-23.17463270999991,0 -46.12380522099994,-23.17463064599991,0 -46.12380087799983,-23.17462857899994,0 -46.12379650999998,-23.17462655799994,0 -46.12379207999987,-23.17462465699998,0 -46.12378755699996,-23.17462295399991,0 -46.12378292399995,-23.17462152599995,0 -46.1237782039999,-23.17462036599994,0 -46.12377343299994,-23.17461939999998,0 -46.12376863599991,-23.17461855099998,0 -46.12376382999997,-23.17461774499992,0 -46.12375902999992,-23.17461690699986,0 -46.12375425399995,-23.17461596399994,0 -46.12374952199991,-23.17461484499995,0 -46.12374486699997,-23.17461348199993,0 -46.12374032299988,-23.17461182599988,0 -46.12373591799997,-23.17460987699997,0 -46.12373167499987,-23.17460764199996,0 -46.12372762199988,-23.17460512399992,0 -46.12372379199991,-23.17460232399998,0 -46.1237202239999,-23.1745992409999,0 -46.12371696899999,-23.17459587699989,0 -46.12371408099995,-23.17459223699996,0 -46.12371151299988,-23.17458839599988,0 -46.12370905899996,-23.17458449199995,0 -46.12370649999991,-23.17458064599998,0 -46.12370362399997,-23.17457699899995,0 -46.12370021199985,-23.17457377599993,0 -46.12369610899987,-23.17457135099988,0 -46.12369149499995,-23.17456989199997,0 -46.12368668699997,-23.1745691079999,0 -46.12368182299991,-23.17456870099994,0 -46.12367694199997,-23.17456854699992,0 -46.1236720579999,-23.17456859699996,0 -46.12366717899994,-23.17456879799994,0 -46.12366230499998,-23.17456909299989,0 -46.12365743399994,-23.17456942699994,0 -46.1236525619999,-23.17456974299995,0 -46.12364768399993,-23.17456998199998,0 -46.12364280099996,-23.17457008599996,0 -46.12363791799993,-23.17457000999997,0 -46.12363304099995,-23.17456976199998,0 -46.12362817599984,-23.1745693609999,0 -46.12362332599997,-23.17456882699997,0 -46.12361849199993,-23.17456817899989,0 -46.12361367499994,-23.17456743499991,0 -46.12360887199992,-23.17456661299997,0 -46.12360408199999,-23.17456572899988,0 -46.12359930199995,-23.17456479999981,0 -46.12359452999988,-23.17456383599989,0 -46.12358976399986,-23.17456284899998,0 -46.12358499999982,-23.1745618519999,0 -46.12358023599995,-23.17456085499992,0 -46.12357546899983,-23.17455987099993,0 -46.12357069599994,-23.17455891199995,0 -46.1235659159999,-23.17455798299994,0 -46.12356113499987,-23.17455705899988,0 -46.12355636299992,-23.17455609699988,0 -46.12355160999988,-23.17455505499987,0 -46.12354688999994,-23.17455389299988,0 -46.12354222099992,-23.17455256899996,0 -46.12353761599996,-23.1745510639999,0 -46.12353308699994,-23.17454937499997,0 -46.12352864199994,-23.17454750199988,0 -46.12352429399994,-23.17454544599997,0 -46.12352005299994,-23.17454320699989,0 -46.12351593199998,-23.17454078299994,0 -46.12351196299988,-23.1745381529999,0 -46.12350819299996,-23.17453528299995,0 -46.12350467899984,-23.17453214799997,0 -46.12350141699983,-23.17452878799992,0 -46.12349832799993,-23.17452528999991,0 -46.12349532199994,-23.17452172999998,0 -46.12349230499996,-23.17451817899996,0 -46.12348918299995,-23.17451470699984,0 -46.12348586099995,-23.17451139699983,0 -46.12348225699992,-23.17450835199992,0 -46.12347832499995,-23.17450567699996,0 -46.12347412799988,-23.17450336899998,0 -46.12346975699995,-23.17450135599989,0 -46.12346527699992,-23.17449955799992,0 -46.12346073399993,-23.17449789799997,0 -46.1234561629999,-23.17449630699991,0 -46.12345157599998,-23.17449475499996,0 -46.12344697999993,-23.17449322499994,0 -46.12344238299994,-23.17449170099997,0 -46.12343778999997,-23.17449016399996,0 -46.12343320899987,-23.17448859699988,0 -46.12342864699991,-23.17448698399994,0 -46.12342410899998,-23.17448531199989,0 -46.1234196019999,-23.17448357299992,0 -46.12341512899997,-23.17448175899995,0 -46.12341069699994,-23.17447986099995,0 -46.12340631199993,-23.1744778719999,0 -46.12340198099997,-23.17447578299982,0 -46.12339771399996,-23.17447358699997,0 -46.12339351699995,-23.17447127799988,0 -46.12338939999995,-23.17446884799995,0 -46.1233853469999,-23.17446632699983,0 -46.12338129999995,-23.17446379799998,0 -46.12337719799996,-23.17446134699998,0 -46.12337298399996,-23.17445906499995,0 -46.12336861599994,-23.17445704599993,0 -46.12336410699993,-23.17445531199996,0 -46.1233594869999,-23.17445384899997,0 -46.12335478199986,-23.17445263999986,0 -46.12335001299994,-23.17445166599987,0 -46.12334519799998,-23.17445090699988,0 -46.1233403519999,-23.17445034599984,0 -46.12333548699996,-23.17444994099998,0 -46.12333061999982,-23.17444956299994,0 -46.12332576699993,-23.17444905999992,0 -46.1233209589999,-23.17444827099996,0 -46.12331626599996,-23.17444702799992,0 -46.12331178299996,-23.17444524299987,0 -46.12330748899996,-23.17444309199993,0 -46.12330329199995,-23.17444078199992,0 -46.12329907999998,-23.17443849499995,0 -46.12329474799998,-23.17443641099993,0 -46.12329025999992,-23.17443463099994,0 -46.12328566299993,-23.17443310699991,0 -46.12328099899997,-23.17443176599988,0 -46.12327630099992,-23.17443053099987,0 -46.12327158399989,-23.17442935799988,0 -46.12326683699996,-23.17442829799995,0 -46.12326204499993,-23.17442742599997,0 -46.12325720499996,-23.17442682499995,0 -46.12325232899991,-23.17442658099992,0 -46.12324744599994,-23.17442666099993,0 -46.12324256299991,-23.17442677399993,0 -46.12323768399995,-23.1744265989999,0 -46.12323287299989,-23.17442584699995,0 -46.12322827599996,-23.17442434099991,0 -46.12322393199997,-23.17442227899994,0 -46.12321961199996,-23.17442017299993,0 -46.12321496699991,-23.17441888099989,0 -46.12321088899995,-23.17442099499988,0 -46.12320902899995,-23.17442514299989,0 -46.12320831199992,-23.17442960499989,0 -46.12320822999982,-23.17443411799991,0 -46.12320860399996,-23.17443861899994,0 -46.12320937099992,-23.17444307799997,0 -46.12321052199991,-23.17444746499996,0 -46.12321201199995,-23.17445176499996,0 -46.12321374899983,-23.17445598599994,0 -46.1232156289999,-23.17446015399986,0 -46.12321751999997,-23.17446431699994,0 -46.12321914699999,-23.17446857299984,0 -46.12321932399993,-23.17447300699996,0 -46.12321532799996,-23.17447525599994,0 -46.12321045699991,-23.17447545499988,0 -46.12320559199998,-23.17447506299993,0 -46.12320075699989,-23.17447442199995,0 -46.12319594299987,-23.1744736629999,0 -46.12319113699994,-23.17447285599991,0 -46.12318632999995,-23.17447205399986,0 -46.12318151299991,-23.17447130699998,0 -46.12317668099996,-23.17447064499993,0 -46.12317183399989,-23.17447009399996,0 -46.12316696999994,-23.17446967999985,0 -46.12316209299991,-23.17446943899989,0 -46.12315720999993,-23.17446941399993,0 -46.12315233299989,-23.17446966099993,0 -46.12314749199993,-23.17447024899997,0 -46.12314273499982,-23.17447126299987,0 -46.12313814199996,-23.17447279099991,0 -46.12313383299988,-23.17447490799992,0 -46.1231299509999,-23.17447763899997,0 -46.12312661699997,-23.17448093199988,0 -46.12312383299985,-23.17448463899984,0 -46.12312147199992,-23.17448859099989,0 -46.12311940699993,-23.17449268299998,0 -46.12311753199987,-23.17449685299994,0 -46.12311576099989,-23.17450106099994,0 -46.12311407199991,-23.17450529799993,0 -46.12311255399987,-23.17450958999996,0 -46.12311132699995,-23.17451395999996,0 -46.12311055499998,-23.17451841699994,0 -46.12311045599989,-23.17452292699988,0 -46.12311128599998,-23.17452736799993,0 -46.12311314299996,-23.1745315359999,0 -46.12311575899997,-23.17453534499992,0 -46.12311885999998,-23.17453883199988,0 -46.12312226199998,-23.17454207099996,0 -46.12312584299991,-23.17454514199994,0 -46.12312951599995,-23.17454811799996,0 -46.1231332289999,-23.17455105199991,0 -46.12313699799995,-23.17455392399995,0 -46.12314085499992,-23.17455669499992,0 -46.12314482599982,-23.17455932299998,0 -46.12314893499996,-23.17456176399992,0 -46.12315319199996,-23.17456397699993,0 -46.12315759199998,-23.17456593499998,0 -46.12316212699989,-23.17456761099993,0 -46.12316678199994,-23.17456897499989,0 -46.12317153899988,-23.17456999499996,0 -46.12317637199993,-23.17457063699993,0 -46.12318124799998,-23.17457087299994,0 -46.12318612599995,-23.17457067899994,0 -46.1231909629999,-23.17457006299998,0 -46.12319574699995,-23.17456915399998,0 -46.12320049899989,-23.1745681079999,0 -46.12320525199993,-23.17456706799993,0 -46.12321004299997,-23.17456619199993,0 -46.12321489299984,-23.17456567999989,0 -46.12321976899989,-23.17456580899989,0 -46.12322449499993,-23.17456690099988,0 -46.12322878299983,-23.1745690439999,0 -46.12323265099997,-23.17457179899992,0 -46.12323631099991,-23.17457478899991,0 -46.12323997599998,-23.17457777399989,0 -46.12324383499993,-23.17458053999997,0 -46.1232479389999,-23.17458298499997,0 -46.12325225199999,-23.17458510299997,0 -46.1232567319999,-23.17458689999995,0 -46.12326133999994,-23.1745883939999,0 -46.12326604399988,-23.1745896089999,0 -46.12327081499996,-23.17459057299988,0 -46.12327563199989,-23.17459131599998,0 -46.12328047999995,-23.17459186799994,0 -46.12328534599988,-23.17459225599993,0 -46.12329022299986,-23.17459250799988,0 -46.1232951049999,-23.17459264899998,0 -46.12329998899986,-23.17459270299997,0 -46.12330487299982,-23.17459269499989,0 -46.12330975699996,-23.17459264599989,0 -46.12331464099992,-23.17459257199988,0 -46.12331952399995,-23.17459248099988,0 -46.12332440799992,-23.17459238499998,0 -46.12332929099989,-23.17459229699995,0 -46.12333417499991,-23.17459222599996,0 -46.12333905899987,-23.17459218599993,0 -46.12334394399994,-23.17459218699986,0 -46.12334882799991,-23.17459223999992,0 -46.12335370999995,-23.17459235699994,0 -46.1233585899999,-23.17459254799996,0 -46.12336346499995,-23.17459284099982,0 -46.12336832699992,-23.17459326199986,0 -46.12337317099997,-23.17459384299997,0 -46.1233779829999,-23.17459461499988,0 -46.12338274599995,-23.17459561199996,0 -46.12338743699991,-23.17459686799998,0 -46.12339202399994,-23.1745984179999,0 -46.12339647399995,-23.17460027699997,0 -46.12340077999994,-23.1746024069999,0 -46.12340494999995,-23.17460475799993,0 -46.1234089969999,-23.17460728499987,0 -46.12341294299995,-23.17460994699991,0 -46.12341681099991,-23.17461270499996,0 -46.12342062499988,-23.17461552499992,0 -46.12342441199996,-23.17461837699989,0 -46.12342819799989,-23.17462123099995,0 -46.12343200699996,-23.17462405799989,0 -46.12343585399998,-23.17462683999997,0 -46.12343974499998,-23.17462956999992,0 -46.12344368199996,-23.17463224299996,0 -46.12344766799998,-23.17463485199994,0 -46.12345170699996,-23.17463739199997,0 -46.12345580099998,-23.1746398549999,0 -46.12345995199996,-23.17464223399998,0 -46.12346416399993,-23.17464452099983,0 -46.12346843699993,-23.17464670799984,0 -46.12347277299995,-23.17464878599992,0 -46.12347717299997,-23.17465074799998,0 -46.12348163599995,-23.17465258199996,0 -46.1234861609999,-23.17465428099985,0 -46.12349074699983,-23.17465583499995,0 -46.12349538999996,-23.1746572379999,0 -46.12350007899988,-23.17465849999991,0 -46.12350480799995,-23.17465963199993,0 -46.12350956699999,-23.17466064799993,0 -46.12351435099993,-23.17466155999989,0 -46.12351915299996,-23.17466238199989,0 -46.12352397099994,-23.17466312799996,0 -46.12352879899998,-23.17466380999991,0 -46.12353363499983,-23.17466444099995,0 -46.12353847799994,-23.17466503399993,0 -46.12354332299992,-23.17466560199989,0 -46.12354817099998,-23.17466615599994,0 -46.12355301799994,-23.17466670999988,0 -46.12355786399996,-23.17466727499993,0 -46.12356270799984,-23.17466785599981,0 -46.12356754899997,-23.17466845499996,0 -46.12357238799984,-23.17466907499983,0 -46.12357722199988,-23.17466971799996,0 -46.12358205299995,-23.17467038599995,0 -46.12358687899996,-23.17467108099981,0 -46.12359170099984,-23.17467180499995,0 -46.12359651599996,-23.17467256099991,0 -46.12360132499992,-23.17467334999998,0 -46.12360612799995,-23.17467417499989,0 -46.1236109219999,-23.17467503799998,0 -46.12361570799987,-23.17467594099986,0 -46.1236204839999,-23.17467688699992,0 -46.12362524899993,-23.17467787799984,0 -46.1236300029999,-23.17467891599995,0 -46.12363474299991,-23.17468000299993,0 -46.12363946999989,-23.17468114199994,0 -46.12364418099992,-23.17468233499994,0 -46.12364887499996,-23.17468358499997,0 -46.12365354999997,-23.17468489299989,0 -46.12365820399992,-23.17468626099998,0 -46.12366283699993,-23.17468769299995,0 -46.12366744499997,-23.17468918999998,0 -46.12367202699983,-23.17469075299994,0 -46.12367658099993,-23.17469238599989,0 -46.12368110499995,-23.17469408899996,0 -46.12368559799995,-23.17469585999993,0 -46.12369006099988,-23.17469769499996,0 -46.12369449399989,-23.17469959099986,0 -46.12369889899992,-23.17470154299991,0 -46.12370327499991,-23.17470354699992,0 -46.12370762499984,-23.1747056019999,0 -46.12371194899993,-23.17470770199998,0 -46.12371624899993,-23.1747098429999,0 -46.12372052699993,-23.17471202399992,0 -46.12372478299994,-23.1747142399999,0 -46.12372901899994,-23.17471648799994,0 -46.1237332369999,-23.17471876399992,0 -46.1237374399999,-23.17472106599996,0 -46.1237416269999,-23.17472338999994,0 -46.12374580299996,-23.17472573399988,0 -46.12374996699998,-23.17472809399993,0 -46.12375412299997,-23.1747304669999,0 -46.12375827199992,-23.17473284999994,0 -46.12376241599992,-23.17473523999996,0 -46.1237665569999,-23.17473763599997,0 -46.12377069599989,-23.17474003199993,0 -46.12377483699998,-23.17474242799994,0 -46.12377897999988,-23.17474481899995,0 -46.12378312799996,-23.17474720399997,0 -46.12378728299996,-23.17474957899998,0 -46.12379144499994,-23.17475194099984,0 -46.12379561899991,-23.17475428799986,0 -46.12379980399993,-23.17475661599997,0 -46.12380400199999,-23.17475892399989,0 -46.12380821699998,-23.17476120599997,0 -46.12381244999989,-23.17476345999989,0 -46.12381670399998,-23.17476567799991,0 -46.1238209849999,-23.17476785299993,0 -46.12382529499996,-23.17476997799992,0 -46.12382963699997,-23.17477204499988,0 -46.12383401499989,-23.17477404699997,0 -46.1238384319999,-23.17477597599998,0 -46.12384288899995,-23.17477782299994,0 -46.12384738799994,-23.17477957999989,0 -46.12385193199998,-23.17478123699993,0 -46.12385652099988,-23.17478278399989,0 -46.12386115299995,-23.17478421699991,0 -46.12386582299996,-23.17478553799987,0 -46.12387052799988,-23.17478675199987,0 -46.12387526099985,-23.17478786499987,0 -46.12388001999989,-23.17478888099987,0 -46.12388480099992,-23.17478980699997,0 -46.12388959999998,-23.17479064899993,0 -46.12389441399995,-23.17479141299998,0 -46.12389923999996,-23.17479210499988,0 -46.12390407799984,-23.17479273099991,0 -46.12390892299987,-23.17479329799988,0 -46.12391377599994,-23.17479380999993,0 -46.12391863499988,-23.17479427499995,0 -46.12392349799995,-23.1747946989999,0 -46.12392836399988,-23.17479508699995,0 -46.12393323299995,-23.17479544399998,0 -46.12393810399988,-23.17479577799992,0 -46.12394297699996,-23.17479609299994,0 -46.12394784999998,-23.17479639599998,0 -46.12395272399993,-23.17479669099998,0 -46.12395759799989,-23.17479698399984,0 -46.12396247199996,-23.17479728199993,0 -46.12396734499993,-23.17479758899998,0 -46.12397221699996,-23.17479791099993,0 -46.12397708799995,-23.17479825399994,0 -46.12398195599997,-23.17479862299996,0 -46.12398682099985,-23.17479902399998,0 -46.12399168199988,-23.17479946299994,0 -46.12399653899996,-23.1747999449999,0 -46.12400138899989,-23.17480047699996,0 -46.12400623199994,-23.17480106399989,0 -46.12401106599998,-23.17480171199998,0 -46.12401588899996,-23.17480242499994,0 -46.12402070199988,-23.17480319399982,0 -46.12402550699994,-23.17480400799997,0 -46.12403030399997,-23.17480485699997,0 -46.12403509699993,-23.17480572799985,0 -46.12403988699998,-23.17480661099984,0 -46.12404154599994,-23.17480725699988,0 -46.12404619099988,-23.17480864599992,0 -46.12405094299999,-23.17480969099989,0 -46.12405573099994,-23.17481058399989,0 -46.1240605189999,-23.17481147699988,0 -46.12406527299993,-23.17481250899988,0 -46.12406994499997,-23.1748138239999,0 -46.12407445799988,-23.17481554499994,0 -46.1240787619999,-23.17481767599986,0 -46.12408282099989,-23.17482018499987,0 -46.12408660799991,-23.17482303399993,0 -46.12409010599987,-23.17482618399993,0 -46.12409330399993,-23.17482959599994,0 -46.1240961929999,-23.17483323599993,0 -46.12409876899994,-23.17483707199995,0 -46.12410102599995,-23.17484107499985,0 -46.12410296399997,-23.17484521899991,0 -46.12410460399991,-23.17484947199989,0 -46.12410597599995,-23.17485380599993,0 -46.12410711599995,-23.17485819699993,0 -46.12410805999991,-23.17486262699992,0 -46.1241088459999,-23.17486708399997,0 -46.12410951199996,-23.17487155799995,0 -46.12411009199991,-23.17487604199988,0 -46.12411060499994,-23.17488053199997,0 -46.12411105699982,-23.17488502899994,0 -46.12411145099992,-23.17488952999986,0 -46.12411179399987,-23.17489403499997,0 -46.1241120919999,-23.17489854199988,0 -46.12411234899992,-23.17490305199982,0 -46.12411257199994,-23.17490756299992,0 -46.12411276599994,-23.17491207499995,0 -46.12411293799988,-23.17491658799997,0 -46.1241130919999,-23.17492110199987,0 -46.12411323599991,-23.17492561599983,0 -46.12411337399993,-23.17493012999995,0 -46.12411350899993,-23.17493464399996,0 -46.12411364199994,-23.17493915799997,0 -46.12411376999995,-23.17494367299997,0 -46.12411389299996,-23.17494818699993,0 -46.12411400799988,-23.17495270199993,0 -46.12411411599987,-23.17495721699993,0 -46.12411421399997,-23.17496173199987,0 -46.12411430099991,-23.17496624699987,0 -46.12411437599991,-23.17497076199993,0 -46.12411443799994,-23.17497527799992,0 -46.12411448599994,-23.17497979299986,0 -46.12411451799994,-23.17498430899997,0 -46.12411453399994,-23.1749888249999,0 -46.12411453099992,-23.17499334099983,0 -46.12411450899992,-23.17499785699994,0 -46.12411446599992,-23.17500237199994,0 -46.12411440199992,-23.17500688799987,0 -46.12411430899994,-23.17501140299981,0 -46.12411417199991,-23.17501591699994,0 -46.12411397399995,-23.17502042899991,0 -46.12411369999995,-23.17502493799998,0 -46.12411332999994,-23.17502944099988,0 -46.12411284999996,-23.17503393499982,0 -46.12411224199991,-23.1750384149999,0 -46.12411148899986,-23.17504287699995,0 -46.12411057499997,-23.17504731299994,0 -46.12410948599995,-23.17505171499994,0 -46.12410821599985,-23.17505607499987,0 -46.1241067659999,-23.17506038699997,0 -46.12410513899994,-23.17506464499996,0 -46.12410333299988,-23.17506883999994,0 -46.12410135099998,-23.17507296699995,0 -46.12409919399988,-23.1750770189999,0 -46.12409686399997,-23.17508098699989,0 -46.12409436199994,-23.17508486599996,0 -46.12409169199998,-23.17508864699988,0 -46.12408885699995,-23.17509232299994,0 -46.12408585499998,-23.17509588499996,0 -46.12408267999996,-23.17509931599989,0 -46.12407932299993,-23.17510259599987,0 -46.12407577499994,-23.17510569899997,0 -46.12407203099997,-23.17510859799995,0 -46.12406808499998,-23.1751112579999,0 -46.12406393799984,-23.17511364199993,0 -46.12405959799992,-23.17511571099993,0 -46.1240550949999,-23.17511745799987,0 -46.12405050799998,-23.1751190089999,0 -46.12404590699992,-23.17512052499995,0 -46.12404135599991,-23.17512216299991,0 -46.1240369329999,-23.17512407599997,0 -46.12403273599989,-23.17512638199992,0 -46.12402881999992,-23.17512907799994,0 -46.12402521199994,-23.17513211899995,0 -46.1240219419999,-23.17513547199997,0 -46.12401904599994,-23.1751391059999,0 -46.12401657099991,-23.17514299699997,0 -46.12401457199991,-23.17514711399986,0 -46.12401311099995,-23.17515142099995,0 -46.1240121919999,-23.17515585399997,0 -46.12401177299995,-23.17516035099987,0 -46.12401179999995,-23.17516486499989,0 -46.12401221199997,-23.17516936399983,0 -46.12401295299998,-23.17517382699992,0 -46.12401397199994,-23.17517824299995,0 -46.12401522599998,-23.17518260699995,0 -46.12401667599994,-23.17518691899994,0 -46.12401828999998,-23.17519118099995,0 -46.12402003899984,-23.17519539799991,0 -46.12402189599982,-23.17519957399992,0 -46.12402383199998,-23.1752037199999,0 -46.12402581299995,-23.1752078479999,0 -46.12402780499997,-23.17521197199989,0 -46.12402977099993,-23.17521610499995,0 -46.12403168599991,-23.17522025899996,0 -46.12403356199997,-23.17522442899985,0 -46.12403541599997,-23.17522860699995,0 -46.12403726399992,-23.17523278699991,0 -46.12403912499991,-23.17523696199993,0 -46.12404101599998,-23.17524112599989,0 -46.12404295199997,-23.17524527199987,0 -46.12404494899994,-23.17524939299994,0 -46.12404700599996,-23.17525348899994,0 -46.12404912099993,-23.17525755999992,0 -46.12405129299992,-23.17526160499989,0 -46.12405351799993,-23.17526562499995,0 -46.12405579399996,-23.17526961999994,0 -46.12405811999997,-23.17527359099984,0 -46.1240604919999,-23.17527753899998,0 -46.12406290699994,-23.17528146399997,0 -46.12406535799994,-23.17528536999993,0 -46.12406784199987,-23.17528925899995,0 -46.12407035199993,-23.17529313199992,0 -46.12407288499986,-23.17529699399989,0 -46.12407543399996,-23.17530084599997,0 -46.12407799599993,-23.17530469099984,0 -46.12408056499999,-23.17530853199997,0 -46.1240831369999,-23.17531237099985,0 -46.12408570599996,-23.17531621199981,0 -46.12408826799998,-23.17532005599986,0 -46.1240908179999,-23.17532390799983,0 -46.12409335199993,-23.17532776899998,0 -46.12409586299998,-23.17533164199995,0 -46.12409834899984,-23.17533552899988,0 -46.12410080199993,-23.17533943399997,0 -46.12410321899995,-23.17534335799991,0 -46.12410559499989,-23.1753473039999,0 -46.12410792399993,-23.17535127399998,0 -46.12411020199994,-23.17535526799992,0 -46.12411243499992,-23.1753592849999,0 -46.12411463299992,-23.17536331799988,0 -46.12411680499986,-23.17536736199997,0 -46.12411896099997,-23.17537141499992,0 -46.12412111099997,-23.1753754689999,0 -46.12412326499992,-23.1753795219999,0 -46.12412543299996,-23.17538356899996,0 -46.12412762499997,-23.17538760399992,0 -46.12412985099996,-23.17539162399993,0 -46.12413211999996,-23.17539562299987,0 -46.12413444299989,-23.17539959599998,0 -46.12413682799991,-23.17540353599992,0 -46.12413928599995,-23.17540743899997,0 -46.12414182599997,-23.17541129599994,0 -46.12414445499991,-23.17541510199993,0 -46.12414718399998,-23.17541884699995,0 -46.12415001799985,-23.17542252499982,0 -46.12415296499989,-23.17542612599993,0 -46.12415602999988,-23.17542964199987,0 -46.12415921299998,-23.17543306699997,0 -46.12416251199988,-23.17543639699988,0 -46.1241659239999,-23.17543962799988,0 -46.12416944699993,-23.17544275599988,0 -46.12417307999988,-23.17544577399997,0 -46.12417681999995,-23.17544867799995,0 -46.12418066799989,-23.17545145899987,0 -46.12418462099987,-23.17545411199995,0 -46.12418866899992,-23.17545663899995,0 -46.12419279799991,-23.1754590509999,0 -46.12419699299983,-23.1754613629999,0 -46.1242012429999,-23.17546358899995,0 -46.12420553399983,-23.17546574599993,0 -46.12420985599994,-23.1754678499999,0 -46.12421419899994,-23.17546991699993,0 -46.12421855199995,-23.17547196499993,0 -46.12422289799991,-23.17547402699989,0 -46.12422721199994,-23.17547614499989,0 -46.12423146799995,-23.17547835999989,0 -46.12423563599998,-23.17548071499994,0 -46.12423967199987,-23.17548325699994,0 -46.12424351799996,-23.17548603899991,0 -46.12424709499987,-23.17548911099982,0 -46.12425029499997,-23.17549251899993,0 -46.12425298499994,-23.17549628399996,0 -46.1242550739999,-23.17550036299997,0 -46.12425662599998,-23.17550464199996,0 -46.12425775899987,-23.17550903399996,0 -46.12425858899996,-23.17551348399996,0 -46.1242592189999,-23.17551796199996,0 -46.12425974199994,-23.17552245199983,0 -46.12426024099989,-23.17552694399984,0 -46.12426079399995,-23.17553143099985,0 -46.12426148399993,-23.17553590099993,0 -46.12426238399991,-23.17554033899995,0 -46.12426349399993,-23.17554473599989,0 -46.12426478499992,-23.17554909199998,0 -46.12426622499987,-23.17555340699988,0 -46.12426777999991,-23.17555768699998,0 -46.12426941699994,-23.17556194199989,0 -46.12427110099992,-23.17556618099997,0 -46.12427279799988,-23.17557041599997,0 -46.12427448599993,-23.17557465299996,0 -46.12427616999997,-23.17557889199998,0 -46.12427786399996,-23.17558312799997,0 -46.12427957999989,-23.17558735599994,0 -46.12428132999997,-23.17559157199986,0 -46.12428312699996,-23.17559577099985,0 -46.12428498199989,-23.17559994899995,0 -46.1242869059999,-23.17560409899983,0 -46.12428890299998,-23.1756082199999,0 -46.12429097199998,-23.17561231099995,0 -46.12429311099999,-23.17561637099993,0 -46.12429531999987,-23.17562039899991,0 -46.12429759799988,-23.17562439299991,0 -46.12429994299998,-23.17562835399997,0 -46.12430235599993,-23.17563228099993,0 -46.12430483399987,-23.17563617199988,0 -46.12430737799997,-23.17564002699987,0 -46.12430998599996,-23.1756438459999,0 -46.12431265699996,-23.17564762599994,0 -46.12431539099993,-23.17565136899992,0 -46.12431818599998,-23.17565507199987,0 -46.12432104099997,-23.17565873599989,0 -46.12432395699994,-23.17566235899994,0 -46.12432693099998,-23.17566594099998,0 -46.12432996399997,-23.17566948099989,0 -46.12433305299987,-23.17567297899984,0 -46.12433619899997,-23.17567643299986,0 -46.12433939999988,-23.17567984399994,0 -46.12434265599995,-23.17568320999987,0 -46.12434596599996,-23.17568653199987,0 -46.12434933099991,-23.17568980499988,0 -46.12435275899992,-23.1756930219999,0 -46.12435625699993,-23.17569617299989,0 -46.12435983399996,-23.17569924799989,0 -46.12436349699993,-23.17570223499996,0 -46.12436725199996,-23.17570512299994,0 -46.12437110399992,-23.17570789899997,0 -46.12437505799988,-23.17571054999991,0 -46.12437911699988,-23.17571306199994,0 -46.12438328199994,-23.17571541999996,0 -46.12438755399995,-23.17571760999988,0 -46.12439192399995,-23.17571962499989,0 -46.12439636799996,-23.17572149799986,0 -46.12440085499998,-23.17572328299991,0 -46.12440535999991,-23.17572502799987,0 -46.12440985899985,-23.17572678699992,0 -46.12441432699995,-23.17572861199983,0 -46.12441873599988,-23.17573055399998,0 -46.12442305099995,-23.1757326689999,0 -46.12442722799994,-23.17573500799989,0 -46.12443121199993,-23.17573761899996,0 -46.12443494299998,-23.17574053199991,0 -46.12443839699989,-23.17574372299993,0 -46.12444158299991,-23.17574714499995,0 -46.12444451499988,-23.17575075599996,0 -46.1244472109999,-23.17575452099993,0 -46.12444968699987,-23.17575841299998,0 -46.12445196099998,-23.17576240899996,0 -46.12445404699997,-23.17576649199992,0 -46.12445595499992,-23.17577064899984,0 -46.12445769199991,-23.17577486899984,0 -46.12445926699996,-23.17577914399993,0 -46.12446069199996,-23.1757834629999,0 -46.12446197799989,-23.17578781899994,0 -46.12446313699991,-23.17579220599993,0 -46.12446418199988,-23.17579661699995,0 -46.12446512799988,-23.17580104799987,0 -46.12446598599996,-23.17580549299987,0 -46.12446677199995,-23.17580994999997,0 -46.1244674969999,-23.17581441599998,0 -46.12446817699998,-23.17581888799992,0 -46.12446882099994,-23.17582336399994,0 -46.12446943599997,-23.17582784399997,0 -46.12447002499994,-23.17583232699997,0 -46.12447059399989,-23.17583681199989,0 -46.12447114599996,-23.1758412989999,0 -46.12447168699998,-23.17584578799995,0 -46.12447222099996,-23.17585027599995,0 -46.12447275099998,-23.17585476599987,0 -46.12447328399986,-23.17585925399987,0 -46.12447382399989,-23.17586374299998,0 -46.12447437399993,-23.17586822999994,0 -46.12447493999991,-23.17587271499991,0 -46.12447551899987,-23.17587719899996,0 -46.12447611199991,-23.17588168199995,0 -46.12447671699988,-23.17588616299997,0 -46.12447733399995,-23.17589064299989,0 -46.12447796099997,-23.17589512099994,0 -46.12447859699995,-23.17589959899993,0 -46.12447924199989,-23.17590407499995,0 -46.12447989399988,-23.17590854999997,0 -46.12448055199991,-23.17591302499989,0 -46.12448121099987,-23.17591749999991,0 -46.12448186299997,-23.17592197499994,0 -46.12448250199998,-23.17592645199994,0 -46.12448311899988,-23.17593093199997,0 -46.1244837079999,-23.17593541499997,0 -46.12448426199995,-23.17593990199998,0 -46.12448477999993,-23.17594439199991,0 -46.12448530299997,-23.17594888199994,0 -46.12448589399992,-23.17595336499994,0 -46.12448661299987,-23.17595783099995,0 -46.12448752499995,-23.17596226699987,0 -46.12448869499997,-23.1759666509999,0 -46.12449018599995,-23.17597094999996,0 -46.12449205299998,-23.17597512099996,0 -46.12449432999989,-23.17597911499996,0 -46.12449699699994,-23.17598289599988,0 -46.12450002199995,-23.17598643999992,0 -46.12450338299993,-23.17598971499996,0 -46.12450705799989,-23.1759926869999,0 -46.12451102699998,-23.17599531499997,0 -46.12451526299998,-23.17599755999987,0 -46.12451970599989,-23.17599943299996,0 -46.1245242949999,-23.17600097799988,0 -46.12452897999992,-23.17600225099989,0 -46.12453372899989,-23.17600330599993,0 -46.12453851699991,-23.17600419899998,0 -46.12454332799996,-23.17600497899997,0 -46.12454815499984,-23.17600567199992,0 -46.12455299199996,-23.17600630099997,0 -46.12455783399992,-23.17600688899995,0 -46.12456267999988,-23.17600746099998,0 -46.12456752399993,-23.17600803899995,0 -46.12457236399996,-23.1760086459999,0 -46.12457719699995,-23.17600929899987,0 -46.12458203099987,-23.17600994999992,0 -46.12458687899993,-23.17601049299998,0 -46.12459175099997,-23.17601080799989,0 -46.12443347999994,-23.1760774839999,0 -46.1243924449999,-23.17605131299996,0 -46.12404952799989,-23.17560725399989,0 -46.12396455999993,-23.17552334999988,0 -46.12396531799993,-23.17552336699998,0 -46.12397019999997,-23.17552349899989,0 -46.12397508099986,-23.17552367799993,0 -46.12397995799989,-23.17552391099986,0 -46.12398483299995,-23.17552419799995,0 -46.1239897079999,-23.17552447499997,0 -46.12399458899995,-23.17552464199991,0 -46.12399947299991,-23.17552459399991,0 -46.12400433699997,-23.17552420399994,0 -46.12400912399983,-23.17552332299988,0 -46.12401371299995,-23.17552179199993,0 -46.12401793699985,-23.17551953499992,0 -46.12402173899989,-23.17551670599988,0 -46.12402515999997,-23.17551348499995,0 -46.12402827099999,-23.17551000499992,0 -46.12403114599994,-23.17550635499998,0 -46.12403385599998,-23.17550259799987,0 -46.12403646099995,-23.17549877799991,0 -46.12403897299998,-23.17549490499994,0 -46.12404139099993,-23.17549098099988,0 -46.12404370899992,-23.1754870069999,0 -46.12404592599995,-23.17548298299994,0 -46.12404803899994,-23.17547891199996,0 -46.1240500479999,-23.17547479599995,0 -46.12405195399998,-23.17547063799998,0 -46.12405375599997,-23.17546644099997,0 -46.12405545899992,-23.17546220799989,0 -46.12405706499987,-23.17545794299997,0 -46.12405857699991,-23.17545364999989,0 -46.12405999999993,-23.17544932999988,0 -46.12406131999995,-23.17544498199987,0 -46.12406250499998,-23.17544060099988,0 -46.12406352499988,-23.17543618499997,0 -46.12406434199994,-23.17543173299987,0 -46.12406491399992,-23.17542724899994,0 -46.12406519499996,-23.17542274099992,0 -46.12406513299993,-23.17541822699997,0 -46.12406467199997,-23.17541373199998,0 -46.12406376099989,-23.17540929799998,0 -46.12406240499996,-23.17540496099997,0 -46.12406065899989,-23.17540074399994,0 -46.12405858499994,-23.17539665699996,0 -46.1240562399999,-23.1753926959999,0 -46.12405367399998,-23.17538885399995,0 -46.12405093099989,-23.17538511799989,0 -46.12404804799985,-23.17538147299996,0 -46.12404505899997,-23.17537790199992,0 -46.12404198999997,-23.17537438799991,0 -46.12403886799996,-23.17537091499997,0 -46.1240357129999,-23.17536746799988,0 -46.1240325199999,-23.17536404999993,0 -46.12402927999989,-23.17536067099985,0 -46.12402598199998,-23.17535733999995,0 -46.12402261499994,-23.17535406899992,0 -46.12401916899995,-23.17535086899994,0 -46.12401563399993,-23.17534775199994,0 -46.12401200299996,-23.17534473199993,0 -46.12400826899994,-23.17534182099996,0 -46.12400442499995,-23.17533903499992,0 -46.1240004689999,-23.17533638699996,0 -46.1239964099999,-23.17533387499992,0 -46.12399226699995,-23.17533148399991,0 -46.12398805799995,-23.17532919299998,0 -46.12398379799993,-23.17532698299988,0 -46.12397950199994,-23.17532483499997,0 -46.12397518099993,-23.1753227289999,0 -46.12397084699995,-23.17532064599993,0 -46.12396651199992,-23.17531856499983,0 -46.12396218599991,-23.17531646899994,0 -46.12395787999992,-23.17531433799991,0 -46.12395360599993,-23.1753121509999,0 -46.12394937799996,-23.17530988999982,0 -46.12394520999993,-23.17530753599988,0 -46.12394111899988,-23.17530506899993,0 -46.12393712499988,-23.17530246999991,0 -46.12393324799996,-23.17529972299997,0 -46.12392951399988,-23.17529681299987,0 -46.12392594699998,-23.17529372899997,0 -46.12392257399995,-23.1752904629999,0 -46.12391940799995,-23.17528702499988,0 -46.12391645199989,-23.17528343099985,0 -46.12391370899991,-23.17527969499997,0 -46.12391117999988,-23.17527583199995,0 -46.12390887099997,-23.17527185299997,0 -46.12390678499997,-23.17526776999989,0 -46.12390492799989,-23.17526359399989,0 -46.12390328999993,-23.17525933999997,0 -46.12390185699991,-23.17525502399997,0 -46.12390061299982,-23.17525065699988,0 -46.12389953899998,-23.17524625199997,0 -46.12389861999992,-23.17524181699997,0 -46.12389783599986,-23.17523735899994,0 -46.12389716899997,-23.17523288599995,0 -46.12389660399992,-23.17522839999998,0 -46.12389612099997,-23.17522390699997,0 -46.12389570299996,-23.17521940699987,0 -46.12389532499998,-23.17521490499996,0 -46.12389495199989,-23.17521040199995,0 -46.12389454999993,-23.1752059019999,0 -46.12389408599989,-23.17520140699997,0 -46.12389352599996,-23.17519691999996,0 -46.12389284299996,-23.17519244899995,0 -46.1238920109999,-23.17518799899995,0 -46.12389100199982,-23.17518358099994,0 -46.12388977299997,-23.17517921099994,0 -46.12388827199993,-23.17517491399991,0 -46.12388644199996,-23.17517072899994,0 -46.12388421399999,-23.17516671199996,0 -46.12388151999994,-23.17516294899991,0 -46.1238783039999,-23.17515955499988,0 -46.12387457299997,-23.17515664699994,0 -46.12387044999997,-23.17515423099991,0 -46.12386606099989,-23.17515225299991,0 -46.12386149899987,-23.17515064399987,0 -46.1238568249999,-23.17514933399997,0 -46.12385208099988,-23.17514826399986,0 -46.12384729099995,-23.17514737899995,0 -46.12384247299997,-23.17514663599997,0 -46.12383763499992,-23.17514601499994,0 -46.12383278099998,-23.17514551199997,0 -46.12382791599993,-23.17514511999997,0 -46.12382304099998,-23.17514482999991,0 -46.12381816199991,-23.17514463299989,0 -46.12381327899988,-23.17514452099988,0 -46.12378922199991,-23.17491296799994,0 -46.12342954499991,-23.17482580099983,0 -46.12311341699996,-23.17481197899991,0 -46.12291780999993,-23.17484494999997,0 -46.12262311299997,-23.17435660299998,0 -46.12250671099997,-23.17413138799992,0 -46.12224154199993,-23.17387651499996,0 -46.12188104199998,-23.17358456699998,0 -46.12161148699994,-23.17344322999992,0 -46.12156432099994,-23.17319339699992,0 -46.12154909499992,-23.17303795499987,0 -46.12160209599989,-23.17279691899989,0 -46.12195201599997,-23.1729601639999,0 -46.12229982399998,-23.17310785199987,0 -46.12253481699997,-23.17336728599992,0 -46.12261339199989,-23.17345507099992,0 -46.12269340499995,-23.17353408999998,0 -46.12306461299994,-23.17360066999987,0 -46.12321780399998,-23.17405148599988,0 -46.12380885099986,-23.17435522599988,0 -46.12414861699989,-23.17437679799997,0 -46.12434444499996,-23.17419271799992,0 -46.12486573099983,-23.17423190599987,0 -46.12492529199994,-23.17394777499993,0 -46.12509927899998,-23.17363439399992,0 -46.12503100499998,-23.17330394799995,0 -46.12478429099991,-23.17292210199997,0 -46.12474092799988,-23.17283467399994,0 -46.12483839899994,-23.17259801599988,0 -46.12496137999995,-23.17253701999988,0 -46.12511403099995,-23.17267148199994,0 -46.12526576599998,-23.17271266799997,0 -46.1253435189999,-23.17272452199995,0 -46.12552153199982,-23.17295027899996,0 -46.12569215499997,-23.17238457499997,0</coordinates></LinearRing></outerBoundaryIs>
        </Polygon>
        <Polygon>
          <extrude>0</extrude><altitudeMode>clampToGround</altitudeMode>
          <outerBoundaryIs><LinearRing><coordinates> -46.13911889199989,-23.17213707799993,0 -46.1391456959999,-23.17211833899989,0 -46.13915853099996,-23.17207676499993,0 -46.13915586599995,-23.17200076699993,0 -46.13908697599993,-23.17179634799987,0 -46.13916121699992,-23.17179836699995,0 -46.13920020999996,-23.17182900099994,0 -46.13933466999998,-23.17194218399987,0 -46.13929200099994,-23.17210166399991,0 -46.13927951899996,-23.17215154699988,0 -46.13921425099988,-23.17223797699995,0 -46.13904972099994,-23.17230137099995,0 -46.13883833099987,-23.17227946199989,0 -46.13879786199988,-23.17227290799997,0 -46.13846038199995,-23.17217685399993,0 -46.13805518999993,-23.17229185299993,0 -46.13786396799998,-23.17240337999993,0 -46.13770251699987,-23.17250290499993,0 -46.13742280299988,-23.17284064599988,0 -46.13725028499994,-23.17320626999992,0 -46.13718480799992,-23.17330054099983,0 -46.13711845899996,-23.17343033099991,0 -46.13708221499996,-23.17355390699993,0 -46.13706341199992,-23.17370215899984,0 -46.13706207099989,-23.17381872599998,0 -46.1370749489999,-23.1739103349999,0 -46.13709965099997,-23.17404740799998,0 -46.13710003999995,-23.17414317999993,0 -46.13709106999988,-23.17423784599993,0 -46.13708909099989,-23.17427879399986,0 -46.13709933199993,-23.17450343599995,0 -46.13711131599996,-23.17454595399994,0 -46.13716059299998,-23.17467330999989,0 -46.13722649899989,-23.17481936999991,0 -46.13720295799993,-23.17486474499992,0 -46.13706674499991,-23.17510969199986,0 -46.13692179099991,-23.17543826699995,0 -46.13681527999989,-23.17559813499997,0 -46.13675234499993,-23.17573323799996,0 -46.13672407699988,-23.1758100429999,0 -46.13668733599997,-23.17594662799991,0 -46.13666217099995,-23.17610746199989,0 -46.13664719099995,-23.17635343099994,0 -46.13663002399994,-23.17647117899998,0 -46.13661642599988,-23.17665970299993,0 -46.13659908099987,-23.17680032999994,0 -46.13654471099989,-23.17705093599989,0 -46.13653261999997,-23.17723290999993,0 -46.13653792599996,-23.17745749799997,0 -46.13641968599995,-23.17746649799989,0 -46.13628615999983,-23.1774737909999,0 -46.13628486699997,-23.17746494899995,0 -46.13628342199996,-23.17745787299998,0 -46.13628139599996,-23.17744852599992,0 -46.13628057899996,-23.17744458299995,0 -46.13627975499992,-23.17744013199996,0 -46.13627907999995,-23.17743565999996,0 -46.13627859799982,-23.1774311669999,0 -46.13627834499988,-23.1774266569999,0 -46.13627835399996,-23.17742214199995,0 -46.13627865299998,-23.17741763499987,0 -46.13627926499998,-23.17741315599994,0 -46.13628020499993,-23.17740872499991,0 -46.13628147699995,-23.17740436699984,0 -46.13628300799991,-23.17740007799983,0 -46.13628570699996,-23.17739268899993,0 -46.1362869919999,-23.17738449599995,0 -46.13628403699983,-23.17737842199989,0 -46.13628111899993,-23.17737480699998,0 -46.13627772199993,-23.17737156399994,0 -46.13627409799989,-23.17736853799988,0 -46.13627038799996,-23.17736559999992,0 -46.1362666899999,-23.17736264999985,0 -46.13626308599987,-23.17735960299996,0 -46.13625965999995,-23.17735638499994,0 -46.13625650599994,-23.17735293799984,0 -46.13625373899998,-23.17734921999988,0 -46.13625156899997,-23.17734517999997,0 -46.13625040499988,-23.17734080899982,0 -46.13625088599991,-23.17733634599989,0 -46.13625309799994,-23.17733233699983,0 -46.13625606399989,-23.17732875199988,0 -46.1362614169999,-23.17732266299993,0 -46.13626406099996,-23.17731535999991,0 -46.13626214899995,-23.17730835699996,0 -46.13625947499992,-23.17730253199994,0 -46.13625379199988,-23.17729431999987,0 -46.13624751399993,-23.17728743499993,0 -46.13624014899995,-23.17728206299995,0 -46.13624150899994,-23.17727922299997,0 -46.1362441149999,-23.17727541999989,0 -46.13624799999997,-23.17727273299994,0 -46.13625263099988,-23.17727133799991,0 -46.13625749199991,-23.17727099799998,0 -46.13626233699989,-23.17727152999993,0 -46.13626708499993,-23.17727258699995,0 -46.13627515999997,-23.17727464099994,0 -46.13628395199999,-23.17727548399989,0 -46.13629385299993,-23.17727355599993,0 -46.13630106599982,-23.17726834499996,0 -46.13630397699995,-23.17726167999984,0 -46.13630519899988,-23.17725730899991,0 -46.13630610499996,-23.17725287199983,0 -46.13630731199999,-23.17724617099998,0 -46.13630870599991,-23.17723723899996,0 -46.13630988299991,-23.17722828199993,0 -46.13631083899998,-23.17721930499988,0 -46.13631157599997,-23.17721031099995,0 -46.13631209999994,-23.17720130499998,0 -46.13631241799993,-23.17719229099998,0 -46.13631254599994,-23.1771832739999,0 -46.13631250099996,-23.17717425799998,0 -46.13631230899995,-23.17716554499998,0 -46.13631206199994,-23.17715838099991,0 -46.13631170499997,-23.1771487659999,0 -46.13631156599996,-23.17714484099986,0 -46.13631142699995,-23.1771403269999,0 -46.13631131799997,-23.1771358119999,0 -46.13631125099994,-23.17713129699996,0 -46.13631123599993,-23.17712678099997,0 -46.13631128499986,-23.17712226499992,0 -46.13631140799987,-23.17711775099991,0 -46.13631161799998,-23.17711323899988,0 -46.13631192699989,-23.17710873299995,0 -46.13631234799993,-23.17710423399996,0 -46.13631289299997,-23.17709974599995,0 -46.13631357699995,-23.17709527499994,0 -46.13631441199993,-23.17709082599998,0 -46.13631541199993,-23.17708640599989,0 -46.13631659099985,-23.1770820239999,0 -46.13631796099997,-23.17707768999998,0 -46.13631952499992,-23.17707341199997,0 -46.13632126799996,-23.1770691939999,0 -46.13632317399987,-23.17706503599993,0 -46.13632522499995,-23.17706093799984,0 -46.13632740299994,-23.17705689599995,0 -46.13632969199995,-23.17705290699996,0 -46.13633207599997,-23.17704896599992,0 -46.13633454099994,-23.17704506699994,0 -46.13633707299994,-23.17704120499997,0 -46.13633965799988,-23.17703737399995,0 -46.13634228499996,-23.17703356599998,0 -46.13634494099989,-23.17702977599993,0 -46.13634761399993,-23.17702599699987,0 -46.13635240799988,-23.17701924599993,0 -46.13635719699994,-23.17701243499982,0 -46.13636231099997,-23.1770049189999,0 -46.13636726799996,-23.17699720399997,0 -46.13637192899989,-23.17698929999995,0 -46.13637616599988,-23.17698118199991,0 -46.13637983799993,-23.17697282799992,0 -46.1363827809999,-23.17696423199993,0 -46.13638479299988,-23.1769555329999,0 -46.1363858229999,-23.17694660899997,0 -46.13638597999989,-23.17693760099985,0 -46.13638542499996,-23.17692860799997,0 -46.13638432099987,-23.17691966799998,0 -46.1363828179999,-23.17691080799995,0 -46.13638106399986,-23.17690208099992,0 -46.13637887099992,-23.1768920689999,0 -46.13637687099987,-23.17688357599991,0 -46.13637442199985,-23.17687498299989,0 -46.13637120699991,-23.17686651199983,0 -46.13636687399992,-23.17685846899997,0 -46.13636123399982,-23.17685144699999,0 -46.13635567299997,-23.17684681999998,0 -46.13635184899994,-23.1768440109999,0 -46.13634333999994,-23.17683815399988,0 -46.13634014499985,-23.17683586099997,0 -46.13633644799989,-23.17683291099996,0 -46.13633300599997,-23.17682970799996,0 -46.13632982099995,-23.17682628599988,0 -46.13632684399988,-23.17682270599994,0 -46.13632401699994,-23.17681902399988,0 -46.13632127699998,-23.17681528499992,0 -46.13631660699986,-23.17680883399993,0 -46.13631151899995,-23.17680232299995,0 -46.13630675699994,-23.17679715699995,0 -46.13630348399994,-23.17679380499993,0 -46.13630014799992,-23.17679050599992,0 -46.13629679099989,-23.17678722599993,0 -46.13629345199996,-23.17678392999994,0 -46.13629017399995,-23.17678058199994,0 -46.13628700499999,-23.17677714699988,0 -46.13628399599997,-23.17677358999987,0 -46.13628120099986,-23.17676988699992,0 -46.13627863399989,-23.17676604599995,0 -46.13627629499996,-23.17676208199998,0 -46.13627418099998,-23.17675801199982,0 -46.13627228599989,-23.1767538499999,0 -46.13627059999993,-23.17674961199992,0 -46.13626911299991,-23.17674531099993,0 -46.1362678129999,-23.17674095799993,0 -46.13626668699987,-23.1767365639999,0 -46.13626572199991,-23.17673213799998,0 -46.13626490599995,-23.17672768599988,0 -46.13626422499988,-23.17672321399988,0 -46.13626366699998,-23.17671872799997,0 -46.13626322199997,-23.17671423099995,0 -46.13626287699992,-23.1767097259999,0 -46.13626262299994,-23.17670521599996,0 -46.13626244999989,-23.17670070299988,0 -46.1362623469999,-23.17669618799994,0 -46.13626230699998,-23.17669167299994,0 -46.13626231999996,-23.17668715699989,0 -46.1362623789999,-23.17668264099996,0 -46.1362624759999,-23.17667812599996,0 -46.13626260299992,-23.17667361199995,0 -46.13626275099995,-23.17666909799993,0 -46.13626291499992,-23.17666458499991,0 -46.13626325099995,-23.17665570799988,0 -46.13626350099997,-23.17664876499992,0 -46.13626375299992,-23.17664014099995,0 -46.13626392899994,-23.17663298799994,0 -46.13626403499995,-23.17662847299994,0 -46.13626413999987,-23.17662395799994,0 -46.13626424699999,-23.17661944399998,0 -46.13626436099997,-23.17661492899998,0 -46.13626448599996,-23.17661041499997,0 -46.13626462499991,-23.17660590099996,0 -46.13626478399993,-23.17660138699983,0 -46.13626496599994,-23.17659687399998,0 -46.13626517599994,-23.17659236299988,0 -46.13626541799988,-23.17658785199995,0 -46.13626569699989,-23.17658334399994,0 -46.13626601599992,-23.1765788379999,0 -46.13626638199997,-23.17657433499988,0 -46.13626679599997,-23.17656983499995,0 -46.13626726499996,-23.17656533999997,0 -46.1362677919999,-23.17656085099992,0 -46.13626838099987,-23.17655636799992,0 -46.13626903599993,-23.1765518929999,0 -46.13626975999989,-23.17654742699989,0 -46.13627055299997,-23.17654297099995,0 -46.13627140399996,-23.17653852399997,0 -46.13627229699983,-23.17653408399997,0 -46.13627321899997,-23.17652964999985,0 -46.13627415699989,-23.17652521799994,0 -46.13627573499991,-23.17651776899993,0 -46.13627744299998,-23.17650936999996,0 -46.13627904699996,-23.17650058699991,0 -46.13628038099995,-23.17649169899988,0 -46.13628109699994,-23.17648496799995,0 -46.13628420199984,-23.17648292899997,0 -46.13628730799991,-23.17648088899989,0 -46.13629041199982,-23.1764788459999,0 -46.13629351499998,-23.17647679899983,0 -46.13629661399989,-23.17647474899991,0 -46.13629970999995,-23.17647269299994,0 -46.13630280099994,-23.17647063099992,0 -46.13630588699993,-23.17646856099992,0 -46.13630896599994,-23.17646648299996,0 -46.1363120389999,-23.17646439499987,0 -46.13631510499982,-23.17646229699994,0 -46.1363181619999,-23.17646018699998,0 -46.13632121099988,-23.17645806399997,0 -46.13632424899987,-23.17645592699995,0 -46.13632727699985,-23.17645377499997,0 -46.13633029399983,-23.17645160799998,0 -46.13633329899989,-23.17644942299995,0 -46.13633629099996,-23.17644721999994,0 -46.13633926999995,-23.17644499799997,0 -46.13634223399993,-23.17644275599991,0 -46.13634518299989,-23.17644049299992,0 -46.13634811699995,-23.1764382099999,0 -46.13635103399997,-23.17643590499989,0 -46.13635393299984,-23.17643357999998,0 -46.1363568139999,-23.17643123399995,0 -46.13635967599987,-23.17642886599992,0 -46.13636251799994,-23.17642647799994,0 -46.13636533999988,-23.17642406699997,0 -46.13636813999995,-23.17642163599987,0 -46.1363709179999,-23.17641918199996,0 -46.13637367299998,-23.17641670699993,0 -46.13637640299999,-23.17641420999996,0 -46.13637910999995,-23.17641168999995,0 -46.13638178999992,-23.17640914899982,0 -46.13638444499998,-23.17640658499988,0 -46.13638707199993,-23.17640399899994,0 -46.13638967199995,-23.17640138999997,0 -46.13639224299988,-23.17639875899994,0 -46.13639478399995,-23.17639610499998,0 -46.13639729499994,-23.17639342799993,0 -46.13639977499997,-23.1763907269999,0 -46.13640222299983,-23.17638800399993,0 -46.13640463799993,-23.17638525799998,0 -46.13640701999998,-23.17638248799994,0 -46.13640936799987,-23.17637969399988,0 -46.13641167999998,-23.17637687699988,0 -46.13641395699983,-23.17637403599991,0 -46.13641619599991,-23.17637117099997,0 -46.13641839899992,-23.17636828199988,0 -46.13642056299994,-23.17636536899994,0 -46.13642268799993,-23.17636243199996,0 -46.13642477299993,-23.17635946999997,0 -46.13642681699991,-23.17635648399988,0 -46.13642881999988,-23.17635347299984,0 -46.13643078099989,-23.17635043699994,0 -46.13643269999994,-23.17634737799995,0 -46.13643457699993,-23.17634429699996,0 -46.1364364129999,-23.17634119299987,0 -46.13643820799996,-23.17633806699996,0 -46.13643996099995,-23.17633492099998,0 -46.13644167399997,-23.17633175599997,0 -46.13644334499986,-23.17632857099989,0 -46.13644497599989,-23.17632536699989,0 -46.13644656599996,-23.1763221459999,0 -46.13644811599988,-23.17631890799993,0 -46.13644962499995,-23.17631565399989,0 -46.13645109399988,-23.1763123849999,0 -46.13645252299989,-23.17630910099996,0 -46.13645391199992,-23.17630580299988,0 -46.13645526199997,-23.17630249199988,0 -46.13645657199999,-23.17629916799996,0 -46.13645784199997,-23.17629583299993,0 -46.13645907299991,-23.17629248699996,0 -46.13646026499993,-23.17628913099992,0 -46.13646141799995,-23.17628576599992,0 -46.13646253199994,-23.17628239199991,0 -46.13646360699994,-23.17627900999997,0 -46.13646464399994,-23.17627561999996,0 -46.13646564299995,-23.17627222299996,0 -46.13646660599994,-23.17626881899992,0 -46.13646753199998,-23.17626540799984,0 -46.13646842299988,-23.1762619889999,0 -46.13646927799988,-23.17625856399997,0 -46.13647009999994,-23.17625513199994,0 -46.13647088799991,-23.17625169399992,0 -46.13647164299988,-23.17624824899991,0 -46.13647236599996,-23.17624479799997,0 -46.13647305799992,-23.17624133999988,0 -46.13647371799988,-23.17623787699995,0 -46.13647434899985,-23.17623440799991,0 -46.13647494999998,-23.17623093299989,0 -46.13647552199996,-23.17622745199998,0 -46.13647606599989,-23.17622396599995,0 -46.13647658199994,-23.17622047399993,0 -46.13647707199988,-23.17621697699991,0 -46.13647753499993,-23.17621347599987,0 -46.13647797299996,-23.17620996899996,0 -46.1364783869999,-23.17620645699992,0 -46.13647877599993,-23.17620294099981,0 -46.13647914099988,-23.17619941999988,0 -46.13647948399984,-23.17619589499992,0 -46.13647980499996,-23.1761923659999,0 -46.13648010399999,-23.17618883199998,0 -46.13648038299982,-23.17618529499987,0 -46.13648064099993,-23.17618175299992,0 -46.13648087999997,-23.1761782079999,0 -46.13648110099996,-23.17617465899997,0 -46.13648130299998,-23.17617110699985,0 -46.1364814879999,-23.17616755199998,0 -46.13648165599994,-23.17616399299988,0 -46.13648180799993,-23.17616043199996,0 -46.13648194399997,-23.17615686699997,0 -46.13648206599987,-23.17615329999995,0 -46.13648217399998,-23.17614972999996,0 -46.13648226899988,-23.17614615799982,0 -46.13648235099998,-23.17614258399988,0 -46.13648241999988,-23.17613900699996,0 -46.13648247899988,-23.1761354279999,0 -46.1364825259999,-23.17613184699997,0 -46.13648256099998,-23.17612826499993,0 -46.13648258199999,-23.17612468199991,0 -46.13648258699993,-23.17612109899989,0 -46.13648257499989,-23.17611751599992,0 -46.13648254299989,-23.1761139329999,0 -46.13648249099998,-23.17611035199997,0 -46.13648241499988,-23.17610677299996,0 -46.13648231399998,-23.17610319699997,0 -46.13648218799995,-23.17609962299997,0 -46.13648203299994,-23.17609605399986,0 -46.13648184799996,-23.17609248799982,0 -46.13648163099992,-23.17608892699997,0 -46.1364813809999,-23.17608537099994,0 -46.13648109599995,-23.17608182099991,0 -46.13648077399995,-23.17607827699987,0 -46.1364804129999,-23.17607473999993,0 -46.13648001199988,-23.17607121099991,0 -46.13647956799991,-23.17606768999997,0 -46.13647907999996,-23.17606417699994,0 -46.13647854699991,-23.17606067299994,0 -46.13647796599997,-23.17605717899994,0 -46.13647733599998,-23.17605369499989,0 -46.13647665399986,-23.17605022199996,0 -46.1364759199999,-23.17604675999996,0 -46.13647513099983,-23.17604330999984,0 -46.13647428599995,-23.17603987299998,0 -46.13647338199996,-23.17603644799988,0 -46.13647241899997,-23.17603303699997,0 -46.13647139399995,-23.17602963999997,0 -46.13647030599998,-23.17602625799992,0 -46.13646915299995,-23.17602289099995,0 -46.13646793199996,-23.17601953999991,0 -46.13646664299984,-23.17601620499988,0 -46.13646528399988,-23.1760128869999,0 -46.13646385199996,-23.17600958599996,0 -46.13646234599992,-23.17600630299995,0 -46.13646077099997,-23.17600303699987,0 -46.13645913599993,-23.17599978599998,0 -46.13645745099996,-23.17599654899988,0 -46.13645572699988,-23.17599332299994,0 -46.13645397299996,-23.17599010499998,0 -46.13645219899996,-23.17598689399995,0 -46.13645041599989,-23.17598368899996,0 -46.13644863399992,-23.17598048599996,0 -46.13644686299989,-23.17597728299995,0 -46.13644511199993,-23.17597407899996,0 -46.13644339299987,-23.17597087199988,0 -46.13644171499982,-23.17596765899998,0 -46.13644008699993,-23.17596443899998,0 -46.13643852199982,-23.17596120899998,0 -46.13643702699994,-23.17595796699987,0 -46.13643561399994,-23.17595471199996,0 -46.13643429299998,-23.17595143999995,0 -46.13643307299998,-23.17594815099994,0 -46.13643196599998,-23.17594484199986,0 -46.13643097999989,-23.17594150999986,0 -46.13643012599994,-23.17593815499993,0 -46.13642941399996,-23.17593477299994,0 -46.13642885399997,-23.1759313629999,0 -46.13642845299995,-23.17592792399995,0 -46.13642820799993,-23.17592445899993,0 -46.13642811299991,-23.17592097199991,0 -46.13642816199996,-23.17591746799991,0 -46.13642834999996,-23.17591395099987,0 -46.13642867199997,-23.17591042399994,0 -46.13642912099994,-23.1759068909999,0 -46.13642969299997,-23.17590335799997,0 -46.13643038099985,-23.17589982699997,0 -46.13643118099992,-23.17589630399993,0 -46.1364320859999,-23.17589279099991,0 -46.13643309199989,-23.17588929399989,0 -46.1364341929999,-23.17588581499996,0 -46.13643538199989,-23.17588236099994,0 -46.13643665599994,-23.17587893299992,0 -46.13643800699987,-23.17587553699997,0 -46.13643943199997,-23.17587217699997,0 -46.13644092299984,-23.17586885599997,0 -46.13644247499997,-23.17586557499988,0 -46.13644407899994,-23.17586232999997,0 -46.13644572799996,-23.17585911699996,0 -46.13644741399992,-23.17585592999995,0 -46.13644912799998,-23.17585276499989,0 -46.13645086299994,-23.17584961699998,0 -46.13645260999994,-23.17584648199988,0 -46.13645436199988,-23.17584335599997,0 -46.13645610999993,-23.17584023299992,0 -46.13645784699997,-23.17583710899993,0 -46.13645956399995,-23.17583397899995,0 -46.13646125299994,-23.17583083999995,0 -46.13646290699995,-23.17582768599993,0 -46.13646451699992,-23.17582451199996,0 -46.13646607599998,-23.17582131399996,0 -46.13646757499998,-23.17581808799986,0 -46.13646900599986,-23.17581482899993,0 -46.13647036099997,-23.17581153199995,0 -46.13647163299999,-23.17580819199992,0 -46.1364728129999,-23.17580480599992,0 -46.13647389499988,-23.1758013679999,0 -46.13647488899989,-23.17579788699987,0 -46.13647582699997,-23.17579437599994,0 -46.13647673699995,-23.1757908539999,0 -46.13647764999996,-23.17578733599987,0 -46.13647859599985,-23.17578383899996,0 -46.13647960499992,-23.17578037899995,0 -46.13648070699992,-23.17577697299993,0 -46.13648193199992,-23.17577363599997,0 -46.13648330899997,-23.17577038499991,0 -46.1364848689999,-23.17576723699989,0 -46.13648664299996,-23.17576420799992,0 -46.13648865899995,-23.17576131499993,0 -46.13649094199997,-23.17575857199989,0 -46.13649348099995,-23.17575598799993,0 -46.13649625399995,-23.17575356899994,0 -46.13649924099997,-23.17575132299993,0 -46.13650241899995,-23.17574925499991,0 -46.13650576699996,-23.17574737299998,0 -46.13650926299988,-23.1757456819999,0 -46.13651288499995,-23.17574418899994,0 -46.13651661299997,-23.17574290099992,0 -46.13652042399991,-23.17574182399994,0 -46.13652429699988,-23.17574096699997,0 -46.13652820699997,-23.17574034599988,0 -46.13653212799994,-23.17573998399996,0 -46.13653603499989,-23.17573990299996,0 -46.13653990199992,-23.17574012699998,0 -46.13654370399991,-23.17574067599992,0 -46.13654741499994,-23.1757415749999,0 -46.13655100899996,-23.17574284399996,0 -46.13655446399997,-23.17574449899996,0 -46.13655779499993,-23.17574645699995,0 -46.13656104699993,-23.17574856399995,0 -46.13656426299991,-23.17575066299997,0 -46.13656748999983,-23.17575259899996,0 -46.13657076999993,-23.17575421499981,0 -46.13657414899996,-23.17575535599991,0 -46.13657766499995,-23.17575588199986,0 -46.1365812919999,-23.17575578899994,0 -46.13658497899996,-23.17575513799989,0 -46.13658867399988,-23.17575398499997,0 -46.13659232599991,-23.17575238999984,0 -46.13659588099995,-23.17575041299995,0 -46.13659928899989,-23.1757481109999,0 -46.13660249599997,-23.17574554399988,0 -46.13660545199997,-23.17574277099993,0 -46.13660810499988,-23.17573984999996,0 -46.13661043699983,-23.17573681999988,0 -46.13661246699991,-23.17573369299987,0 -46.13661422099995,-23.17573048199989,0 -46.13661571899991,-23.17572719999998,0 -46.13661698599992,-23.17572385799997,0 -46.13661804399993,-23.17572046899994,0 -46.13661891699991,-23.17571704599993,0 -46.13661962699996,-23.17571359999994,0 -46.13662019699984,-23.17571014399988,0 -46.13662064999994,-23.17570668899998,0 -46.13662099399988,-23.17570323899986,0 -46.13662123299991,-23.17569979299992,0 -46.13662137299991,-23.1756963499999,0 -46.13662141599985,-23.17569290899996,0 -46.13662136699992,-23.17568947099994,0 -46.1366212289999,-23.17568603499996,0 -46.13662100799991,-23.1756825999999,0 -46.13662070499998,-23.1756791659999,0 -46.13662032699995,-23.17567573099996,0 -46.13661987499989,-23.17567229699995,0 -46.13661935599993,-23.17566886099996,0 -46.13661877199996,-23.17566542299994,0 -46.13661812699985,-23.17566198299988,0 -46.13661742599987,-23.17565854099996,0 -46.13661667299988,-23.17565509499997,0 -46.13661587099995,-23.17565164599995,0 -46.13661502399992,-23.17564819199993,0 -46.13661413699998,-23.1756447329999,0 -46.13661321299998,-23.17564126799988,0 -46.13661225699997,-23.17563779799997,0 -46.13661127199998,-23.1756343209999,0 -46.13661026299991,-23.17563083599998,0 -46.1366092319999,-23.17562734399996,0 -46.13660818499989,-23.17562384399997,0 -46.13660712599989,-23.17562033499991,0 -46.13660605799998,-23.17561681599989,0 -46.13660498499991,-23.17561328799997,0 -46.1366039109999,-23.17560974899993,0 -46.1366028409999,-23.17560619799991,0 -46.13660177799983,-23.17560263699988,0 -46.13660072599998,-23.17559906299994,0 -46.13659968899992,-23.1755954759999,0 -46.13659867099994,-23.17559187599988,0 -46.1365976749999,-23.17558826299995,0 -46.13659669699996,-23.17558463799998,0 -46.13659573599995,-23.17558100399998,0 -46.13659478999995,-23.17557735999992,0 -46.13659385699998,-23.17557370999998,0 -46.13659293399996,-23.17557005399993,0 -46.13659201899998,-23.17556639399982,0 -46.13659111099992,-23.17556273099996,0 -46.13659020599994,-23.17555906799993,0 -46.13658930299994,-23.17555540499995,0 -46.13658839899995,-23.17555174499995,0 -46.13658749299998,-23.17554808799997,0 -46.13658658199989,-23.17554443699993,0 -46.13658566399982,-23.17554079199994,0 -46.13658473699991,-23.17553715499997,0 -46.13658379899994,-23.17553352899995,0 -46.13658284699994,-23.17552991399998,0 -46.13658187999994,-23.17552631099994,0 -46.13658089499995,-23.17552272399985,0 -46.13657988899996,-23.17551915199988,0 -46.13657886199996,-23.17551559799995,0 -46.13657780999995,-23.17551206199994,0 -46.13657673199998,-23.17550854799998,0 -46.13657562499998,-23.17550505499997,0 -46.13657448799995,-23.17550158699987,0 -46.13657331699994,-23.17549814299986,0 -46.13657211099996,-23.17549472699994,0 -46.13657086799992,-23.17549133799992,0 -46.1365695849999,-23.1754879799999,0 -46.13656825999988,-23.17548465199997,0 -46.13656689199996,-23.17548135799996,0 -46.13656547799991,-23.17547809799987,0 -46.13656401499998,-23.17547487399997,0 -46.13656250199995,-23.17547168799996,0 -46.1365609369999,-23.17546854099987,0 -46.13655931699986,-23.17546543399988,0 -46.13655763999998,-23.17546236999993,0 -46.13655590299993,-23.17545934899994,0 -46.13655410599995,-23.17545637299986,0 -46.1365522449999,-23.17545344399997,0 -46.13655031899992,-23.1754505639999,0 -46.13654832499992,-23.17544773299994,0 -46.13654626099992,-23.1754449529999,0 -46.13654412499994,-23.17544222699985,0 -46.13654191499995,-23.17543955499997,0 -46.13653962799992,-23.17543693899995,0 -46.13653726299998,-23.1754343799999,0 -46.13653481699998,-23.17543187999996,0 -46.13653228799996,-23.17542944099995,0 -46.13652967399997,-23.17542706499984,0 -46.13652697199996,-23.17542475099998,0 -46.13652418299989,-23.17542250299988,0 -46.1365213069999,-23.17542032199998,0 -46.13651834799992,-23.17541820899982,0 -46.13651530899995,-23.17541616699998,0 -46.13651219199994,-23.17541419599991,0 -46.13650900199997,-23.17541229799986,0 -46.13650573999996,-23.17541047599997,0 -46.13650240899995,-23.1754087299999,0 -46.13649901399992,-23.17540706199998,0 -46.13649555599983,-23.17540547399989,0 -46.13649203799997,-23.17540396799996,0 -46.13648846399997,-23.17540254399995,0 -46.1364848369999,-23.17540120599989,0 -46.13648115899997,-23.17539995399989,0 -46.13647743399991,-23.17539878999997,0 -46.13647366399988,-23.17539771499997,0 -46.13646985199983,-23.17539673199997,0 -46.13646600099997,-23.17539584199983,0 -46.13646211499997,-23.17539504599995,0 -46.13645819599992,-23.17539434699995,0 -46.13645424799995,-23.17539374499989,0 -46.13645027199988,-23.17539324299997,0 -46.13644627299993,-23.17539284199995,0 -46.13644225299993,-23.17539254299993,0 -46.13643821499988,-23.17539234899988,0 -46.1364341609999,-23.17539226099996,0 -46.13643009599991,-23.17539227999998,0 -46.13642602199985,-23.17539240899998,0 -46.13642194399995,-23.1753926479999,0 -46.13641786999989,-23.17539299899994,0 -46.13641380999991,-23.17539346399997,0 -46.13640977299991,-23.17539404399986,0 -46.13640576799986,-23.1753947389999,0 -46.13640180399989,-23.17539555199988,0 -46.1363978899999,-23.17539648299987,0 -46.13639403599996,-23.17539753499995,0 -46.13639024899993,-23.17539870799988,0 -46.13638653999993,-23.17540000299988,0 -46.13638291799992,-23.17540142199994,0 -46.13637939099988,-23.17540296699997,0 -46.13637596899997,-23.17540463799992,0 -46.13637266099994,-23.17540643699988,0 -46.13636947599997,-23.17540836499995,0 -46.13636642299997,-23.17541042299996,0 -46.1363635109999,-23.17541261399998,0 -46.13636074899995,-23.17541493699997,0 -46.1363581469999,-23.1754173949999,0 -46.13635571299989,-23.17541998899998,0 -46.13635345399996,-23.17542271799994,0 -46.13635136599999,-23.17542557699988,0 -46.13634943599982,-23.17542855599987,0 -46.13634765499995,-23.17543164699993,0 -46.13634601199988,-23.17543483899993,0 -46.13634449499995,-23.17543812399992,0 -46.13634309399998,-23.17544149199995,0 -46.13634179899998,-23.17544493499997,0 -46.13634059899988,-23.17544844199989,0 -46.13633948199998,-23.17545200499995,0 -46.13633843899999,-23.17545561599997,0 -46.13633745899989,-23.17545926299994,0 -46.13633652999988,-23.17546293899994,0 -46.13633564199984,-23.17546663399997,0 -46.13633478399993,-23.17547033799997,0 -46.13633394699997,-23.17547404399988,0 -46.13633311799998,-23.17547773999996,0 -46.1363322869999,-23.17548141899988,0 -46.1363314429999,-23.1754850719999,0 -46.13633057599992,-23.17548868799997,0 -46.13632967599995,-23.17549225799996,0 -46.13632872999995,-23.1754957739999,0 -46.13632772899996,-23.17549922699993,0 -46.13632666099988,-23.17550260599995,0 -46.13632551699988,-23.17550590299987,0 -46.13632428499994,-23.17550910899996,0 -46.13632295499991,-23.17551221499997,0 -46.13632151499991,-23.17551521099995,0 -46.13631995499998,-23.17551808699989,0 -46.13631826499989,-23.17552083599998,0 -46.13631643399992,-23.17552344699982,0 -46.13631444999993,-23.17552591199984,0 -46.13631231099993,-23.17552822799996,0 -46.13631001899995,-23.17553039699993,0 -46.13630758099998,-23.17553242499991,0 -46.13630499999994,-23.1755343179999,0 -46.13630228299991,-23.17553607799988,0 -46.13629943299992,-23.17553771199994,0 -46.13629645499998,-23.17553922299987,0 -46.13629335499996,-23.1755406179999,0 -46.13629013799988,-23.17554189899994,0 -46.13628680799997,-23.17554307199993,0 -46.13628336999994,-23.17554414199992,0 -46.13627982899993,-23.17554511299994,0 -46.13627618999988,-23.17554598999982,0 -46.13627245799995,-23.17554677799995,0 -46.13626863799988,-23.17554748099985,0 -46.13626473399989,-23.1755481049999,0 -46.13626075199994,-23.17554865299996,0 -46.13625669699996,-23.17554913099997,0 -46.13625257299998,-23.17554954199994,0 -46.13624838499987,-23.17554989299998,0 -46.13624413899998,-23.17555018799987,0 -46.13623983799988,-23.17555042999993,0 -46.13623548899989,-23.17555062599985,0 -46.13623109599996,-23.17555077999992,0 -46.13622666299995,-23.17555089599995,0 -46.13622219599995,-23.17555097899998,0 -46.13621769999992,-23.17555103299998,0 -46.13621317899998,-23.17555106499998,0 -46.13620863799997,-23.17555107699997,0 -46.13620408299994,-23.17555107499987,0 -46.13619951799996,-23.17555106399988,0 -46.13619495099994,-23.17555104899998,0 -46.13619464299995,-23.17555070199995,0 -46.13619157599982,-23.17554718699989,0 -46.13618854299983,-23.17554364699987,0 -46.13618555099993,-23.17554007799993,0 -46.13618260499987,-23.17553647599993,0 -46.13617970999996,-23.17553283799998,0 -46.13617687399994,-23.17552916199992,0 -46.13617410399996,-23.17552544299997,0 -46.13617140699984,-23.17552167799994,0 -46.13616879199998,-23.17551786399997,0 -46.13616626699985,-23.17551399799993,0 -46.13616384299991,-23.17551007799995,0 -46.13616153099997,-23.17550609999989,0 -46.13615934299997,-23.17550206199991,0 -46.13615729299988,-23.17549796399993,0 -46.13615539499995,-23.17549380299994,0 -46.13615366399995,-23.17548958099997,0 -46.13615211799993,-23.17548529799996,0 -46.13615076999997,-23.17548095699993,0 -46.13614962299988,-23.17547656799991,0 -46.1361486749999,-23.17547213899991,0 -46.13614792199991,-23.17546767699997,0 -46.13614735899995,-23.17546319099989,0 -46.13614697999992,-23.17545868899998,0 -46.13614677699991,-23.17545417799994,0 -46.13614674199994,-23.17544966199995,0 -46.13614686499994,-23.17544514799982,0 -46.13614713799996,-23.17544063899987,0 -46.13614754999998,-23.17543613999987,0 -46.13614809399996,-23.17543165199993,0 -46.13614875799993,-23.17542717799995,0 -46.13614953499996,-23.17542271999991,0 -46.13615041599996,-23.17541827799988,0 -46.13615139199993,-23.17541385399988,0 -46.13615245599993,-23.17540944599989,0 -46.13615360099993,-23.17540505599987,0 -46.13615481799997,-23.17540068299996,0 -46.13615610199997,-23.17539632599994,0 -46.13615744499992,-23.17539198399993,0 -46.13615884299986,-23.17538765699993,0 -46.13616028899997,-23.17538334399995,0 -46.13616177699993,-23.17537904299996,0 -46.13616330299988,-23.17537475299986,0 -46.13616486199993,-23.17537047299993,0 -46.13616644799987,-23.17536620199996,0 -46.1361680579999,-23.17536193799987,0 -46.13616968599996,-23.17535768099987,0 -46.13617132899998,-23.17535342799994,0 -46.13617298099996,-23.17534917799998,0 -46.13617463999992,-23.17534493099987,0 -46.13617752399989,-23.17533755399995,0 -46.13618057199994,-23.17532971199995,0 -46.13618377399996,-23.17532133099996,0 -46.13618692299997,-23.17531284499995,0 -46.13618996499986,-23.17530429599998,0 -46.13619285599992,-23.17529568999987,0 -46.13619555499997,-23.17528702299995,0 -46.13619801899989,-23.17527829299996,0 -46.13620020099989,-23.17526949699993,0 -46.13620201699996,-23.17526078699984,0 -46.13620350899998,-23.17525191199991,0 -46.13620471199994,-23.17524299799987,0 -46.1362056879999,-23.17523410499996,0 -46.13620633799997,-23.17522708599989,0 -46.13620672999991,-23.17522258499997,0 -46.13620710799995,-23.17521808299995,0 -46.13620747999988,-23.17521357999993,0 -46.1362078549999,-23.17520907699992,0 -46.13620824399993,-23.17520457599989,0 -46.13620865499996,-23.17520007599995,0 -46.13620909799994,-23.17519557899993,0 -46.13620958099995,-23.17519108499994,0 -46.13621010899993,-23.17518659599983,0 -46.13621068199996,-23.17518211099997,0 -46.13621130499985,-23.17517763199987,0 -46.13621197899988,-23.17517315899994,0 -46.13621270699997,-23.17516869399986,0 -46.13621349199985,-23.17516423699993,0 -46.13621433499992,-23.17515978899991,0 -46.1362152399999,-23.17515535099989,0 -46.13621620799989,-23.17515092499997,0 -46.13621724199987,-23.17514651099998,0 -46.13621834499997,-23.17514211199995,0 -46.1362195179999,-23.17513772799998,0 -46.13622076299998,-23.17513336199994,0 -46.13622207799995,-23.17512901299995,0 -46.13622346399995,-23.17512468199993,0 -46.13622491799998,-23.17512037099993,0 -46.13622644099996,-23.17511608099994,0 -46.13622803199996,-23.17511181099997,0 -46.13622968799996,-23.17510756299987,0 -46.13623141099998,-23.17510333699994,0 -46.13623319899995,-23.17509913499998,0 -46.13623505099986,-23.17509495599995,0 -46.13623696799993,-23.17509080199989,0 -46.13623894699998,-23.17508667399983,0 -46.13624098899982,-23.17508257199995,0 -46.13624309199997,-23.17507849599997,0 -46.13624525699998,-23.17507444799998,0 -46.13624748299998,-23.17507042799997,0 -46.13624976999984,-23.17506643799993,0 -46.13625211599992,-23.17506247699987,0 -46.13625452199994,-23.17505854699988,0 -46.13625698699997,-23.17505464899995,0 -46.13625950999995,-23.17505078199997,0 -46.13626209199998,-23.17504694899998,0 -46.13626473199992,-23.17504314899998,0 -46.13626742999998,-23.17503938499982,0 -46.13627018499994,-23.17503565599998,0 -46.13627299499996,-23.17503196199993,0 -46.13627585699993,-23.17502830299998,0 -46.13627876899994,-23.17502467699995,0 -46.13628172799997,-23.17502108499997,0 -46.13628473199998,-23.17501752399994,0 -46.13628777699995,-23.17501399299994,0 -46.13629086199995,-23.17501049099991,0 -46.13629398299992,-23.17500701799997,0 -46.13629713799992,-23.17500357099988,0 -46.13630032499992,-23.17500014899997,0 -46.1363035409999,-23.17499674999993,0 -46.13630678299995,-23.1749933719999,0 -46.13631004999985,-23.17499001499982,0 -46.13631333899986,-23.17498667599989,0 -46.13631664699994,-23.17498335399989,0 -46.13631997199997,-23.17498004699996,0 -46.13632331299988,-23.17497675199996,0 -46.13632666699988,-23.17497346899995,0 -46.13633003099989,-23.17497019499996,0 -46.13633340399991,-23.17496692899994,0 -46.13633678299993,-23.17496366799986,0 -46.13634016699996,-23.17496041199996,0 -46.13634355399995,-23.17495715699994,0 -46.13634929299997,-23.17495164299993,0 -46.13635565199996,-23.17494551599998,0 -46.13636229199989,-23.17493907199997,0 -46.13636893699999,-23.17493254699997,0 -46.13637522099998,-23.17492627899998,0 -46.13638041899998,-23.17492102299997,0 -46.13638370899997,-23.17491768499997,0 -46.13638699599989,-23.17491434499993,0 -46.1363902839999,-23.17491100499996,0 -46.13639357699992,-23.17490766999993,0 -46.13639687799991,-23.17490434199993,0 -46.13640019199994,-23.17490102399989,0 -46.13640352099992,-23.17489771999993,0 -46.13640687099996,-23.17489443299991,0 -46.13641024399988,-23.1748911659999,0 -46.13641364399996,-23.1748879239999,0 -46.13641707499988,-23.17488471099989,0 -46.13642054099995,-23.17488152899989,0 -46.13642404599995,-23.1748783839999,0 -46.13642759399988,-23.17487527999992,0 -46.1364311879999,-23.17487222199992,0 -46.13643483199996,-23.17486921499994,0 -46.13643852999991,-23.17486626499988,0 -46.13644228499993,-23.17486337699989,0 -46.13644610099993,-23.17486055899997,0 -46.13644998099994,-23.17485781599987,0 -46.13645392699993,-23.17485515499993,0 -46.13645794299998,-23.17485258399989,0 -46.13646202999996,-23.17485011099996,0 -46.13646618899998,-23.17484774399986,0 -46.13647042199995,-23.17484549099993,0 -46.13647472599996,-23.17484335599994,0 -46.13647909399998,-23.17484133499994,0 -46.13648351899997,-23.17483942399997,0 -46.13648799399994,-23.1748376139999,0 -46.13649251199985,-23.17483589999995,0 -46.13649706899997,-23.17483427299982,0 -46.13650165799999,-23.17483272599986,0 -46.13650627399983,-23.17483125099983,0 -46.13651091399993,-23.17482983899998,0 -46.13651557299988,-23.17482848399993,0 -46.1365202479999,-23.17482717599995,0 -46.13652493599994,-23.17482590799983,0 -46.13652963399988,-23.17482467199989,0 -46.13653433999991,-23.17482346099996,0 -46.13653904999995,-23.17482226699997,0 -46.1365437639999,-23.17482108299998,0 -46.13655187999996,-23.17481904799996,0 -46.13656061999995,-23.17481682699997,0 -46.13656986599995,-23.17481438899995,0 -46.13657915399989,-23.17481179799989,0 -46.13658840899996,-23.17480901999994,0 -46.13659759399991,-23.17480601599988,0 -46.13660668099988,-23.17480274999997,0 -46.13661334699998,-23.1748001009999,0 -46.13662304299999,-23.17479608499985,0 -46.13662673699992,-23.17479459999993,0 -46.13663127199993,-23.17479292399986,0 -46.13663588999998,-23.17479145499993,0 -46.1366406109999,-23.17479030099997,0 -46.13664543299996,-23.17478959499994,0 -46.13665031099993,-23.17478949899993,0 -46.13665513999996,-23.17479014099996,0 -46.13665981399998,-23.17479144099991,0 -46.13666430199993,-23.17479321799988,0 -46.13666862599996,-23.17479531699996,0 -46.13667282799992,-23.17479761899989,0 -46.13667695699991,-23.17480003199989,0 -46.13668416699988,-23.17480433399993,0 -46.13669190999991,-23.17480859199998,0 -46.13670050999991,-23.17481209699991,0 -46.13670987299997,-23.17481391399997,0 -46.1367195929999,-23.17481400799983,0 -46.13672923499996,-23.17481272099997,0 -46.13673866199997,-23.17481045399995,0 -46.13674784299991,-23.17480754399998,0 -46.13675494299997,-23.17480493199997,0 -46.1367594539999,-23.17480319899988,0 -46.13676394499998,-23.17480142499994,0 -46.13676842699994,-23.17479963199997,0 -46.13677291199997,-23.17479784099993,0 -46.13677740799994,-23.17479607499996,0 -46.13678191899987,-23.17479434299997,0 -46.13678968599999,-23.17479137999982,0 -46.13679804099996,-23.17478803699987,0 -46.13680665499982,-23.17478412199995,0 -46.13681496099997,-23.17477954599997,0 -46.13682269899988,-23.17477415099989,0 -46.13682979099997,-23.17476776899997,0 -46.13683578399991,-23.17476051199992,0 -46.13683998599998,-23.17475230899987,0 -46.13684107699999,-23.17474360399996,0 -46.13683830299993,-23.17473495899992,0 -46.13683272599991,-23.17472735899992,0 -46.13682525499991,-23.17472129999987,0 -46.13681659199995,-23.17471735999993,0 -46.13680699899993,-23.17471575299993,0 -46.13679720199991,-23.17471626799988,0 -46.1367876619999,-23.17471854399992,0 -46.13677881399991,-23.17472226599995,0 -46.13677088399987,-23.1747271939999,0 -46.13676507899993,-23.17473180199994,0 -46.13676148499997,-23.17473485999994,0 -46.13675795399996,-23.17473797999992,0 -46.13675443399995,-23.17474111099983,0 -46.1367508809999,-23.17474420899998,0 -46.13674725499988,-23.17474723499987,0 -46.13674351499992,-23.17475013899997,0 -46.13673958899994,-23.17475282399982,0 -46.13673540199994,-23.17475514499995,0 -46.13673089499991,-23.17475686799997,0 -46.13672609599996,-23.17475763899995,0 -46.13672125899996,-23.17475713199991,0 -46.13671664499998,-23.17475566499996,0 -46.13671221399989,-23.17475376699997,0 -46.1367078479999,-23.1747517419999,0 -46.13670352999998,-23.17474963199993,0 -46.13669926599988,-23.17474742799993,0 -46.1366950659999,-23.17474512399997,0 -46.13669093699991,-23.17474271099996,0 -46.13668689199994,-23.17474018099995,0 -46.13668293999996,-23.17473752799998,0 -46.13667909299983,-23.17473474499991,0 -46.13667536599996,-23.17473182699996,0 -46.13667176999991,-23.17472877099988,0 -46.13666832099989,-23.17472557399998,0 -46.13666503199988,-23.17472223599998,0 -46.13666191599998,-23.17471875899992,0 -46.13665898599993,-23.17471514699997,0 -46.13665625099998,-23.17471140599997,0 -46.13665372099996,-23.17470754399989,0 -46.13665140099994,-23.17470356999991,0 -46.13664929499993,-23.17469949599996,0 -46.13664740299987,-23.17469533299993,0 -46.13664572499982,-23.17469109299998,0 -46.13664426799994,-23.17468678299997,0 -46.13664305499987,-23.17468240899996,0 -46.13664212199996,-23.17467797699993,0 -46.13664152899992,-23.17467349599991,0 -46.13664136799997,-23.17466898399988,0 -46.13664178199991,-23.17466448799996,0 -46.13664298799995,-23.17466011899995,0 -46.13664525199994,-23.17465613299993,0 -46.13664858799996,-23.17465285299988,0 -46.13665266799995,-23.17465038399996,0 -46.13665716199995,-23.17464862799989,0 -46.13666186799998,-23.17464742499988,0 -46.13666667599995,-23.17464663999993,0 -46.13667153299991,-23.17464616999996,0 -46.13667641099994,-23.17464594399996,0 -46.1366812949999,-23.17464590999992,0 -46.13668617799988,-23.17464602899997,0 -46.13669105499991,-23.17464626999998,0 -46.13669592599996,-23.17464660899992,0 -46.13670078899992,-23.17464702699993,0 -46.13670564599988,-23.17464750699997,0 -46.13671049699985,-23.17464803299993,0 -46.13672008699984,-23.17464912799994,0 -46.13672805599998,-23.17464997499991,0 -46.13673761099994,-23.17465057899989,0 -46.13674728499996,-23.17465028999993,0 -46.13675672499994,-23.17464844399996,0 -46.13676528599996,-23.17464449399984,0 -46.1367725479999,-23.17463843299993,0 -46.13677829299996,-23.17463094299995,0 -46.13678222699991,-23.17462253999997,0 -46.13678384299988,-23.17461358599985,0 -46.13678239799992,-23.17460488099994,0 -46.13677804099984,-23.17459677699998,0 -46.13677168999993,-23.17458982399984,0 -46.13676400499992,-23.17458410299997,0 -46.13675558999995,-23.17457978399989,0 -46.13674658799988,-23.1745766979999,0 -46.13673914999998,-23.17457489099985,0 -46.13673439499996,-23.17457386099994,0 -46.13672962599992,-23.17457288599996,0 -46.13672485999996,-23.17457189499993,0 -46.13672011799991,-23.17457081399994,0 -46.13671542599997,-23.17456956199993,0 -46.13671082499997,-23.17456804799997,0 -46.13670638199994,-23.17456617699992,0 -46.13670218999994,-23.17456386399982,0 -46.13669834299998,-23.17456108599993,0 -46.13669486299989,-23.17455791999993,0 -46.13669173799997,-23.17455445199994,0 -46.13668893799991,-23.17455075299989,0 -46.13668642999988,-23.17454687899993,0 -46.13668417799988,-23.17454287199996,0 -46.1366821499999,-23.17453876499997,0 -46.13668031599991,-23.17453457899995,0 -46.13667865199994,-23.17453033399988,0 -46.13667713599995,-23.17452604099998,0 -46.13667574699997,-23.17452171199989,0 -46.13667447099988,-23.17451735299989,0 -46.13667330899995,-23.17451296699994,0 -46.13667226399997,-23.17450855599986,0 -46.1366713409999,-23.17450412099993,0 -46.13667054399991,-23.17449966599992,0 -46.13666987899995,-23.17449519199982,0 -46.1366693519999,-23.17449070299989,0 -46.13666896899997,-23.17448620099998,0 -46.13666873499994,-23.17448169099993,0 -46.13666865899995,-23.17447717599993,0 -46.13666874599994,-23.17447266099998,0 -46.13666900499987,-23.17446815099987,0 -46.1366694429999,-23.17446365399996,0 -46.13667006699995,-23.17445917499987,0 -46.13667088599993,-23.17445472399993,0 -46.13667190499996,-23.1744503079999,0 -46.13667313299993,-23.17444593699992,0 -46.13667457399998,-23.17444162299984,0 -46.13667623299995,-23.1744373759999,0 -46.13667811499994,-23.17443320899991,0 -46.1366802199999,-23.17442913499997,0 -46.13668254099991,-23.17442516199998,0 -46.13668505699997,-23.17442129199992,0 -46.1366877449999,-23.17441752099995,0 -46.13669058299996,-23.17441384599994,0 -46.13669355099995,-23.17441025999989,0 -46.13669662999996,-23.17440675499995,0 -46.13669980399993,-23.17440332199993,0 -46.13670305699992,-23.17439995399985,0 -46.13670637499996,-23.17439663899995,0 -46.13670974499996,-23.17439337099984,0 -46.13671315499988,-23.17439013699993,0 -46.13671659399989,-23.1743869309999,0 -46.13672005099994,-23.17438374099993,0 -46.13672651599995,-23.17437780499995,0 -46.13673248899988,-23.17437227699997,0 -46.1367391519999,-23.17436590999995,0 -46.13674569299991,-23.17435928999993,0 -46.13675194599989,-23.1743523959999,0 -46.13675776399992,-23.17434516999992,0 -46.13676298299993,-23.1743375609999,0 -46.13676736099995,-23.17432964799997,0 -46.13677087799994,-23.17432129199989,0 -46.13677360599991,-23.1743126419999,0 -46.13677566899992,-23.17430384099998,0 -46.13677721099987,-23.17429496299997,0 -46.13677837099993,-23.17428607599993,0 -46.13677909199993,-23.17427904899995,0 -46.13677951299996,-23.17427454999995,0 -46.13677990999997,-23.17427004899992,0 -46.13678029599993,-23.17426554699983,0 -46.13678068699988,-23.17426104599997,0 -46.13678109499983,-23.17425654499988,0 -46.13678153599994,-23.17425204799997,0 -46.1367820239999,-23.17424755499985,0 -46.13678257399994,-23.17424306799984,0 -46.13678320199989,-23.17423858899991,0 -46.13678392199995,-23.17423412299996,0 -46.13678475199987,-23.17422967299996,0 -46.13678570799993,-23.17422524399996,0 -46.13678680699996,-23.17422084499987,0 -46.13678806699994,-23.17421648199996,0 -46.13678950399998,-23.17421216599996,0 -46.13679113399996,-23.17420790899996,0 -46.13679296799984,-23.17420372399994,0 -46.13679499599994,-23.17419961699989,0 -46.1367972029999,-23.17419558799998,0 -46.13679956999994,-23.17419163799991,0 -46.13680208099998,-23.17418776499994,0 -46.13680472099992,-23.17418396599993,0 -46.13680747399997,-23.17418023599987,0 -46.13681032599993,-23.17417656999993,0 -46.13681326499983,-23.17417296299988,0 -46.13681627799997,-23.17416940899994,0 -46.13681935299996,-23.17416590099992,0 -46.13682248099997,-23.17416243199989,0 -46.13682565399995,-23.17415899899987,0 -46.13682887699997,-23.17415560599989,0 -46.13683216099997,-23.17415226299994,0 -46.13683551399998,-23.17414897899994,0 -46.13683894499991,-23.17414576499993,0 -46.13684246299994,-23.17414263299997,0 -46.13684607899995,-23.17413959699996,0 -46.13684980099998,-23.17413667299991,0 -46.13685363699994,-23.17413387799996,0 -46.13685759499992,-23.17413123199998,0 -46.13686168099991,-23.17412875899987,0 -46.13686589899999,-23.17412648299995,0 -46.1368702499999,-23.17412443199987,0 -46.13687472899994,-23.17412263299991,0 -46.13687932399995,-23.17412110499987,0 -46.13688401299999,-23.17411984199993,0 -46.13688877299995,-23.17411883099993,0 -46.13689358399989,-23.17411805599988,0 -46.13689842999986,-23.1741174949999,0 -46.13690329799988,-23.17411712699987,0 -46.13690817799994,-23.17411693199995,0 -46.13691306099992,-23.17411688999988,0 -46.13691794499994,-23.17411697999995,0 -46.1369228239999,-23.1741171839999,0 -46.13692769899995,-23.17411746199991,0 -46.13693620399994,-23.17411798699987,0 -46.13694524899989,-23.17411835499991,0 -46.13695490999999,-23.17411810599998,0 -46.1369644859999,-23.17411658599985,0 -46.13697329199994,-23.17411298799982,0 -46.13698016399997,-23.17410691499992,0 -46.13698486199991,-23.17409872599995,0 -46.13698709199991,-23.17408965799984,0 -46.13698608999994,-23.17408081699989,0 -46.13698104699995,-23.17407351499992,0 -46.13697506899996,-23.17406886299989,0 -46.13697110299989,-23.17406622999994,0 -46.13696701899994,-23.17406375299993,0 -46.13696289699993,-23.17406132899998,0 -46.13695880599988,-23.17405886199998,0 -46.13695481499997,-23.17405625899994,0 -46.13695095899993,-23.17405348799997,0 -46.13694725099998,-23.17405054899996,0 -46.13694370199994,-23.17404744699991,0 -46.13694032199993,-23.17404418899997,0 -46.13693711699995,-23.17404078199996,0 -46.13693409199988,-23.17403723599995,0 -46.13693124899999,-23.1740335639999,0 -46.13692858799993,-23.17402977799986,0 -46.13692610499993,-23.17402588999988,0 -46.13692379499992,-23.1740219109999,0 -46.13692165799989,-23.17401785099992,0 -46.13691969299992,-23.17401371699987,0 -46.13691790099995,-23.17400951599996,0 -46.1369162819999,-23.17400525599987,0 -46.13691483899999,-23.17400094199996,0 -46.13691357299996,-23.17399657999994,0 -46.13691248699996,-23.17399217799993,0 -46.13691158399996,-23.17398773999992,0 -46.13691085599999,-23.1739832749999,0 -46.13691029499995,-23.17397878899982,0 -46.13690988999991,-23.17397428899989,0 -46.13690963199997,-23.17396977999994,0 -46.13690951099989,-23.17396526499994,0 -46.13690951499996,-23.17396074899995,0 -46.13690963499988,-23.17395623499982,0 -46.13690986099994,-23.17395172399989,0 -46.13691018599985,-23.17394721799997,0 -46.13691060199989,-23.17394271899985,0 -46.13691110099984,-23.17393822699984,0 -46.13691167499996,-23.17393374199997,0 -46.13691231799993,-23.17392926599996,0 -46.13691302099988,-23.17392479699987,0 -46.13691377699996,-23.17392033499993,0 -46.13691457799996,-23.17391588099986,0 -46.13691541599991,-23.17391143199984,0 -46.13691628499998,-23.17390698799983,0 -46.13691717599988,-23.17390254799989,0 -46.13691808299996,-23.17389811099997,0 -46.13691899899987,-23.17389367499987,0 -46.13692053999989,-23.17388621099997,0 -46.13692223599998,-23.17387781199989,0 -46.13692390599994,-23.17386903899995,0 -46.13692543199994,-23.17386017599995,0 -46.13692674399988,-23.17385125899995,0 -46.13692775899989,-23.17384245299991,0 -46.13692848799997,-23.17383346599996,0 -46.1369289459999,-23.17382445599992,0 -46.13692916799982,-23.17381544199998,0 -46.13692918999993,-23.17380643099995,0 -46.1369290479999,-23.17379743099991,0 -46.13692877699998,-23.17378845699994,0 -46.13692841399995,-23.17377954699992,0 -46.13692807799998,-23.17377245799997,0 -46.1369278549999,-23.17376794599994,0 -46.13692762899996,-23.17376343499996,0 -46.13692740199986,-23.17375892399991,0 -46.13692717899994,-23.17375441299998,0 -46.13692696399988,-23.17374990199988,0 -46.13692676299996,-23.17374538999997,0 -46.13692657799987,-23.17374087699994,0 -46.13692641499995,-23.17373636399992,0 -46.13692627699993,-23.17373184999997,0 -46.13692616999992,-23.17372733499997,0 -46.13692609599991,-23.17372281999997,0 -46.13692606199993,-23.17371830399992,0 -46.1369260699999,-23.17371378799993,0 -46.13692612699992,-23.17370927199988,0 -46.13692623499992,-23.17370475799987,0 -46.13692639999994,-23.17370024399997,0 -46.13692662499994,-23.17369573299993,0 -46.13692691599988,-23.1736912259999,0 -46.13692727399985,-23.1736867219999,0 -46.13692769599987,-23.17368222299996,0 -46.13692817999998,-23.17367772899996,0 -46.13692872299998,-23.17367324199995,0 -46.13692932099991,-23.17366875999994,0 -46.13692997199996,-23.17366428399998,0 -46.13693067299994,-23.17365981499989,0 -46.13693142199992,-23.17365535299996,0 -46.1369322139999,-23.17365089699996,0 -46.13693304799995,-23.17364644699995,0 -46.13693391999993,-23.17364200399993,0 -46.13693482699995,-23.1736375669999,0 -46.13693576799994,-23.17363313499982,0 -46.13693673899991,-23.1736287089999,0 -46.13693773699998,-23.17362428899997,0 -46.13693875999991,-23.17361987299995,0 -46.13693980399989,-23.17361546199993,0 -46.1369408679999,-23.17361105399993,0 -46.13694194899989,-23.17360664999995,0 -46.13694304399991,-23.17360224899994,0 -46.13694414999998,-23.1735978509999,0 -46.13694526399991,-23.1735934539999,0 -46.13694638499993,-23.17358905899988,0 -46.13694750899992,-23.17358466399997,0 -46.13694935799998,-23.17357744299983,0 -46.13695134899996,-23.17356962899987,0 -46.13695310899993,-23.17356268599985,0 -46.13695422299992,-23.17355828899991,0 -46.13695533599986,-23.17355389199992,0 -46.13695644999996,-23.17354949499992,0 -46.13695756399994,-23.17354509799998,0 -46.13695868099995,-23.17354070199997,0 -46.13695979999994,-23.17353630599996,0 -46.13696092199996,-23.17353191099988,0 -46.13696204899998,-23.17352751699997,0 -46.13696317999995,-23.17352312399993,0 -46.13696431799997,-23.17351873299992,0 -46.13696546199998,-23.17351434299985,0 -46.13696661299997,-23.17350995399994,0 -46.13696777299998,-23.17350556699984,0 -46.13696894099991,-23.17350118199982,0 -46.13697011899984,-23.1734967999999,0 -46.13697130799994,-23.17349241999989,0 -46.13697250799993,-23.17348804199997,0 -46.13697371899997,-23.17348366799996,0 -46.13697494399997,-23.17347929599998,0 -46.1369761819999,-23.17347492799996,0 -46.1369774339999,-23.17347056299997,0 -46.13697870199991,-23.17346620099994,0 -46.13697998499993,-23.17346184399986,0 -46.13698128399994,-23.17345749099985,0 -46.13698260099989,-23.17345314199991,0 -46.13698393599998,-23.17344879799992,0 -46.13698528899994,-23.17344445899994,0 -46.13698666099998,-23.1734401249999,0 -46.13698805299998,-23.17343579599992,0 -46.13698946499994,-23.17343147399998,0 -46.13699089899995,-23.17342715699994,0 -46.1369923549999,-23.17342284599994,0 -46.13699383199992,-23.17341854199998,0 -46.13699533299996,-23.1734142439999,0 -46.13699685699999,-23.17340995399991,0 -46.13699840599998,-23.1734056709999,0 -46.13699997799989,-23.17340139599992,0 -46.13700157599993,-23.17339712799992,0 -46.13700319999998,-23.17339286899994,0 -46.13700484899994,-23.17338861899992,0 -46.13700652499983,-23.17338437699993,0 -46.13700822799996,-23.17338014399985,0 -46.13700995799985,-23.17337592099994,0 -46.1370117159999,-23.17337170799993,0 -46.13701350199995,-23.17336750499993,0 -46.13701531599992,-23.17336331199988,0 -46.13701715899998,-23.17335912999988,0 -46.13701903099997,-23.17335495899988,0 -46.13702092899996,-23.17335079799989,0 -46.13702284799996,-23.17334664499998,0 -46.13702478399983,-23.17334249999993,0 -46.13702673299997,-23.17333835899996,0 -46.13702868999997,-23.17333422099995,0 -46.13703236999993,-23.17332645699992,0 -46.13703572699995,-23.17331934899988,0 -46.13703951299988,-23.17331121799998,0 -46.13704326499993,-23.17330295399995,0 -46.13704691199996,-23.17329461499997,0 -46.1370504059999,-23.17328620399996,0 -46.1370537009999,-23.17327771699996,0 -46.13705674999989,-23.17326914699981,0 -46.13705950099995,-23.17326048999996,0 -46.13706189899995,-23.17325174099994,0 -46.13706388299994,-23.17324290499994,0 -46.13706539299989,-23.17323398799994,0 -46.13706636299997,-23.17322500899996,0 -46.13706673299993,-23.17321599199994,0 -46.13706644699988,-23.17320697399998,0 -46.1370654669999,-23.17319801699995,0 -46.13706378699993,-23.17318923299996,0 -46.13706146399994,-23.17318047399993,0 -46.13705864599996,-23.17317184399991,0 -46.13705544899994,-23.17316333999992,0 -46.13705197699994,-23.17315495399987,0 -46.13704833599991,-23.17314670499997,0 -46.13704532999992,-23.17314014399989,0 -46.13704340899994,-23.17313599199997,0 -46.13704147999988,-23.17313184299991,0 -46.1370395539999,-23.17312769299991,0 -46.13703763799998,-23.17312353899985,0 -46.13703574299996,-23.17311937699992,0 -46.13703387599998,-23.17311520399994,0 -46.13703204899997,-23.17311101499996,0 -46.13703027199995,-23.17310680899988,0 -46.13702855499997,-23.17310258099997,0 -46.13702691099991,-23.17309832899997,0 -46.13702535199997,-23.17309404999997,0 -46.13702389099996,-23.17308974099996,0 -46.13702254299989,-23.17308539999988,0 -46.13702132499998,-23.17308102699997,0 -46.1370202519999,-23.17307662199994,0 -46.1370193439999,-23.17307218499997,0 -46.13701861999994,-23.17306771899985,0 -46.13701809799988,-23.17306322999991,0 -46.13701779999997,-23.17305872299988,0 -46.13701774299994,-23.17305420799988,0 -46.13701794499997,-23.17304969599996,0 -46.13701842199993,-23.17304520299984,0 -46.13701918299989,-23.17304074299983,0 -46.1370202359999,-23.1730363339999,0 -46.1370215799999,-23.17303199299988,0 -46.13702321299996,-23.17302773799997,0 -46.13702513299995,-23.17302358599994,0 -46.13702733499997,-23.17301955599993,0 -46.13702981499989,-23.17301566599997,0 -46.13703256399992,-23.17301193499992,0 -46.13703557399992,-23.17300837999989,0 -46.13703883299991,-23.17300501599988,0 -46.13704232499992,-23.17300185999989,0 -46.13704603299988,-23.17299892299991,0 -46.13704994799997,-23.17299622299987,0 -46.13705406199995,-23.17299379099995,0 -46.13705837499992,-23.17299167399995,0 -46.13706288299994,-23.17298994199996,0 -46.1370675739999,-23.17298869699988,0 -46.13707240799994,-23.17298807899994,0 -46.13707727999991,-23.17298826399991,0 -46.13708202199996,-23.17298931899984,0 -46.13708650399997,-23.1729911029999,0 -46.13709069099997,-23.17299342399991,0 -46.13709460999991,-23.17299611699997,0 -46.13709830999994,-23.17299906299985,0 -46.13710184699988,-23.17300217699994,0 -46.13710527099994,-23.17300539799993,0 -46.13710862599993,-23.17300867899991,0 -46.13711462599997,-23.17301463399997,0 -46.13712072999994,-23.17302047699991,0 -46.1371278709999,-23.17302646399997,0 -46.13713584899995,-23.17303158399994,0 -46.13714474699998,-23.17303493599997,0 -46.13715426099998,-23.17303565199995,0 -46.13716394599987,-23.17303399699989,0 -46.13717308299994,-23.17303054599995,0 -46.13718141899989,-23.17302564699992,0 -46.13718866199997,-23.17301946299995,0 -46.1371941999999,-23.17301224699997,0 -46.13719802599996,-23.17300403199988,0 -46.13720036199987,-23.17299534599988,0 -46.13720167199989,-23.17298656599996,0 -46.13720229999996,-23.17297935599981,0 -46.13720304099991,-23.17296939899995,0 -46.13720333299995,-23.17296584299993,0 -46.13720379299997,-23.1729613469999,0 -46.13720436099993,-23.17295686199998,0 -46.13720503199983,-23.17295238899987,0 -46.13720580199998,-23.17294792899997,0 -46.13720666599994,-23.17294348499996,0 -46.13720761999997,-23.17293905599996,0 -46.13720865799996,-23.17293464299985,0 -46.13720977499986,-23.17293024699984,0 -46.13721096399996,-23.17292586699983,0 -46.13721222099997,-23.17292150399993,0 -46.1372135389999,-23.17291715499982,0 -46.13721491199993,-23.17291282199989,0 -46.13721633499995,-23.17290850199981,0 -46.13721780099991,-23.1729041939999,0 -46.13721930499992,-23.17289989799997,0 -46.13722083999988,-23.1728956099999,0 -46.13722239999993,-23.1728913309999,0 -46.13722397999987,-23.1728870579999,0 -46.1372255739999,-23.1728827899999,0 -46.13722717499996,-23.17287852399988,0 -46.13722990999992,-23.17287124599994,0 -46.1372328839999,-23.17286325299989,0 -46.13723593799989,-23.17285481599998,0 -46.13723889299996,-23.1728462719999,0 -46.13724168199991,-23.17283765899998,0 -46.13724423899987,-23.17282902699998,0 -46.13724656799997,-23.17282025599997,0 -46.13724863199997,-23.17281142899986,0 -46.13725041399994,-23.17280254999991,0 -46.13725189699989,-23.1727936229999,0 -46.13725306499998,-23.17278465699997,0 -46.13725390099995,-23.1727756599999,0 -46.13725438899991,-23.17276664099995,0 -46.13725451399984,-23.17275761099995,0 -46.1372542609999,-23.17274858399998,0 -46.13725361899992,-23.17273957399993,0 -46.13725257699991,-23.17273059599984,0 -46.13725112999998,-23.17272167899989,0 -46.13724933599991,-23.1727131319999,0 -46.13724763199997,-23.17270620499994,0 -46.13724650499995,-23.17270181099985,0 -46.13724417899994,-23.17269292299983,0 -46.13724307899997,-23.17268863899983,0 -46.13724199499995,-23.17268423499991,0 -46.13724097799997,-23.17267981899988,0 -46.13724005299997,-23.17267538399989,0 -46.13723924899989,-23.17267092999998,0 -46.13723859499993,-23.17266645499996,0 -46.13723812399996,-23.17266196099985,0 -46.13723787099997,-23.17265745099991,0 -46.13723787299995,-23.17265293599996,0 -46.13723816899989,-23.17264842899988,0 -46.13723879199995,-23.17264395099994,0 -46.13723976499995,-23.17263952699994,0 -46.13724106099994,-23.17263517399994,0 -46.13724263799992,-23.17263089999994,0 -46.13724445499997,-23.17262670899993,0 -46.13724647299995,-23.17262259699987,0 -46.13724865899997,-23.17261855899989,0 -46.13725097899987,-23.17261458499991,0 -46.13725340699983,-23.17261066699996,0 -46.13725591699995,-23.17260679299989,0 -46.13725848799987,-23.17260295399996,0 -46.13726109699991,-23.17259913599997,0 -46.13726372799988,-23.17259533099991,0 -46.13726812299996,-23.17258897899995,0 -46.1372727449999,-23.1725821259999,0 -46.13727772899989,-23.17257447499998,0 -46.13728160299996,-23.17256838799983,0 -46.13728406799999,-23.17256448899997,0 -46.13728652399982,-23.17256058599997,0 -46.13728897899995,-23.17255668199994,0 -46.13729143699993,-23.17255277999993,0 -46.13729390499998,-23.17254888299988,0 -46.13729638899991,-23.17254499399985,0 -46.13729889399997,-23.17254111799997,0 -46.1373014269999,-23.17253725599983,0 -46.13730399299993,-23.17253341399993,0 -46.13730660099998,-23.17252959599989,0 -46.13730925499993,-23.17252580499996,0 -46.13731196199996,-23.17252204599998,0 -46.13731472999984,-23.17251832499994,0 -46.13731756399989,-23.17251464799989,0 -46.13732047199994,-23.17251101999994,0 -46.13732345999995,-23.17250744699993,0 -46.13732653399984,-23.17250393799998,0 -46.13732970099994,-23.1725004999999,0 -46.13733296499993,-23.17249714099995,0 -46.13733633299995,-23.17249386999998,0 -46.13733980799998,-23.17249069699989,0 -46.13734339299998,-23.17248763099997,0 -46.13734709099992,-23.1724846809999,0 -46.13735090299997,-23.17248185699987,0 -46.13735482799996,-23.17247916999997,0 -46.13735885699992,-23.17247661699997,0 -46.13736297699984,-23.17247419199992,0 -46.13736717499989,-23.17247188399995,0 -46.13737143999998,-23.1724696849999,0 -46.13737576299991,-23.17246758199991,0 -46.1373801339999,-23.17246556699985,0 -46.13738454499992,-23.17246362799995,0 -46.13738898999992,-23.17246175599996,0 -46.13739346199998,-23.1724599399999,0 -46.13739795599997,-23.17245817099996,0 -46.1374024669999,-23.17245643999996,0 -46.13740698999993,-23.17245473499992,0 -46.13741152099993,-23.17245304999994,0 -46.13741605599995,-23.17245137299983,0 -46.13742362499988,-23.17244857499986,0 -46.13743223999995,-23.17244533199994,0 -46.13744091099989,-23.17244192399994,0 -46.13744977199991,-23.17243823499996,0 -46.13745859099993,-23.17243436299992,0 -46.13746732899995,-23.17243033899996,0 -46.13747598899994,-23.17242617399995,0 -46.13748457499986,-23.17242188399996,0 -46.13749309199994,-23.17241748199996,0 -46.13750154599995,-23.17241298299996,0 -46.13750994199989,-23.17240840099993,0 -46.13751828499989,-23.17240375099988,0 -46.13752657699996,-23.17239905199995,0 -46.13753480799994,-23.1723943259999,0 -46.13754315699998,-23.17238948999994,0 -46.1375516629999,-23.17238453599998,0 -46.13755990099997,-23.17237970799994,0 -46.13756812699995,-23.17237485499987,0 -46.13757633599988,-23.17236997399993,0 -46.13758452499997,-23.17236506099988,0 -46.13759269199994,-23.1723601139999,0 -46.13760083299996,-23.17235512899993,0 -46.13760894499995,-23.17235010299987,0 -46.13761702499988,-23.17234503299989,0 -46.13762507099995,-23.17233991499995,0 -46.13763307899995,-23.17233474599993,0 -46.13764104599994,-23.17232952199987,0 -46.13764896799995,-23.17232423999997,0 -46.13765699099991,-23.17231879599996,0 -46.13766483399996,-23.17231336299994,0 -46.13767250199993,-23.17230787899996,0 -46.13768006299995,-23.17230222399991,0 -46.13768745899995,-23.17229636499997,0 -46.1376946389999,-23.17229027099989,0 -46.13770155199995,-23.17228391299983,0 -46.13770814899988,-23.17227727199997,0 -46.13771438199996,-23.17227033499995,0 -46.13772020899989,-23.17226310099988,0 -46.13772424499996,-23.17225746699995,0 -46.13772683999991,-23.17225364099988,0 -46.13772940599995,-23.17224979799994,0 -46.13773203199997,-23.17224599099995,0 -46.13773481699997,-23.17224228199996,0 -46.13773787099996,-23.17223875899998,0 -46.13774131499997,-23.17223556099998,0 -46.13774525199995,-23.17223289899994,0 -46.13774967499995,-23.17223099999995,0 -46.13775438899989,-23.17222983399995,0 -46.13775922599996,-23.1722292259999,0 -46.13776410299988,-23.17222900199988,0 -46.13776898699996,-23.1722290219999,0 -46.13777386899989,-23.1722291719999,0 -46.13778227399996,-23.17222949099994,0 -46.13779086699998,-23.17222947299996,0 -46.13780054499989,-23.17222880199995,0 -46.13781012999988,-23.17222760399994,0 -46.13781950999993,-23.17222605299992,0 -46.13782717499998,-23.17222460999989,0 -46.1378319559999,-23.17222368799997,0 -46.13783673799998,-23.17222276899992,0 -46.13784152599982,-23.17222187599992,0 -46.13784632399995,-23.17222103199987,0 -46.13785113699998,-23.17222026099989,0 -46.13785596599996,-23.17221958699992,0 -46.13786081399991,-23.17221903499996,0 -46.13786567799997,-23.17221862599985,0 -46.13787055499989,-23.1722183839999,0 -46.13787543799998,-23.1722183249999,0 -46.1378803209999,-23.17221843599998,0 -46.13788519799988,-23.17221868699994,0 -46.13789006599984,-23.17221905099996,0 -46.13789492599989,-23.17221949899994,0 -46.13789977899995,-23.17222000899994,0 -46.13790462799989,-23.17222055499991,0 -46.13791320699988,-23.17222154599989,0 -46.1379220469999,-23.17222248399997,0 -46.13793162999997,-23.17222321199995,0 -46.13794133499988,-23.17222342799988,0 -46.13795101999989,-23.17222284899992,0 -46.13796042299998,-23.17222119999997,0 -46.13796967899992,-23.1722183839999,0 -46.13797851899994,-23.17221457599993,0 -46.13798689799995,-23.17220995199995,0 -46.13799482299999,-23.17220468099993,0 -46.13800232799997,-23.17219890699988,0 -46.13800946399994,-23.17219274699994,0 -46.13801628599998,-23.17218629599984,0 -46.13802284699989,-23.17217962599989,0 -46.13802919399996,-23.17217280099987,0 -46.13803536399996,-23.17216588299993,0 -46.13804135499998,-23.17215896999988,0 -46.13804617599988,-23.17215331599994,0 -46.13804919299986,-23.17214976499992,0 -46.13805220899991,-23.17214621299996,0 -46.13805522999991,-23.17214266399986,0 -46.1380582619999,-23.17213912399984,0 -46.13806130999996,-23.17213559599998,0 -46.13806438299997,-23.17213208499987,0 -46.13806748199994,-23.17212859499995,0 -46.13807060999994,-23.1721251269999,0 -46.13807376799991,-23.1721216819999,0 -46.13807695799994,-23.17211826199997,0 -46.13808018199995,-23.17211486899987,0 -46.13808343999995,-23.17211150499986,0 -46.13808673499994,-23.17210817199992,0 -46.13809006799994,-23.17210486999994,0 -46.13809343899987,-23.17210160299993,0 -46.13809685099989,-23.17209837199994,0 -46.13810030499991,-23.17209517799995,0 -46.13810379999995,-23.17209202399994,0 -46.13810733899987,-23.17208891199994,0 -46.1381109219999,-23.17208584199994,0 -46.13811454899985,-23.17208281799998,0 -46.13811822099996,-23.17207983999998,0 -46.13812193799993,-23.17207691099992,0 -46.13812569899989,-23.17207402999998,0 -46.13812950599993,-23.17207120099988,0 -46.13813335699996,-23.17206842299993,0 -46.13813725199986,-23.17206569899997,0 -46.13814119099993,-23.17206302799991,0 -46.13814517199989,-23.17206041199989,0 -46.13814919499998,-23.17205785099986,0 -46.13815325799993,-23.17205534599992,0 -46.13815736099991,-23.17205289599997,0 -46.13816150299994,-23.17205050199988,0 -46.13816568199991,-23.17204816399993,0 -46.13816989799989,-23.17204588399994,0 -46.1381741539999,-23.17204366799984,0 -46.13817844999988,-23.17204152099993,0 -46.13818278899998,-23.17203944799985,0 -46.1381871719999,-23.17203745599994,0 -46.13819159999991,-23.17203554999998,0 -46.13819607299985,-23.17203373799998,0 -46.13820059399995,-23.17203202699994,0 -46.13820515999998,-23.17203042599988,0 -46.1382097739999,-23.17202894299987,0 -46.13821443299992,-23.17202758699995,0 -46.13821913599998,-23.17202636999991,0 -46.13822388099993,-23.17202529999992,0 -46.13822866499999,-23.17202438999993,0 -46.13823348299991,-23.17202365099996,0 -46.13823832999998,-23.17202309499993,0 -46.13824319799994,-23.17202273299989,0 -46.13824807899988,-23.17202257699995,0 -46.13825296199991,-23.17202263599995,0 -46.13825783599998,-23.1720229199999,0 -46.13826268799994,-23.17202343699995,0 -46.13826750299989,-23.17202419199992,0 -46.13827226699993,-23.17202518599993,0 -46.13827696399994,-23.17202642099994,0 -46.13828158199988,-23.17202789199996,0 -46.13828610499991,-23.17202959299993,0 -46.13829052299991,-23.17203151699988,0 -46.13829482799991,-23.17203365099988,0 -46.13829903099992,-23.17203595099983,0 -46.13830315999991,-23.17203836199985,0 -46.13830724399998,-23.17204083899998,0 -46.13831442099996,-23.17204524499988,0 -46.13832207599995,-23.17204969999989,0 -46.13833071099998,-23.17205379199987,0 -46.13834005699994,-23.17205615499989,0 -46.1383492029999,-23.17205485999995,0 -46.13835712499991,-23.17204955399995,0 -46.1383633559999,-23.17204235399993,0 -46.13836808199994,-23.17203424799993,0 -46.13837133499993,-23.17202551899993,0 -46.13837195899998,-23.17202117699992,0 -46.13856211299992,-23.17204301499987,0 -46.13868786599994,-23.17207509699995,0 -46.13873863399988,-23.17208698899998,0 -46.13880651499989,-23.17210529299996,0 -46.13893394299998,-23.17215282799998,0 -46.13900468999998,-23.17213556199988,0 -46.13901665699996,-23.1721357209999,0 -46.13902019199998,-23.17213915999992,0 -46.13911889199989,-23.17213707799993,0</coordinates></LinearRing></outerBoundaryIs>
        </Polygon>
        <Polygon>
          <extrude>0</extrude><altitudeMode>clampToGround</altitudeMode>
          <outerBoundaryIs><LinearRing><coordinates> -46.12561319599996,-23.17131025499998,0 -46.12570534699995,-23.17131511599996,0 -46.12569719499987,-23.17131739699988,0 -46.12569266899993,-23.17132356499997,0 -46.12569462199991,-23.17132898799997,0 -46.12569944199998,-23.17133289599991,0 -46.12570660899996,-23.17133452799987,0 -46.12571411499994,-23.17133247699996,0 -46.12571808999991,-23.17132685499996,0 -46.12571665399997,-23.17131977899982,0 -46.12571083399996,-23.17131540599996,0 -46.12596027299998,-23.1713285649999,0 -46.1263257089999,-23.17162987099988,0 -46.12622896799991,-23.17194046099991,0 -46.12633026599985,-23.17228886099997,0 -46.12617577599997,-23.17222193699996,0 -46.12606591899998,-23.17217226899993,0 -46.12599774099988,-23.17215944399993,0 -46.12593647799997,-23.17219859199997,0 -46.12590012099997,-23.17221332199995,0 -46.12584212799987,-23.17221217099984,0 -46.12585553399992,-23.17220574999993,0 -46.12586192099991,-23.17220255499996,0 -46.12586592799988,-23.1721999749999,0 -46.12586974299995,-23.17219715599992,0 -46.12587349199998,-23.17219426099996,0 -46.12587730799993,-23.17219144299997,0 -46.12588131799993,-23.17218886799998,0 -46.12588562399992,-23.17218674299994,0 -46.12589022799995,-23.1721852469999,0 -46.12589499299997,-23.17218426399995,0 -46.12589982199995,-23.17218358499997,0 -46.12590466799998,-23.17218301999992,0 -46.12590950299995,-23.17218238699996,0 -46.12591719999995,-23.17218094899994,0 -46.12592518499991,-23.17217713099996,0 -46.12593191099995,-23.17217074299998,0 -46.12593781099997,-23.17216285399985,0 -46.12594261399994,-23.17215482199998,0 -46.12594606299996,-23.17214633499998,0 -46.12594531499997,-23.17212908399989,0 -46.12594180899987,-23.1721227139999,0 -46.12593928199993,-23.17211884999995,0 -46.12593656999996,-23.17211509399988,0 -46.12593375099982,-23.17211136299994,0 -46.12592458499995,-23.17210613599997,0 -46.12591861499988,-23.17210296599995,0 -46.12591437499998,-23.17210072399996,0 -46.12591022999993,-23.17209833699991,0 -46.12590631099994,-23.17209564599995,0 -46.12590283499992,-23.17209248099988,0 -46.12590014199998,-23.17208872599991,0 -46.1258984559999,-23.17208449699996,0 -46.12589763499994,-23.17208004999992,0 -46.12589748399995,-23.17207553899982,0 -46.12589785299997,-23.17207103799996,0 -46.12589864499995,-23.17206658299995,0 -46.12589980199994,-23.17206219699995,0 -46.12590127199996,-23.17205789099995,0 -46.12590299299995,-23.17205366499996,0 -46.12590489599989,-23.17204950599995,0 -46.12590691199989,-23.17204539299996,0 -46.12590896899997,-23.17204129699991,0 -46.12591224499988,-23.17203468899982,0 -46.12591589599992,-23.17202655599993,0 -46.12591898099993,-23.17201807699996,0 -46.12592112799985,-23.17200932699996,0 -46.12592204999999,-23.17200012599989,0 -46.12592122299992,-23.17199105199995,0 -46.12591841299997,-23.17198515699988,0 -46.12591552399982,-23.17198152299994,0 -46.1259122379999,-23.17197818299991,0 -46.1259091259999,-23.1719747059999,0 -46.12590681299997,-23.17197074099994,0 -46.12590541999998,-23.17196641799995,0 -46.12590457599998,-23.17196197099992,0 -46.12590395699993,-23.17195749199982,0 -46.12590375299993,-23.17195298399997,0 -46.12590453699988,-23.17194853999996,0 -46.12590671499999,-23.17194451899996,0 -46.12591011899991,-23.17194130699988,0 -46.12591448299992,-23.17193932599992,0 -46.12591920599994,-23.1719381769999,0 -46.12592577599997,-23.17193579199989,0 -46.12592918399997,-23.17192922599997,0 -46.12593070499992,-23.17192493599998,0 -46.12593208099986,-23.17192060299988,0 -46.12593376299998,-23.17191636599995,0 -46.12593621399992,-23.17191246999982,0 -46.12593927199993,-23.17190894999987,0 -46.12594387399986,-23.17190335199996,0 -46.12594631399998,-23.17189456199992,0 -46.12594411199996,-23.17188626199987,0 -46.12593780299989,-23.17187888299998,0 -46.12592988699993,-23.17187278199998,0 -46.12592122999996,-23.17186994999986,0 -46.12591127699983,-23.17187028599989,0 -46.12590181299993,-23.17187301499985,0 -46.12589349699994,-23.17187773199987,0 -46.1258865879999,-23.17188415499987,0 -46.12588143799991,-23.17189161699997,0 -46.12587859799999,-23.17189813599998,0 -46.12587694799998,-23.17190238599994,0 -46.12587526299995,-23.17190662399997,0 -46.12587333099998,-23.17191077099994,0 -46.12587100699994,-23.17191474099991,0 -46.1258683339999,-23.17191851999996,0 -46.12586538699992,-23.17192211999998,0 -46.12586222799996,-23.17192556299995,0 -46.12585891199996,-23.17192887799996,0 -46.1258554989999,-23.17193210899995,0 -46.1258520909999,-23.17193534399996,0 -46.12584685799993,-23.17194064799992,0 -46.12584159699992,-23.17194798199984,0 -46.12583816899991,-23.17195661799991,0 -46.12583812599991,-23.17196508599983,0 -46.12584118899997,-23.17197166799991,0 -46.12584334299999,-23.17197572099991,0 -46.12584519699993,-23.17197989499988,0 -46.12584620199993,-23.1719843059999,0 -46.12584630999987,-23.17198881599984,0 -46.12584575199998,-23.17199329999994,0 -46.12584476599983,-23.17199772199996,0 -46.12584354699982,-23.17200209399994,0 -46.12584225499995,-23.17200644999997,0 -46.12584035599991,-23.17201326999998,0 -46.12583933899998,-23.17201971199989,0 -46.12583880899996,-23.17202420099994,0 -46.12583831399991,-23.17202869299996,0 -46.12583770299995,-23.17203317399986,0 -46.12583681899997,-23.17203761399998,0 -46.12583551899996,-23.17204196499995,0 -46.12583382499997,-23.17204619899996,0 -46.12583187799999,-23.17205034099993,0 -46.12582980699995,-23.17205442999995,0 -46.12582772699994,-23.17205851599994,0 -46.12582458399993,-23.17206509899995,0 -46.12582196699998,-23.17207318599998,0 -46.12582045199997,-23.17208201599982,0 -46.12581980499988,-23.17209081999994,0 -46.12581964399988,-23.1720980799999,0 -46.12581958599998,-23.1721025949999,0 -46.12581952299996,-23.17210711099995,0 -46.12581940899997,-23.17211162499996,0 -46.12581920399992,-23.17211613699988,0 -46.1258188889999,-23.1721206439999,0 -46.12581845299997,-23.17212514099992,0 -46.12581788199998,-23.17212962599996,0 -46.12581716399995,-23.17213409299995,0 -46.12581628699996,-23.17213853499987,0 -46.12581523899996,-23.17214294499996,0 -46.12581400999994,-23.17214731599989,0 -46.12581259199993,-23.1721516369999,0 -46.12581102599995,-23.17215591399997,0 -46.12580942299991,-23.17216017999988,0 -46.12580789699996,-23.17216446999987,0 -46.1258057959999,-23.17217133299994,0 -46.12580470199998,-23.17218008299994,0 -46.12580593299998,-23.17218916799987,0 -46.12580998599998,-23.17219731299986,0 -46.12581714799995,-23.17220307699989,0 -46.12582628899997,-23.17220651899993,0 -46.12583684299989,-23.17221206599993,0 -46.12577967899995,-23.17221093199993,0 -46.12568429999988,-23.17227465699995,0 -46.12563243399995,-23.17172882499989,0 -46.12561319599996,-23.17131025499998,0</coordinates></LinearRing></outerBoundaryIs>
        </Polygon>
        <Polygon>
          <extrude>0</extrude><altitudeMode>clampToGround</altitudeMode>
          <outerBoundaryIs><LinearRing><coordinates> -46.12416162299991,-23.17197943899993,0 -46.12399666699997,-23.1715655669999,0 -46.12391798999994,-23.17120669899998,0 -46.12418864499995,-23.17113260999997,0 -46.12433198299988,-23.17137221799987,0 -46.12446010199994,-23.17170427899998,0 -46.12475327899995,-23.17210425499997,0 -46.12505200399994,-23.17238828299992,0 -46.12531706799996,-23.17269107599992,0 -46.12529227499994,-23.17267719899996,0 -46.12521443899988,-23.17266006199986,0 -46.12515073699996,-23.17264390699995,0 -46.12506899699986,-23.17259098499994,0 -46.12497993299996,-23.17248436099987,0 -46.12494972399992,-23.17248166999991,0 -46.12494757499985,-23.17247688999987,0 -46.12494302399989,-23.17246931499989,0 -46.12493873599993,-23.1724632179999,0 -46.12493603799987,-23.17245945399998,0 -46.12493338299998,-23.17245566299994,0 -46.12493084799996,-23.17245180399993,0 -46.12492846899994,-23.17244785999998,0 -46.12492621999996,-23.17244385099991,0 -46.12492407199994,-23.17243979499995,0 -46.12492199799993,-23.17243570699986,0 -46.12491997399997,-23.17243159699996,0 -46.12491797499996,-23.17242747699987,0 -46.12491459799998,-23.17242049699985,0 -46.12491070999988,-23.1724127409999,0 -46.1249063329999,-23.17240477399997,0 -46.12490136999992,-23.17239702699993,0 -46.12489554499996,-23.17238979299998,0 -46.12488870899995,-23.1723836999999,0 -46.12488055899996,-23.17237897199988,0 -46.12487162399998,-23.17237556199996,0 -46.12486237899998,-23.17237310599984,0 -46.12485477399997,-23.17237153699995,0 -46.12484999199995,-23.17237061599997,0 -46.12484520499999,-23.17236972099982,0 -46.12484041999994,-23.1723688159999,0 -46.12483564399992,-23.17236787099995,0 -46.12483088299996,-23.17236686099994,0 -46.12482614599992,-23.17236576199991,0 -46.12482144099988,-23.17236455199992,0 -46.12481677599993,-23.1723632149999,0 -46.12481216099991,-23.17236173499998,0 -46.12480760699998,-23.17236010099998,0 -46.12480312599996,-23.17235830599992,0 -46.12479872699998,-23.17235634299993,0 -46.12479442199998,-23.17235421199996,0 -46.12479021899998,-23.17235191199995,0 -46.12478612599989,-23.17234944799992,0 -46.12477853999997,-23.17234459499997,0 -46.12477089599997,-23.17234026799997,0 -46.12476465099996,-23.17233965899993,0 -46.12475821899989,-23.17234308099984,0 -46.12475768399986,-23.17235015499989,0 -46.12476040099989,-23.17235383299993,0 -46.12476443899988,-23.17235635699996,0 -46.12476883399989,-23.17235832499995,0 -46.12477333099997,-23.17236008599991,0 -46.12477782799994,-23.17236184999996,0 -46.12478223799991,-23.17236378899997,0 -46.12478642299993,-23.17236610999987,0 -46.12479007499996,-23.17236909299993,0 -46.12479270199998,-23.17237288299998,0 -46.12479434699998,-23.17237712899998,0 -46.12479542599993,-23.17238153199997,0 -46.12479631799994,-23.17238597199992,0 -46.1247971059999,-23.17239042799991,0 -46.12479780299998,-23.17239489799994,0 -46.12479842199986,-23.17239937699998,0 -46.1247989769999,-23.17240386399988,0 -46.12479948299995,-23.17240835599989,0 -46.12479995499996,-23.17241284999994,0 -46.12480040799994,-23.17241734699996,0 -46.12480048699985,-23.17241813399994,0 -46.12480125999991,-23.17242259299991,0 -46.12480202099988,-23.17242705299992,0 -46.12480275599995,-23.17243151799994,0 -46.12480345499989,-23.17243598699997,0 -46.12480410499995,-23.17244046299982,0 -46.12480469499991,-23.17244494599993,0 -46.12480521399988,-23.17244943599991,0 -46.12480565399983,-23.17245393299993,0 -46.12480600399994,-23.17245843799998,0 -46.12480625699988,-23.17246294699987,0 -46.12480636999987,-23.17246635099991,0 -46.12477029999991,-23.17246947299998,0 -46.12475913999998,-23.17265252099986,0 -46.12471661399991,-23.17279148499989,0 -46.12460965599996,-23.17258841399996,0 -46.12446808499988,-23.1723407369999,0 -46.12416162299991,-23.17197943899993,0</coordinates></LinearRing></outerBoundaryIs>
        </Polygon>
        <Polygon>
          <extrude>0</extrude><altitudeMode>clampToGround</altitudeMode>
          <outerBoundaryIs><LinearRing><coordinates> -46.22454780399994,-23.16136921999993,0 -46.22459336599997,-23.16129762299994,0 -46.22465633599995,-23.16124785499994,0 -46.22480845699994,-23.16113560799994,0 -46.22489198799997,-23.16118123799998,0 -46.22509024299995,-23.16132032199988,0 -46.22524047699994,-23.16156646299993,0 -46.22528549699996,-23.16177145099988,0 -46.22529008799995,-23.16181335899989,0 -46.22502356999996,-23.16212169199991,0 -46.22485878099991,-23.16227609899983,0 -46.22477336999992,-23.16228114799998,0 -46.22457869349978,-23.16215148599991,0 -46.22458036699987,-23.16214893599994,0 -46.22458282299988,-23.16214503299989,0 -46.22458522699992,-23.16214110199985,0 -46.22458760799992,-23.16213715899994,0 -46.22458998199994,-23.16213321299989,0 -46.22459236299989,-23.16212926999992,0 -46.22459476499989,-23.16212533899994,0 -46.22459720499995,-23.16212142699982,0 -46.22459969799996,-23.16211754399995,0 -46.22460225999998,-23.16211369899997,0 -46.22460490499986,-23.16210990299993,0 -46.22460764899989,-23.16210616799998,0 -46.22461050199996,-23.16210250299991,0 -46.22461347599994,-23.16209892099982,0 -46.22461657799994,-23.16209543399998,0 -46.22461980999992,-23.16209204799998,0 -46.22462317099996,-23.16208877199995,0 -46.22462666299998,-23.16208561599996,0 -46.22463028599992,-23.16208258799998,0 -46.22463404199988,-23.1620797029999,0 -46.22463793299994,-23.16207697299996,0 -46.2246419569999,-23.16207441599994,0 -46.22464611599997,-23.1620720489999,0 -46.22465040599997,-23.16206989299991,0 -46.22465482299998,-23.16206796799992,0 -46.22465934899992,-23.16206627099996,0 -46.22466395899994,-23.16206478299995,0 -46.22466863499989,-23.1620634809999,0 -46.22467335999994,-23.16206233899982,0 -46.22467811999996,-23.16206132999997,0 -46.22468290599994,-23.1620604279999,0 -46.22468770799998,-23.16205960799994,0 -46.22469252099989,-23.16205884299995,0 -46.22469733999998,-23.16205810699989,0 -46.22470215999994,-23.16205737699994,0 -46.22470697599994,-23.16205662699997,0 -46.22471178299998,-23.1620558329999,0 -46.22471657699987,-23.16205496999993,0 -46.22472134999998,-23.16205401199994,0 -46.22472609199986,-23.16205293499991,0 -46.22473079399998,-23.1620517149999,0 -46.22473544199983,-23.16205032799996,0 -46.22474003299993,-23.16204879099985,0 -46.22474457999994,-23.16204714099996,0 -46.22474909399989,-23.16204541799993,0 -46.2247535919999,-23.16204365899995,0 -46.2247580909999,-23.1620419009999,0 -46.22476260599996,-23.16204018099995,0 -46.22476715499994,-23.16203853699989,0 -46.22477175099988,-23.16203700899996,0 -46.22477640399984,-23.1620356389999,0 -46.22478111999988,-23.16203446899982,0 -46.2247858959999,-23.16203352799994,0 -46.22479070999998,-23.16203276999994,0 -46.22479554299991,-23.16203211999988,0 -46.22480038199996,-23.1620315049999,0 -46.2248052139999,-23.16203084999995,0 -46.22481002699993,-23.16203008399998,0 -46.22481479999982,-23.16202913199993,0 -46.22481950399992,-23.1620279199999,0 -46.22482411099998,-23.16202642499997,0 -46.22482863099998,-23.16202471399998,0 -46.22483308699998,-23.16202286599992,0 -46.22483750999999,-23.16202095199992,0 -46.22484193599985,-23.16201904199994,0 -46.22484639699996,-23.16201720499981,0 -46.22485092499994,-23.16201551299991,0 -46.22485554199989,-23.16201404399982,0 -46.22486025999996,-23.16201288299987,0 -46.22486506999996,-23.1620121119999,0 -46.22486993999996,-23.16201180099989,0 -46.2248748209999,-23.1620119129999,0 -46.22487968899986,-23.16201227399995,0 -46.22488454899991,-23.16201271999995,0 -46.22488941599994,-23.16201309499991,0 -46.22489429699993,-23.16201322099994,0 -46.22489916299998,-23.16201287599989,0 -46.22490389299998,-23.16201178599988,0 -46.22490823599998,-23.1620097419999,0 -46.22491204399995,-23.16200692399991,0 -46.22491537999997,-23.16200362999984,0 -46.22491835599993,-23.16200005099989,0 -46.22492107799991,-23.16199630199992,0 -46.22492363699996,-23.16199245599989,0 -46.22492607099997,-23.16198854099991,0 -46.22492836799989,-23.16198455599994,0 -46.22493050999998,-23.16198049799988,0 -46.22493247899996,-23.16197636599998,0 -46.22493425599993,-23.16197215999989,0 -46.22493582399989,-23.16196788399998,0 -46.22493716499997,-23.16196354199997,0 -46.22493826599998,-23.16195914299988,0 -46.22493911399988,-23.16195469699994,0 -46.22493970999994,-23.16195021499993,0 -46.22494009399998,-23.16194571399996,0 -46.22494031899998,-23.16194120299991,0 -46.2249404339999,-23.1619366889999,0 -46.22494048399983,-23.16193217299997,0 -46.2249405149999,-23.16192765699986,0 -46.22494057199992,-23.16192314199992,0 -46.22494070099992,-23.16191862799991,0 -46.22494094799987,-23.16191411799997,0 -46.22494136299997,-23.16190961899997,0 -46.22494199799996,-23.16190514199997,0 -46.22494290599985,-23.16190070599993,0 -46.22494413999993,-23.16189633799985,0 -46.22494574199982,-23.16189207299993,0 -46.22494770499998,-23.16188793899994,0 -46.2249499859999,-23.16188394699998,0 -46.22495254599994,-23.16188010299993,0 -46.2249553499999,-23.16187640599998,0 -46.22495836499996,-23.16187285399997,0 -46.22496156499989,-23.16186944299994,0 -46.22496492499988,-23.16186616699991,0 -46.22496842699991,-23.16186301999994,0 -46.22497205399986,-23.16185999499993,0 -46.2249757919999,-23.16185708899997,0 -46.22497962899996,-23.16185429599983,0 -46.22498355199991,-23.16185160699996,0 -46.22498754599997,-23.16184900799993,0 -46.22499159399996,-23.16184648199987,0 -46.22499568199993,-23.16184401099997,0 -46.22499979299994,-23.16184157399994,0 -46.22500391499995,-23.16183915099998,0 -46.2250080309999,-23.16183672099987,0 -46.22501212799989,-23.16183426399994,0 -46.22501619199994,-23.16183175899994,0 -46.22502020799993,-23.16182918899989,0 -46.22502415999998,-23.16182653599992,0 -46.22502803099997,-23.16182378299987,0 -46.22503180199993,-23.16182091499991,0 -46.22503545099994,-23.16181791399993,0 -46.22503895199998,-23.16181476499992,0 -46.22504227399997,-23.16181145599984,0 -46.22504538299989,-23.16180797399988,0 -46.22504824099997,-23.16180431399994,0 -46.22505080899998,-23.1618004739999,0 -46.22505304899988,-23.16179646199993,0 -46.22505493999995,-23.16179229999995,0 -46.2250564659999,-23.16178801199993,0 -46.22505760699994,-23.16178362199992,0 -46.22505834099996,-23.16177915899993,0 -46.22505867599995,-23.16177465499982,0 -46.22505869699984,-23.16177013999987,0 -46.2250585029999,-23.16176562799996,0 -46.22505818599996,-23.16176112199992,0 -46.22505783899993,-23.16175661699992,0 -46.22505755299994,-23.1617521099999,0 -46.22505742499993,-23.16174759599988,0 -46.22505755599991,-23.16174308199993,0 -46.22505805699996,-23.16173859199995,0 -46.22505903299987,-23.16173416899994,0 -46.22506051599999,-23.16172986899994,0 -46.22506237499988,-23.16172569399993,0 -46.22506446599994,-23.16172161299994,0 -46.22506666599998,-23.16171758199988,0 -46.22506886499997,-23.16171354999989,0 -46.22507094499997,-23.16170946399984,0 -46.22507277699992,-23.16170527899993,0 -46.22507429399997,-23.16170098799995,0 -46.2250755149999,-23.16169661599992,0 -46.22507647699996,-23.16169218899989,0 -46.22507722599994,-23.1616877269999,0 -46.22507781299998,-23.16168324499989,0 -46.22507828799996,-23.16167874999996,0 -46.22507869799989,-23.16167425099997,0 -46.2250790839999,-23.16166974899994,0 -46.22507948099997,-23.16166524799991,0 -46.22507991799989,-23.16166075099989,0 -46.22508038099994,-23.16165625499997,0 -46.2250808259999,-23.16165175799995,0 -46.22508120899994,-23.16164725599992,0 -46.22508148499986,-23.16164274799991,0 -46.22508159699987,-23.16163823399989,0 -46.22508147499997,-23.16163371999994,0 -46.22508101999989,-23.16162922499996,0 -46.22508008999984,-23.16162479499985,0 -46.22507848299995,-23.16162053599993,0 -46.22507596099985,-23.16161668299998,0 -46.22507240099998,-23.1616136159999,0 -46.22506807499997,-23.1616115409999,0 -46.22506340599995,-23.16161022999995,0 -46.22505860199993,-23.16160942499982,0 -46.22505374699995,-23.16160894299998,0 -46.22504887299993,-23.16160865699993,0 -46.22504399299993,-23.16160847399993,0 -46.22503911299998,-23.16160831299982,0 -46.22503423499995,-23.16160809599995,0 -46.22502936399997,-23.16160776499993,0 -46.22502450999986,-23.1616072679999,0 -46.2250196899999,-23.16160654899994,0 -46.22501492699996,-23.16160555199986,0 -46.22501025899993,-23.16160422999991,0 -46.22500572499996,-23.16160255399996,0 -46.22500135399997,-23.16160054299996,0 -46.22499715899988,-23.16159823199996,0 -46.22499315099992,-23.16159565399994,0 -46.22498933699995,-23.16159283499996,0 -46.22498572499984,-23.16158979699998,0 -46.22498232399982,-23.16158655699996,0 -46.22497914399992,-23.16158312999994,0 -46.22497619999996,-23.16157952799983,0 -46.22497348699989,-23.16157577399997,0 -46.22497095999995,-23.16157190999991,0 -46.22496856399994,-23.16156797499985,0 -46.22496623699993,-23.16156400499995,0 -46.22496391599998,-23.16156003099991,0 -46.22496153699996,-23.16155608799994,0 -46.22495903499993,-23.16155220999997,0 -46.22495634699987,-23.16154844099992,0 -46.22495341599983,-23.16154482999997,0 -46.2249501959999,-23.16154143599988,0 -46.22494666399996,-23.16153831999998,0 -46.22494282399992,-23.16153553299984,0 -46.22493870199986,-23.16153311499988,0 -46.22493431799995,-23.1615311299999,0 -46.22492969599989,-23.16152968299997,0 -46.22492488799998,-23.16152892499991,0 -46.22492001099982,-23.1615289749999,0 -46.22491519699997,-23.16152971899987,0 -46.22491050199994,-23.16153095499988,0 -46.22490591299987,-23.16153249899992,0 -46.22490138899997,-23.16153420099988,0 -46.22489688199994,-23.16153593799987,0 -46.22489234299991,-23.16153760599991,0 -46.22488773899988,-23.16153910999986,0 -46.22488305599995,-23.16154038999997,0 -46.2248782929999,-23.16154138199994,0 -46.22487345699994,-23.16154200099993,0 -46.22486857799998,-23.16154213599992,0 -46.22486372799995,-23.16154164599988,0 -46.22485904399991,-23.16154039099996,0 -46.22485472699992,-23.16153829599989,0 -46.22485089999998,-23.1615354999999,0 -46.22484756599994,-23.16153220399991,0 -46.22484469899996,-23.16152855199988,0 -46.22484227499996,-23.16152463399993,0 -46.22484026799998,-23.16152051799992,0 -46.22483857399993,-23.16151628399984,0 -46.22483704199988,-23.16151199599994,0 -46.22483551299985,-23.16150770699994,0 -46.22483381199999,-23.16150347499985,0 -46.22483175999997,-23.16149937899996,0 -46.22482918899993,-23.16149554399988,0 -46.22482607599994,-23.16149206799997,0 -46.22482275199997,-23.16148875899995,0 -46.22481957699995,-23.16148532999995,0 -46.22481694099997,-23.16148153499989,0 -46.22481506099984,-23.1614773739999,0 -46.22481389699993,-23.16147299199997,0 -46.22481338299997,-23.16146850399997,0 -46.22481345399996,-23.16146399199994,0 -46.22481406299994,-23.16145951299995,0 -46.22481517899996,-23.16145511899992,0 -46.22481661499995,-23.16145080299992,0 -46.22481796999989,-23.16144646499993,0 -46.22481876299997,-23.16144201499998,0 -46.22481853399995,-23.16143751399989,0 -46.22481733199993,-23.16143314399989,0 -46.22481536599997,-23.16142901399991,0 -46.22481280799991,-23.16142517099996,0 -46.22480977499993,-23.16142163399991,0 -46.22480634599992,-23.16141842199983,0 -46.22480256799997,-23.16141556399992,0 -46.22479847399995,-23.16141310599994,0 -46.22479409799996,-23.16141110799992,0 -46.22478948399993,-23.16140963699996,0 -46.22478469599997,-23.16140876899993,0 -46.22477982099986,-23.16140857199997,0 -46.22477496599998,-23.16140902499995,0 -46.22477020599996,-23.16141002499995,0 -46.22476557699991,-23.16141145999995,0 -46.22476108599989,-23.16141323199992,0 -46.22475672399997,-23.16141526199993,0 -46.22475247699998,-23.16141749099984,0 -46.22474835399998,-23.16141990999995,0 -46.22474437499994,-23.16142252799989,0 -46.22474056699997,-23.16142535399996,0 -46.22473696299994,-23.16142840099985,0 -46.22473360699996,-23.16143167999996,0 -46.22473055299997,-23.16143520199995,0 -46.22472786399993,-23.1614389689999,0 -46.22472561599989,-23.16144297599982,0 -46.22472388599994,-23.16144719599998,0 -46.22472271499993,-23.16145157699998,0 -46.22472200099998,-23.16145604299993,0 -46.22472160599995,-23.16146054399985,0 -46.22472139699988,-23.16146505499995,0 -46.22472125199988,-23.16146956899996,0 -46.22472105099996,-23.16147408099988,0 -46.22472068999991,-23.16147858399989,0 -46.22472016099988,-23.16148307299994,0 -46.2247194869999,-23.16148754499994,0 -46.22471869499986,-23.16149200099994,0 -46.22471781399997,-23.16149644299998,0 -46.22471687299998,-23.1615008739999,0 -46.22471589999998,-23.16150529899988,0 -46.22471492199998,-23.16150972299994,0 -46.2247139619999,-23.16151415099995,0 -46.22471305899984,-23.16151858899985,0 -46.22471225799995,-23.16152304299993,0 -46.22471160799989,-23.16152751899995,0 -46.22471116799994,-23.16153201599997,0 -46.22471100799993,-23.16153652799983,0 -46.22471121599995,-23.16154103799994,0 -46.22471190699991,-23.16154550599992,0 -46.22471321199993,-23.16154985399993,0 -46.22471525899994,-23.16155394699996,0 -46.2247180999999,-23.16155761099998,0 -46.22472154999991,-23.16156080299987,0 -46.22472532799998,-23.16156366299992,0 -46.22472924899995,-23.16156635499988,0 -46.22473317999982,-23.16156903499996,0 -46.22473700199987,-23.16157184499991,0 -46.22474056799996,-23.16157492699989,0 -46.22474367399997,-23.16157840699992,0 -46.22474614899983,-23.16158229499996,0 -46.22474803399996,-23.16158645799987,0 -46.22474942499991,-23.16159078399994,0 -46.22475042299993,-23.16159520399998,0 -46.22475110699997,-23.16159967399989,0 -46.22475154099993,-23.1616041719999,0 -46.22475179199995,-23.16160868199995,0 -46.22475192799993,-23.16161319499997,0 -46.22475202099997,-23.16161770999997,0 -46.22475214099995,-23.16162222499997,0 -46.22475236099996,-23.1616267359999,0 -46.22475275199992,-23.16163123699994,0 -46.22475336499997,-23.16163571599986,0 -46.22475416499987,-23.16164017099987,0 -46.22475508599996,-23.16164460499988,0 -46.22475607099994,-23.16164902899988,0 -46.22475705799991,-23.16165345099989,0 -46.22475799099993,-23.16165788399991,0 -46.22475880799988,-23.16166233599995,0 -46.22475944699994,-23.16166681199996,0 -46.22475984599998,-23.16167131199995,0 -46.22475995399998,-23.16167582599996,0 -46.22475983199996,-23.16168033999992,0 -46.22475958899997,-23.16168484999992,0 -46.22475933399994,-23.16168935999997,0 -46.22475917299994,-23.16169387299988,0 -46.2247592139999,-23.16169838799988,0 -46.22475953999987,-23.16170289299998,0 -46.22476012199991,-23.16170737599992,0 -46.22476090199996,-23.16171183399996,0 -46.22476182399998,-23.16171626799996,0 -46.22476283599997,-23.16172068599997,0 -46.22476388399997,-23.16172509699987,0 -46.22476491699996,-23.16172950999987,0 -46.22476588499995,-23.16173393599991,0 -46.22476676799994,-23.16173837799994,0 -46.22476756899982,-23.16174283199985,0 -46.22476829399994,-23.16174729799997,0 -46.22476894799985,-23.16175177299988,0 -46.22476953699999,-23.16175625599988,0 -46.22477006499992,-23.16176074499998,0 -46.22477053999995,-23.16176523899992,0 -46.22477096599994,-23.16176973799992,0 -46.22477134999997,-23.16177423899995,0 -46.22477168399996,-23.16177874499988,0 -46.22477194499993,-23.16178325399989,0 -46.22477210599993,-23.16178776699991,0 -46.22477214199995,-23.16179228299995,0 -46.22477202499994,-23.16179679699997,0 -46.22477172699996,-23.16180130399988,0 -46.22477122199996,-23.16180579499991,0 -46.22477048299999,-23.16181025799983,0 -46.22476949199989,-23.16181467899992,0 -46.22476825599995,-23.16181904799993,0 -46.22476678999993,-23.16182335499991,0 -46.22476510499996,-23.16182759299994,0 -46.2247632129999,-23.16183175499992,0 -46.2247611279999,-23.16183583899988,0 -46.22475889899988,-23.16183985599997,0 -46.22475658399998,-23.16184383299992,0 -46.22475424599997,-23.16184779699989,0 -46.22475194199995,-23.16185177899996,0 -46.22474973299995,-23.16185580599995,0 -46.22474766799996,-23.16185989799993,0 -46.22474573499994,-23.1618640449999,0 -46.22474390399998,-23.16186823099991,0 -46.22474214499994,-23.16187244399998,0 -46.22474042699997,-23.1618766709999,0 -46.2247387189999,-23.16188090199989,0 -46.22473699099993,-23.16188512499997,0 -46.22473521199998,-23.16188933099988,0 -46.22473335199993,-23.16189350599996,0 -46.22473141999996,-23.16189765399997,0 -46.22472944599997,-23.16190178399995,0 -46.22472745899995,-23.16190590899993,0 -46.22472548999997,-23.16191004199993,0 -46.22472357099991,-23.16191419399991,0 -46.22472173099993,-23.16191837699989,0 -46.22472000299996,-23.16192259999997,0 -46.22471840399993,-23.16192686699998,0 -46.22471676699996,-23.16193112099995,0 -46.22471478399996,-23.16193524599987,0 -46.22471237599996,-23.16193917299984,0 -46.22470968499994,-23.16194294099995,0 -46.22470684899986,-23.1619466169999,0 -46.22470399499997,-23.16195028199996,0 -46.22470124299991,-23.16195401199991,0 -46.2246987179999,-23.16195787599997,0 -46.22469654899987,-23.16196191999995,0 -46.22469485799991,-23.16196615399991,0 -46.22469357499989,-23.16197050999995,0 -46.22469247399982,-23.16197490999997,0 -46.22469133099997,-23.16197929999987,0 -46.22468988699995,-23.16198361199997,0 -46.22468779899998,-23.16198768599992,0 -46.22468468699998,-23.16199114499994,0 -46.22468066399989,-23.16199368499997,0 -46.22467616599988,-23.16199543099998,0 -46.22467145799993,-23.16199662399998,0 -46.22466787799993,-23.16199724999996,0 -46.22450569299991,-23.16166980999992,0 -46.22452438999994,-23.16150665899994,0 -46.22454780399994,-23.16136921999993,0</coordinates></LinearRing></outerBoundaryIs>
        </Polygon>
        <Polygon>
          <extrude>0</extrude><altitudeMode>clampToGround</altitudeMode>
          <outerBoundaryIs><LinearRing><coordinates> -46.22087902599998,-23.16010198999987,0 -46.2208793559999,-23.16010080899997,0 -46.22088025299996,-23.16009637199994,0 -46.22088072199983,-23.16009187899994,0 -46.22088087499992,-23.16008736599991,0 -46.22088081299984,-23.16008284999998,0 -46.22088062799997,-23.16007833799995,0 -46.22088040999989,-23.16007382699996,0 -46.22088025099998,-23.16006931299995,0 -46.22088025699998,-23.16006479799989,0 -46.22088055799998,-23.16006029199997,0 -46.22088132199997,-23.16005583399988,0 -46.22088275199991,-23.16005152199995,0 -46.22088503499992,-23.16004753999982,0 -46.22088819099991,-23.16004410399989,0 -46.22089195699994,-23.16004123599993,0 -46.22089608999994,-23.16003883299987,0 -46.22090044299995,-23.16003678899989,0 -46.22090493399998,-23.16003501499995,0 -46.22090951299998,-23.16003344599989,0 -46.22091414899995,-23.16003202599995,0 -46.22091882899997,-23.16003073799993,0 -46.22092354899991,-23.16002957999984,0 -46.22092830499986,-23.16002855299985,0 -46.22093309199988,-23.16002765799993,0 -46.22093790399992,-23.16002689199996,0 -46.2209427389999,-23.16002625399994,0 -46.22094759099986,-23.16002574099997,0 -46.22095245599991,-23.16002534999996,0 -46.22095733099997,-23.16002507499991,0 -46.22096221099991,-23.16002491399991,0 -46.22096709399995,-23.16002485999996,0 -46.22097197799991,-23.1600249089999,0 -46.22097685899996,-23.1600250539999,0 -46.22098173599994,-23.16002528899992,0 -46.22098660799998,-23.16002560799996,0 -46.22099147199992,-23.16002600499991,0 -46.22099632999988,-23.16002647299996,0 -46.22100117899993,-23.16002700599989,0 -46.22100602099988,-23.16002759699995,0 -46.22101085499992,-23.16002824299989,0 -46.22101567899989,-23.16002894299987,0 -46.22102049399996,-23.16002969799996,0 -46.22102529899996,-23.16003050799992,0 -46.22103009199992,-23.1600313749999,0 -46.22103487199996,-23.16003229799998,0 -46.22103963899991,-23.16003327799996,0 -46.22104439299994,-23.16003431499996,0 -46.22104913099997,-23.16003540999998,0 -46.22105385199995,-23.16003656299989,0 -46.22105855699988,-23.16003777399987,0 -46.22106324399994,-23.16003904399992,0 -46.22106791199997,-23.16004037199991,0 -46.22107255899988,-23.16004175899997,0 -46.22107718599983,-23.16004320499991,0 -46.22108179099996,-23.16004470899992,0 -46.22108637199995,-23.16004627199987,0 -46.22109092999989,-23.16004789399994,0 -46.22109546299993,-23.16004957399997,0 -46.22109997099994,-23.16005131199995,0 -46.22110445099997,-23.16005310899993,0 -46.22110890399995,-23.16005496299988,0 -46.22111332899988,-23.16005687399996,0 -46.2211177239999,-23.16005884299994,0 -46.22112208999988,-23.16006086799996,0 -46.22112642399998,-23.16006294899995,0 -46.22113072699989,-23.16006508499993,0 -46.22113499699998,-23.16006727599995,0 -46.22113923399991,-23.16006952099997,0 -46.22114343699997,-23.16007181999987,0 -46.22114760699998,-23.1600741719999,0 -46.22115174099997,-23.16007657599982,0 -46.22115584099993,-23.16007902899992,0 -46.22115991599992,-23.16008151799997,0 -46.22116397499991,-23.1600840289999,0 -46.22116802899995,-23.16008654799992,0 -46.22117208699996,-23.16008905999996,0 -46.22117615899992,-23.16009155299997,0 -46.2211802569999,-23.16009400999991,0 -46.22118438899997,-23.16009641699998,0 -46.22118856599997,-23.16009875699996,0 -46.22119279799989,-23.16010100999989,0 -46.22119709499998,-23.16010315599988,0 -46.22120146599997,-23.16010516999995,0 -46.22120591699991,-23.16010702699992,0 -46.22121045399984,-23.1601086959999,0 -46.22121507899988,-23.16011014499992,0 -46.22121978799998,-23.16011133899997,0 -46.22122457199993,-23.16011224199991,0 -46.22122941499998,-23.16011282099987,0 -46.22123429099997,-23.16011304699998,0 -46.22123917099998,-23.16011290199998,0 -46.22124402399987,-23.16011240199992,0 -46.22124883399982,-23.16011162599995,0 -46.22125360199993,-23.16011064999998,0 -46.22125833599989,-23.16010954199987,0 -46.22126304999995,-23.16010836199996,0 -46.22126775899994,-23.16010716399995,0 -46.22127247999998,-23.16010600499993,0 -46.22127722699997,-23.16010494499994,0 -46.22128201299989,-23.16010404999997,0 -46.22128684499995,-23.1601034009999,0 -46.22129171599988,-23.16010309499995,0 -46.22129659599995,-23.16010321699997,0 -46.22130144099998,-23.16010377699996,0 -46.22130620799993,-23.16010474899991,0 -46.22131086799988,-23.16010609499995,0 -46.22131540299989,-23.16010776799993,0 -46.22131980599994,-23.16010972099997,0 -46.2213240779999,-23.16011190799998,0 -46.2213282269999,-23.16011428899992,0 -46.22133226499989,-23.16011682799996,0 -46.22133620499994,-23.16011949699998,0 -46.22134005999993,-23.16012226899994,0 -46.22134384499998,-23.16012512199995,0 -46.22134757299989,-23.16012803899997,0 -46.22135125899996,-23.16013100199996,0 -46.22135491299997,-23.16013399699995,0 -46.22135854999993,-23.16013701199995,0 -46.22136217999997,-23.1601400319999,0 -46.22136581599989,-23.1601430479999,0 -46.22136946799992,-23.16014604499998,0 -46.22137314799988,-23.16014901399996,0 -46.22137686799994,-23.16015193999993,0 -46.22138063799997,-23.16015481099981,0 -46.22138446899993,-23.16015761099993,0 -46.22138837199998,-23.16016032499994,0 -46.22139235699996,-23.16016293499996,0 -46.22139643499997,-23.16016541999988,0 -46.22140061199997,-23.16016775899982,0 -46.22140489699996,-23.16016992499982,0 -46.22140929199998,-23.16017189299998,0 -46.22141379199996,-23.16017364699997,0 -46.22141837999982,-23.16017519099989,0 -46.22142304299996,-23.1601765339999,0 -46.22142776499987,-23.16017768499995,0 -46.22143253399992,-23.16017865799984,0 -46.22143733799987,-23.16017946599987,0 -46.22144216999993,-23.16018012199993,0 -46.22144702099996,-23.16018064299982,0 -46.22145188599984,-23.16018103999994,0 -46.22145675899998,-23.16018132899995,0 -46.22146163799994,-23.16018152199996,0 -46.22146652099997,-23.16018163399997,0 -46.22147140399994,-23.16018167599998,0 -46.22147628799991,-23.16018165999998,0 -46.22148117099994,-23.16018159899988,0 -46.22148605399991,-23.16018150399998,0 -46.22149093599995,-23.16018138599998,0 -46.22149581799994,-23.16018125699998,0 -46.22150069999998,-23.16018112899997,0 -46.22150558199991,-23.16018101199995,0 -46.22151046499988,-23.16018091899991,0 -46.22151534799991,-23.16018086199995,0 -46.22152023199988,-23.16018085499991,0 -46.22152511499996,-23.16018090999995,0 -46.22152999699989,-23.16018104399996,0 -46.22153487399993,-23.16018127099994,0 -46.22153974399998,-23.16018160899989,0 -46.22154460099995,-23.16018207499985,0 -46.22154943999993,-23.16018268799996,0 -46.22155424899995,-23.16018346999988,0 -46.22155901799982,-23.16018444099996,0 -46.22156373199994,-23.16018562099998,0 -46.22156837099988,-23.16018702999997,0 -46.22157291399998,-23.16018868499987,0 -46.22157733699999,-23.16019059899992,0 -46.22158161199991,-23.16019277999993,0 -46.2215857249999,-23.16019521399994,0 -46.22158968799994,-23.16019785099991,0 -46.22159352299991,-23.16020064699995,0 -46.22159725499995,-23.16020355999996,0 -46.22160091099983,-23.16020655299991,0 -46.22160451799994,-23.16020959799988,0 -46.22160810199995,-23.16021266599989,0 -46.22161168699989,-23.16021573199998,0 -46.22161529499994,-23.16021877599997,0 -46.22161894699997,-23.16022177299993,0 -46.22162266199985,-23.16022470499991,0 -46.22162645599997,-23.16022754899996,0 -46.22163033899994,-23.16023028699993,0 -46.22163432399992,-23.16023289699996,0 -46.2216384219999,-23.1602353529999,0 -46.22164264399999,-23.16023762099991,0 -46.2216469999999,-23.16023966099982,0 -46.22165149799991,-23.16024141899987,0 -46.22165613499993,-23.16024283099989,0 -46.22166089799998,-23.16024381899996,0 -46.22166575099993,-23.16024429699985,0 -46.2216706289999,-23.16024418399991,0 -46.22167544799993,-23.16024346499995,0 -46.22168015699998,-23.16024227399993,0 -46.22168475599983,-23.16024075699988,0 -46.22168927199994,-23.16023903699994,0 -46.22169374199996,-23.16023721799996,0 -46.22169820699997,-23.16023538999991,0 -46.22170270899989,-23.16023363899996,0 -46.22170728399993,-23.16023205999988,0 -46.22171195899995,-23.16023075799995,0 -46.22171673199989,-23.16022980999998,0 -46.22172156999994,-23.16022919699992,0 -46.22172643999988,-23.16022887299988,0 -46.22173132299997,-23.16022878799987,0 -46.2217362049999,-23.16022888999981,0 -46.22174108199994,-23.16022912699992,0 -46.22174595299992,-23.16022945099996,0 -46.22175082099994,-23.16022981399988,0 -46.22175568999984,-23.16023016999992,0 -46.22176056199999,-23.16023047399995,0 -46.22176544099995,-23.16023067899994,0 -46.22177032399998,-23.16023073799988,0 -46.22177520499986,-23.16023060599997,0 -46.22178007699989,-23.16023028899991,0 -46.22178493599995,-23.16022983999989,0 -46.22178978599982,-23.16022931299995,0 -46.22179463399993,-23.16022876099987,0 -46.22179948399997,-23.16022823699996,0 -46.22180434499995,-23.16022779799988,0 -46.22180921799992,-23.16022750099995,0 -46.22181409999996,-23.16022740299996,0 -46.22179496399997,-23.16027373699995,0 -46.22154078499989,-23.16023068499987,0 -46.22138889599995,-23.16020070299987,0 -46.22120522899996,-23.16014128799992,0 -46.22101119199988,-23.16011671799993,0 -46.22087902599998,-23.16010198999987,0</coordinates></LinearRing></outerBoundaryIs>
        </Polygon>
        <Polygon>
          <extrude>0</extrude><altitudeMode>clampToGround</altitudeMode>
          <outerBoundaryIs><LinearRing><coordinates> -46.22075010799995,-23.16009323499998,0 -46.22071540899992,-23.16008098599991,0 -46.22071588199998,-23.16007685599993,0 -46.22071595899996,-23.16007234199992,0 -46.22071572799996,-23.16006783199998,0 -46.22071532799998,-23.16006333099995,0 -46.22071489199988,-23.16005883299994,0 -46.22071456299994,-23.16005432799994,0 -46.22071451699992,-23.16004981399993,0 -46.22071499099997,-23.16004532299991,0 -46.22071629199991,-23.16004097899997,0 -46.22071866999994,-23.16003704799994,0 -46.22072195899995,-23.16003372099993,0 -46.22072582599998,-23.16003096899993,0 -46.22073004299989,-23.16002869599993,0 -46.22073447799988,-23.16002680899987,0 -46.22073905499991,-23.16002523599991,0 -46.22074372799995,-23.16002392599989,0 -46.22074846899989,-23.16002284099989,0 -46.22075325699996,-23.16002195599992,0 -46.22075808199997,-23.16002125699987,0 -46.22076293299995,-23.16002074499983,0 -46.22076780499998,-23.16002043199995,0 -46.22077268699996,-23.16002032299997,0 -46.22077756899989,-23.16002040999996,0 -46.22078244399995,-23.16002067499988,0 -46.22078730699991,-23.16002109099992,0 -46.22079215599996,-23.16002162599989,0 -46.22079699299991,-23.16002224999994,0 -46.22080182099995,-23.16002293299994,0 -46.22080664099991,-23.16002366099997,0 -46.22081144899994,-23.16002444999987,0 -46.22081624099991,-23.16002532099992,0 -46.22082100799997,-23.16002630499992,0 -46.22082573499989,-23.16002743599995,0 -46.22083040099994,-23.16002876899995,0 -46.22083495699997,-23.16003039099991,0 -46.22083929799993,-23.16003245199988,0 -46.2208431229999,-23.16003523899997,0 -46.22084551399985,-23.16003911999991,0 -46.22084558699993,-23.16004359799996,0 -46.22084405499982,-23.16004787499992,0 -46.22084172399997,-23.16005183899989,0 -46.22083897199991,-23.16005556899995,0 -46.22083597399995,-23.16005913299989,0 -46.22083282299997,-23.1600625829999,0 -46.22082957399994,-23.16006595399983,0 -46.22082626199995,-23.16006927299992,0 -46.22082291499993,-23.16007256099994,0 -46.2208195529999,-23.16007583699985,0 -46.22081619599993,-23.16007911699995,0 -46.22081286199989,-23.16008241599997,0 -46.22080956999997,-23.16008575299998,0 -46.22080634599996,-23.16008914399998,0 -46.22080321699997,-23.16009261099998,0 -46.22080022499983,-23.16009617999993,0 -46.22075010799995,-23.16009323499998,0</coordinates></LinearRing></outerBoundaryIs>
        </Polygon>
        <Polygon>
          <extrude>0</extrude><altitudeMode>clampToGround</altitudeMode>
          <outerBoundaryIs><LinearRing><coordinates> -46.2224532859999,-23.16084143799998,0 -46.22246641099991,-23.16080125299993,0 -46.22240263099997,-23.16058767499993,0 -46.22235943699997,-23.16044659899995,0 -46.22234446799996,-23.16031585299982,0 -46.22232506599994,-23.1601218639999,0 -46.22231368299998,-23.15996540399993,0 -46.22232890099991,-23.15994593899995,0 -46.22234736299993,-23.15993319699993,0 -46.22256245799997,-23.15991995799993,0 -46.22257144699984,-23.15993316499993,0 -46.22257836499995,-23.16001618599989,0 -46.2225894959999,-23.16015348299987,0 -46.22259537199994,-23.16032305499988,0 -46.22259164399998,-23.16037606499998,0 -46.22257717699995,-23.16060518799986,0 -46.22250827499994,-23.16085814499991,0 -46.2224532859999,-23.16084143799998,0</coordinates></LinearRing></outerBoundaryIs>
        </Polygon>
        <Polygon>
          <extrude>0</extrude><altitudeMode>clampToGround</altitudeMode>
          <outerBoundaryIs><LinearRing><coordinates> -46.21927426199994,-23.15969310199989,0 -46.21940609799992,-23.15958086399991,0 -46.21958227099987,-23.15945893399987,0 -46.21976145699995,-23.15949191299995,0 -46.21998365199994,-23.1595334999999,0 -46.22020492199994,-23.15957115599991,0 -46.22059942399983,-23.15964209699985,0 -46.22112862499989,-23.15974542099997,0 -46.22138851699992,-23.15979594399994,0 -46.22200763799998,-23.15991179899987,0 -46.22194825099996,-23.16001740799982,0 -46.22189748399995,-23.16003964999987,0 -46.22183707699998,-23.16017176699995,0 -46.22183487699982,-23.16017709199997,0 -46.22183473399997,-23.16017645099993,0 -46.22183380999991,-23.16017201699998,0 -46.22183297599992,-23.16016756799996,0 -46.22183219899995,-23.16016310899988,0 -46.22183144699989,-23.16015864799994,0 -46.22183068699991,-23.16015418699993,0 -46.22182988699996,-23.16014973199992,0 -46.22182901399987,-23.1601452889999,0 -46.22182803199996,-23.16014086599989,0 -46.22182690399995,-23.16013647199998,0 -46.22182558999992,-23.16013212299998,0 -46.22182404899996,-23.16012783899998,0 -46.22182223899995,-23.16012364599987,0 -46.22182011899991,-23.16011957899991,0 -46.22181765799991,-23.16011567999993,0 -46.22181485499993,-23.16011198299998,0 -46.22181176099997,-23.16010848999997,0 -46.22180842799992,-23.16010519099996,0 -46.22180490099998,-23.16010206799996,0 -46.22180121999997,-23.16009909999991,0 -46.22179741899998,-23.16009626599993,0 -46.22179352299986,-23.16009354299996,0 -46.22178955599998,-23.16009090899996,0 -46.22178553799989,-23.16008834199982,0 -46.22178148499995,-23.16008582299997,0 -46.22177741399986,-23.16008332799993,0 -46.22177333899998,-23.16008083899993,0 -46.22176927699996,-23.16007833199996,0 -46.22176524499992,-23.16007578499995,0 -46.22176125399994,-23.16007318099997,0 -46.22175729899988,-23.16007053299995,0 -46.22175336099991,-23.1600678609999,0 -46.22174942599992,-23.16006518699993,0 -46.22174547399987,-23.16006253399991,0 -46.22174148699997,-23.16005992599997,0 -46.22173744999992,-23.16005738599983,0 -46.22173334599995,-23.16005493799997,0 -46.22172916499994,-23.16005260399987,0 -46.22172489899987,-23.16005040599998,0 -46.22172054499993,-23.16004836199988,0 -46.22171610299995,-23.1600464849999,0 -46.22171157899993,-23.16004478499997,0 -46.22170697999996,-23.16004326899991,0 -46.22170231399997,-23.16004193599997,0 -46.2216975909999,-23.16004078499998,0 -46.22169282299996,-23.16003981099988,0 -46.22168801799984,-23.16003900299989,0 -46.22168318499996,-23.16003835799995,0 -46.22167832799994,-23.16003788499989,0 -46.22167345399998,-23.16003761099995,0 -46.2216685709999,-23.16003759299997,0 -46.22166370499997,-23.16003795299991,0 -46.22165896799999,-23.16003901099998,0 -46.22165535199997,-23.16004184799988,0 -46.22165569099991,-23.16004624899989,0 -46.22165802499984,-23.16005020399996,0 -46.22166097999991,-23.16005379699988,0 -46.22166422299989,-23.16005717299993,0 -46.22166763099995,-23.16006040699989,0 -46.22167114699994,-23.16006354099989,0 -46.22167473699989,-23.16006660299996,0 -46.22167837899991,-23.16006961099987,0 -46.22168205899987,-23.16007257999985,0 -46.2216857649999,-23.1600755209999,0 -46.22168948799987,-23.16007844299997,0 -46.22169321899997,-23.16008135799996,0 -46.22169694599995,-23.16008427599991,0 -46.22170065899991,-23.16008720899998,0 -46.22170434299994,-23.16009017399995,0 -46.22170798099995,-23.16009318699997,0 -46.22171154799992,-23.16009626999994,0 -46.22171501599985,-23.16009944999996,0 -46.22171834499994,-23.16010275299993,0 -46.22172149299996,-23.16010620599997,0 -46.22172440899993,-23.16010982699993,0 -46.22172704899987,-23.16011362399996,0 -46.22172937999989,-23.16011759099985,0 -46.22173138699998,-23.16012170699992,0 -46.22173307499992,-23.1601259439999,0 -46.22173445199996,-23.1601302759999,0 -46.22173551399993,-23.16013468199992,0 -46.22173624399983,-23.16013914599995,0 -46.22173661999994,-23.16014364799997,0 -46.22173660599992,-23.16014816199987,0 -46.22173616399982,-23.1601526579999,0 -46.22173524499993,-23.16015709099992,0 -46.22173380499999,-23.1601614029999,0 -46.22173180699997,-23.16016551999996,0 -46.22172925299998,-23.16016936599993,0 -46.22172622099998,-23.16017290199989,0 -46.22172279299997,-23.16017611699988,0 -46.2217190419999,-23.16017900599996,0 -46.22171502399993,-23.16018156999996,0 -46.22171078499986,-23.16018380999998,0 -46.22170636199991,-23.16018572099995,0 -46.22170178599998,-23.16018729699994,0 -46.22169708599995,-23.16018851999985,0 -46.2216922909999,-23.16018936899991,0 -46.22168743299994,-23.16018980999996,0 -46.2216825509999,-23.16018979999996,0 -46.22167770299995,-23.16018928199998,0 -46.22167296399994,-23.16018820199992,0 -46.22166840699998,-23.16018658499996,0 -46.22166406599996,-23.16018452099996,0 -46.22165993999982,-23.16018210699986,0 -46.22165600199992,-23.1601794369999,0 -46.22165221399996,-23.16017658799984,0 -46.22164853099986,-23.16017362199995,0 -46.22164490699998,-23.16017059599994,0 -46.22164129599997,-23.16016755499987,0 -46.22163765299985,-23.16016454699991,0 -46.22163393499989,-23.16016161999994,0 -46.22163009799993,-23.16015882599987,0 -46.22162610399994,-23.16015622799995,0 -46.22162193899987,-23.16015387199991,0 -46.22161762599995,-23.1601517549999,0 -46.22161319099996,-23.16014986499994,0 -46.22160865899991,-23.16014818399998,0 -46.22160404899989,-23.16014669399993,0 -46.22159937999987,-23.16014537099994,0 -46.22159466499994,-23.16014419499993,0 -46.22158991499998,-23.1601431439999,0 -46.22158514099993,-23.16014219399995,0 -46.22158034899996,-23.16014132299995,0 -46.22157554499995,-23.16014051099995,0 -46.22157073199998,-23.16013974299989,0 -46.22156591199996,-23.16013901499991,0 -46.22156108599989,-23.16013832499993,0 -46.22155625399995,-23.16013767099997,0 -46.2215514159999,-23.16013704999995,0 -46.22154657499993,-23.16013645999988,0 -46.22154172899997,-23.16013589699992,0 -46.22153687999992,-23.16013535799988,0 -46.22153202899989,-23.16013483999996,0 -46.22152717499995,-23.1601343399999,0 -46.22152231899997,-23.16013385599996,0 -46.22151746199995,-23.1601333829999,0 -46.22151260499987,-23.16013291899998,0 -46.22150774599993,-23.16013246099993,0 -46.22150288699999,-23.16013200499998,0 -46.22149802799993,-23.16013154999985,0 -46.22149316999997,-23.16013108899989,0 -46.22148831399994,-23.16013060599994,0 -46.22148346299997,-23.16013008499988,0 -46.22147861999991,-23.16012950799995,0 -46.22147378699998,-23.16012885899988,0 -46.22146896899983,-23.16012811899998,0 -46.22146417199997,-23.16012726999992,0 -46.22145940399992,-23.16012629399995,0 -46.22145467499996,-23.16012516999996,0 -46.22144999499994,-23.16012387799992,0 -46.2214453819999,-23.16012239799988,0 -46.22144085299988,-23.16012070999994,0 -46.22143643099997,-23.16011879499996,0 -46.22143214099998,-23.16011663799992,0 -46.22142801099989,-23.16011422899993,0 -46.22142407099994,-23.16011156299987,0 -46.22142034799998,-23.16010864099997,0 -46.22141686799995,-23.16010547499991,0 -46.22141364299995,-23.16010208499989,0 -46.22141065199997,-23.16009851599995,0 -46.22140785999994,-23.1600948119999,0 -46.22140523299998,-23.16009100499997,0 -46.22140273999986,-23.16008712199988,0 -46.22140035299992,-23.16008318199994,0 -46.22139804499989,-23.16007920299995,0 -46.22139578999997,-23.16007519699997,0 -46.22139356399998,-23.1600711779999,0 -46.22139134099996,-23.16006715699984,0 -46.22138909499995,-23.16006314699996,0 -46.22138679699998,-23.16005916199998,0 -46.22138441299995,-23.16005522099994,0 -46.22138190399988,-23.16005134699998,0 -46.22137922099995,-23.16004757399998,0 -46.22137630699996,-23.16004395199997,0 -46.22137308699996,-23.16004055899987,0 -46.22136948199994,-23.16003751599987,0 -46.22136542799996,-23.16003500899996,0 -46.22136092999995,-23.16003327099997,0 -46.22135613099982,-23.1600324879999,0 -46.22135125399996,-23.16003257299991,0 -46.2213464319999,-23.16003327799996,0 -46.22134170199996,-23.16003439799988,0 -46.22133705899995,-23.1600357939999,0 -46.22133248299997,-23.16003737199998,0 -46.22132795399989,-23.16003906299983,0 -46.22132345399996,-23.16004081699998,0 -46.22131896399992,-23.16004259299996,0 -46.2213144669999,-23.16004435399998,0 -46.22130994799988,-23.16004606699994,0 -46.22130539699998,-23.16004770599994,0 -46.22130081299997,-23.16004926199997,0 -46.22129619499992,-23.1600507309999,0 -46.22129154299989,-23.16005210599991,0 -46.22128685699994,-23.16005337899986,0 -46.22128213799994,-23.16005454099997,0 -46.22127738699987,-23.16005558299997,0 -46.22127260399992,-23.16005649399995,0 -46.22126779099995,-23.16005726099991,0 -46.22126295299984,-23.16005787099988,0 -46.22125809199997,-23.16005830599983,0 -46.22125321599992,-23.16005854999992,0 -46.22124833299995,-23.16005858199992,0 -46.22124345399993,-23.1600583799999,0 -46.22123859699997,-23.16005792199996,0 -46.22123377999998,-23.16005718199989,0 -46.22122902899997,-23.16005613899989,0 -46.22122437599995,-23.16005477199997,0 -46.22121985599989,-23.16005306599993,0 -46.22121550799989,-23.16005101299993,0 -46.22121137099992,-23.16004861499982,0 -46.22120748199995,-23.16004588599986,0 -46.22120386499984,-23.16004285399998,0 -46.22120049899991,-23.16003958299996,0 -46.22119732899989,-23.16003614799996,0 -46.22119430399994,-23.16003260299993,0 -46.22119136999993,-23.16002899299997,0 -46.22118847899998,-23.16002535399991,0 -46.22118558199992,-23.16002171899981,0 -46.22118262699996,-23.16001812299987,0 -46.22117956199997,-23.16001460799993,0 -46.22117632699997,-23.16001122599994,0 -46.22117285799993,-23.16000804799984,0 -46.22116909399989,-23.16000517499987,0 -46.22116498399998,-23.16000274099991,0 -46.22116052799998,-23.16000090499995,0 -46.22115581999992,-23.15999971899993,0 -46.22115098799998,-23.15999907799988,0 -46.22114611199993,-23.15999884899998,0 -46.22114122899995,-23.15999891499996,0 -46.22113635399995,-23.15999917499988,0 -46.22113148699998,-23.15999954799992,0 -46.22112662399991,-23.15999996499988,0 -46.22112175899997,-23.16000035999991,0 -46.22111688699994,-23.16000067099992,0 -46.22111200599994,-23.16000083099993,0 -46.2211071239999,-23.16000076899996,0 -46.22110225699993,-23.16000040499989,0 -46.22109744299991,-23.15999965399993,0 -46.22109272599994,-23.15999848899992,0 -46.22108813099993,-23.1599969639999,0 -46.22108366299994,-23.1599951419999,0 -46.22107931399989,-23.15999308799991,0 -46.22107506799983,-23.1599908579999,0 -46.22107090199995,-23.15998850199998,0 -46.22106678999995,-23.15998606499988,0 -46.22106270499995,-23.15998358999997,0 -46.22105861899996,-23.15998111699992,0 -46.22105450299989,-23.15997868699998,0 -46.22105032699983,-23.15997634599995,0 -46.2210460629999,-23.15997414499998,0 -46.22104168599998,-23.15997214199996,0 -46.22103717799996,-23.15997040899992,0 -46.22103253099993,-23.1599690249999,0 -46.22102775999991,-23.15996807099998,0 -46.22102290699996,-23.15996758099993,0 -46.22101802499998,-23.15996749399994,0 -46.22101314899993,-23.15996773399996,0 -46.22100829599998,-23.1599682289999,0 -46.22100346899992,-23.15996891299989,0 -46.2209986659999,-23.15996973199987,0 -46.22099387999987,-23.15997063299994,0 -46.22098910299991,-23.15997156999993,0 -46.22098432399997,-23.15997249899993,0 -46.22097953299993,-23.15997337499988,0 -46.22097472199988,-23.15997414999998,0 -46.22096988499993,-23.15997477099984,0 -46.22096502199997,-23.15997517899996,0 -46.22096014099992,-23.15997530499988,0 -46.22095526499987,-23.15997507499986,0 -46.22095043299998,-23.15997442899987,0 -46.22094568199998,-23.15997338999989,0 -46.22094103199993,-23.15997201199997,0 -46.22093648999999,-23.15997035499993,0 -46.22093204999982,-23.15996847599996,0 -46.22092769999989,-23.15996642399995,0 -46.2209234209999,-23.15996424599996,0 -46.2209191959999,-23.15996198199991,0 -46.2209150029999,-23.1599596669999,0 -46.22091082199984,-23.15995733299991,0 -46.22090663299991,-23.15995501099997,0 -46.22090241699993,-23.15995273099998,0 -46.22089815699985,-23.15995052499994,0 -46.22089383499991,-23.15994842199996,0 -46.22088943799992,-23.15994645599989,0 -46.22088495799983,-23.1599446589999,0 -46.22088040199998,-23.15994303299988,0 -46.22087578499998,-23.15994156199991,0 -46.22087111899992,-23.15994023099989,0 -46.22086641399989,-23.1599390209999,0 -46.22086167799995,-23.15993791599988,0 -46.2208569199999,-23.15993689999988,0 -46.22085214499987,-23.15993595299989,0 -46.22084735699991,-23.15993506099994,0 -46.22084256199997,-23.15993420599995,0 -46.22083776199992,-23.15993336999998,0 -46.22083296199997,-23.15993253699997,0 -46.22082816599993,-23.1599316889999,0 -46.22082337599988,-23.15993080799984,0 -46.22081859799994,-23.15992987299995,0 -46.22081383799997,-23.15992886599986,0 -46.22080910199992,-23.15992776199994,0 -46.22080439999991,-23.15992653999984,0 -46.22079974499997,-23.1599251749999,0 -46.22079515299993,-23.15992363999987,0 -46.22079064199994,-23.15992190999998,0 -46.22078623899989,-23.15991995799993,0 -46.22078197299993,-23.15991776199991,0 -46.22077787799992,-23.15991530199989,0 -46.22077399299997,-23.15991256899991,0 -46.22077034599994,-23.15990956699994,0 -46.22076692799993,-23.15990634199994,0 -46.2207637059999,-23.15990294899996,0 -46.22076064299995,-23.15989943199997,0 -46.22075770099997,-23.15989582799995,0 -46.22075484399988,-23.15989216499992,0 -46.22075203599991,-23.15988847099987,0 -46.22074924299994,-23.15988476599995,0 -46.22074643499991,-23.15988107199991,0 -46.22074357899993,-23.15987740899993,0 -46.22074064799995,-23.15987379699993,0 -46.22073761199988,-23.15987025999988,0 -46.22073442399989,-23.15986683899996,0 -46.22073102199988,-23.15986360099987,0 -46.22072734299991,-23.15986063399998,0 -46.22072333199986,-23.15985806299994,0 -46.22071896699993,-23.15985604899987,0 -46.2207143149999,-23.15985468799994,0 -46.22070950499995,-23.15985391899994,0 -46.22070463299991,-23.15985363799996,0 -46.22069975099987,-23.15985373999996,0 -46.22069488699998,-23.15985413199996,0 -46.22069004799994,-23.15985473999996,0 -46.22068523399997,-23.15985549999994,0 -46.22068043899998,-23.15985635699997,0 -46.2206756569999,-23.15985727499998,0 -46.22067088499995,-23.15985823599988,0 -46.22066611999992,-23.15985922399994,0 -46.22066135699998,-23.15986022099997,0 -46.22065659099985,-23.15986120999986,0 -46.22065181999989,-23.15986217099993,0 -46.22064703699994,-23.15986308399994,0 -46.22064223899997,-23.15986392699989,0 -46.22063742299997,-23.15986467599987,0 -46.2206325869999,-23.15986530299995,0 -46.22062773099992,-23.15986578099995,0 -46.2206228579999,-23.1598660759999,0 -46.22061797499993,-23.15986615499997,0 -46.22061309599997,-23.15986598799998,0 -46.22060823299995,-23.15986557799994,0 -46.22060339599989,-23.15986495699997,0 -46.22059858899985,-23.15986416199991,0 -46.22059380999997,-23.15986323199985,0 -46.22058905399996,-23.15986220399992,0 -46.22058431499988,-23.15986111199993,0 -46.22057958599987,-23.15985998699995,0 -46.22057485699992,-23.1598588569999,0 -46.22057012499988,-23.15985774199993,0 -46.22056538199996,-23.15985666299991,0 -46.22056062699988,-23.15985563599992,0 -46.22055585599986,-23.15985467199994,0 -46.22055107499989,-23.15985374899986,0 -46.22054629799987,-23.15985281099995,0 -46.22054153799991,-23.15985179799998,0 -46.22053681799997,-23.15985064199998,0 -46.22053217399986,-23.15984924599991,0 -46.22052768899994,-23.15984746599997,0 -46.22052356399996,-23.15984506299992,0 -46.22052033499995,-23.15984170899992,0 -46.22051889499983,-23.15983743199985,0 -46.22051909899994,-23.15983293199992,0 -46.22052018599993,-23.15982853299988,0 -46.22052172499997,-23.15982424799989,0 -46.22052349499995,-23.1598200389999,0 -46.22052536299998,-23.15981586699991,0 -46.22052723099989,-23.15981169499992,0 -46.22052900499995,-23.15980748699985,0 -46.22053057199997,-23.15980321099994,0 -46.22053177099991,-23.15979883499995,0 -46.22053232899998,-23.15979435499992,0 -46.22053179699998,-23.15978988099988,0 -46.22052979499995,-23.1597857829999,0 -46.22052661099991,-23.15978237499991,0 -46.22052271299998,-23.15977966399993,0 -46.22051841399997,-23.15977752899994,0 -46.22051388399996,-23.15977584699988,0 -46.22050921399989,-23.15977452899995,0 -46.22050445699995,-23.15977351199996,0 -46.22049964199994,-23.15977275599982,0 -46.22049479199995,-23.15977223499993,0 -46.22048991899993,-23.15977193199984,0 -46.22048503699995,-23.15977184199994,0 -46.2204801549999,-23.15977195399995,0 -46.22047528199994,-23.15977224999995,0 -46.22047042399998,-23.1597727109999,0 -46.22046558499994,-23.15977331599987,0 -46.22046076499998,-23.15977404099993,0 -46.22045596299995,-23.15977486399993,0 -46.22045117499988,-23.15977575499988,0 -46.22044639599994,-23.15977668799997,0 -46.22044161899998,-23.15977762599994,0 -46.22043683399994,-23.15977852899994,0 -46.22043203099992,-23.15977934699993,0 -46.22042719999996,-23.15978001199989,0 -46.22042233999991,-23.15978043299992,0 -46.22041745899998,-23.15978048599993,0 -46.2204126069999,-23.15977999999996,0 -46.22040788199996,-23.15977886999997,0 -46.22040330199985,-23.15977730499992,0 -46.22039878099991,-23.15977559899994,0 -46.22039421199997,-23.15977400499992,0 -46.22038953399993,-23.15977271199989,0 -46.22038474699991,-23.15977182799992,0 -46.22037988799997,-23.15977139099988,0 -46.22037500599998,-23.15977137999988,0 -46.22037013899995,-23.15977174599993,0 -46.22036531299989,-23.15977243199995,0 -46.22036053999994,-23.15977338499994,0 -46.22035582399991,-23.15977455899997,0 -46.22035116799998,-23.15977591799998,0 -46.22034656699986,-23.15977743299993,0 -46.22034201999992,-23.15977907899997,0 -46.2203375169999,-23.15978082799995,0 -46.22033305199989,-23.15978265799993,0 -46.22032861799988,-23.15978454999998,0 -46.22032420999994,-23.15978649399989,0 -46.22031982499988,-23.15978848199995,0 -46.22031545899995,-23.15979050699997,0 -46.22031111199993,-23.15979256299994,0 -46.22030677899994,-23.15979464799995,0 -46.22030246099996,-23.15979675699992,0 -46.22029815499997,-23.15979888799995,0 -46.22029385999986,-23.15980103699985,0 -46.22028957399993,-23.15980320199992,0 -46.22028529499994,-23.15980537899992,0 -46.22028101799992,-23.15980755799995,0 -46.22027673099996,-23.15980972199986,0 -46.22027249899998,-23.15981197299993,0 -46.22026844899989,-23.1598144969999,0 -46.22026452299991,-23.15981718099994,0 -46.22026125399998,-23.15982050499997,0 -46.22026060399986,-23.15982484299997,0 -46.22026291499998,-23.15982879499984,0 -46.22026605799994,-23.15983224899986,0 -46.22026943099996,-23.15983551499994,0 -46.22027059599998,-23.15983585299989,0 -46.22027078399998,-23.15983590899998,0 -46.22027539599992,-23.15983739399991,0 -46.22027992899996,-23.15983907399988,0 -46.22028437799997,-23.15984093399993,0 -46.22028874199998,-23.15984296199986,0 -46.22029301699996,-23.15984514299993,0 -46.22029720599994,-23.15984746399994,0 -46.22030130999985,-23.15984991199997,0 -46.2203053319999,-23.15985247299994,0 -46.22030927599997,-23.15985513699997,0 -46.22031314599985,-23.15985789099994,0 -46.22031694799989,-23.15986072499982,0 -46.22032068699986,-23.15986363099995,0 -46.22032436799998,-23.15986659799995,0 -46.22032799699991,-23.15986961999994,0 -46.22033157999994,-23.15987268799989,0 -46.22033512299998,-23.15987579599982,0 -46.22033863099983,-23.15987893799991,0 -46.22034210999993,-23.15988210699987,0 -46.22034556499995,-23.15988529899988,0 -46.22034900199998,-23.15988850699989,0 -46.22035242599998,-23.15989172699989,0 -46.22035584199983,-23.15989495399998,0 -46.22035925499995,-23.15989818399987,0 -46.22036267199996,-23.15990141099996,0 -46.22036609499997,-23.15990463099996,0 -46.2203695309999,-23.15990783999996,0 -46.22037298499998,-23.15991103299996,0 -46.22037646099994,-23.15991420499989,0 -46.22037996499995,-23.15991735099988,0 -46.2203835009999,-23.15992046599996,0 -46.22038707299993,-23.15992354499997,0 -46.22039068799995,-23.15992658199991,0 -46.2203943479999,-23.15992957099991,0 -46.22039805899993,-23.15993250599996,0 -46.22040182599989,-23.15993538099997,0 -46.22040565099996,-23.1599381879999,0 -46.22040953899995,-23.15994091999988,0 -46.2204134939999,-23.15994356999994,0 -46.22041751799998,-23.15994612799994,0 -46.22042161399986,-23.15994858699997,0 -46.22042578399993,-23.15995093699991,0 -46.22043002899994,-23.15995316999994,0 -46.22043434799991,-23.15995527699982,0 -46.22043874199994,-23.1599572479999,0 -46.22044320799995,-23.15995907399997,0 -46.22044774299997,-23.15996074999993,0 -46.2204523339999,-23.15996228999995,0 -46.22045696899994,-23.15996371299997,0 -46.22046163699997,-23.15996504099991,0 -46.22046632899992,-23.15996629299991,0 -46.22047103799997,-23.15996749099986,0 -46.22047575599998,-23.15996865499994,0 -46.22048047899995,-23.15996980399996,0 -46.22048519999998,-23.15997095999995,0 -46.22048991399998,-23.15997214199996,0 -46.22049461299986,-23.15997337199997,0 -46.22049928999996,-23.15997467199992,0 -46.2205039349999,-23.15997606399992,0 -46.22050853899992,-23.15997757199989,0 -46.22051308499988,-23.15997921999985,0 -46.22051755799998,-23.15998103199991,0 -46.2205219359999,-23.1599830319999,0 -46.22052619499988,-23.1599852409999,0 -46.22053030599994,-23.15998767799994,0 -46.22053423699992,-23.15999035599998,0 -46.22053795799997,-23.15999327899993,0 -46.22054143999998,-23.15999644499993,0 -46.22054466999998,-23.15999982999995,0 -46.22054764199999,-23.16000341199998,0 -46.22055034599992,-23.16000717199995,0 -46.22055276799995,-23.16001109199993,0 -46.22055489199994,-23.16001515699998,0 -46.22055669599985,-23.16001935299988,0 -46.22055817699987,-23.16002365499997,0 -46.22055946199998,-23.16002801199988,0 -46.22056072399982,-23.16003237399997,0 -46.22048215299998,-23.16001317599989,0 -46.22033059399996,-23.15996023999998,0 -46.21987333799996,-23.15996959799992,0 -46.21981849699995,-23.16001875899991,0 -46.21966675299984,-23.16018708599989,0 -46.21953829899996,-23.16032769499998,0 -46.21926890599997,-23.16027537199994,0 -46.21922508099988,-23.16024231199992,0 -46.21913670099997,-23.16016484399995,0 -46.21901684799997,-23.15999723699991,0 -46.21898335599997,-23.15995259699997,0 -46.21912515599996,-23.15982374599997,0 -46.21927426199994,-23.15969310199989,0</coordinates></LinearRing></outerBoundaryIs>
        </Polygon>
        <Polygon>
          <extrude>0</extrude><altitudeMode>clampToGround</altitudeMode>
          <outerBoundaryIs><LinearRing><coordinates> -46.22231490799993,-23.15988940899996,0 -46.22229037299985,-23.15963996899995,0 -46.2222609509999,-23.15931154699996,0 -46.22227597799997,-23.15891802999988,0 -46.22243361899996,-23.15895014399996,0 -46.22244337199987,-23.15908623199994,0 -46.22247223499988,-23.15922721199996,0 -46.22248855099997,-23.15932447499995,0 -46.22249318199994,-23.15941607599996,0 -46.22252028899993,-23.1595000609999,0 -46.22252151899994,-23.1595495009999,0 -46.22254473199985,-23.15967273099989,0 -46.22256073699992,-23.15972389899997,0 -46.22255287499996,-23.15974227699996,0 -46.22254979399997,-23.15987638699994,0 -46.22254056999992,-23.15989748499993,0 -46.22237987699998,-23.15991451999992,0 -46.22231490799993,-23.15988940899996,0</coordinates></LinearRing></outerBoundaryIs>
        </Polygon>
        <Polygon>
          <extrude>0</extrude><altitudeMode>clampToGround</altitudeMode>
          <outerBoundaryIs><LinearRing><coordinates> -46.19072436799991,-23.15238876699993,0 -46.1908712959999,-23.15224144799993,0 -46.19087083299996,-23.15224266899992,0 -46.19086927899991,-23.15224694999984,0 -46.1908678129999,-23.15225125699993,0 -46.19086641899997,-23.15225558499992,0 -46.19086507999992,-23.15225992799992,0 -46.19086378299994,-23.15226428199992,0 -46.19086251099998,-23.15226864099992,0 -46.19086124899997,-23.15227300399994,0 -46.19085998099996,-23.15227736499997,0 -46.19085869299994,-23.15228172099995,0 -46.19085736699992,-23.15228606699998,0 -46.19085598999987,-23.15229039899998,0 -46.19085454499987,-23.15229471299995,0 -46.19085301599989,-23.15229900199995,0 -46.19085138899987,-23.15230325899995,0 -46.19084964899997,-23.15230747899994,0 -46.19084778099995,-23.15231165099993,0 -46.19084577799993,-23.15231576899993,0 -46.19084365699996,-23.15231983599989,0 -46.19084143399994,-23.15232385699989,0 -46.19083912799994,-23.15232783799996,0 -46.1908367559999,-23.15233178499994,0 -46.19083433399987,-23.15233570599997,0 -46.19083187799993,-23.15233960999996,0 -46.19082940499993,-23.15234350399993,0 -46.19082692899997,-23.15234739599998,0 -46.19082446499993,-23.15235129499996,0 -46.19082202999994,-23.15235520999983,0 -46.19081963999997,-23.15235914699997,0 -46.19081730999989,-23.15236311599995,0 -46.19081505699995,-23.15236712199993,0 -46.19081289899998,-23.15237117299989,0 -46.19081085499988,-23.15237527399995,0 -46.19080894199993,-23.15237942899995,0 -46.19080716099995,-23.15238363399993,0 -46.19080550299998,-23.15238788099992,0 -46.19080395499992,-23.15239216399993,0 -46.19080250699989,-23.15239647699997,0 -46.19080114699989,-23.15240081399998,0 -46.19079986199995,-23.15240516999995,0 -46.19079863999997,-23.15240954199987,0 -46.19079746899996,-23.15241392599995,0 -46.19079633899992,-23.15241831999998,0 -46.19079523499994,-23.1524227189999,0 -46.19079414799995,-23.1524271209999,0 -46.19079306399993,-23.15243152399989,0 -46.19079197299993,-23.15243592599984,0 -46.19079086099993,-23.15244032299995,0 -46.19078972199992,-23.15244471399996,0 -46.19078855099991,-23.15244909799986,0 -46.19078734699997,-23.15245347499996,0 -46.19078610699995,-23.15245784299998,0 -46.19078483099997,-23.15246220099988,0 -46.19078351499985,-23.15246654999987,0 -46.19078215699983,-23.15247088799998,0 -46.19078075699997,-23.15247521399988,0 -46.19077931099986,-23.15247952799996,0 -46.19077781899989,-23.15248382699997,0 -46.19077627699994,-23.15248811199996,0 -46.19077468599994,-23.15249238099989,0 -46.19077304099994,-23.15249663399987,0 -46.19077134399998,-23.15250086799995,0 -46.19076958999995,-23.15250508199995,0 -46.19076778099998,-23.15250927699998,0 -46.19076591299989,-23.15251344899997,0 -46.19076398599992,-23.15251759799992,0 -46.19076199799991,-23.15252172299984,0 -46.19075994999986,-23.15252582199997,0 -46.19075783899996,-23.15252989399988,0 -46.19075566499993,-23.15253393799998,0 -46.19075342599996,-23.15253795099994,0 -46.19075111399991,-23.15254192899988,0 -46.19074871899988,-23.15254586399988,0 -46.19074623199998,-23.15254974999993,0 -46.19074364199992,-23.15255357899997,0 -46.19074094099994,-23.15255734099992,0 -46.19073811599998,-23.15256102399997,0 -46.19073515699995,-23.15256461699994,0 -46.19073205299992,-23.15256810299985,0 -46.19072879399994,-23.15257146499994,0 -46.19072536999994,-23.15257468399994,0 -46.19072180099988,-23.15257776699985,0 -46.19071812199996,-23.15258073599983,0 -46.1907143659999,-23.15258362099996,0 -46.19071056299993,-23.15258645399996,0 -46.19070674299996,-23.15258926699983,0 -46.19070293099992,-23.15259209099997,0 -46.19069915099988,-23.15259494899993,0 -46.19069542299991,-23.15259786599989,0 -46.19069176499988,-23.15260085699998,0 -46.19068817699997,-23.15260392099998,0 -46.1906846249999,-23.15260702099994,0 -46.19068107299989,-23.15261011899997,0 -46.19067748499998,-23.15261318299991,0 -46.19067382399993,-23.15261617099992,0 -46.19067004999988,-23.15261903599998,0 -46.19066611799991,-23.15262171299992,0 -46.19066197899991,-23.15262410699995,0 -46.19065758599999,-23.15262607199992,0 -46.19065292399995,-23.15262739599996,0 -46.19064807199993,-23.15262781299998,0 -46.19064325699998,-23.15262713099992,0 -46.19063869399986,-23.15262553699989,0 -46.19063438399996,-23.15262341799996,0 -46.19063024099995,-23.15262102799994,0 -46.19062617199995,-23.15261852999993,0 -46.19062208999998,-23.15261605199993,0 -46.19061792799994,-23.1526136899999,0 -46.19061368099983,-23.15261145999989,0 -46.19060935899989,-23.15260935799989,0 -46.19060497099991,-23.15260737799997,0 -46.19060052499998,-23.15260550999994,0 -46.19059602899995,-23.15260374599995,0 -46.19059149299994,-23.15260207299991,0 -46.19058692499993,-23.15260047799995,0 -46.19058232999998,-23.15259894699983,0 -46.19057771699994,-23.15259746499987,0 -46.19057309199985,-23.15259601699995,0 -46.19056845999989,-23.1525945869999,0 -46.19056382699995,-23.15259315799995,0 -46.19055919899995,-23.15259171399993,0 -46.19055458299994,-23.15259024299991,0 -46.19054997699988,-23.15258873999994,0 -46.19054538199987,-23.15258721099991,0 -46.19054079499995,-23.15258566099988,0 -46.1905362149999,-23.15258409499995,0 -46.19053163899997,-23.15258251699987,0 -46.19052706599996,-23.15258093199992,0 -46.19052249399994,-23.15257934499988,0 -46.19051792099998,-23.15257775999993,0 -46.19051334599988,-23.15257618199996,0 -46.19050876499995,-23.15257461599992,0 -46.1905041789999,-23.1525730649999,0 -46.19049958399989,-23.15257153499994,0 -46.19049497999987,-23.15257003099993,0 -46.19049036399991,-23.15256855599989,0 -46.19048573499998,-23.15256711499995,0 -46.19048109299996,-23.15256571399993,0 -46.19047643499994,-23.15256435699996,0 -46.19047176099997,-23.15256304999997,0 -46.19046706899996,-23.15256179599993,0 -46.19046235899992,-23.15256060199994,0 -46.19045763099996,-23.15255947299994,0 -46.19045288399985,-23.15255841199985,0 -46.19044811999999,-23.15255742199986,0 -46.19044333899996,-23.15255649899996,0 -46.19043854499989,-23.15255564199998,0 -46.19043373699986,-23.15255484999989,0 -46.19042891699991,-23.15255411999993,0 -46.19042408799993,-23.15255345099996,0 -46.19041924899989,-23.15255284099993,0 -46.19041440199993,-23.15255228799998,0 -46.19040954899998,-23.1525517899999,0 -46.19040468899993,-23.15255134499995,0 -46.19039982399988,-23.15255095099985,0 -46.19039495499993,-23.15255060599998,0 -46.19039008199996,-23.15255030899988,0 -46.19038520599992,-23.15255005599994,0 -46.19038032799989,-23.15254984699993,0 -46.19037544799994,-23.15254967899995,0 -46.19037056599996,-23.15254955099994,0 -46.19036568299998,-23.15254945999982,0 -46.19036079999995,-23.15254940499989,0 -46.19035591699998,-23.15254938399988,0 -46.19035103299996,-23.15254939499988,0 -46.19034614999998,-23.15254943499997,0 -46.19034126699995,-23.15254950499991,0 -46.19033638499997,-23.15254959999993,0 -46.19033150299992,-23.15254972099984,0 -46.19032662199987,-23.15254986399992,0 -46.19032174099993,-23.15255002999993,0 -46.19031686199997,-23.15255021899998,0 -46.19031198399989,-23.15255042999996,0 -46.19030710699997,-23.1525506619999,0 -46.19030223099998,-23.15255091499995,0 -46.19029735599986,-23.15255118799996,0 -46.19029248299989,-23.15255148199998,0 -46.19028761099992,-23.15255179499991,0 -46.19028274099998,-23.15255212699986,0 -46.19027787199991,-23.15255247799996,0 -46.19027300499988,-23.15255284799991,0 -46.19026813999994,-23.15255323499997,0 -46.19026327599988,-23.15255363999989,0 -46.19025841399991,-23.15255406099993,0 -46.19025355299988,-23.15255449899996,0 -46.19024869399993,-23.15255495299994,0 -46.19024383699997,-23.15255542299997,0 -46.19023898199998,-23.1525559079999,0 -46.19023412799987,-23.15255640699996,0 -46.1902292769999,-23.15255692099981,0 -46.19022442599993,-23.15255744799992,0 -46.19021957799998,-23.1525579879999,0 -46.19021473099997,-23.15255854199995,0 -46.19020988599982,-23.15255910699989,0 -46.19020504299993,-23.15255968399987,0 -46.19020019899989,-23.15256026199989,0 -46.19019535299992,-23.15256081999996,0 -46.19019050199989,-23.15256133899993,0 -46.19018564399994,-23.15256179699986,0 -46.1901807779999,-23.15256217599989,0 -46.19017590399994,-23.15256245399991,0 -46.19017102299989,-23.15256261199994,0 -46.19016613999992,-23.15256262899993,0 -46.19016125899998,-23.15256248799983,0 -46.19015638799993,-23.15256217099989,0 -46.19015153599997,-23.15256166499995,0 -46.19014671299993,-23.15256095699988,0 -46.19014193099997,-23.15256003999997,0 -46.19013720399994,-23.15255890899988,0 -46.1901325419999,-23.15255756699997,0 -46.19012795399988,-23.1525560209999,0 -46.19012345099986,-23.15255427299996,0 -46.19011904799993,-23.15255232199996,0 -46.19011475899993,-23.15255016299994,0 -46.19011060599996,-23.15254778899993,0 -46.19010661499988,-23.15254518699993,0 -46.19010281999994,-23.15254234699995,0 -46.19009926399997,-23.15253925299993,0 -46.19009600399988,-23.15253589299994,0 -46.19009310999991,-23.15253225799989,0 -46.19009066699988,-23.15252835099994,0 -46.1900887679999,-23.15252419399997,0 -46.1900874939999,-23.15251983799993,0 -46.19008681599985,-23.15251536799991,0 -46.19008661699991,-23.15251085799991,0 -46.19008677899996,-23.15250634499989,0 -46.19008719599998,-23.15250184599995,0 -46.19008777799991,-23.15249736299995,0 -46.19008844499996,-23.15249288899992,0 -46.19008912599986,-23.15248841699992,0 -46.19008974699989,-23.15248393799982,0 -46.19009023299986,-23.15247944499998,0 -46.19009049599998,-23.15247493699997,0 -46.19009043499995,-23.15247042199985,0 -46.19008993299991,-23.15246593199993,0 -46.19008887499984,-23.1524615269999,0 -46.19008726099997,-23.15245726799992,0 -46.19008518899989,-23.15245317999995,0 -46.19008276899996,-23.15244925899998,0 -46.19008009399982,-23.15244548099992,0 -46.19007724499994,-23.15244181399987,0 -46.19007428599997,-23.15243822199994,0 -46.19007126799988,-23.15243467099998,0 -46.1900682129999,-23.15243114799989,0 -46.19006484599998,-23.15242788399996,0 -46.19006064899997,-23.15242564699997,0 -46.19005582399996,-23.15242571999988,0 -46.19005133999991,-23.15242747399992,0 -46.19004740699995,-23.15243013599996,0 -46.19004414699998,-23.15243348899997,0 -46.19004157599994,-23.15243732299996,0 -46.19003956899985,-23.15244143699994,0 -46.19003794999998,-23.15244569699985,0 -46.19003654899996,-23.15245002299991,0 -46.19003520199993,-23.15245436299995,0 -46.19003367699997,-23.15245865299994,0 -46.1900316629999,-23.15246276199991,0 -46.19002881099993,-23.15246641299996,0 -46.19002500799996,-23.15246922599994,0 -46.19002067599996,-23.15247130199992,0 -46.19001613299997,-23.15247295699987,0 -46.19001150999992,-23.15247440999991,0 -46.19000682699988,-23.15247568999985,0 -46.19000209299992,-23.15247679499993,0 -46.18999731399998,-23.15247772299983,0 -46.18999249899997,-23.15247847599989,0 -46.18998765599997,-23.15247905599995,0 -46.18998279299996,-23.15247946599987,0 -46.18997791699996,-23.15247970999991,0 -46.18997303499992,-23.15247979599991,0 -46.18996815199989,-23.15247972799989,0 -46.18996327399992,-23.15247951499998,0 -46.18995840599996,-23.15247916299995,0 -46.18995354999993,-23.15247868199998,0 -46.18994871099994,-23.15247807799994,0 -46.18994388899984,-23.15247735999998,0 -46.18993908799996,-23.15247653499989,0 -46.18993430799992,-23.15247561299992,0 -46.18992954899988,-23.15247459899985,0 -46.18992481199996,-23.15247350099992,0 -46.18992009599998,-23.15247232699994,0 -46.18991540199994,-23.15247108299991,0 -46.18991072799992,-23.15246977399988,0 -46.18990607299997,-23.15246840799995,0 -46.18990143599996,-23.15246699099993,0 -46.18989681699992,-23.15246552699989,0 -46.1898922119999,-23.15246402199995,0 -46.18988762199996,-23.15246248099982,0 -46.18988304399994,-23.15246090899996,0 -46.18987847599993,-23.15245930999998,0 -46.18987391799982,-23.15245768999995,0 -46.18986936699997,-23.15245605299998,0 -46.18986482099996,-23.15245440299992,0 -46.18986027799991,-23.15245274499989,0 -46.18985573799989,-23.15245108199991,0 -46.18979374899993,-23.15233210299994,0 -46.19005871099984,-23.1523787939999,0 -46.19024695199994,-23.15241358999992,0 -46.19046419699998,-23.15242338299987,0 -46.19068047999986,-23.15242923599982,0 -46.19072436799991,-23.15238876699993,0</coordinates></LinearRing></outerBoundaryIs>
        </Polygon>
        <Polygon>
          <extrude>0</extrude><altitudeMode>clampToGround</altitudeMode>
          <outerBoundaryIs><LinearRing><coordinates> -46.1909849779999,-23.15224637199998,0 -46.1909871229999,-23.15224231499997,0 -46.1909892569999,-23.15223825299989,0 -46.1909913799999,-23.15223418599993,0 -46.1909934919999,-23.15223011399996,0 -46.19099559299997,-23.15222603799998,0 -46.19099768399997,-23.15222195699988,0 -46.19099976399997,-23.15221787099989,0 -46.19100183199998,-23.15221378099994,0 -46.19100388999988,-23.15220968499995,0 -46.19100593699994,-23.15220558499988,0 -46.19100797299996,-23.15220147999997,0 -46.19100999699992,-23.15219737099989,0 -46.19101201099994,-23.15219325699991,0 -46.1910140139999,-23.15218913799993,0 -46.19101600499988,-23.15218501499993,0 -46.19101798499997,-23.15218088699987,0 -46.19101994199997,-23.15217674999997,0 -46.19102186099985,-23.15217259699989,0 -46.19102372499992,-23.15216842299998,0 -46.19102551799989,-23.15216422299983,0 -46.19102722399992,-23.15215999199984,0 -46.19102882399989,-23.15215572499994,0 -46.19103029999991,-23.15215142099993,0 -46.19103163399996,-23.15214707699994,0 -46.19103280599995,-23.15214269299992,0 -46.19103379699993,-23.15213827199989,0 -46.19103458899991,-23.15213381599989,0 -46.19103516499996,-23.15212933199996,0 -46.1910355089999,-23.15212482799996,0 -46.19103560999991,-23.15212031399994,0 -46.19103547399993,-23.15211579999982,0 -46.19103515699987,-23.15211129399989,0 -46.19103471799986,-23.15210679699987,0 -46.19103421099987,-23.15210230499986,0 -46.19103368999993,-23.15209781499993,0 -46.19103320699998,-23.15209332099982,0 -46.19103282099996,-23.15208881999996,0 -46.19103259399992,-23.15208430899997,0 -46.19103259999986,-23.15207979399986,0 -46.19103292199998,-23.15207528899992,0 -46.19104060799998,-23.15206738699987,0 -46.19113421999998,-23.15196484499995,0 -46.19127944699994,-23.15176665299998,0 -46.19128010299988,-23.15176730199994,0 -46.19128338299998,-23.15177064799997,0 -46.19128658999989,-23.15177405299994,0 -46.19128974599988,-23.15177749899988,0 -46.1912928729999,-23.15178096799991,0 -46.19129599299998,-23.15178444199995,0 -46.19129910499998,-23.15178792199987,0 -46.19130215099995,-23.15179145199988,0 -46.19130505899994,-23.15179507899984,0 -46.19130774899998,-23.15179884699995,0 -46.19131012499997,-23.15180279099997,0 -46.19131208899995,-23.15180692299992,0 -46.19131360999984,-23.15181121299992,0 -46.19131470799994,-23.15181561099996,0 -46.1913154159999,-23.15182007799996,0 -46.19131576599995,-23.15182458199996,0 -46.19131579099991,-23.1518290969999,0 -46.19131552099998,-23.15183360499992,0 -46.19131498299993,-23.15183809299992,0 -46.19131420199989,-23.15184254999997,0 -46.19131319499996,-23.15184696799997,0 -46.19131197899998,-23.15185134199987,0 -46.19131056899994,-23.15185566499997,0 -46.1913089819999,-23.15185993499995,0 -46.19130723999984,-23.15186415399995,0 -46.19130536299997,-23.15186832299986,0 -46.19130337299998,-23.15187244599991,0 -46.19130128999996,-23.15187653099991,0 -46.19129913599988,-23.15188058299998,0 -46.19129692999996,-23.15188461199995,0 -46.19129469199987,-23.15188862599996,0 -46.19129244499993,-23.15189263499991,0 -46.19129020699995,-23.15189664899998,0 -46.19128799999993,-23.15190067699996,0 -46.19128584699985,-23.15190472999996,0 -46.19128376999993,-23.15190881799992,0 -46.19128179599994,-23.1519129479999,0 -46.19127994999997,-23.15191712799998,0 -46.19127826099992,-23.15192136499996,0 -46.19127675599998,-23.15192566099989,0 -46.19127546699997,-23.15193001599988,0 -46.19127442099995,-23.15193442599991,0 -46.19127362299997,-23.15193888099992,0 -46.19127304799986,-23.15194336499985,0 -46.19127266599997,-23.15194786699993,0 -46.19127244699996,-23.15195237799998,0 -46.19127236199995,-23.15195689299998,0 -46.19127238499988,-23.15196140799992,0 -46.19127248999996,-23.15196592299992,0 -46.1912726519999,-23.15197043599994,0 -46.19127284699994,-23.15197494899996,0 -46.19127305199993,-23.15197945999989,0 -46.19127324299996,-23.15198397299991,0 -46.19127339799996,-23.15198848599994,0 -46.19127349199988,-23.15199300099994,0 -46.19127350099996,-23.15199751699987,0 -46.19127339899995,-23.15200203199993,0 -46.19127315899993,-23.15200654199992,0 -46.19127275799991,-23.15201104199986,0 -46.19127220999997,-23.15201552899998,0 -46.19127154199998,-23.15202000299996,0 -46.19127078099984,-23.15202446299998,0 -46.19126995599993,-23.15202891399991,0 -46.19126909499988,-23.15203335899992,0 -46.19126822599998,-23.15203780299993,0 -46.19126737499994,-23.15204224899986,0 -46.19126656799995,-23.15204670299994,0 -46.19126582799998,-23.15205116699997,0 -46.19126517699993,-23.15205564199988,0 -46.19126463399994,-23.15206012999994,0 -46.19126415699992,-23.15206462399993,0 -46.19126366399996,-23.15206911699994,0 -46.19126306999993,-23.15207359899995,0 -46.19126228599993,-23.15207805599988,0 -46.19126120899995,-23.15208245899981,0 -46.19125972599988,-23.15208675999997,0 -46.19125771799992,-23.15209087299996,0 -46.19125509199995,-23.15209467399995,0 -46.19125182299996,-23.15209802199996,0 -46.19124803699998,-23.15210086799993,0 -46.19124393299995,-23.15210331399993,0 -46.19123964599993,-23.15210547399994,0 -46.19123525299995,-23.15210744599995,0 -46.19123080599991,-23.1521093149999,0 -46.19122634699988,-23.15211115599988,0 -46.19122191499997,-23.15211304999997,0 -46.19121755799995,-23.15211508999994,0 -46.19121336199998,-23.15211739699993,0 -46.19120948599993,-23.15212013699983,0 -46.1912062639999,-23.1521235159999,0 -46.19120426599994,-23.1521276119999,0 -46.19120384999997,-23.15213209399991,0 -46.19120456099995,-23.15213655599996,0 -46.19120593299988,-23.15214088799996,0 -46.19120771499996,-23.15214509099991,0 -46.19120976399995,-23.15214918999993,0 -46.19121198999994,-23.15215320899989,0 -46.19121434999988,-23.15215716199987,0 -46.19121686099993,-23.15216103499984,0 -46.19121954199994,-23.15216480899994,0 -46.19122240199994,-23.15216846899989,0 -46.19122543999998,-23.15217200399985,0 -46.19122863899997,-23.15217541599998,0 -46.19123197599998,-23.15217871199997,0 -46.19123539599991,-23.15218193599998,0 -46.19123881999997,-23.15218515599997,0 -46.19124217399997,-23.15218843799988,0 -46.19124536999988,-23.15219185099988,0 -46.19124827999991,-23.15219547499993,0 -46.19125068399995,-23.15219940099996,0 -46.19125219099982,-23.15220368399997,0 -46.19125227699993,-23.1522081789999,0 -46.19125093299988,-23.15221250799993,0 -46.19124862699988,-23.15221648199997,0 -46.19124572399988,-23.15222010999992,0 -46.19124243899989,-23.15222344899985,0 -46.19123889399998,-23.15222655299993,0 -46.19123516199983,-23.15222946499989,0 -46.19123128899997,-23.15223221699995,0 -46.19122730699996,-23.15223482999988,0 -46.19122322899989,-23.15223731399993,0 -46.19121905299983,-23.15223965399986,0 -46.1912147779999,-23.15224183699996,0 -46.19121040499982,-23.15224384599992,0 -46.19120593599996,-23.1522456649999,0 -46.19120137599998,-23.15224727999993,0 -46.19119673299991,-23.15224867799998,0 -46.19119201699988,-23.15224984699989,0 -46.19118723899993,-23.15225078099996,0 -46.19118241399997,-23.15225147499996,0 -46.19117755599996,-23.15225193199996,0 -46.19117267899998,-23.15225215399983,0 -46.19116779599995,-23.15225215099991,0 -46.19116291899996,-23.15225193299989,0 -46.19115805699994,-23.15225151299995,0 -46.19115321799995,-23.15225090799987,0 -46.19114839999992,-23.15225016999995,0 -46.19114359099996,-23.15224938299997,0 -46.19113877699994,-23.15224862599996,0 -46.19113394299995,-23.1522479869999,0 -46.19112908099993,-23.15224756599997,0 -46.19112419999988,-23.15224749199996,0 -46.1911193439999,-23.15224793699991,0 -46.19111463299998,-23.15224909999984,0 -46.19111028699996,-23.15225113899993,0 -46.19110647799994,-23.15225395499988,0 -46.1911031649999,-23.15225726899996,0 -46.19110023999986,-23.15226088399993,0 -46.19109759799989,-23.15226468099996,0 -46.19109514799987,-23.15226858699992,0 -46.19109280999993,-23.15227255199989,0 -46.19109054399996,-23.15227655199988,0 -46.19108835099985,-23.15228058699995,0 -46.19108623199992,-23.15228465499985,0 -46.19108418999997,-23.15228875799994,0 -46.19108222799997,-23.15229289299998,0 -46.19108034699997,-23.15229705999997,0 -46.1910785469999,-23.15230125799997,0 -46.19107682999987,-23.15230548499989,0 -46.1910751929999,-23.15230973899997,0 -46.19107363499995,-23.15231401899996,0 -46.19107215499992,-23.15231832299997,0 -46.19107074999988,-23.15232264699995,0 -46.19106941599995,-23.15232699099988,0 -46.19106814899993,-23.15233135199998,0 -46.19106694499993,-23.1523357289999,0 -46.19106579199985,-23.15234011699988,0 -46.19106466999995,-23.1523445119999,0 -46.1910635559999,-23.1523489089999,0 -46.19106243199991,-23.15235330299993,0 -46.19106127899994,-23.15235769099985,0 -46.19106007599999,-23.15236206799995,0 -46.19105880499995,-23.15236642799994,0 -46.19105744199993,-23.15237076499994,0 -46.19105596799994,-23.15237506999995,0 -46.19105435899996,-23.15237933299994,0 -46.1910525909999,-23.15238354199994,0 -46.19105063799992,-23.15238768099994,0 -46.1910484739999,-23.15239172899993,0 -46.19104607499997,-23.15239566099996,0 -46.19104341699995,-23.15239944799993,0 -46.19104048299988,-23.15240305699996,0 -46.19103726299988,-23.15240645099988,0 -46.19103379099994,-23.15240962499996,0 -46.19103012699992,-23.15241261099993,0 -46.19102632699997,-23.15241544599991,0 -46.19102243599997,-23.15241817499998,0 -46.19101849199984,-23.1524208379999,0 -46.19101452899997,-23.15242347699996,0 -46.1910105799999,-23.15242613299989,0 -46.19100667299995,-23.15242884199995,0 -46.19100284099994,-23.15243164099991,0 -46.19099911699993,-23.15243456299982,0 -46.19099553899997,-23.15243763499996,0 -46.19099212899988,-23.15244086699988,0 -46.19098889999998,-23.15244425399982,0 -46.19098586699988,-23.15244779299991,0 -46.19098304599993,-23.15245147799988,0 -46.19098045899989,-23.15245530699991,0 -46.19097813099995,-23.15245927599989,0 -46.19097609399995,-23.15246337999997,0 -46.19097438299991,-23.15246760799988,0 -46.19097303899997,-23.15247194799997,0 -46.19097210599989,-23.15247637899989,0 -46.19097160299998,-23.15248086999992,0 -46.19097150299996,-23.15248538299994,0 -46.19097175899998,-23.15248989199995,0 -46.19097232199994,-23.15249437699998,0 -46.19097314299989,-23.15249882799998,0 -46.19097417299997,-23.15250324199997,0 -46.19097536999993,-23.15250761999982,0 -46.19097669499985,-23.15251196599991,0 -46.19097811299997,-23.15251628699991,0 -46.19097959199991,-23.15252059099993,0 -46.19098110199997,-23.15252488599998,0 -46.19098261499988,-23.15252917899983,0 -46.19098410299995,-23.15253347999993,0 -46.19098554099998,-23.15253779599993,0 -46.19098690199996,-23.15254213299994,0 -46.19098815699982,-23.15254649699995,0 -46.19098927399989,-23.15255089299995,0 -46.19099021999989,-23.15255532299994,0 -46.19099095399997,-23.15255978699997,0 -46.19099143199998,-23.15256427999998,0 -46.19099160599984,-23.1525687919999,0 -46.19099142699991,-23.15257330399993,0 -46.19099084599986,-23.15257778599994,0 -46.19098982299994,-23.15258219999993,0 -46.19098833899994,-23.15258649999993,0 -46.19098642699993,-23.15259065399994,0 -46.19098413999984,-23.15259464299993,0 -46.19098152499998,-23.15259845499997,0 -46.1909786199999,-23.15260208399991,0 -46.1909754589999,-23.15260552499984,0 -46.19097206599997,-23.15260877299994,0 -46.19096846399998,-23.15261182099994,0 -46.19096466999991,-23.15261466199996,0 -46.19096069599993,-23.15261728599984,0 -46.19095655699994,-23.15261968099992,0 -46.19095227199995,-23.15262184699992,0 -46.19094786799997,-23.15262379599994,0 -46.19094336599994,-23.15262554499998,0 -46.19093878599989,-23.15262711199995,0 -46.19093414699995,-23.15262852099994,0 -46.19092946199993,-23.15262979599987,0 -46.19092474299998,-23.1526309599999,0 -46.19092000099994,-23.15263203899997,0 -46.19091524399983,-23.15263305699989,0 -46.19091047699987,-23.15263403899996,0 -46.1909057069999,-23.15263500899988,0 -46.19090093999995,-23.15263598799987,0 -46.19089617599991,-23.15263697999995,0 -46.19089141599989,-23.15263799099995,0 -46.19088666199997,-23.15263902299995,0 -46.19088191499998,-23.15264008199995,0 -46.19087717499997,-23.15264116999992,0 -46.19087244499991,-23.15264229199994,0 -46.19086772499998,-23.15264345199995,0 -46.19086301699986,-23.15264465399997,0 -46.19085832399998,-23.15264589999998,0 -46.19085364499995,-23.15264719499993,0 -46.19084898399996,-23.15264854099985,0 -46.19084434199982,-23.15264994299997,0 -46.19083972099997,-23.15265140299988,0 -46.19083512199995,-23.15265292399994,0 -46.19083054899994,-23.15265450899989,0 -46.19082600299998,-23.15265615899995,0 -46.19082148699988,-23.15265787599998,0 -46.19081700199996,-23.15265966299995,0 -46.19081255099996,-23.15266151999992,0 -46.19080812699991,-23.15266343299993,0 -46.19080372099984,-23.15266537999997,0 -46.19079931999983,-23.15266733699997,0 -46.19079491299982,-23.15266928299997,0 -46.19079048899988,-23.15267119499993,0 -46.19078603599996,-23.15267304999992,0 -46.19078154299996,-23.15267481999996,0 -46.19077700099984,-23.15267647899992,0 -46.19077240099989,-23.15267799299988,0 -46.19076773599994,-23.15267932699982,0 -46.1907630039999,-23.15268044199991,0 -46.19075820899997,-23.15268129199995,0 -46.19075336099991,-23.15268183199993,0 -46.19074848399998,-23.15268202899995,0 -46.19074360199994,-23.15268191699994,0 -46.19073873399998,-23.15268156199983,0 -46.19073388499999,-23.15268103099987,0 -46.19072905099995,-23.15268038799991,0 -46.19072422699992,-23.15267968799992,0 -46.19071940299995,-23.15267898199994,0 -46.19071457399991,-23.15267831199998,0 -46.19070973499998,-23.15267769999997,0 -46.1907049429999,-23.15267684699995,0 -46.19070054399998,-23.1526749549999,0 -46.19069782499997,-23.15267127999994,0 -46.19069700699998,-23.15266684599993,0 -46.19069736299991,-23.15266234899991,0 -46.19069860699994,-23.15265798899992,0 -46.19070070699991,-23.15265391899993,0 -46.19070356999998,-23.15265026799989,0 -46.19070700599991,-23.15264706399989,0 -46.19071082099998,-23.15264424699996,0 -46.19071486499996,-23.15264171699988,0 -46.19071903199995,-23.15263936299988,0 -46.19072324399991,-23.15263707799994,0 -46.19072743399994,-23.15263475899997,0 -46.19073157299988,-23.15263236199991,0 -46.19073565999997,-23.15262988899997,0 -46.19073969499993,-23.15262734599997,0 -46.19074367899992,-23.1526247349999,0 -46.19074761499996,-23.15262206099987,0 -46.19075150399993,-23.15261932999994,0 -46.1907553499999,-23.15261654699987,0 -46.19075915499997,-23.15261371699989,0 -46.1907629239999,-23.15261084499991,0 -46.19076666099994,-23.15260793799996,0 -46.19077036999994,-23.15260499999988,0 -46.19077405499996,-23.15260203799988,0 -46.19077772299988,-23.15259905599993,0 -46.19078137799994,-23.15259606099994,0 -46.19078502499997,-23.15259305799998,0 -46.19078866599983,-23.15259004799998,0 -46.19079229899995,-23.15258703099988,0 -46.19079592299988,-23.15258400399983,0 -46.19079953599993,-23.15258096599996,0 -46.19080313799998,-23.15257791599993,0 -46.1908067249999,-23.15257485199987,0 -46.19081029699993,-23.15257177299998,0 -46.19081385299995,-23.15256867699998,0 -46.19081738999989,-23.15256556299988,0 -46.19082090699993,-23.15256242999993,0 -46.19082440199986,-23.15255927599992,0 -46.19082787399998,-23.1525561009999,0 -46.19083132099996,-23.15255290199991,0 -46.19083474099989,-23.15254967899995,0 -46.19083813299994,-23.15254642999992,0 -46.19084149499992,-23.15254315399983,0 -46.19084482499994,-23.15253985099991,0 -46.19084812199998,-23.1525365199999,0 -46.19085138299994,-23.15253315899997,0 -46.19085460699995,-23.15252976699998,0 -46.19085779299996,-23.15252634399997,0 -46.19086093799996,-23.15252288899984,0 -46.19086403999995,-23.15251940199988,0 -46.19086709799984,-23.15251588099989,0 -46.19087010699991,-23.15251232399993,0 -46.19087304599998,-23.15250871799998,0 -46.19087589299994,-23.15250504899996,0 -46.1908786219999,-23.15250130499993,0 -46.19088120499993,-23.15249747199994,0 -46.19088360999996,-23.15249354299988,0 -46.19088580099998,-23.15248950699993,0 -46.19088774099993,-23.15248536399992,0 -46.19088938899989,-23.15248111399995,0 -46.19089072399993,-23.15247677099995,0 -46.19089178599984,-23.15247236399983,0 -46.19089262799997,-23.15246791599998,0 -46.19089330299994,-23.15246344399998,0 -46.19089386299999,-23.15245895799995,0 -46.19089435899997,-23.15245446499995,0 -46.19089484099993,-23.15244997099995,0 -46.19089535699993,-23.15244548099992,0 -46.1908959569999,-23.15244099899991,0 -46.19089666899998,-23.15243653199997,0 -46.19089749199998,-23.15243208099997,0 -46.19089842199992,-23.15242764799996,0 -46.19089945399992,-23.15242323399985,0 -46.19090058499995,-23.15241884099993,0 -46.19090180799998,-23.15241446899995,0 -46.19090311899998,-23.15241011899991,0 -46.1909045139999,-23.15240579199991,0 -46.19090598799994,-23.15240148699991,0 -46.19090753499989,-23.1523972039999,0 -46.19090915199996,-23.15239294199984,0 -46.19091083299998,-23.15238870299993,0 -46.19091257399998,-23.15238448399992,0 -46.19091437099991,-23.15238028399995,0 -46.19091621799998,-23.15237610399993,0 -46.19091811199996,-23.15237194199995,0 -46.19092004799995,-23.15236779599996,0 -46.19092202199994,-23.15236366599981,0 -46.19092402999991,-23.15235954899998,0 -46.19092606699991,-23.15235544499984,0 -46.19092813099991,-23.15235135199993,0 -46.19093021599991,-23.15234726899996,0 -46.19093232099982,-23.15234319399997,0 -46.19093444299989,-23.15233912699989,0 -46.19093658199989,-23.15233506699991,0 -46.19093873499997,-23.15233101399997,0 -46.19094090199991,-23.15232696699996,0 -46.19094308099989,-23.1523229259999,0 -46.19094527099998,-23.15231888999995,0 -46.19094746999991,-23.15231485799995,0 -46.19094967699994,-23.15231082899987,0 -46.19095189099994,-23.15230680399998,0 -46.19095411099994,-23.15230278199994,0 -46.19095633399985,-23.15229876099994,0 -46.19095855999996,-23.15229474199998,0 -46.19096078699994,-23.15229072299991,0 -46.19096301399998,-23.15228670399995,0 -46.19096523899998,-23.15228268399994,0 -46.19096746099996,-23.15227866299995,0 -46.19096967999997,-23.15227463999997,0 -46.19097189199988,-23.15227061399992,0 -46.19097409699998,-23.15226658499995,0 -46.19097629399988,-23.15226255199997,0 -46.19097848099989,-23.15225851399998,0 -46.1909806569999,-23.15225447099994,0 -46.1909828229999,-23.15225042399993,0 -46.1909849779999,-23.15224637199998,0</coordinates></LinearRing></outerBoundaryIs>
        </Polygon>
        <Polygon>
          <extrude>0</extrude><altitudeMode>clampToGround</altitudeMode>
          <outerBoundaryIs><LinearRing><coordinates> -46.19275157199996,-23.15027051599998,0 -46.19297800899994,-23.15020030399995,0 -46.19316710099997,-23.15014281099991,0 -46.1932435139999,-23.15025465299993,0 -46.19331170999993,-23.15036073099998,0 -46.19330727399995,-23.15036216299995,0 -46.19330266299994,-23.15036364999997,0 -46.19329805099989,-23.1503651349999,0 -46.19329343899994,-23.15036661899995,0 -46.19328882499991,-23.15036809899988,0 -46.19328420999989,-23.15036957599995,0 -46.19327959299994,-23.15037104799995,0 -46.19327497499995,-23.1503725149999,0 -46.19327035399982,-23.15037397599986,0 -46.19326572999995,-23.15037542999988,0 -46.19326110599997,-23.15037688199993,0 -46.19325648699999,-23.15037834799995,0 -46.19325187899989,-23.15037984299988,0 -46.19324728999993,-23.15038138499995,0 -46.19324272499995,-23.15038298899998,0 -46.1932381929999,-23.15038467199992,0 -46.19323370399997,-23.15038644899988,0 -46.19322926699988,-23.15038833399996,0 -46.19322489099994,-23.15039033999994,0 -46.19322058999995,-23.15039247799996,0 -46.19321637499996,-23.15039475699996,0 -46.1932122579999,-23.15039718499997,0 -46.19320824999994,-23.15039976499992,0 -46.19320436299995,-23.1504024969999,0 -46.19320060599989,-23.15040538199997,0 -46.19319698799995,-23.15040841399997,0 -46.19319351399986,-23.15041158799994,0 -46.19319017999993,-23.15041488699995,0 -46.19318696399995,-23.15041828399995,0 -46.19318384399986,-23.15042175899998,0 -46.19318080299996,-23.15042529199991,0 -46.19317782099989,-23.15042886799995,0 -46.19317488199994,-23.15043247499989,0 -46.19317196999992,-23.15043609999992,0 -46.19316906799997,-23.15043973199994,0 -46.19316615799988,-23.15044335899989,0 -46.19316322299994,-23.15044696799993,0 -46.19316024099993,-23.15045054399997,0 -46.19315718799987,-23.15045406799982,0 -46.19315403399997,-23.15045751499991,0 -46.19315074099995,-23.15046084999994,0 -46.19314726299996,-23.15046401899991,0 -46.1931435379999,-23.15046693599982,0 -46.19313949299993,-23.15046946099994,0 -46.19313506899982,-23.15047135499998,0 -46.19313030099994,-23.15047226799982,0 -46.19312544799993,-23.15047192099996,0 -46.19312081699996,-23.15047051099992,0 -46.19311649699995,-23.15046841299994,0 -46.19311244699998,-23.15046589199989,0 -46.19310860299993,-23.15046310799994,0 -46.19310490699996,-23.15046015699994,0 -46.19310131199995,-23.15045709999998,0 -46.19309778199994,-23.1504539799999,0 -46.19309428699989,-23.15045082599988,0 -46.19309079999988,-23.15044766499989,0 -46.19308729899996,-23.15044451699998,0 -46.19308376299995,-23.1504414019999,0 -46.19308017299988,-23.15043834099993,0 -46.19307650899992,-23.15043535599995,0 -46.19307275299997,-23.15043246999988,0 -46.19306888599993,-23.15042971199995,0 -46.19306489099995,-23.15042711599989,0 -46.19306075099996,-23.15042472099998,0 -46.19305645499998,-23.15042257599998,0 -46.19305199699994,-23.15042073399997,0 -46.19304738399995,-23.15041925899993,0 -46.19304262499998,-23.15041826099997,0 -46.19303775899994,-23.15041817999997,0 -46.19303319599993,-23.15041969099997,0 -46.19302945299995,-23.15042257099998,0 -46.19302640099988,-23.15042609099982,0 -46.19302393199996,-23.15042998299987,0 -46.19302200799996,-23.15043413099994,0 -46.19302051199992,-23.15043842799986,0 -46.19301928599992,-23.15044279899996,0 -46.19301816899991,-23.15044719499997,0 -46.1930170149999,-23.15045158299995,0 -46.19301569799995,-23.15045593099995,0 -46.19301411699985,-23.15046020199998,0 -46.19301220699987,-23.15046435699998,0 -46.19300998399996,-23.15046837699992,0 -46.19300748299992,-23.1504722549999,0 -46.19300472599997,-23.15047598099994,0 -46.19300172199996,-23.15047954099998,0 -46.19299847399998,-23.15048291199997,0 -46.19299497399993,-23.15048605999988,0 -46.19299121099982,-23.15048893599993,0 -46.19298716699984,-23.15049146299998,0 -46.19298282799991,-23.15049352799997,0 -46.19297820199989,-23.15049495799991,0 -46.19297336599993,-23.15049551299995,0 -46.19296853499998,-23.15049495599993,0 -46.19296401599996,-23.15049327099996,0 -46.19295989999989,-23.15049084699984,0 -46.19295609399995,-23.15048801999995,0 -46.19295247499997,-23.15048498899989,0 -46.19294892899995,-23.15048188299988,0 -46.19294536699994,-23.15047879399998,0 -46.1929417689999,-23.15047574099992,0 -46.19293813899998,-23.15047271999993,0 -46.19293448399992,-23.15046972499994,0 -46.19293080899996,-23.15046675199989,0 -46.19292711799994,-23.15046379499989,0 -46.19292341699997,-23.15046084799991,0 -46.19291971299992,-23.15045790599987,0 -46.19291601099997,-23.15045495999988,0 -46.19291231899996,-23.15045200399993,0 -46.1929086429999,-23.15044903199993,0 -46.19290498999987,-23.15044603499996,0 -46.19290136799992,-23.15044300599976,0 -46.19289778399997,-23.15043993899997,0 -46.19289424499988,-23.15043682699996,0 -46.19289075999995,-23.15043366399982,0 -46.19288733699995,-23.15043044399988,0 -46.1928839819999,-23.1504271629999,0 -46.19288070399989,-23.15042381599989,0 -46.1928775099999,-23.15042039999997,0 -46.19287440599993,-23.15041691299996,0 -46.19287139899996,-23.1504133549999,0 -46.19286849399998,-23.15040972499997,0 -46.1928656959999,-23.15040602499994,0 -46.19286300699997,-23.15040225499996,0 -46.1928604279999,-23.15039842099992,0 -46.19285793299997,-23.15039453899993,0 -46.19285548899995,-23.1503906289999,0 -46.19285306299992,-23.15038670999991,0 -46.1928506239999,-23.15038279699996,0 -46.19284814199995,-23.15037890899998,0 -46.19284558099992,-23.15037506299996,0 -46.19284290799988,-23.15037128499989,0 -46.19284007999994,-23.15036760299995,0 -46.19283705599992,-23.15036405899991,0 -46.19283378799992,-23.15036070399998,0 -46.19283022999991,-23.15035761399992,0 -46.19282634599995,-23.15035488199987,0 -46.19282212299993,-23.15035262099997,0 -46.19281759599994,-23.15035093899996,0 -46.19281285499989,-23.15034987199988,0 -46.19280800599995,-23.15034935499995,0 -46.19280312499995,-23.15034930999985,0 -46.19279825799993,-23.15034966699989,0 -46.19279343399995,-23.15035036599994,0 -46.19278867199995,-23.15035136199992,0 -46.19278398099988,-23.15035261799994,0 -46.19277937099997,-23.1503541059999,0 -46.19277484799994,-23.15035580599994,0 -46.19277041699985,-23.15035770499992,0 -46.19276608699994,-23.1503597919999,0 -46.19276186699994,-23.15036206299993,0 -46.19275776399996,-23.15036451099996,0 -46.19275378299989,-23.15036712599982,0 -46.19274992399994,-23.15036989299995,0 -46.19274618599997,-23.15037279899991,0 -46.19274256399996,-23.15037582699989,0 -46.19273904999983,-23.15037896199982,0 -46.19273563299998,-23.15038218899991,0 -46.19273230299996,-23.15038549199983,0 -46.19272904599995,-23.15038885599995,0 -46.19272584699996,-23.15039226799996,0 -46.19272269099997,-23.15039571399996,0 -46.19271956099988,-23.1503991809999,0 -46.19271644299982,-23.15040265599998,0 -46.1927133179999,-23.15040612699994,0 -46.19271017199992,-23.15040957999997,0 -46.19270698799994,-23.15041300399997,0 -46.19270374899992,-23.15041638399998,0 -46.19270044199993,-23.15041970599998,0 -46.19269705099998,-23.1504229549999,0 -46.19269356399997,-23.15042611699988,0 -46.19268997099994,-23.15042917499989,0 -46.19268626199988,-23.15043211199998,0 -46.19268243099992,-23.15043491199992,0 -46.19267848399994,-23.15043756999995,0 -46.19267444199988,-23.15044010399998,0 -46.1926703289999,-23.15044253799994,0 -46.1926661629999,-23.15044489599995,0 -46.19266196299992,-23.15044719899987,0 -46.19265774299993,-23.15044947099994,0 -46.19265351699994,-23.15045173399989,0 -46.19264929999997,-23.1504540119999,0 -46.19264510699998,-23.15045632699992,0 -46.19264095399996,-23.15045870299991,0 -46.19263686099998,-23.15046116599996,0 -46.19263284999994,-23.1504637409999,0 -46.19262894799994,-23.15046645599995,0 -46.1926251889999,-23.15046933799994,0 -46.19262161399996,-23.15047241299993,0 -46.19261826999997,-23.15047570199994,0 -46.19261521099997,-23.15047922099996,0 -46.19261249399995,-23.15048297099997,0 -46.1926101549999,-23.15048693399996,0 -46.1926082089999,-23.15049107399994,0 -46.19260665599995,-23.15049535399993,0 -46.19260548899996,-23.15049973799995,0 -46.19260469499989,-23.15050419199997,0 -46.19260425599987,-23.15050868899988,0 -46.19260415199994,-23.1505132019999,0 -46.19260435799998,-23.15051771399993,0 -46.19260485299998,-23.15052220599995,0 -46.19260558299987,-23.15052667099997,0 -46.19260645999998,-23.15053111299989,0 -46.19260740499993,-23.15053554299988,0 -46.19260834199991,-23.1505399749999,0 -46.19260918399993,-23.15054442299993,0 -46.19260980999996,-23.15054890099992,0 -46.19261001799998,-23.15055340999993,0 -46.19260941599993,-23.15055788099988,0 -46.19260728399985,-23.15056190199994,0 -46.19260339399995,-23.15056457399982,0 -46.19259876899986,-23.15056599299993,0 -46.19259395099988,-23.15056671699989,0 -46.19258908299992,-23.15056707499991,0 -46.19258420299997,-23.15056724599992,0 -46.19257932099993,-23.15056733999995,0 -46.19257443799995,-23.15056744299994,0 -46.19256955899993,-23.15056762699987,0 -46.19256468999998,-23.15056796999983,0 -46.1925598499999,-23.15056856499996,0 -46.19255507399998,-23.15056950099995,0 -46.19255039599994,-23.15057078999996,0 -46.19254584299989,-23.15057242099994,0 -46.19254143799998,-23.15057436699993,0 -46.19253718999983,-23.15057659299998,0 -46.19253309899995,-23.15057905699996,0 -46.19252915299995,-23.15058171699997,0 -46.19252533299982,-23.15058453099994,0 -46.19252161599996,-23.15058745899995,0 -46.19251797099992,-23.15059046399989,0 -46.19251436899998,-23.15059351299988,0 -46.19251077799993,-23.15059657399996,0 -46.19250716499982,-23.15059961199995,0 -46.19250349999987,-23.15060259599994,0 -46.1924997509999,-23.15060548999998,0 -46.19249589499998,-23.15060825999996,0 -46.19249193499996,-23.15061090299992,0 -46.19248788599998,-23.15061342699994,0 -46.19248375999985,-23.15061584199998,0 -46.19247956899994,-23.15061815999996,0 -46.19247532399993,-23.15062039199989,0 -46.19247103499993,-23.15062255099997,0 -46.19246670999996,-23.15062464899989,0 -46.19246235899993,-23.15062669899987,0 -46.19245798899993,-23.15062871399988,0 -46.1924536059999,-23.15063070599996,0 -46.19244921899991,-23.15063268999995,0 -46.19244483299991,-23.15063467599992,0 -46.19244045599999,-23.15063667899983,0 -46.19243609499989,-23.1506387099999,0 -46.19243175599996,-23.15064078299997,0 -46.19242744799988,-23.15064290899988,0 -46.19242317899989,-23.1506451009999,0 -46.19241895699997,-23.15064737099993,0 -46.1924147929999,-23.15064972999994,0 -46.19241069799995,-23.15065218899997,0 -46.19240668099997,-23.15065475799997,0 -46.19240275699997,-23.15065744499992,0 -46.19239893699995,-23.1506602579999,0 -46.19239523399989,-23.15066320199998,0 -46.19239166199986,-23.15066627999988,0 -46.19238823199993,-23.15066949499987,0 -46.19238496199995,-23.15067284699995,0 -46.19238187299993,-23.15067634499991,0 -46.19237899799998,-23.15067999399986,0 -46.19237637199984,-23.1506838009999,0 -46.19237404299992,-23.15068776899994,0 -46.19237206699984,-23.15069189699994,0 -46.19237051099998,-23.15069617599994,0 -46.19236944799997,-23.15070058099997,0 -46.19236893799985,-23.15070506899997,0 -46.19236890999991,-23.15070958399991,0 -46.19236919299993,-23.15071409099994,0 -46.19236962499997,-23.15071858899995,0 -46.19237005299993,-23.15072308799995,0 -46.19237032999996,-23.15072759599997,0 -46.19237030099987,-23.15073210999998,0 -46.1923698409999,-23.15073660399992,0 -46.19236894899996,-23.15074104299993,0 -46.19236766299991,-23.15074539799986,0 -46.19236601899996,-23.15074964899992,0 -46.19236405299995,-23.15075378199992,0 -46.19236179499995,-23.15075778499988,0 -46.19235926999994,-23.15076164999994,0 -46.19235650299998,-23.15076536899988,0 -46.19235350999998,-23.15076893699995,0 -46.19235030699997,-23.15077234499995,0 -46.19234690399998,-23.15077558399997,0 -46.19234331099995,-23.15077864099993,0 -46.19233953999998,-23.1507815089999,0 -46.19233560899994,-23.15078418699994,0 -46.19233153799996,-23.15078668199988,0 -46.19232734899987,-23.1507890019999,0 -46.19232306099997,-23.15079116099997,0 -46.19231869099997,-23.1507931779999,0 -46.19231425699985,-23.15079506899997,0 -46.19230977299992,-23.15079685699993,0 -46.19230524999989,-23.15079855999988,0 -46.19230069899987,-23.15080019799996,0 -46.19229612999993,-23.15080179299997,0 -46.19229155099993,-23.15080336199992,0 -46.19228696999988,-23.15080492499987,0 -46.19228239199998,-23.15080649799995,0 -46.19227782499996,-23.15080809799997,0 -46.19227327599992,-23.15080973999994,0 -46.1922687519999,-23.15081143899988,0 -46.19226425499988,-23.15081320099995,0 -46.19225977699995,-23.15081500099984,0 -46.19225530099993,-23.15081680799989,0 -46.19225081499991,-23.15081859199995,0 -46.19224630399998,-23.1508203219999,0 -46.19224175399989,-23.15082196099996,0 -46.19223715099997,-23.15082347099991,0 -46.19223248599991,-23.15082480299992,0 -46.19222774899998,-23.15082589899993,0 -46.19222294199994,-23.15082669099991,0 -46.19221808099996,-23.15082709499995,0 -46.19221319999991,-23.15082702299992,0 -46.19220836799997,-23.15082639399998,0 -46.19220366399992,-23.15082519099997,0 -46.19219911399989,-23.15082355399994,0 -46.19219469299998,-23.15082163799985,0 -46.1921903519999,-23.15081956899996,0 -46.19218603899998,-23.15081745199996,0 -46.19218170299996,-23.15081537299994,0 -46.19217730299988,-23.15081341499996,0 -46.19217280699996,-23.15081165499993,0 -46.19216819699994,-23.15081016799996,0 -46.1921634869999,-23.15080897699994,0 -46.19215870299996,-23.15080807199996,0 -46.19215386799988,-23.15080744699992,0 -46.19214899899993,-23.15080709999989,0 -46.19214411699988,-23.15080703099989,0 -46.19213923999985,-23.15080724799998,0 -46.19213438899988,-23.15080775999996,0 -46.19212958899993,-23.15080858399995,0 -46.19212486899988,-23.15080974099993,0 -46.19212026999998,-23.15081125399996,0 -46.19211584199996,-23.15081315399993,0 -46.19211165099995,-23.15081546799996,0 -46.19210778399997,-23.15081821999991,0 -46.19210433999996,-23.15082141699992,0 -46.19210141899998,-23.15082503099995,0 -46.19209904299998,-23.15082897199994,0 -46.19209718099989,-23.15083314499992,0 -46.19209578299996,-23.15083746999994,0 -46.19209479599988,-23.15084189099991,0 -46.19209417199994,-23.15084636899996,0 -46.19209386799992,-23.15085087499995,0 -46.19209384999982,-23.15085539099988,0 -46.19209409099994,-23.15085989999989,0 -46.19209457299996,-23.15086439399994,0 -46.19209527899994,-23.15086886199992,0 -46.19209619899993,-23.15087329699998,0 -46.19209730199992,-23.15087769499996,0 -46.19209855399993,-23.15088205999996,0 -46.19209991499997,-23.15088639699997,0 -46.19210134299982,-23.15089071499989,0 -46.19210279599992,-23.15089502699988,0 -46.19210422699996,-23.15089934399998,0 -46.19210559099997,-23.15090367999989,0 -46.1921068389999,-23.15090804599981,0 -46.19210792299992,-23.15091244799993,0 -46.19210879399998,-23.15091689099989,0 -46.19210940999994,-23.15092136999993,0 -46.19210973299988,-23.15092587599997,0 -46.19210973399998,-23.15093039099997,0 -46.19210940799996,-23.15093489599997,0 -46.19210877699982,-23.15093937299991,0 -46.19210785399991,-23.15094380599993,0 -46.19210664899998,-23.15094818199992,0 -46.19210516099997,-23.15095248199992,0 -46.19210338699997,-23.15095668899994,0 -46.19210131499989,-23.15096077699991,0 -46.19209893099998,-23.15096471699997,0 -46.19209621599992,-23.15096846899991,0 -46.19209314699992,-23.15097197899996,0 -46.1920897039999,-23.15097517799995,0 -46.19208587599996,-23.1509779779999,0 -46.19208167599987,-23.15098027399983,0 -46.19207715999994,-23.15098198399988,0 -46.19207244799992,-23.15098316099989,0 -46.19206763599988,-23.15098391899994,0 -46.19206277799998,-23.1509843739999,0 -46.19205790199993,-23.15098463399994,0 -46.19205302199998,-23.15098478899995,0 -46.19204813999994,-23.15098492599986,0 -46.19204326199997,-23.15098512699996,0 -46.19203839299996,-23.15098547499991,0 -46.19203355199988,-23.15098606199996,0 -46.19202877399994,-23.15098698899993,0 -46.1920241229999,-23.15098835699996,0 -46.19201967299989,-23.15099021099996,0 -46.19201544499998,-23.15099246699987,0 -46.19201142499992,-23.15099502999988,0 -46.19200758299996,-23.15099781599997,0 -46.19200387599994,-23.15100075599992,0 -46.19200026199997,-23.15100379199998,0 -46.19199669399995,-23.15100687599988,0 -46.19199312699993,-23.1510099599999,0 -46.1919895129999,-23.15101299699995,0 -46.19198580099993,-23.15101593099996,0 -46.19198193799997,-23.15101869299997,0 -46.19197787399997,-23.15102119499994,0 -46.19197356899997,-23.15102332099991,0 -46.19196903799997,-23.15102499899996,0 -46.19196434199995,-23.15102623199982,0 -46.19195954199989,-23.15102705399988,0 -46.19195468499993,-23.15102751699993,0 -46.19194980599997,-23.15102767899992,0 -46.19194492299994,-23.15102759799993,0 -46.19194004899998,-23.15102732699989,0 -46.19193518599991,-23.15102691099997,0 -46.19193033499988,-23.1510263909999,0 -46.19192549399992,-23.15102580199994,0 -46.19192065799996,-23.15102517399998,0 -46.19191582299993,-23.15102453499992,0 -46.19191098699997,-23.15102390799996,0 -46.19190614599984,-23.15102331599991,0 -46.19190129699996,-23.15102277899996,0 -46.19189643899983,-23.15102231699996,0 -46.19189157299996,-23.1510219409999,0 -46.19188669899989,-23.15102165599995,0 -46.19188181999994,-23.15102147099998,0 -46.1918769369999,-23.15102139399994,0 -46.19187205399993,-23.15102143799993,0 -46.19186717499997,-23.15102161499988,0 -46.19186230399993,-23.15102194399998,0 -46.19185745099998,-23.15102244599996,0 -46.19185262799994,-23.15102314699993,0 -46.19184784999987,-23.1510240799999,0 -46.19184314599994,-23.15102528799991,0 -46.19183855499995,-23.15102682299994,0 -46.19183413899998,-23.15102874699994,0 -46.19182999299994,-23.15103112699995,0 -46.19182625099995,-23.15103402199992,0 -46.19182308399996,-23.15103745099992,0 -46.19182063399995,-23.15104135099989,0 -46.1918188709999,-23.15104555799991,0 -46.19181766899987,-23.15104993299991,0 -46.1918168979999,-23.15105439099995,0 -46.19181644399998,-23.15105888699992,0 -46.19181621899992,-23.15106339799996,0 -46.19181615299993,-23.15106791299996,0 -46.19181618799996,-23.1510724289999,0 -46.19181627799986,-23.15107694399984,0 -46.19181637899993,-23.15108145899995,0 -46.19181645299994,-23.15108597399995,0 -46.19181646099997,-23.15109048999989,0 -46.19181636099995,-23.1510950039999,0 -46.19181610799995,-23.15109951399995,0 -46.19181565499997,-23.15110400999993,0 -46.19181494399993,-23.15110847699998,0 -46.19181391099994,-23.15111288899988,0 -46.19181248799998,-23.15111720799996,0 -46.19181060999983,-23.15112137399996,0 -46.1918082329999,-23.15112531599993,0 -46.19180543599992,-23.15112901499998,0 -46.19180234899994,-23.15113251399998,0 -46.19179908599995,-23.15113587299993,0 -46.19179573899993,-23.15113916199994,0 -46.19179239399995,-23.15114245199993,0 -46.19178913299999,-23.15114581299986,0 -46.19178605299993,-23.15114931599987,0 -46.19178326499997,-23.1511530219999,0 -46.19178089399986,-23.15115696699996,0 -46.19177897899988,-23.15116111899988,0 -46.19177749099993,-23.15116541899988,0 -46.19177638899993,-23.15116981699998,0 -46.19177562999994,-23.15117427699988,0 -46.19177517299994,-23.15117877299991,0 -46.19177497999982,-23.15118328399996,0 -46.19177501799993,-23.15118779999995,0 -46.19177525899994,-23.15119230999989,0 -46.19177567799994,-23.15119680899988,0 -46.19177626199991,-23.15120129199983,0 -46.1917769989999,-23.15120575599991,0 -46.19177787599995,-23.15121019799994,0 -46.19177887799998,-23.15121461799993,0 -46.19177998899994,-23.15121901499998,0 -46.19178119499998,-23.15122339099997,0 -46.19178247899998,-23.15122774799988,0 -46.1917838249999,-23.15123208799997,0 -46.19178521799995,-23.15123641699989,0 -46.19178664099996,-23.15124073599998,0 -46.19178807899993,-23.15124505199998,0 -46.19178951699996,-23.15124936799998,0 -46.19179093899987,-23.15125368799988,0 -46.19179232999994,-23.15125801699998,0 -46.19179367399994,-23.15126235799988,0 -46.19179496399994,-23.15126671299993,0 -46.19179619599998,-23.15127108299998,0 -46.19179736899997,-23.15127546699983,0 -46.19179848099998,-23.15127986399995,0 -46.19179952899998,-23.15128427399992,0 -46.19180051199999,-23.15128869799997,0 -46.19180142699997,-23.15129313299997,0 -46.19180227199996,-23.15129758099988,0 -46.19180304299994,-23.1513020399999,0 -46.19180373799998,-23.15130650999993,0 -46.19180435499993,-23.15131098999984,0 -46.19180488899997,-23.15131547799996,0 -46.19180533799994,-23.15131997499998,0 -46.19180569799994,-23.15132447799988,0 -46.19180596699988,-23.15132898699989,0 -46.19180613899982,-23.15133349999991,0 -46.19180621099991,-23.15133801499996,0 -46.1918061799999,-23.15134253099995,0 -46.1918060399999,-23.15134704499997,0 -46.19180579999988,-23.15135155499991,0 -46.19180548199995,-23.15135606099994,0 -46.19180510699982,-23.15136056299997,0 -46.19180470099997,-23.15136506399995,0 -46.19180428699991,-23.15136956299989,0 -46.19180388899997,-23.15137406399998,0 -46.19180352999996,-23.15137856699994,0 -46.19180323199993,-23.15138307499996,0 -46.19180301799992,-23.15138758599994,0 -46.19180290799989,-23.15139210099989,0 -46.19180292199991,-23.15139661599989,0 -46.19180307699992,-23.15140112999984,0 -46.19180338999996,-23.15140563599994,0 -46.19180387099988,-23.15141012899994,0 -46.19180453299987,-23.15141460299998,0 -46.19180537999995,-23.1514190499999,0 -46.19180637599993,-23.15142347099993,0 -46.19180740299993,-23.15142788599991,0 -46.19180833099989,-23.15143231999991,0 -46.19180901199996,-23.15143678999993,0 -46.19180924199998,-23.15144129799995,0 -46.19180873599993,-23.15144578299987,0 -46.19180715699997,-23.15145004199996,0 -46.19180439599995,-23.15145375199995,0 -46.19180081999991,-23.15145681799993,0 -46.19179676299984,-23.15145932599995,0 -46.19179241399991,-23.15146137499994,0 -46.19178787399989,-23.15146303499989,0 -46.19178320199995,-23.1514643459999,0 -46.19177843599994,-23.15146532599982,0 -46.19177360799995,-23.15146599599996,0 -46.19176874399994,-23.15146639299991,0 -46.19176386399994,-23.15146656399992,0 -46.19175898099991,-23.15146656599984,0 -46.19175409899987,-23.1514664579999,0 -46.19174921799998,-23.15146630099997,0 -46.19174433699993,-23.15146615899988,0 -46.1917394539999,-23.15146609699997,0 -46.19173457199992,-23.15146617999989,0 -46.19172969999988,-23.1514664739999,0 -46.19172485599995,-23.15146704099988,0 -46.19172006599996,-23.15146791699993,0 -46.19171535099986,-23.15146909099997,0 -46.1917107299999,-23.1514705489999,0 -46.1917062199999,-23.15147227899996,0 -46.19170183899996,-23.15147427299996,0 -46.19169760599988,-23.15147652299993,0 -46.19169354199994,-23.15147902499996,0 -46.19168966899997,-23.15148177499992,0 -46.19168601199993,-23.1514847659999,0 -46.19168257899997,-23.15148797699993,0 -46.19167936999997,-23.15149137999992,0 -46.1916763779999,-23.15149494799988,0 -46.19167359399995,-23.15149865699993,0 -46.19167100699991,-23.15150248699996,0 -46.19166860399997,-23.15150641799994,0 -46.19166637199999,-23.15151043399993,0 -46.19166429799998,-23.1515145219999,0 -46.19166236699994,-23.15151866999997,0 -46.19166056199992,-23.15152286599988,0 -46.19165886299987,-23.15152709899996,0 -46.19165725199991,-23.15153136199996,0 -46.19165570699988,-23.15153564599996,0 -46.19165420799993,-23.15153994399998,0 -46.1916527329999,-23.15154424899987,0 -46.19165126099995,-23.15154855499998,0 -46.19164977199995,-23.15155285499998,0 -46.19164824199999,-23.15155714399998,0 -46.19164665199986,-23.15156141399996,0 -46.19164498599997,-23.15156565799987,0 -46.19164324399992,-23.15156987699993,0 -46.19164143399996,-23.15157407099991,0 -46.19163956299997,-23.15157824199991,0 -46.19163763699999,-23.15158239199991,0 -46.19163566199984,-23.15158652199989,0 -46.19163364599996,-23.15159063499988,0 -46.19163159299995,-23.15159473199998,0 -46.19162950999993,-23.15159881699992,0 -46.19162740399997,-23.15160289099992,0 -46.19162527899994,-23.1516069569999,0 -46.19162314299996,-23.15161101799998,0 -46.19162100299997,-23.15161507699997,0 -46.19161886599994,-23.15161913799994,0 -46.19161673899987,-23.15162320199994,0 -46.19161462899996,-23.1516272749999,0 -46.19161254299996,-23.15163135799997,0 -46.19161048999996,-23.15163545599995,0 -46.19160847599989,-23.15163956999993,0 -46.19160650999999,-23.15164370299993,0 -46.19160459899985,-23.15164785899998,0 -46.19160275199994,-23.15165203899988,0 -46.19160097699989,-23.1516562459999,0 -46.19159928099992,-23.15166048099996,0 -46.19159765899997,-23.15166473999989,0 -46.19159609999991,-23.15166901899988,0 -46.19159458899998,-23.15167331399988,0 -46.19159311599998,-23.15167761899988,0 -46.19159166599991,-23.15168193099987,0 -46.19159022599996,-23.15168624599988,0 -46.19158878499996,-23.1516905609999,0 -46.19158732799991,-23.15169487099996,0 -46.19158584299998,-23.15169917299988,0 -46.19158431699992,-23.15170346299988,0 -46.1915827389999,-23.15170773599988,0 -46.19158109599994,-23.15171198899998,0 -46.19157937699998,-23.15171621499996,0 -46.19157756999994,-23.15172041099987,0 -46.19157566699994,-23.15172456899995,0 -46.19157365599995,-23.15172868499985,0 -46.19157153099997,-23.15173274999984,0 -46.19156928499996,-23.15173675999989,0 -46.19156689799991,-23.15174069899996,0 -46.19156432399996,-23.15174453599991,0 -46.19156150799989,-23.15174822399996,0 -46.19155839299992,-23.15175170099997,0 -46.19155493099998,-23.15175488299997,0 -46.19155108899986,-23.15175766399994,0 -46.19154686999997,-23.15175993099996,0 -46.19154235999991,-23.15176165699989,0 -46.1915376899999,-23.15176297299985,0 -46.19153294099993,-23.15176402399993,0 -46.19152815899992,-23.15176493999991,0 -46.19152337399987,-23.15176584499989,0 -46.19151861799992,-23.15176686599989,0 -46.19151393699997,-23.1517681499999,0 -46.19150942799996,-23.15176987499996,0 -46.19150527399995,-23.15177223699982,0 -46.19150174999993,-23.15177534999998,0 -46.19149896399989,-23.15177905199994,0 -46.19149684999996,-23.15178311799991,0 -46.19149530199996,-23.15178739899983,0 -46.19149422299995,-23.15179180099994,0 -46.19149353399996,-23.15179627099985,0 -46.19149318099994,-23.15180077399987,0 -46.19149312499997,-23.15180528899998,0 -46.19149334199994,-23.15180979999997,0 -46.19149381999989,-23.15181429299992,0 -46.19149453099988,-23.15181876099984,0 -46.19149532099993,-23.15182321699996,0 -46.19149597699993,-23.15182769099994,0 -46.19149626399985,-23.15183219799997,0 -46.19149597799998,-23.15183670199991,0 -46.19149500099991,-23.15184112199989,0 -46.19149323599993,-23.15184532599989,0 -46.19149048599991,-23.15184903999995,0 -46.19148662399994,-23.15185176999989,0 -46.19148214799992,-23.15185356399996,0 -46.19147752999999,-23.15185503399994,0 -46.19147300499998,-23.15185672699988,0 -46.19146867299997,-23.15185880699994,0 -46.19146454999998,-23.15186122499989,0 -46.19146063699992,-23.15186392599992,0 -46.19145692399997,-23.15186685799989,0 -46.19145339099992,-23.1518699749999,0 -46.19145002399995,-23.15187324499993,0 -46.19144681499995,-23.15187664899992,0 -46.19144375499997,-23.15188016699994,0 -46.19144082799988,-23.15188378199997,0 -46.19143801899992,-23.15188747599996,0 -46.19143531199995,-23.15189123399989,0 -46.19143268699992,-23.15189504199992,0 -46.19143012599989,-23.1518988869999,0 -46.19142760999995,-23.15190275799995,0 -46.19142511999991,-23.15190664199991,0 -46.19142263799995,-23.15191053099988,0 -46.19142014499994,-23.15191441399992,0 -46.19141762299989,-23.15191828199988,0 -46.19141505499988,-23.15192212299996,0 -46.19141242499984,-23.15192592699992,0 -46.19140971599995,-23.15192968399998,0 -46.19140691299998,-23.15193338199998,0 -46.19140400599986,-23.15193701099986,0 -46.19140102499995,-23.15194058699996,0 -46.19139801399996,-23.15194414299998,0 -46.1913950199999,-23.15194770999994,0 -46.19139208799993,-23.15195132199989,0 -46.19138927199998,-23.15195501099993,0 -46.19138662999984,-23.15195880799996,0 -46.19138422999998,-23.15196273999993,0 -46.19138214999998,-23.15196682399994,0 -46.19138047299992,-23.15197106399984,0 -46.19137927499992,-23.15197543899984,0 -46.19137855699995,-23.15197990399986,0 -46.19137826099995,-23.15198441099994,0 -46.19137833099995,-23.15198892499996,0 -46.19137871999988,-23.15199342599982,0 -46.19137938799986,-23.15199789799993,0 -46.19138030699992,-23.15200233299993,0 -46.19138145299996,-23.15200672199995,0 -46.19138280499988,-23.15201106099994,0 -46.1913843349999,-23.15201534999994,0 -46.19138600999997,-23.15201959099994,0 -46.19138779499991,-23.15202379499993,0 -46.19138965499991,-23.15202796999984,0 -46.19139155599999,-23.15203212899991,0 -46.19139346699995,-23.15203628499989,0 -46.19139535799985,-23.15204044899997,0 -46.19139720599998,-23.15204462899987,0 -46.19139898399987,-23.15204883399997,0 -46.19140063699984,-23.15205308299994,0 -46.19140208099998,-23.15205739699996,0 -46.19140320599996,-23.15206178999995,0 -46.19140385999992,-23.15206626199989,0 -46.19140381999995,-23.15207077299993,0 -46.19140279999993,-23.1520751779999,0 -46.1914005829999,-23.15207918599998,0 -46.19139734799984,-23.15208255599998,0 -46.19139346299994,-23.15208528199997,0 -46.19138916799994,-23.15208742499993,0 -46.19138460999994,-23.15208903799993,0 -46.19137987999989,-23.15209014999994,0 -46.19137504399993,-23.15209076199994,0 -46.19137016399998,-23.15209084199995,0 -46.19136531599992,-23.15209032899992,0 -46.19136061499989,-23.1520891269999,0 -46.19135619799988,-23.15208721299996,0 -46.1913521489999,-23.15208469599997,0 -46.19134848799996,-23.15208171099994,0 -46.19134518899995,-23.15207838399994,0 -46.19134220299998,-23.15207481099998,0 -46.19133948099994,-23.15207106299994,0 -46.19133700299989,-23.15206717299998,0 -46.19133476999997,-23.15206315699982,0 -46.1913327769999,-23.15205903499992,0 -46.19133101599994,-23.15205482399995,0 -46.19132947499997,-23.1520505389999,0 -46.19132814199997,-23.15204619499991,0 -46.19132700399996,-23.15204180399991,0 -46.19132604599997,-23.1520373759999,0 -46.19132525399982,-23.15203291999995,0 -46.19132461299995,-23.15202844399994,0 -46.19132410799989,-23.15202395199992,0 -46.19132372799987,-23.15201944999984,0 -46.19132345799994,-23.15201494099989,0 -46.19132328699993,-23.15201042799998,0 -46.19132320099993,-23.15200591299998,0 -46.1913231929999,-23.15200139799992,0 -46.19132326599993,-23.15199688199993,0 -46.19132342699993,-23.15199236899991,0 -46.19132368399994,-23.15198785999996,0 -46.19132404199996,-23.15198335599996,0 -46.19132450999996,-23.15197886099986,0 -46.19132509399998,-23.15197437799992,0 -46.19132580099995,-23.15196990999993,0 -46.19132663699992,-23.15196546099997,0 -46.19132760799994,-23.15196103499989,0 -46.19132871199992,-23.15195663699996,0 -46.19132994699993,-23.15195226799995,0 -46.19133130899996,-23.15194793099994,0 -46.19133279199991,-23.15194362899996,0 -46.19133439299998,-23.15193936299994,0 -46.19133610699998,-23.15193513399987,0 -46.19133792899999,-23.15193094499989,0 -46.19133985499997,-23.15192679499989,0 -46.19134188099997,-23.15192268599992,0 -46.19134400199994,-23.15191861899996,0 -46.19134621399996,-23.15191459299996,0 -46.19134851299998,-23.15191060899997,0 -46.19135089399998,-23.15190666599995,0 -46.19135335399994,-23.15190276499993,0 -46.19135588299997,-23.15189890199997,0 -46.19135845699998,-23.15189506499996,0 -46.19136105199993,-23.15189123899989,0 -46.19136364199989,-23.15188740999992,0 -46.19136620099994,-23.15188356499988,0 -46.19136870499995,-23.15187968699991,0 -46.19137112299995,-23.15187576399995,0 -46.19137342399989,-23.15187178199994,0 -46.19137557599998,-23.1518677279999,0 -46.19137753799998,-23.15186359299992,0 -46.19137926799993,-23.15185937099983,0 -46.19138072199996,-23.15185506099994,0 -46.19138185399999,-23.15185066899988,0 -46.19138261999996,-23.15184620999997,0 -46.19138300899988,-23.15184170999987,0 -46.1913830499999,-23.15183719499993,0 -46.19138277899998,-23.15183268699991,0 -46.19138222899983,-23.1518281999999,0 -46.19138142999992,-23.15182374599988,0 -46.19138040799993,-23.15181932999997,0 -46.19137918699994,-23.15181495799987,0 -46.19137778899989,-23.15181063199998,0 -46.19137622999995,-23.15180635199988,0 -46.19137452299998,-23.15180212099989,0 -46.19137267299993,-23.15179794199997,0 -46.19137068199996,-23.15179381899998,0 -46.19136855099993,-23.15178975599991,0 -46.19136628199993,-23.15178575699997,0 -46.19136387999998,-23.15178182599988,0 -46.19136134499996,-23.15177796699993,0 -46.19135868099994,-23.15177418199988,0 -46.19135589099994,-23.15177047599991,0 -46.19135297799988,-23.15176685199998,0 -46.19134995199983,-23.15176330799994,0 -46.1913468219999,-23.15175984199993,0 -46.19134359999998,-23.15175644799984,0 -46.19134029799989,-23.1517531209999,0 -46.19133692499997,-23.15174985599998,0 -46.19133349299995,-23.15174664299991,0 -46.19133000999994,-23.1517434779999,0 -46.19132648599992,-23.15174035099994,0 -46.1913229299999,-23.15173725599993,0 -46.19131935099995,-23.15173418499995,0 -46.19131575499983,-23.15173112899987,0 -46.19131215099998,-23.15172808199998,0 -46.19130854599996,-23.1517250359999,0 -46.19131470099984,-23.15171623199996,0 -46.19146041999988,-23.15154165399991,0 -46.19163101299989,-23.15133374999994,0 -46.19166337699988,-23.15116314499994,0 -46.19169305599996,-23.15100585599998,0 -46.19199618999983,-23.15075368599992,0 -46.19215395499998,-23.15063939499987,0 -46.1923397349999,-23.15050102899988,0 -46.19252774899991,-23.15039446599997,0 -46.19275157199996,-23.15027051599998,0</coordinates></LinearRing></outerBoundaryIs>
        </Polygon>
        <Polygon>
          <extrude>0</extrude><altitudeMode>clampToGround</altitudeMode>
          <outerBoundaryIs><LinearRing><coordinates> -46.19018696799998,-23.14976102099996,0 -46.19017784399983,-23.14971504399995,0 -46.19018014499994,-23.14969353799995,0 -46.19019397699992,-23.14966158499988,0 -46.19034274399996,-23.14956855299982,0 -46.19042923899991,-23.14948031399996,0 -46.19051498399995,-23.14935477599988,0 -46.19056811799987,-23.14929664099998,0 -46.19055123899989,-23.14921263699995,0 -46.19068318099988,-23.14916033899988,0 -46.1907661059999,-23.14912627599989,0 -46.19081372099993,-23.14924325499993,0 -46.19084493499997,-23.14935272499997,0 -46.19079046299998,-23.1495018739999,0 -46.19073012399997,-23.14966904999994,0 -46.19071302299994,-23.14972116699994,0 -46.19066700199988,-23.14997453499984,0 -46.19063552599994,-23.15012855899988,0 -46.19050556199994,-23.15018820399985,0 -46.19031101199994,-23.15027373299989,0 -46.19018939799997,-23.15032427299991,0 -46.1900939009999,-23.15027644799994,0 -46.18999480199994,-23.15022331199998,0 -46.18999465399986,-23.15022323199997,0 -46.18999751899992,-23.15022182499996,0 -46.19000115199987,-23.15021881999996,0 -46.19000413599991,-23.15021525099996,0 -46.19000661799998,-23.15021136399997,0 -46.19000875599994,-23.15020730499998,0 -46.19001068199992,-23.15020315499993,0 -46.19001250699989,-23.15019896699994,0 -46.19001433199998,-23.15019477799996,0 -46.19001630199995,-23.15019064699987,0 -46.19001865199988,-23.15018669099987,0 -46.19002166899998,-23.15018315099996,0 -46.19002556299995,-23.1501804529999,0 -46.19003006199995,-23.15017871599997,0 -46.19003478899998,-23.15017758699986,0 -46.19003958299993,-23.15017672899995,0 -46.19004437699988,-23.15017586799996,0 -46.19004913499992,-23.15017485099997,0 -46.19005385599996,-23.15017369899988,0 -46.19005854999989,-23.15017245299998,0 -46.19006322799993,-23.15017115699993,0 -46.19006790399987,-23.15016985499994,0 -46.19007259499989,-23.15016859799982,0 -46.19007731299996,-23.15016743599989,0 -46.19008207199988,-23.15016642199993,0 -46.19008687499996,-23.15016560999993,0 -46.19009171999988,-23.15016505099987,0 -46.19009659299996,-23.15016476199986,0 -46.19010147599988,-23.15016473099996,0 -46.19010635299998,-23.15016494299988,0 -46.19011121199998,-23.15016538599991,0 -46.19011604299993,-23.15016604899995,0 -46.19012083399991,-23.15016692199993,0 -46.19012557599996,-23.15016799699993,0 -46.19013026099998,-23.15016926899995,0 -46.19013489499991,-23.15017069499993,0 -46.19013950499993,-23.15017218499992,0 -46.19014412399997,-23.15017364999989,0 -46.1901487859999,-23.15017499299989,0 -46.19015351699994,-23.1501761099999,0 -46.19015832299988,-23.15017690599996,0 -46.19016317899997,-23.15017737799991,0 -46.19016805699982,-23.15017756999993,0 -46.19017293999997,-23.15017753099994,0 -46.19017781699989,-23.1501773089999,0 -46.19018268499997,-23.15017694999989,0 -46.1901875399999,-23.15017646999996,0 -46.19019234899997,-23.15017569199995,0 -46.1901969939999,-23.15017431799993,0 -46.19020118099996,-23.15017202199994,0 -46.1902044339999,-23.15016867899993,0 -46.19020649299989,-23.15016460099991,0 -46.19020706499992,-23.15016014199983,0 -46.19020553699988,-23.15015589599994,0 -46.19020242999989,-23.15015243099998,0 -46.19019864499995,-23.15014958299992,0 -46.19019459799995,-23.15014705599998,0 -46.1901904209999,-23.15014471699988,0 -46.19018613199989,-23.15014255799997,0 -46.19018174799987,-23.15014056999991,0 -46.19017728499995,-23.15013873699991,0 -46.19017276099993,-23.15013703699998,0 -46.19016819299992,-23.15013544099992,0 -46.19016359599988,-23.15013391799988,0 -46.19015898299995,-23.15013243599992,0 -46.19015436599994,-23.15013096399997,0 -46.19014975099998,-23.15012948899994,0 -46.19014513999997,-23.15012800199992,0 -46.19014053599994,-23.15012649599987,0 -46.19013594199998,-23.15012496399993,0 -46.19013136099989,-23.15012339899988,0 -46.19012679699995,-23.15012179299993,0 -46.19012225199992,-23.1501201399999,0 -46.19011773099993,-23.15011843499991,0 -46.19011323699988,-23.15011666699996,0 -46.19010878199998,-23.15011481599981,0 -46.19010438299995,-23.15011285599991,0 -46.19010005799998,-23.1501107599999,0 -46.19009582999996,-23.15010850099998,0 -46.1900917289999,-23.15010605099997,0 -46.19008778999995,-23.15010338199994,0 -46.19008405799997,-23.15010047099997,0 -46.19008058599997,-23.15009729799988,0 -46.19007741699994,-23.15009386399993,0 -46.19007455799988,-23.15009020399998,0 -46.19007200199997,-23.15008635699996,0 -46.19006973399996,-23.15008235899995,0 -46.19006773499996,-23.15007823999997,0 -46.19006598399989,-23.15007402499998,0 -46.19006445999997,-23.15006973499982,0 -46.19006314399991,-23.15006538599988,0 -46.19006201499991,-23.15006099299995,0 -46.19006106099994,-23.15005656399995,0 -46.19006029199994,-23.15005210499993,0 -46.19005973399993,-23.15004761999995,0 -46.19005941999995,-23.15004311399991,0 -46.19005938899988,-23.15003859899997,0 -46.19005968499982,-23.15003409199988,0 -46.19006035999996,-23.15002962099987,0 -46.19006146899989,-23.15002522499987,0 -46.19006306699993,-23.15002095999995,0 -46.19006519399994,-23.15001689799988,0 -46.19006785299996,-23.15001311399993,0 -46.19007096599995,-23.15000963799997,0 -46.19007444199997,-23.15000646899989,0 -46.19007820699994,-23.15000359499993,0 -46.19008220199999,-23.15000099899981,0 -46.19008637999997,-23.14999866299996,0 -46.1900907079999,-23.14999657299995,0 -46.19009515999983,-23.1499947179999,0 -46.19009971499992,-23.14999309099994,0 -46.19010435599995,-23.14999168599991,0 -46.19010906499989,-23.1499904929999,0 -46.19011382799994,-23.14998949999995,0 -46.19011863299988,-23.14998869099986,0 -46.19012346599993,-23.14998805099998,0 -46.19012832099997,-23.14998756299985,0 -46.19013318899994,-23.14998720999989,0 -46.19013806599992,-23.14998697599998,0 -46.19014294699997,-23.14998684199998,0 -46.19014783099993,-23.14998679399997,0 -46.19015271399996,-23.14998681299988,0 -46.19015759699994,-23.14998688299988,0 -46.19016247899998,-23.14998698799997,0 -46.19016736099985,-23.14998710999993,0 -46.1901722419999,-23.14998723199983,0 -46.19017712399994,-23.14998733899984,0 -46.19018200699998,-23.14998743299992,0 -46.19018688899996,-23.14998752099996,0 -46.19019177199993,-23.14998760899994,0 -46.19019665399998,-23.14998770499994,0 -46.1902015359999,-23.14998781699995,0 -46.19020641699996,-23.14998794999997,0 -46.19021129799995,-23.14998811099997,0 -46.19021617599998,-23.1499883059999,0 -46.19022105299996,-23.14998853999992,0 -46.19022592699997,-23.14998881699995,0 -46.19023079799996,-23.14998914099988,0 -46.19023566499982,-23.14998951299992,0 -46.19024052699996,-23.14998993699987,0 -46.19024538299993,-23.14999041099998,0 -46.19025023299997,-23.14999093799997,0 -46.1902550769999,-23.14999151699993,0 -46.19025991299998,-23.14999214199997,0 -46.19026474399993,-23.14999280199993,0 -46.19026957099987,-23.14999348599997,0 -46.19027439599989,-23.14999418299993,0 -46.19027921999998,-23.14999488499984,0 -46.19028404499983,-23.14999558299996,0 -46.19028887199994,-23.14999626899993,0 -46.19029370199991,-23.1499969329999,0 -46.19029853699993,-23.14999756799995,0 -46.1903033779999,-23.14999816199992,0 -46.19030822599996,-23.14999870599996,0 -46.19031308199993,-23.14999918699993,0 -46.19031794599988,-23.14999958899995,0 -46.19032281799991,-23.14999989699987,0 -46.19032769699987,-23.15000008599998,0 -46.19033257999985,-23.1500001309999,0 -46.19033745999997,-23.14999999299988,0 -46.19034232699994,-23.14999962599995,0 -46.19034715599997,-23.14999896299997,0 -46.19035190399995,-23.14999791299982,0 -46.19035648399995,-23.14999635599997,0 -46.19036073599995,-23.14999414899995,0 -46.19036439699988,-23.14999117599996,0 -46.19036716399995,-23.14998746899994,0 -46.19036894899983,-23.14998327299992,0 -46.19036996699998,-23.14997885999992,0 -46.19037044599997,-23.1499743679999,0 -46.19037055599995,-23.14996985399989,0 -46.19037041299987,-23.14996534099987,0 -46.19037009899995,-23.14996083499994,0 -46.19036967199997,-23.14995633599995,0 -46.19036917799986,-23.14995184399993,0 -46.19036865399988,-23.14994735399989,0 -46.19036813199995,-23.14994286399997,0 -46.1903676419999,-23.14993837099996,0 -46.19036721299994,-23.14993387199996,0 -46.19036687399995,-23.14992936699991,0 -46.19036665699991,-23.14992485599993,0 -46.19036659599982,-23.14992034099987,0 -46.19036673299991,-23.14991582699997,0 -46.19036711199993,-23.14991132599994,0 -46.19036778599991,-23.14990685399994,0 -46.19036881499989,-23.14990244099994,0 -46.19037025899996,-23.14989812899989,0 -46.1903721409999,-23.14989396299984,0 -46.19037438999993,-23.14988995599992,0 -46.19037692199987,-23.14988609599988,0 -46.19037965599983,-23.14988235399994,0 -46.19038251899997,-23.14987869599997,0 -46.19038544199987,-23.14987507799998,0 -46.19038836199991,-23.14987145899994,0 -46.19039121299988,-23.14986779299988,0 -46.19039392699995,-23.14986403899985,0 -46.19039642699988,-23.14986015999995,0 -46.19039862599988,-23.14985612999982,0 -46.19040043699994,-23.14985193799998,0 -46.19040178999995,-23.14984760099998,0 -46.19040268499998,-23.1498431629999,0 -46.19040312699991,-23.14983866799997,0 -46.19040312099997,-23.14983415299997,0 -46.19040266799993,-23.14982965899992,0 -46.19040176299995,-23.14982522299994,0 -46.19040040099986,-23.14982088799991,0 -46.19039857899998,-23.14981669999992,0 -46.19039629599996,-23.14981271099987,0 -46.1903935549999,-23.14980897599997,0 -46.19039031299991,-23.14980560499998,0 -46.19038649099997,-23.14980280599991,0 -46.19038207199992,-23.14980091699994,0 -46.19037726399989,-23.1498001949999,0 -46.19037238999994,-23.14980037599997,0 -46.19036757799989,-23.14980113599995,0 -46.19036286999994,-23.1498023289999,0 -46.19035829899991,-23.14980391399985,0 -46.19035388099991,-23.14980583699992,0 -46.19034961799991,-23.1498080369999,0 -46.19034549599985,-23.14981045799993,0 -46.19034149399994,-23.14981304399987,0 -46.19033758399991,-23.14981574999996,0 -46.19033373799994,-23.14981853199998,0 -46.19032992499996,-23.14982135399987,0 -46.19032611699993,-23.14982418199992,0 -46.19032228699996,-23.14982698299997,0 -46.19031840999992,-23.14982972799993,0 -46.19031446399993,-23.14983238799988,0 -46.19031042599994,-23.1498349279999,0 -46.19030627599989,-23.14983730699993,0 -46.19030199399998,-23.14983947799993,0 -46.19029756699996,-23.14984138099993,0 -46.19029298899994,-23.14984294899995,0 -46.19028827199998,-23.14984410899996,0 -46.19028344699996,-23.14984478899993,0 -46.19027856899999,-23.14984496199997,0 -46.19027369599996,-23.14984468899985,0 -46.1902688639999,-23.14984404199987,0 -46.19026409299994,-23.14984308599998,0 -46.1902593879999,-23.14984187599998,0 -46.19025475199987,-23.14984045899996,0 -46.19025017999996,-23.14983887299996,0 -46.19024566499985,-23.14983715299991,0 -46.1902411989999,-23.14983532599996,0 -46.19023677699982,-23.14983340999987,0 -46.19023239199998,-23.14983142199998,0 -46.19022803799987,-23.14982937799982,0 -46.19022370299996,-23.14982729799993,0 -46.19021937799988,-23.14982520099994,0 -46.19021505199999,-23.14982310599993,0 -46.19021071399987,-23.14982103199992,0 -46.19020635399988,-23.14981899799994,0 -46.19020196499997,-23.14981701899995,0 -46.19019753899994,-23.14981510999996,0 -46.19019408899993,-23.14981369099996,0 -46.19018696799998,-23.14976102099996,0</coordinates></LinearRing></outerBoundaryIs>
        </Polygon>
      </MultiGeometry>
    </Placemark>
    <Placemark id="ID_00129">
      <name></name>
      <snippet></snippet>
      <description><![CDATA[<html xmlns:fo="http://www.w3.org/1999/XSL/Format" xmlns:msxsl="urn:schemas-microsoft-com:xslt">
<head>
<META http-equiv="Content-Type" content="text/html">
<meta http-equiv="content-type" content="text/html; charset=UTF-8">
</head>
<body style="margin:0px 0px 0px 0px;overflow:auto;background:#FFFFFF;">
<table style="font-family:Arial,Verdana,Times;font-size:12px;text-align:left;width:100%;border-collapse:collapse;padding:3px 3px 3px 3px">
<tr style="text-align:center;font-weight:bold;background:#9CBCE2">
<td></td>
</tr>
<tr>
<td>
<table style="font-family:Arial,Verdana,Times;font-size:12px;text-align:left;width:100%;border-spacing:0px; padding:3px 3px 3px 3px"></table>
</td>
</tr>
</table>
</body><script type="text/javascript">
				function changeImage(attElement, nameElement) {
				document.getElementById('imageAttachment').src = attElement;
				document.getElementById('imageName').innerHTML = nameElement;}
			</script></html>
]]></description>
      <styleUrl>#PolyStyle00</styleUrl>
      <MultiGeometry>
        <Polygon>
          <extrude>0</extrude><altitudeMode>clampToGround</altitudeMode>
          <outerBoundaryIs><LinearRing><coordinates> -47.73765730743872,-24.63473196798981,0 -47.73765454651999,-24.63473260381045,0 -47.73764323484733,-24.63473442763552,0 -47.73763176849121,-24.63473503737589,0 -47.73762030213516,-24.63473442763552,0 -47.73760899136175,-24.63473260381045,0 -47.73759798815661,-24.63472959288026,0 -47.73758744180691,-24.63472543531441,0 -47.7375774944058,-24.63472018597167,0 -47.73756828175073,-24.63471391589832,0 -47.73755992704889,-24.63470671142949,0 -47.7375525445143,-24.63469866969172,0 -47.7375462321728,-24.6346898977045,0 -47.73754107815819,-24.63468051597692,0 -47.73753714902011,-24.63467065041408,0 -47.73753450051674,-24.63466043501489,0 -47.73753316682217,-24.6346500073758,0 -47.73753316682217,-24.63463950958959,0 -47.73753450051674,-24.63462908195038,0 -47.73753714902011,-24.63461886565199,0 -47.73754107815819,-24.63460900098841,0 -47.7375462321728,-24.63459961926083,0 -47.7375525445143,-24.63459084727361,0 -47.73755992704889,-24.63458280553584,0 -47.73756828175073,-24.63457560016764,0 -47.7375774944058,-24.63456933099366,0 -47.73758744180691,-24.63456408165092,0 -47.73759798815661,-24.63455992408507,0 -47.73760623044308,-24.63455754897558,0 -47.73900631389023,-24.63421499181231,0 -47.73900907570817,-24.6342143550923,0 -47.73902038648157,-24.63421253216649,0 -47.73903185283763,-24.63421192152686,0 -47.73904331919374,-24.63421253216649,0 -47.73905463086641,-24.6342143550923,0 -47.73906563407172,-24.63421736602248,0 -47.73907618042136,-24.63422152448766,0 -47.7390861269231,-24.63422677383039,0 -47.73909533957817,-24.63423304300437,0 -47.73910369428,-24.63424024747331,0 -47.73911107771397,-24.63424829011035,0 -47.73911738915609,-24.6342570611983,0 -47.73912254407009,-24.63426644292588,0 -47.73912647230873,-24.63427630848872,0 -47.73912680865521,-24.63427735979622,0 -47.7394246335399,-24.63522851966434,0 -47.7402586297319,-24.63569308784957,0 -47.74085452411697,-24.63568663521391,0 -47.74161605113983,-24.63542677880667,0 -47.74161681376489,-24.63542652249987,0 -47.74162781697015,-24.63542351067036,0 -47.74163912864282,-24.63542168774455,0 -47.74165059499887,-24.63542107800419,0 -47.74166206135499,-24.63542168774455,0 -47.74167337302765,-24.63542351067036,0 -47.74168437623285,-24.63542652249987,0 -47.7416949225825,-24.63543068006572,0 -47.74170486998372,-24.63543592940846,0 -47.74171408263874,-24.63544219858244,0 -47.74171567893541,-24.63544344953937,0 -47.74231562116893,-24.63592384399402,0 -47.74323113550844,-24.6364786960188,0 -47.74324004149463,-24.63648478083178,0 -47.74324839619646,-24.63649198530072,0 -47.74325577963049,-24.63650002703838,0 -47.74326209107261,-24.63650879902565,0 -47.74326724598654,-24.63651818075317,0 -47.74326849964149,-24.63652096415495,0 -47.74364987154428,-24.63740940530363,0 -47.74423682217156,-24.63853273947808,0 -47.74490440961074,-24.63898857614561,0 -47.74490878571186,-24.63899174355782,0 -47.74491714041358,-24.63899894802677,0 -47.7449245238476,-24.6390069906638,0 -47.74493083528972,-24.63901576265101,0 -47.74493428059253,-24.63902171886093,0 -47.74548976753869,-24.64007559119932,0 -47.74630306493441,-24.64100355575323,0 -47.74630520442156,-24.64100608734469,0 -47.74631151586368,-24.64101485933202,0 -47.74631667077762,-24.6410242410596,0 -47.74632059991569,-24.64103410662244,0 -47.74632324841906,-24.64104432202163,0 -47.74632458211374,-24.64105474966067,0 -47.74632458211374,-24.64106524744693,0 -47.74632411356691,-24.64107022519443,0 -47.7461933971075,-24.64211812333645,0 -47.74658297892131,-24.64340355221589,0 -47.74658528388369,-24.64341317136439,0 -47.74679482861842,-24.64459167624852,0 -47.74679594107971,-24.64460090868857,0 -47.74679594107971,-24.64461140647489,0 -47.74679490326207,-24.64462021263637,0 -47.74659217988511,-24.64579579112649,0 -47.7471917093298,-24.64655205441738,0 -47.74719726444209,-24.64655988391507,0 -47.74720241935609,-24.64656926564265,0 -47.74720634849416,-24.6465791312055,0 -47.74720899789691,-24.64658934660463,0 -47.74721033159148,-24.64659977424378,0 -47.74721033159148,-24.64661027292937,0 -47.74720899789691,-24.64662070056846,0 -47.74720634849416,-24.64663091596759,0 -47.74720242025546,-24.64664078153044,0 -47.74719726444209,-24.64665016325802,0 -47.74719570591702,-24.64665254466274,0 -47.74659484367697,-24.64753959366084,0 -47.74659008986072,-24.647545983344,0 -47.74658270642669,-24.64755402508177,0 -47.7465743508256,-24.64756122955072,0 -47.74656513637183,-24.6475674987247,0 -47.74655518897072,-24.64757274806743,0 -47.74654464082249,-24.64757690653255,0 -47.74653580858063,-24.64757942373501,0 -47.74607589978291,-24.64768915811169,0 -47.7460688383062,-24.64805494026683,0 -47.74606819708958,-24.64806374283103,0 -47.74599356774883,-24.64865217554097,0 -47.74639882474594,-24.64979032154963,0 -47.74687348152588,-24.65004954393476,0 -47.74687709230386,-24.65005161417412,0 -47.74688630675757,-24.6500578833481,0 -47.74689466235867,-24.65006508781704,0 -47.74690204579275,-24.65007313045407,0 -47.74690835813414,-24.65008190154202,0 -47.74691351394745,-24.6500912832696,0 -47.74691744308541,-24.65010114883245,0 -47.74692009158889,-24.65011136423158,0 -47.74692142528346,-24.65012179187067,0 -47.74692142528346,-24.65013229055631,0 -47.74692108623901,-24.6501361693322,0 -47.74683785578236,-24.65088461661531,0 -47.74692598934291,-24.65143457452945,0 -47.74692686528249,-24.65144240852385,0 -47.74692686528249,-24.65145290720943,0 -47.74692553158792,-24.65146333394915,0 -47.74692288218517,-24.65147355024766,0 -47.74691895304716,-24.65148341491113,0 -47.74691379813316,-24.65149279663871,0 -47.74690748579178,-24.65150156862603,0 -47.74690010145844,-24.65150961036369,0 -47.74689174585734,-24.65151681573201,0 -47.746882532303,-24.65152308490599,0 -47.74687258400246,-24.65152833424872,0 -47.74686203585418,-24.65153249181458,0 -47.74685794483821,-24.6515337607579,0 -47.74624664236859,-24.65170984621585,0 -47.74533273691623,-24.65200069865676,0 -47.74522785348262,-24.65236261192848,0 -47.74534244959432,-24.65262538123983,0 -47.7467022533063,-24.65315130836967,0 -47.74670808810771,-24.65315377251198,0 -47.7467180364082,-24.65315902185483,0 -47.74672725086185,-24.65316529102881,0 -47.74673560646295,-24.65317249549776,0 -47.74674299079635,-24.65318053723541,0 -47.74674930313779,-24.65318930922274,0 -47.74675445895105,-24.65319869095032,0 -47.74675838808912,-24.65320855651316,0 -47.74676103659249,-24.65321877191224,0 -47.74676237028712,-24.65322919955133,0 -47.74676252856779,-24.65323323930602,0 -47.74679760752349,-24.65562585862983,0 -47.74679744924282,-24.65563231756084,0 -47.74679611554825,-24.65564274519994,0 -47.7467934661455,-24.65565296059907,0 -47.74679040845052,-24.65566092139784,0 -47.74621232513863,-24.6569669690337,0 -47.7465263773903,-24.65751352391328,0 -47.74740445295305,-24.65928190581866,0 -47.74795789574023,-24.65979191944484,0 -47.74860823148458,-24.66006993046614,0 -47.74861070911692,-24.66007102853837,0 -47.74862065831667,-24.66007627788122,0 -47.7486298736697,-24.6600825470552,0 -47.7486382292708,-24.66008975152408,0 -47.74864561360414,-24.66009779416117,0 -47.74865182432217,-24.66010640427038,0 -47.74899489140103,-24.66064687253839,0 -47.74918194319207,-24.66096559586879,0 -47.74918559264097,-24.6609725044608,0 -47.74918952177899,-24.66098237002365,0 -47.74919217118173,-24.66099258542278,0 -47.7491935048763,-24.66100301306187,0 -47.7491935048763,-24.66101351084808,0 -47.74919217118173,-24.66102393848729,0 -47.74918952177899,-24.66103415388636,0 -47.74918559264097,-24.66104401944921,0 -47.7491804368276,-24.66105340117679,0 -47.7491741235869,-24.661062173164,0 -47.7491667392535,-24.66107021490177,0 -47.74915838275314,-24.66107741937071,0 -47.74914916829937,-24.66108368854469,0 -47.74914076863149,-24.66108821123527,0 -47.74856394257188,-24.66136468981182,0 -47.74853296362534,-24.66166797807801,0 -47.74981107472126,-24.66243236584421,0 -47.75079865443428,-24.6622988983587,0 -47.75080163928413,-24.66229853683132,0 -47.75081310833821,-24.66229792709095,0 -47.7508245764929,-24.66229853683132,0 -47.75083589086358,-24.66230035975713,0 -47.75084689586743,-24.66230337158663,0 -47.75085744491503,-24.66230752915232,0 -47.75086739411489,-24.66231277849522,0 -47.75087660946792,-24.6623190476692,0 -47.75088496596828,-24.66232625213814,0 -47.75089235030168,-24.66233429477512,0 -47.75089866354244,-24.66234306586307,0 -47.75090381935576,-24.66235244759071,0 -47.75090774849372,-24.66236231315349,0 -47.75091039789646,-24.66237252855257,0 -47.75091173159109,-24.66238295619166,0 -47.75091189526768,-24.66238894117993,0 -47.75090846615274,-24.66277366485593,0 -47.75166180304967,-24.66306620532436,0 -47.7516675038521,-24.66306861730607,0 -47.75167745305197,-24.6630738666488,0 -47.751686668405,-24.66308013582278,0 -47.7516950240061,-24.66308734029178,0 -47.75170240923876,-24.66309538292876,0 -47.7517087215802,-24.66310415401671,0 -47.75171387829283,-24.66311353574434,0 -47.75171780743085,-24.66312340130713,0 -47.7517204568336,-24.66313361670632,0 -47.75172179052817,-24.66314404434542,0 -47.75172179052817,-24.663154543031,0 -47.7517204568336,-24.6631649706701,0 -47.75171829216538,-24.66317365722176,0 -47.75157820746824,-24.66363040220449,0 -47.75157492584214,-24.66363929380162,0 -47.75128457072634,-24.66430894518487,0 -47.75125001157875,-24.66469056889787,0 -47.75124884695663,-24.66469880039256,0 -47.75124619755388,-24.66470901579163,0 -47.75124226841592,-24.66471888135447,0 -47.75123711260261,-24.66472826308205,0 -47.75123079936185,-24.66473703417,0 -47.75122341502851,-24.66474507680704,0 -47.75121505852803,-24.66475228127598,0 -47.75120584317506,-24.66475855044996,0 -47.75119589397525,-24.66476379979269,0 -47.75118534492765,-24.66476795825793,0 -47.75117433902449,-24.66477096918811,0 -47.75116302465375,-24.66477279211392,0 -47.75115155559979,-24.66477340275355,0 -47.75114008654566,-24.66477279211392,0 -47.75112877217504,-24.66477096918811,0 -47.75111776627182,-24.66476795825781,0 -47.75110721812354,-24.66476379979269,0 -47.75109726802447,-24.66475855044996,0 -47.75108805357075,-24.66475228127598,0 -47.75107969707028,-24.66474507680704,0 -47.75107231183767,-24.66473703417,0 -47.75106599859691,-24.66472826308205,0 -47.7510608427836,-24.66471888135447,0 -47.75105691364553,-24.66470901579163,0 -47.75105426424278,-24.66469880039256,0 -47.75105293054821,-24.66468837275335,0 -47.75105293054821,-24.66467787406788,0 -47.75105309962078,-24.66467567792341,0 -47.75108886835648,-24.66428070017736,0 -47.7510900329786,-24.66427246958204,0 -47.75109268238134,-24.6642622532836,0 -47.75109547927292,-24.66425488963472,0 -47.75138934354328,-24.66357715064817,0 -47.75150460425402,-24.66320134464956,0 -47.75077050385562,-24.66291627484947,0 -47.75076480395245,-24.66291386286764,0 -47.7507548547527,-24.66290861352491,0 -47.75074563939967,-24.66290234435093,0 -47.75073728289919,-24.66289513988198,0 -47.75072989856591,-24.66288709724495,0 -47.75072358532509,-24.662878326157,0 -47.75071842951183,-24.66286894442942,0 -47.75071450037382,-24.66285907886657,0 -47.75071185097107,-24.66284886346745,0 -47.7507105172765,-24.66283843582835,0 -47.75071035359991,-24.6628324508402,0 -47.75071337981854,-24.66249294417736,0 -47.74980284232726,-24.66261599931215,0 -47.74979985837666,-24.66261635994027,0 -47.74978839022197,-24.6626169705799,0 -47.74977692116789,-24.66261635994027,0 -47.74976560679721,-24.66261453701446,0 -47.74975460179331,-24.66261152608428,0 -47.74974405274571,-24.66260736761916,0 -47.74973429240356,-24.66260223159094,0 -47.74837497162753,-24.66178927683694,0 -47.74837478366931,-24.66178916352231,0 -47.74836556921554,-24.66178289434833,0 -47.74835721271518,-24.66177568987951,0 -47.74834982838183,-24.66176764814173,0 -47.74834351514107,-24.66175887615452,0 -47.74833835932776,-24.66174949442694,0 -47.74833443018969,-24.6617396288641,0 -47.74833178078694,-24.66172941346491,0 -47.74833044709237,-24.66171898582581,0 -47.74833044709237,-24.66170848803961,0 -47.74833070699646,-24.66170534580834,0 -47.74837220261497,-24.66129911214756,0 -47.7483732755062,-24.66129182673973,0 -47.74837592490894,-24.66128161044128,0 -47.7483798540469,-24.6612717457777,0 -47.74838501075959,-24.66126236405012,0 -47.74839132310098,-24.66125359206291,0 -47.74839870743438,-24.66124555032513,0 -47.74840706393474,-24.6612383458563,0 -47.74841627928777,-24.66123207578295,0 -47.74842467895564,-24.66122755399175,0 -47.74896070187486,-24.66097063297161,0 -47.74882234297667,-24.66073485771079,0 -47.74849646194207,-24.66022148691542,0 -47.74785826344799,-24.65994866408289,0 -47.74785578581577,-24.6599475660106,0 -47.74784583661602,-24.65994231666787,0 -47.74783662216237,-24.65993604749389,0 -47.74782997707166,-24.6599304591067,0 -47.74725167612394,-24.65939753794936,0 -47.74724996561332,-24.65939592096834,0 -47.74724258128003,-24.65938787923056,0 -47.74723626803922,-24.65937910724335,0 -47.74723186136129,-24.65937127234963,0 -47.74634884941975,-24.657592853111,0 -47.74601612184642,-24.65701387587302,0 -47.74601287349526,-24.65700765706106,0 -47.74600894435719,-24.65699779149821,0 -47.74600629495444,-24.65698757609914,0 -47.74600496125993,-24.65697714845993,0 -47.74600496125993,-24.65696665067372,0 -47.74600629495444,-24.65695622303463,0 -47.74600894435719,-24.6569460076355,0 -47.74601200295155,-24.65693804593735,0 -47.74659978814964,-24.65561008362187,0 -47.74656584413833,-24.6532946108411,0 -47.7452274595795,-24.65277696736661,0 -47.7452216256774,-24.65277450412356,0 -47.74521167737691,-24.65276925478071,0 -47.74520246292326,-24.65276298470746,0 -47.74519410732216,-24.65275578023852,0 -47.74518672388814,-24.65274773850075,0 -47.74518041064738,-24.65273896651354,0 -47.74517525573344,-24.65272958478596,0 -47.74517419633207,-24.65272725284387,0 -47.74503224464229,-24.65240175581977,0 -47.74502937490564,-24.65239422309838,0 -47.74502672550295,-24.65238400679993,0 -47.74502539180827,-24.6523735800601,0 -47.74502539180827,-24.65236308137452,0 -47.74502672550295,-24.65235265373542,0 -47.7450285169524,-24.65234521634216,0 -47.74515519455656,-24.65190810176091,0 -47.7451560525098,-24.65190532375516,0 -47.74515998074844,-24.65189545819231,0 -47.7451651365617,-24.65188607646473,0 -47.74517144890319,-24.65187730447741,0 -47.74517883323654,-24.65186926273975,0 -47.74518718883763,-24.65186205827081,0 -47.74519640239203,-24.65185578909683,0 -47.74520635159178,-24.65185053975409,0 -47.74521689884079,-24.65184638128886,0 -47.74521819926042,-24.65184595770825,0 -47.74618445245039,-24.65153845611837,0 -47.74671831969465,-24.65138466755184,0 -47.74664060298142,-24.65089970723915,0 -47.74663972794104,-24.65089187414418,0 -47.74663972794104,-24.6508813754586,0 -47.74664006698538,-24.65087749578328,0 -47.74671818119907,-24.65017506860801,0 -47.74626568551287,-24.64992794839964,0 -47.74626207473489,-24.64992587905954,0 -47.74625286028117,-24.64991960988556,0 -47.74624450468008,-24.64991240541673,0 -47.74623712124611,-24.64990436277958,0 -47.74623080890461,-24.64989559169175,0 -47.74622565309136,-24.64988620906479,0 -47.74622242362591,-24.6498783885603,0 -47.74579903000114,-24.64868930135373,0 -47.74579833122795,-24.64868725719475,0 -47.7457956818252,-24.64867704089625,0 -47.74579434902989,-24.64866661415653,0 -47.74579434902989,-24.64865611547089,0 -47.74579483826113,-24.6486509695502,0 -47.74587139574822,-24.64804733919686,0 -47.74587969469206,-24.64761751002362,0 -47.7458798466775,-24.64761385338022,0 -47.7458811794728,-24.64760342574101,0 -47.74588382887555,-24.647593210342,0 -47.74588775801357,-24.64758334477915,0 -47.74589291292756,-24.64757396305146,0 -47.74589922526894,-24.64756519196362,0 -47.74590660870291,-24.64755714932659,0 -47.74591496430412,-24.64754994485764,0 -47.74592417785846,-24.64754367568366,0 -47.74593412615894,-24.64753842634082,0 -47.74594467340791,-24.6475342678757,0 -47.74595350654897,-24.64753175157261,0 -47.74644767052348,-24.64741384325777,0 -47.74699287012481,-24.64660897250968,0 -47.74640826672805,-24.6458715356265,0 -47.74640271161581,-24.64586370612869,0 -47.74639755670177,-24.64585432440117,0 -47.7463936275638,-24.64584445883827,0 -47.74639097906032,-24.6458342434392,0 -47.74638964536575,-24.6458238158001,0 -47.74638964536575,-24.64581331711452,0 -47.74639068228413,-24.64580451095304,0 -47.74659729792694,-24.64460637566737,0 -47.74639115622682,-24.6434470011618,0 -47.74599789438724,-24.64214942154223,0 -47.74599580975871,-24.64214099849198,0 -47.74599447696352,-24.64213057085288,0 -47.74599447696352,-24.6421200721673,0 -47.74599494551029,-24.64211509441975,0 -47.74612317984082,-24.64108711086516,0 -47.74532856765916,-24.64018046384109,0 -47.74532642907138,-24.64017793314883,0 -47.74532011672989,-24.64016916116157,0 -47.74531667232645,-24.64016320495165,0 -47.74476680794174,-24.63911999857277,0 -47.74409907840965,-24.63866406387922,0 -47.74409470230864,-24.63866089646694,0 -47.74408634760675,-24.63865369199812,0 -47.74407896507216,-24.63864564936097,0 -47.74407265273067,-24.63863687827302,0 -47.74406906353641,-24.63863064507194,0 -47.74347008987269,-24.63748429814558,0 -47.74346727049806,-24.63747836621741,0 -47.74309599258589,-24.63661343604502,0 -47.74220093692361,-24.63607098207393,0 -47.74219203093736,-24.63606489816033,0 -47.74219043554012,-24.6360636472034,0 -47.74162987911558,-24.63561479107358,0 -47.74090746810515,-24.63586129884362,0 -47.74090670548003,-24.6358615560498,0 -47.74089570227471,-24.63586456697993,0 -47.74088439060205,-24.63586638990574,0 -47.74087409426397,-24.63586699425014,0 -47.74023261414374,-24.63587394061364,0 -47.74023144412581,-24.63587394690887,0 -47.74021997776964,-24.63587333626924,0 -47.74020866609698,-24.63587151334343,0 -47.74019766289172,-24.63586850241319,0 -47.74018711654213,-24.63586434394813,0 -47.74018004427359,-24.63586075925042,0 -47.73928889166899,-24.6353643514675,0 -47.73928601653631,-24.63536268772174,0 -47.73927680388135,-24.63535641854776,0 -47.73926844917952,-24.63534921407881,0 -47.73926106574555,-24.63534117144178,0 -47.73925475430343,-24.63533240035389,0 -47.73924959938944,-24.63532301862625,0 -47.73924567115074,-24.63531315306329,0 -47.73924533480431,-24.63531210175597,0 -47.73896360958287,-24.63441235612919,0 -47.73765730743872,-24.63473196798981,0</coordinates></LinearRing></outerBoundaryIs>
        </Polygon>
      </MultiGeometry>
    </Placemark>
    <Placemark id="ID_00130">
      <name></name>
      <snippet></snippet>
      <description><![CDATA[<html xmlns:fo="http://www.w3.org/1999/XSL/Format" xmlns:msxsl="urn:schemas-microsoft-com:xslt">
<head>
<META http-equiv="Content-Type" content="text/html">
<meta http-equiv="content-type" content="text/html; charset=UTF-8">
</head>
<body style="margin:0px 0px 0px 0px;overflow:auto;background:#FFFFFF;">
<table style="font-family:Arial,Verdana,Times;font-size:12px;text-align:left;width:100%;border-collapse:collapse;padding:3px 3px 3px 3px">
<tr style="text-align:center;font-weight:bold;background:#9CBCE2">
<td></td>
</tr>
<tr>
<td>
<table style="font-family:Arial,Verdana,Times;font-size:12px;text-align:left;width:100%;border-spacing:0px; padding:3px 3px 3px 3px"></table>
</td>
</tr>
</table>
</body><script type="text/javascript">
				function changeImage(attElement, nameElement) {
				document.getElementById('imageAttachment').src = attElement;
				document.getElementById('imageName').innerHTML = nameElement;}
			</script></html>
]]></description>
      <styleUrl>#PolyStyle00</styleUrl>
      <MultiGeometry>
        <Polygon>
          <extrude>0</extrude><altitudeMode>clampToGround</altitudeMode>
          <outerBoundaryIs><LinearRing><coordinates> -48.50889620829133,-24.31076064176756,0 -48.50892311569572,-24.31128518549343,0 -48.50858249595211,-24.31203514825012,0 -48.50846672366276,-24.31325940894766,0 -48.50888756783462,-24.31451692140138,0 -48.50903426542055,-24.31486744338662,0 -48.50924258661132,-24.31519370588325,0 -48.50946115840384,-24.31543981423164,0 -48.50957761304602,-24.31559695229589,0 -48.50936910155349,-24.31571594413106,0 -48.50907268374533,-24.31535747047423,0 -48.50885599888761,-24.31517981774374,0 -48.50859391406249,-24.31516304819019,0 -48.50834333663124,-24.3151117619891,0 -48.5080700587153,-24.315140917088,0 -48.507908204817,-24.31514466104875,0 -48.50771371369683,-24.31532040967909,0 -48.50759946112794,-24.31524313565598,0 -48.50757789801611,-24.31491255113394,0 -48.50746981180555,-24.314606801043,0 -48.50742680521915,-24.31440229570427,0 -48.50724558966493,-24.31415531997089,0 -48.50714284614236,-24.31404352930929,0 -48.50706260654533,-24.31429655157802,0 -48.50700187535551,-24.31434076793749,0 -48.50713410346015,-24.31451727881887,0 -48.50721817847722,-24.31496126332252,0 -48.50721758128986,-24.31517675950806,0 -48.50729340000055,-24.31555808580322,0 -48.50754408360552,-24.3156480578474,0 -48.50774553211932,-24.31561047747687,0 -48.50785633600935,-24.31560192887378,0 -48.50816318218097,-24.31547811131315,0 -48.50855991217026,-24.31553477496374,0 -48.50868889461498,-24.31606750333253,0 -48.50818241129713,-24.31629470320456,0 -48.50775518288776,-24.31631655726733,0 -48.50743199540813,-24.31667718415201,0 -48.50702912554755,-24.31687205591425,0 -48.5068209307492,-24.31702052554601,0 -48.50669025332081,-24.31749341883017,0 -48.50693672980839,-24.31802343202236,0 -48.5065398885593,-24.31820020661866,0 -48.50623856086929,-24.31888055701324,0 -48.50662920637075,-24.31871589751267,0 -48.50726579369751,-24.31858744814917,0 -48.50807147283717,-24.31855085429265,0 -48.50860379407726,-24.31878694124532,0 -48.50901301312655,-24.31882236411843,0 -48.50944057893474,-24.31881246916856,0 -48.50952773213157,-24.31913068219887,0 -48.51005361266323,-24.31936990543414,0 -48.50996756895989,-24.31980286092858,0 -48.50953789396863,-24.32044728105637,0 -48.50920670953445,-24.32111037052238,0 -48.50890527484393,-24.32107544735129,0 -48.50802929007972,-24.32128725653683,0 -48.5079107319595,-24.3216072371107,0 -48.50784230089806,-24.32232410135049,0 -48.50735910243986,-24.32244900651705,0 -48.50704660516823,-24.32224973127063,0 -48.50649175254154,-24.32202613226031,0 -48.50481360835101,-24.32181054372137,0 -48.50430492084547,-24.32148411328171,0 -48.50370495616085,-24.3212824955981,0 -48.50275117097544,-24.32068501894372,0 -48.50210563490066,-24.31918257016054,0 -48.50225583184334,-24.31870623556745,0 -48.50259132655731,-24.31855483114595,0 -48.50273227732356,-24.31833609233297,0 -48.50277994710785,-24.31805067334443,0 -48.50242383222627,-24.3175710692451,0 -48.50259190908849,-24.31715118515405,0 -48.50173286922808,-24.31643479016094,0 -48.50137332930552,-24.31630542212258,0 -48.50078659553589,-24.31563361123426,0 -48.50084161935683,-24.31537795097154,0 -48.50104222333908,-24.31519075771297,0 -48.50120491981903,-24.31516904469953,0 -48.5014195394362,-24.31489772839063,0 -48.50166920638208,-24.31483210739071,0 -48.50186437557835,-24.3148036582831,0 -48.50208359880617,-24.31469983292305,0 -48.50231258679315,-24.31447606891777,0 -48.50250836053533,-24.3142321219691,0 -48.50251836905113,-24.31447730213955,0 -48.50254541044268,-24.31462931147536,0 -48.50255048383025,-24.3146950363606,0 -48.50267609688905,-24.31486871162582,0 -48.50276586424508,-24.31492649470067,0 -48.50309495747189,-24.31501765630668,0 -48.50339256063745,-24.3152035191294,0 -48.50344850248666,-24.31526160430849,0 -48.50358513630709,-24.31536571037225,0 -48.50374969736777,-24.31542128597607,0 -48.50394416899138,-24.31542445441113,0 -48.50417815234391,-24.31534434728474,0 -48.50456231995372,-24.31525310765414,0 -48.50470074556773,-24.31542229489622,0 -48.5049179332708,-24.31564329292092,0 -48.50513263608724,-24.31572177028755,0 -48.50518526843007,-24.31573551784817,0 -48.50528101280332,-24.31553577904657,0 -48.50566758656078,-24.31510485647357,0 -48.50596768277575,-24.31473578861738,0 -48.50621251211868,-24.31469661126829,0 -48.50648653938407,-24.31472079994933,0 -48.50674999848593,-24.31468178722099,0 -48.50688117738804,-24.31458298391595,0 -48.50692332868533,-24.31445331830776,0 -48.50687145943635,-24.31423005685798,0 -48.50697410897385,-24.31392540922286,0 -48.50718764275325,-24.31361520454715,0 -48.50739870464963,-24.3132152724969,0 -48.50740546918303,-24.31286794999744,0 -48.50728453746149,-24.31250861649215,0 -48.50747252564412,-24.31186380757197,0 -48.5081981317449,-24.31093721136455,0 -48.50889620829133,-24.31076064176756,0</coordinates></LinearRing></outerBoundaryIs>
        </Polygon>
      </MultiGeometry>
    </Placemark>
  </Folder>
  <Style id="PolyStyle00">
    <LabelStyle>
      <color>00000000</color>
      <scale>0.000000</scale>
    </LabelStyle>
    <LineStyle>
      <color>ff00ffff</color>
      <width>1.000000</width>
    </LineStyle>
    <PolyStyle>
      <color>00828282</color>
      <outline>1</outline>
    </PolyStyle>
  </Style>
</Document>
</kml>